# HEALTHY_SAMPLE_1_ROI_2
865.35 600.8875
1591.0695 29.916666
1592.3737 724.5055
631.6818 1533.4546
1383.0392 119.45098
1116.6033 1134.1322
1956.7683 358.85367
396.3585 154.67924
1064.0459 1534.477
776.2198 1643.2748
841.25964 654.6133
939.0125 1675.2
813.1905 1552.6031
658.2283 1095.076
863.9267 876.99335
210.09525 1771.5873
1080.5902 1626.2458
1051.1578 1516.965
1041.3334 1675.6333
1218.3661 482.67856
1546.1451 907.0
685.63635 1099.5
1867.973 695.6486
963.551 1794.2449
323.3889 1454.7037
1434.2192 1012.7534
1800.8445 1118.6444
1878.7297 459.56757
813.43335 458.81668
1832.3019 743.4434
1135.5135 701.7027
1550.869 1597.512
787.5517 772.9138
991.4286 1097.7322
987.1375 1675.4625
10.344262 523.21313
1803.4529 1483.434
539.84784 586.7826
1618.7727 1516.7727
318.55405 1155.581
1446.4286 916.0952
1426.566 407.9434
490.64566 823.81104
331.6 6.8142858
1781.8721 151.40698
231.85365 1804.7317
79.734695 1790.8776
596.35 1324.3167
1494.7544 1895.8422
1245.2593 951.5926
1318.1652 380.44348
788.338 835.57745
1958.8788 21.59091
564.9298 788.0175
1812.0507 793.2532
670.871 158.29033
1133.8551 1766.8695
605.87354 731.04596
357.5 1075.2906
1480.4878 334.4634
894.9077 603.2308
853.39655 716.5
1173.8596 1649.8422
1603.6666 1397.5432
1429.0145 638.10144
395.6579 71.49123
622.10345 1420.1034
940.40845 994.07043
1669.5 1852.1086
847.3571 437.57144
560.5574 540.7049
762.6667 761.03125
712.73334 1195.6333
891.1579 821.3684
1997.2059 694.82355
1606.3829 673.42554
713.66156 1255.4769
1673.4143 327.0
856.57355 484.41177
987.1375 1675.4625
783.325 479.425
1251.1923 457.07693
454.0 91.09375
1001.6 1733.64
1438.3914 973.2174
1579.2162 1707.5405
58.527473 1728.5494
1736.7954 1850.0796
875.64 735.12
1209.2836 451.22388
771.6923 1478.8077
1385.4803 739.58826
1095.919 1695.7838
1602.9224 1664.2621
1341.2559 348.34885
387.82278 1123.2911
791.59015 1590.3934
268.875 1349.7656
634.0 1519.4949
1868.5151 788.6061
512.10345 1011.65515
1392.0817 763.6429
1590.5776 492.7931
92.51613 1965.7527
622.10345 1420.1034
509.2024 223.60715
1412.0769 1450.5275
162.65 1871.15
811.36365 443.22726
850.10205 469.0
408.88635 947.3409
1547.4794 1454.6116
1175.7656 666.5781
1679.9166 434.97916
1590.5776 492.7931
1977.049 1968.0598
799.6866 1958.9851
828.2769 433.76923
622.5161 1054.4193
856.871 1382.2903
777.98834 1903.814
1147.6813 1510.4506
1648.4524 199.19841
1874.1293 732.39453
783.0571 357.10858
1126.671 371.30264
1143.6863 123.17647
1613.19 825.15
1402.5369 955.29474
903.7778 1974.9259
1426.5571 1053.2572
804.8451 1275.1409
1664.1277 258.3617
533.91895 406.94595
994.95654 1642.6957
1618.8334 819.1667
787.6111 1477.0695
351.4186 80.0
693.9845 1827.7441
325.24 1790.34
1110.6857 1638.1285
1172.5211 1747.7042
226.45045 1519.8829
231.85365 1804.7317
469.12988 12.220779
1881.443 1382.7089
881.88403 1645.6086
1788.2 835.4286
1079.75 1830.8
634.0 1519.4949
786.42 3.24
1174.3654 3.1923077
885.78125 633.8281
582.1667 1333.238
1965.7736 352.45282
777.98834 1903.814
1754.3512 18.694656
948.36584 1932.1708
1213.3871 382.14517
1935.9841 400.01587
1412.0 1388.1708
1126.671 371.30264
371.77142 1957.5857
1782.3049 776.7195
1801.6731 1751.8173
753.4561 1280.269
1214.7435 544.4359
1757.9833 11.383333
848.6613 856.9677
22.17347 553.40814
849.0 420.5
1110.6052 1682.7894
1140.9296 1602.9155
1685.2916 181.70833
319.18518 34.185184
743.049 1828.8726
645.5294 1619.4608
894.8261 751.7971
1792.6566 1950.0303
1803.4529 1483.434
699.90247 1187.7317
813.25397 414.96826
1822.8572 1090.8572
256.1143 1988.3143
771.6981 801.5566
879.41284 573.37616
1224.8235 966.13727
851.9919 404.06503
54.5 1607.9868
771.4706 1948.0294
1207.4941 76.011765
799.01074 821.07526
1133.4147 1590.7439
146.68056 560.3333
822.6071 452.75
909.0278 915.0833
944.86365 1717.2727
1445.3442 1471.6721
715.7636 1827.991
217.4 754.7286
1375.4032 1318.6613
651.8588 1718.3176
1738.717 1290.585
1555.881 1471.762
991.4211 414.6316
797.67444 809.93024
889.3 540.775
1618.5302 1943.3253
897.11664 758.93335
642.65 1559.1167
1047.8506 1679.7701
1013.82355 1729.902
1579.9333 1620.25
# HEALTHY_SAMPLE_2_ROI_1
1811.758 521.5645
1498.6229 1587.2458
1580.7284 1592.9753
1119.5476 1636.8334
523.9091 1031.8182
235.75 193.44643
1453.1375 1961.325
262.45282 415.73584
1586.8 195.66667
1008.0 1533.0
1846.2632 1767.3026
568.73584 1040.0944
802.4203 1663.3043
180.53448 107.36207
1017.4 1185.2134
316.35294 1885.2354
894.0 1924.5
549.11176 797.01117
1284.7262 1174.4048
874.2381 866.9048
1675.7826 1346.3043
953.9231 143.82051
699.4083 1298.9584
1728.1932 886.9659
874.2381 866.9048
1863.2258 1231.0968
1910.5 1465.2142
546.13513 1650.7028
1019.563 1195.2296
127.113205 768.5472
1437.9487 1663.6154
1068.8524 1664.8853
1989.8485 1403.6061
348.84848 1830.197
1002.3333 1086.0972
778.0741 274.5926
846.6857 383.17142
1214.0834 379.25
613.7 596.95715
669.5437 402.19418
825.02563 1848.5641
6.116279 573.1163
1269.3405 1891.1489
1962.5128 624.28204
1456.2709 1812.1875
1446.7377 332.2787
31.864864 553.7838
1858.5667 771.2
341.4074 772.2593
558.97144 842.86664
1345.5 495.0
63.2 318.35
1182.3414 1898.1951
1584.0265 643.60175
528.21875 54.625
320.52274 1667.9773
707.0375 339.175
354.79688 456.46875
847.9773 905.13635
583.7143 905.3571
933.5 1628.2307
420.89743 1246.6666
1841.4478 1421.3582
1922.3334 602.125
723.2381 64.61905
954.1177 593.55884
216.44304 435.27847
218.6207 137.72414
349.98077 1812.1731
367.27026 71.72973
1488.1951 379.4634
799.3684 1668.921
1365.0244 1192.2073
530.2222 873.05554
1000.5833 1522.6666
1543.5875 492.525
1393.3644 963.29456
981.9048 1466.7937
1824.9156 1804.4458
910.6667 1470.5
547.2712 1861.3729
163.53334 144.75555
1058.4833 544.48334
1580.2253 371.53522
1076.6617 1692.2354
58.16 1312.64
591.02515 940.3333
487.5339 112.65254
1738.7179 1927.9615
1100.5902 1437.295
739.0 32.095238
540.7778 1692.4938
851.7544 1316.3508
984.63635 22.878788
1056.6333 469.36667
573.2286 1559.4286
1684.1875 481.53125
899.15515 542.5345
701.01074 1152.6451
1284.7262 1174.4048
90.53226 1187.4032
811.5 242.0
102.82143 151.39285
280.64706 676.15686
1373.2588 1584.9647
876.0294 525.67645
1996.697 1168.3334
1171.7122 821.86365
1735.6 1853.2572
1064.3284 800.49255
964.4935 1574.3507
496.64 1992.52
1561.85 338.3875
712.34 1502.46
1120.5161 1239.6129
884.6818 479.63635
882.6111 493.68518
1811.758 521.5645
198.9759 728.012
856.73334 756.86664
1109.7727 1585.341
1426.1666 1981.3667
1464.6487 1989.7567
25.117647 458.81177
1472.8572 1506.0
873.2273 518.4318
535.5833 618.5417
530.13336 302.86667
795.4655 11.293103
273.77274 1773.2273
1893.1578 1944.8422
394.13333 917.15
533.05554 1969.3334
401.60974 369.09756
661.5952 410.35715
807.6225 591.0861
1843.1136 692.4318
692.875 372.33334
1744.8145 1732.1753
1278.6406 1256.0469
1373.2588 1584.9647
1801.2307 979.7692
1648.4524 1259.5952
512.26 584.6
1093.7183 1958.6056
403.68115 1238.3914
1554.38 1363.28
1294.5807 198.93549
1317.1805 834.5833
1765.9412 1948.6765
415.56122 335.76532
836.11536 703.2692
274.9737 565.7632
455.7742 1975.699
1028.4048 615.2857
573.85187 1537.8704
1269.3405 1891.1489
1123.8235 1701.3529
334.8846 1189.4423
787.0741 444.4074
1066.0159 221.12698
607.16364 1263.7727
947.32654 1521.7142
1945.1786 1232.0714
1195.0 1171.0862
829.4143 321.84286
1595.5834 1465.9271
593.52704 679.17566
1898.2885 201.73077
1153.8235 1817.5588
1070.9242 241.0
1034.9038 1685.4807
1112.3529 1696.1765
869.68335 119.666664
1276.3934 1892.5902
1875.9822 1896.8572
1929.175 422.95
1697.7794 1604.0735
1025.881 404.5
525.2341 369.76596
210.46153 1997.5641
1024.7142 411.9592
1051.5588 1631.2646
789.5 894.5
1889.898 1569.6735
1208.963 489.05554
180.53448 107.36207
960.8772 137.36842
700.08826 1433.2354
1790.7838 633.2162
1540.0676 1306.8784
66.55102 21.32653
127.113205 768.5472
1619.909 350.11365
1807.625 1844.1562
1079.2916 1644.5
1039.202 725.0404
569.9667 1007.2167
638.55554 171.22223
176.0 73.71111
101.243904 139.36586
855.1429 870.4
735.68 1878.54
817.0364 820.36365
476.88525 835.6967
116.528305 78.33962
1292.1428 586.8095
1906.0 1952.5807
1382.0204 644.5
1986.5186 731.5185
675.93616 1963.9788
1039.6923 1320.0962
1881.7084 402.20834
1231.8788 1895.909
501.94446 1065.0555
507.80768 368.56412
1569.8817 793.1505
1359.5745 258.21277
6.3333335 206.18182
58.16 1312.64
1037.0 1630.3214
57.82927 112.60976
583.7143 905.3571
670.1707 1370.7073
90.53226 1187.4032
894.9394 992.9091
294.16666 65.333336
1687.1964 1211.0178
478.77142 210.48572
733.7273 1523.091
1561.3014 599.49316
744.775 1258.3
1835.0571 1365.9714
1129.3784 99.08108
456.14285 111.46939
219.31506 1312.7534
1780.322 610.8305
318.08572 274.7143
577.4909 827.0364
1324.4717 1702.9811
1931.3914 805.34784
1788.4216 1295.5542
913.0541 742.2973
59.17143 347.3143
1539.5 1062.4474
170.06383 584.4681
1546.0518 271.98276
593.4286 1099.9048
1934.7363 1925.4636
254.0 733.5
1582.6744 729.6512
1573.8572 1425.8286
1142.4 1705.96
1306.25 559.9375
1023.9792 255.14583
959.4756 809.90247
326.47437 774.35895
420.58694 347.32608
1993.8223 1885.4889
1129.5306 363.59183
896.5 1102.3636
1437.5161 333.85483
909.4194 514.9355
1990.0253 902.4684
211.25316 1858.2152
1373.7878 1224.4242
1575.6923 464.29486
706.0645 805.0323
1947.7241 810.2241
679.5143 882.34283
1277.4656 1933.3448
1430.8823 337.2549
459.5246 978.1803
574.8333 1042.6167
1456.2709 1812.1875
441.0 718.8182
1255.0 739.7917
229.28 568.0
1674.8462 90.46154
1522.2858 639.1286
544.7091 1504.6182
1449.3137 1434.1765
1016.7636 1564.4728
225.22858 403.82858
72.190475 835.4286
560.87177 605.87177
546.9818 118.045456
528.21875 54.625
1657.1786 1917.3214
1038.25 214.97728
323.06384 540.7447
1887.5143 984.6
1934.2881 1425.2543
1029.1646 277.49368
1038.6515 745.3788
1202.826 14.282609
143.55556 1956.0
285.4079 785.1579
1790.4531 890.84375
1696.8654 1556.4807
986.619 1460.9841
1232.4147 232.31708
1397.9773 1997.2727
628.8095 1147.5476
1563.3334 1628.4667
466.8846 981.96155
1541.2787 1546.0
533.1667 1178.6111
1570.15 617.61664
62.960396 504.1386
1828.4117 1440.4902
# HEALTHY_SAMPLE_2_ROI_2
303.74 82.22
549.01666 15.616667
1110.7358 944.60376
1681.2034 1243.0847
1502.72 360.66
1290.0845 917.07043
21.192308 1613.2693
716.7593 1113.9073
1749.25 1421.9404
569.65216 1655.6305
1568.421 417.94736
1462.1034 1595.2069
1492.7273 1883.7878
1627.2881 271.49152
235.95454 782.3182
1447.0 629.0208
1521.8055 487.80554
502.92648 855.14703
768.2381 437.40475
174.23529 897.32355
1865.8015 1255.603
240.37254 1257.6471
743.28 1720.84
699.2381 2.142857
1613.2 1850.4222
195.93478 1218.1522
1942.6666 691.5909
176.90384 44.596153
601.2308 219.75
1865.5825 674.0388
486.77048 176.80328
1673.5814 512.81396
736.5 1397.326
402.87012 143.4935
1460.75 322.625
849.72 1232.3
280.30435 116.73913
587.6177 564.2941
521.77344 1964.7266
1047.4359 1059.4359
654.0 1202.1609
197.4127 1157.3016
1546.4147 438.02438
428.38235 505.38235
406.875 165.78125
1088.0834 662.375
1270.3733 1783.4534
1227.804 808.17645
897.53845 313.84616
1242.527 1180.6621
1738.2609 457.78262
1579.4154 1017.7077
538.6087 1061.7391
1678.1364 1237.6818
1983.4661 1108.6213
1816.3429 1320.3143
240.04301 312.48386
1461.3103 1612.638
1559.55 748.025
1927.5 1406.7858
549.0 390.88373
1881.1791 915.34326
601.069 1855.5862
1521.7812 1799.9375
1132.7592 1664.5767
652.3125 1387.0
1208.0 1108.6522
937.1739 1008.0
1581.0 1436.5676
1105.3529 1299.4706
1859.0817 157.12245
1250.2206 919.9559
706.0877 1886.7544
1868.5 913.0
1112.409 400.5
1030.8695 1859.7391
1042.6111 867.6111
151.6129 881.0323
1035.5676 337.81082
483.68182 1800.9546
904.71796 1827.641
1131.8536 1861.9512
338.86957 1141.4348
1584.0266 450.24
789.6957 1171.7609
1652.9828 1447.8448
1622.9833 1389.0834
1055.3829 596.34045
1527.2162 658.4144
1576.5463 1449.1008
544.96875 40.3125
1620.12 744.04
801.12213 1897.0992
1502.8715 1188.6285
1741.561 557.439
126.8 1030.24
570.6 1179.4857
1784.4166 742.8333
1515.1578 879.7368
1576.1754 1913.9474
1167.9667 560.1
1236.6984 979.9365
1300.3695 1936.3914
363.68182 446.31818
782.6818 9.318182
1445.3721 1997.3024
1370.5714 1506.9429
1863.909 791.2727
507.79688 1422.4219
955.92 1852.95
387.66666 152.71428
1256.7407 960.6667
128.41026 485.2564
638.561 189.09756
1248.7826 165.26086
1129.4694 1268.4286
861.3111 66.422226
1845.7435 64.07692
882.51514 314.27274
1075.6595 646.95746
1708.3778 1050.7556
1992.9375 142.45833
350.82608 61.0
126.63158 129.02632
241.72603 925.86304
312.2381 262.90475
1719.408 1948.608
1253.2881 1779.1356
261.35 138.525
396.26263 1250.0201
371.90625 623.65625
413.45282 107.43396
828.1875 1476.2188
889.4 1091.1666
1639.3585 112.58491
1167.9667 560.1
474.63333 1394.3667
1992.5077 523.7231
1370.1786 535.3214
376.04544 1513.591
57.1875 1573.6875
1006.8571 1206.0714
1803.3483 1533.4017
1458.4242 329.0606
654.0 1202.1609
843.46155 1229.8462
121.40741 1011.44446
1150.1333 1769.5333
1070.8572 698.1429
220.22728 1430.091
1200.6351 316.21622
1442.5 1033.3334
1467.6666 1142.875
675.56665 457.06668
1418.241 153.63855
1157.0834 807.7
1274.2858 1197.1143
380.34146 1464.317
578.5 224.25
271.4762 1034.7142
875.82855 1947.3429
1175.5244 87.64634
610.875 1913.6666
496.71875 925.84375
426.4138 9.586206
633.49475 1026.3263
789.5541 1144.8649
1983.4762 1439.4476
1319.0769 601.21155
312.2381 262.90475
1136.6428 316.9643
716.8293 1662.4634
976.7925 422.50943
1391.5641 1873.859
1036.3016 1705.5397
1814.1818 115.69091
1604.806 1311.3582
173.0 905.0
578.63043 1019.1087
1108.6904 411.0238
419.8095 1840.8572
477.32257 188.3871
1198.4512 763.2317
616.0645 392.58066
546.3913 228.21739
1245.6884 1064.5714
1431.9667 1868.2
429.82693 42.03846
506.0392 1682.1177
176.38095 71.42857
1346.8518 1475.3334
851.06024 1081.3253
1873.2291 904.8542
1444.0476 824.5238
1225.0392 853.2157
1404.3871 576.6129
1067.4833 930.86664
559.3134 48.402985
147.5 901.5
1916.7446 1834.5532
962.0 653.225
201.66667 245.54167
768.0 1918.5714
137.03334 493.26666
481.34784 3.4130435
1041.0934 1169.7733
1714.3871 1925.2742
684.4783 1989.2826
798.61365 1498.0454
148.13043 1648.1957
512.14813 1262.9259
1979.5255 1452.8978
1695.0312 1298.1875
1333.8667 667.2
1106.931 1791.138
1907.1177 686.14703
349.2269 154.12605
547.85 8.225
240.37254 1257.6471
1419.6771 767.9792
998.7593 1194.9814
442.33334 950.71875
1646.1364 621.0
189.27142 1332.5
1199.7106 1920.921
1616.0731 508.68292
1407.7634 866.10754
546.875 398.33334
584.4 222.8
666.7727 636.2045
173.41176 419.42648
854.44 1586.5
1252.9546 1364.7273
1825.5596 902.5595
1361.7123 1433.9727
1650.7539 150.98462
425.325 96.55
1889.6666 302.20514
1980.5522 1832.791
1177.9333 1434.8223
730.5128 1448.9103
398.02084 121.0625
1674.7872 1537.2979
43.0 675.6909
1729.8529 555.3823
1660.85 13.321428
419.7097 120.064514
104.09091 158.90909
956.75 633.0781
357.66345 507.27884
1458.4242 329.0606
1506.05 1163.075
375.6905 1682.9762
87.87838 941.0135
350.82608 61.0
1934.8928 517.9643
1467.6666 1142.875
1175.2333 1035.0834
609.75 228.125
266.95456 826.6818
360.1644 1263.9178
1660.2646 1348.3529
368.71796 776.9872
1319.0769 601.21155
1403.6222 1396.8223
1752.2466 433.9863
827.51166 1257.9302
1678.2197 922.83514
1520.0204 1708.5918
1622.7875 1967.7875
616.3571 568.3571
245.42857 794.5714
984.8806 1305.9403
1743.9131 660.029
621.7867 586.82666
1084.297 894.0792
523.1177 945.0441
1990.7675 1709.6395
1139.279 1269.8256
288.0 126.17242
1539.3462 1430.25
1535.721 730.3953
1566.2609 1541.674
989.0606 1207.7273
366.0505 1109.8384
668.16815 1950.6018
1463.2565 1145.7693
771.7568 1464.0
1577.303 1141.0
1814.1818 115.69091
1372.2609 1962.6957
1468.4736 238.3158
415.17648 952.84705
1331.1364 1358.3523
677.4783 1392.4348
502.92957 1310.9296
909.1163 1105.8837
1598.8723 284.9149
3.7631578 667.8947
488.73334 904.7
159.05263 1680.2632
184.58537 78.97561
1676.4828 1843.3793
1053.5088 464.9298
305.28204 186.48718
1056.7755 815.30615
425.4 1664.375
1766.509 793.34546
1634.1852 1985.5186
543.1212 552.30304
265.98462 97.07692
998.7593 1194.9814
467.63077 1804.9385
121.8125 1110.0625
788.4493 521.029
# HEALTHY_SAMPLE_1_ROI_1
864.25806 930.6129
1137.5625 94.729164
242.7265 1023.0
2.296875 229.21875
998.01074 1482.957
1108.5139 930.55554
1042.3846 1440.2565
1047.821 1292.3474
250.73914 1347.2609
767.24194 320.37097
1247.2667 70.933334
447.16278 194.7907
787.4262 767.2295
721.28827 512.62164
696.4423 846.9423
1093.519 1421.038
1141.3375 499.73886
870.7321 719.0714
1153.0282 347.84506
1083.3492 468.97354
283.65625 934.3281
52.2 1140.44
1234.2625 1325.9625
1202.5 1160.0
647.36 1410.28
286.4902 463.12744
1022.36664 838.9667
488.46155 321.43268
80.960526 568.1053
1087.4513 390.9646
164.44615 541.96924
1195.909 437.45456
195.03937 1261.9921
116.666664 404.11905
1243.3112 648.9
1026.2059 397.41177
187.79245 75.84906
1083.3492 468.97354
125.14286 562.5
1177.9183 509.12244
739.7586 986.569
651.91547 541.07043
1213.2201 922.89307
666.5526 761.3553
512.0618 645.97424
1079.12 671.24
833.78125 771.125
1091.1459 993.1875
795.0901 726.3964
696.4423 846.9423
896.7156 758.90826
666.5526 761.3553
1044.6666 640.2738
1056.1628 15.627907
605.41296 5.7810946
1180.4706 46.789917
16.307692 323.8846
539.8652 1448.1123
1134.6134 1263.8823
15.438775 1461.1735
552.0123 541.4815
491.5 286.29413
1217.2188 357.25
1009.6429 839.59186
1197.0 1104.317
1026.2059 397.41177
728.52344 250.46875
834.1321 279.37735
903.6111 1185.537
737.1591 938.23865
928.98956 536.0417
468.39395 1307.2727
1205.0 1039.0781
1226.9191 1285.0367
1146.1146 1268.2188
425.32144 164.82143
69.97701 995.1494
# COVID_SAMPLE_8_ROI_3
1869.8485 672.3333
655.69446 577.69446
1501.6267 1532.5067
340.27585 1046.3448
573.3333 586.1429
694.0357 221.92857
1967.8438 634.625
1577.25 750.5
830.1746 1202.873
1235.4423 1517.6923
1375.5616 185.84932
1153.5652 1698.9565
1450.2264 1996.6792
817.71185 278.35593
11.202127 438.43616
1663.9535 1131.279
1315.5226 555.8198
727.7826 1162.3914
39.677418 1527.5807
265.9091 1685.8939
1466.6105 811.65265
558.13635 1524.2727
809.2917 1461.0
660.3333 1363.875
1567.8986 934.058
214.34 1686.42
1085.0588 430.83823
1517.956 1131.6813
905.02563 1986.8462
1709.434 1841.3208
226.13115 1190.5737
449.2857 1090.5845
692.34485 1634.0344
128.7889 1546.1666
1794.8102 1683.6202
468.69492 1976.0847
669.4048 1389.6428
1441.0577 1294.6538
84.16327 194.69388
1869.0 692.0
175.11829 1472.3871
465.35226 625.0
1518.931 688.0
1727.8387 1737.0322
1980.0137 1041.4795
454.83334 1307.1296
1087.0555 34.194443
938.6053 1132.1316
496.37036 669.6667
1246.8928 1222.6072
196.80435 1739.6848
366.96295 1436.3704
304.72415 261.65518
1492.2632 232.44737
657.7931 1531.7587
143.7284 1335.1852
1125.8846 433.82693
1524.0878 581.1579
120.4 989.9733
1859.2063 391.11905
345.52777 1340.7222
966.8101 1039.4684
1250.8716 253.28378
1701.2858 211.64285
1495.0552 1515.4567
81.413795 1196.7241
1348.0132 1772.5
1746.3376 786.20776
334.29752 1559.8678
771.03796 1677.3291
1500.0 1195.7858
606.9 1233.1
1932.5394 741.4737
829.8132 403.69232
1170.7587 1822.6207
1753.0416 1445.0416
1206.4706 858.08826
1419.6389 380.22223
55.381817 1547.3636
1339.5167 912.55
1289.9181 276.32788
87.125 37.40625
1695.7407 1709.1729
203.43024 1924.0814
3.6346154 1508.75
1063.6072 817.8214
336.17856 1420.6072
166.125 118.5
1526.16 1123.92
1045.091 426.0909
1930.3667 342.46667
769.36664 330.63333
1832.06 766.26
131.17334 1585.5333
422.63043 654.26086
1312.3914 137.17392
1569.7805 952.5732
207.2449 1742.4082
904.3016 160.34921
586.55817 317.72092
1471.8334 803.0
416.7763 741.5789
210.16667 255.53334
367.8409 1300.909
1551.5167 1665.6333
388.4898 81.591835
1100.1538 1874.5128
786.1852 1931.7037
299.0 147.5914
1703.8649 1249.7838
124.803925 1685.8235
984.4032 519.25806
1580.8 1365.32
1097.561 1280.439
906.5455 147.6909
1572.6177 499.14706
233.825 1681.45
665.09753 845.5244
1955.1698 1567.4214
484.63077 352.1077
1410.4546 1969.7727
191.7742 405.90323
1165.2142 785.6
62.17073 228.95122
540.5 1181.7858
1811.7678 1306.6786
489.5 654.5
669.1667 1029.75
13.543478 1153.7609
86.65714 1155.0
984.0 462.26315
44.77551 1098.2041
1845.1111 1652.8254
437.8 1191.8
546.0 1653.1194
689.0192 177.34616
1256.2609 1600.4348
1522.2715 1222.4714
174.49231 1750.4
893.13043 1996.3478
857.01276 1093.4523
313.05 1019.15
762.9293 467.78787
1776.9642 1296.6072
1882.9642 402.4107
1093.2291 1581.9375
1327.4098 1018.2295
975.8148 178.07408
312.58694 842.8043
1236.2106 1461.7368
173.13792 580.9828
1714.8618 904.9187
1934.2836 552.8955
1144.5 333.34616
1603.2059 1256.3971
872.4706 1914.7059
1253.2 162.33333
1477.7747 229.21127
705.32837 271.20895
1777.3704 895.4815
1514.4062 1055.8281
612.5536 973.5357
728.5098 664.2157
147.13043 1745.9711
1319.0416 1652.875
118.04615 1174.3077
1770.8966 1752.5172
211.34065 685.8132
1240.5343 1607.4384
1972.3469 658.4898
13.944445 1977.7963
677.9036 582.747
383.08435 1308.1084
483.5238 1898.3096
1098.7094 1514.8024
481.3924 1091.1519
108.947365 851.3421
1568.1777 1614.6
1035.6786 428.64285
1677.1666 170.75
120.583336 1991.1389
697.86365 1286.0
734.7802 88.49451
342.65625 446.21875
649.9877 197.2716
811.1739 282.63043
620.5484 406.58066
1700.0435 1174.0869
1198.3334 933.125
477.125 1258.3334
1566.7858 363.11905
241.67567 139.33784
1562.875 738.1477
18.037037 794.7593
1708.6666 1792.125
434.30188 354.15094
418.62857 1905.8286
5.0740743 419.81482
683.1045 229.59702
594.1667 1328.6072
677.26086 242.17392
779.1875 332.4375
64.97298 1661.0
673.1163 808.0
1525.2903 1008.29034
352.51724 255.89655
1679.4359 1116.4359
1770.5349 1879.721
1162.4242 132.33333
532.2941 1556.2354
728.25 343.0625
173.2 808.75714
1227.2727 1107.8182
1327.7848 1010.2405
594.6286 1400.6285
13.225806 1173.758
1663.338 1768.7183
714.7778 1403.8889
1593.2059 883.9706
522.6667 1273.4902
1539.9642 712.9643
95.54945 1308.044
329.85367 627.6829
1285.6666 1661.0605
1788.0308 1284.6461
434.81818 730.0
1828.6364 1318.1136
555.85394 671.5281
1323.3448 1485.8018
493.58243 1763.9341
1704.4286 1795.9642
1311.5652 548.1957
1064.0 1875.2632
161.7 450.925
197.09375 72.5625
1866.4814 1062.2593
1743.2329 1593.5616
1371.5778 1278.1111
175.85365 1769.567
720.0476 571.8095
1758.025 71.125
1441.0577 1294.6538
569.7732 241.2268
465.59723 230.40277
237.64285 681.6286
1371.3462 855.7308
1248.2727 229.93182
867.8461 776.2308
82.70526 1511.5474
1954.5304 57.191303
1655.6786 1452.8214
1899.8163 317.38776
436.95834 1631.4375
1312.3914 137.17392
259.05356 1171.875
223.78572 288.5
1538.1608 325.01785
1565.5 744.9286
1561.8889 41.333332
1576.742 339.03226
1278.9342 1294.171
1438.3871 1267.2097
89.23333 4.3333335
652.3333 413.80554
1902.909 834.9818
827.59375 1659.4219
279.43588 1723.2051
1333.1691 1285.8873
1560.6094 726.4531
91.56061 1505.2424
388.6857 1091.9143
1070.7435 693.9487
266.7377 1587.0656
1686.7407 1336.6666
807.7561 490.12195
434.0 1242.0
422.14893 1611.3405
445.2258 1188.8064
248.25 550.175
1604.7128 397.34042
662.8293 310.09756
1084.9117 1865.2354
1850.0588 600.0
945.383 200.55319
1821.017 1294.1864
1281.4 1071.7467
421.5 755.1429
625.6486 152.83784
164.7705 273.29507
88.508194 188.01639
560.1042 817.875
649.9877 197.2716
523.0455 1853.0682
1445.6753 1130.5714
1793.925 28.95
569.7253 1578.1428
597.4667 1702.9333
161.2069 1406.2413
1153.3383 1582.9559
1369.0482 178.84337
81.0 30.90909
939.82117 1205.0406
1236.1067 848.6667
462.52084 529.5208
1990.2142 690.3393
1277.52 650.88
1261.9846 811.18463
448.0435 1304.2174
839.5455 1178.7576
662.1842 1017.5263
1477.5714 639.2857
1324.7761 1627.8657
1442.3508 793.7895
527.01666 1495.6333
143.27142 921.1286
1125.8667 1690.6
848.93243 942.5541
1753.8572 900.2857
272.8095 1796.6904
1003.381 888.36505
1047.8077 447.19232
16.916666 265.5
1193.0247 853.4074
1931.098 629.86273
845.4516 1118.7097
906.5455 147.6909
1638.9546 764.5455
83.45 790.75
1750.8036 1000.5714
279.41428 1706.4714
828.32465 200.48051
180.48889 170.17778
672.04254 83.12766
543.35895 1422.0641
529.9286 688.0714
342.63513 910.1622
35.28302 1870.4717
289.75 597.8929
697.4 1318.35
278.64062 885.59375
1937.3158 820.3421
1795.3024 194.04651
1835.759 1590.8434
471.41525 388.0678
1657.56 68.71
494.77194 1329.2106
379.40625 767.86456
807.87366 864.0526
10.490566 518.7547
778.22974 1476.3513
307.10144 140.94203
1557.7142 1206.1072
333.4138 1314.362
257.89026 123.37805
1100.258 367.40323
350.19354 1886.2903
307.91666 1982.0625
1172.7639 1735.4166
327.88 1936.8
1574.2167 464.75
3.7407408 1379.0618
757.0682 1219.5
553.6177 691.902
601.95123 722.2439
382.6232 477.53622
838.24 1779.2
629.1778 1346.8
324.84286 536.9286
1172.0222 467.06668
1577.9565 1168.2609
1387.6061 1431.6666
553.8475 53.01695
263.88373 676.48834
710.65454 1585.4
1157.3529 1158.9412
1613.3582 1042.8955
943.67444 14.930233
1655.8536 1572.3658
1770.3917 1479.5464
1272.1774 998.4194
711.875 868.4583
227.30556 1153.75
820.551 1557.898
125.30769 1948.2051
1713.6364 1844.7273
733.7273 1072.9395
1393.4824 696.7982
1088.43 1127.4624
890.2069 359.9655
515.5 1897.5
577.8283 611.28284
21.5 115.0
535.86536 1588.4807
1533.9231 809.5641
783.619 857.7619
1603.3019 1545.5283
379.57333 982.49335
1923.192 1710.56
1306.3984 1582.0828
456.2381 446.09525
291.79166 1990.2916
1457.2587 1582.7413
104.96 1838.4
1009.56757 3.5945945
1891.2 1214.4667
516.5244 202.82927
1992.8379 208.90541
56.898304 1889.678
110.73276 1631.2931
1378.965 101.10526
2.4366198 260.49295
1442.0968 1976.5483
1212.5518 1157.7241
254.03896 1987.3896
183.24138 1963.5
833.1622 1898.3379
954.56665 1048.1666
1164.2174 277.91306
1026.8309 690.0986
1127.0555 161.72223
1885.3529 775.64703
1806.4546 2.7272727
1469.2456 320.4035
908.6042 492.27084
669.2632 1071.5964
1544.7539 871.2769
1849.9111 286.71112
959.8461 1701.0308
1257.6984 456.66666
1025.5193 740.4039
429.43637 1415.6364
718.163 363.17392
709.28125 1146.4375
195.14516 1748.6129
1013.125 1339.7291
910.9464 1626.1428
994.0 746.0
1380.5122 36.682926
132.27692 1466.6307
1473.5574 868.54095
482.36487 1045.5
202.5 1201.6072
1031.3948 1318.3422
1172.2528 1815.0549
1634.0 1766.9423
70.244896 1223.4694
1947.762 300.83334
1228.8649 1046.2028
508.1875 1417.0875
913.87177 1731.1025
642.2195 154.58537
1519.2572 1040.8
1858.0 307.7561
1777.7551 1506.6224
161.5 1103.7307
695.7273 186.16364
34.07895 1577.2106
665.2 726.92
941.9143 594.54285
1859.2 424.68
336.29413 1276.2059
58.08 923.6
523.59375 503.0
764.68256 883.7619
584.71875 108.729164
1210.7441 1223.186
63.244446 808.04443
1489.7241 1279.3907
1946.4 1187.52
335.45544 1827.5248
230.528 668.344
816.4286 242.95238
452.971 1768.058
964.8387 750.8387
1028.4736 74.663155
986.19104 1645.2921
238.4881 1641.4108
1533.3226 814.70966
1503.4117 890.4314
1175.7307 1621.2115
930.0 1470.1177
1373.2128 717.383
1720.4166 426.52777
862.8421 185.75438
1153.3182 941.5
437.7324 368.94366
789.375 1460.375
387.98822 1076.9764
1789.3334 16.185184
509.77777 1263.7142
1782.7261 1251.3424
1690.9873 998.16455
1320.9354 705.6129
1062.95 1520.8875
1258.75 596.8611
1505.8695 1104.3478
963.44446 204.77777
1274.9546 564.7727
1863.1025 1161.641
813.525 834.15
1557.7142 1206.1072
1227.973 551.4054
958.9677 1022.0
640.4737 571.8421
118.333336 1309.9697
1464.0754 1799.9056
918.7258 1333.871
1473.2628 971.1825
262.24658 1809.2739
1670.0847 1531.339
304.5909 1551.3182
272.80582 1351.5243
1485.5443 755.6709
1361.3158 60.13158
1377.091 645.30304
266.51428 1120.3429
184.33333 1553.7949
120.4 989.9733
1005.4783 822.7826
833.8095 552.6667
1329.3508 473.2456
1720.2034 1806.4407
267.05084 1111.0339
1977.3939 936.48486
164.275 1216.05
94.70408 1946.9286
1168.2699 1915.9207
1705.4918 417.65573
1170.3673 51.142857
491.86957 1914.5869
1279.5714 1493.1224
1452.0471 1229.4236
1918.375 336.7857
657.7619 141.09525
68.236115 1199.1389
1355.122 162.58537
427.94595 405.6757
771.55884 1074.6177
654.23376 184.42857
1438.8918 826.43243
349.8 1777.56
1327.28 1793.62
135.82143 1425.3928
1115.4166 1892.8611
586.8889 1241.4722
1192.091 1309.3182
112.51515 1983.8182
854.0625 969.4792
386.64102 1578.5385
235.78572 1160.5
1496.6936 932.0484
345.42188 872.34375
1613.4412 914.07355
227.82051 653.1539
1063.12 1008.2
434.81818 730.0
1859.0 1587.46
1220.0186 1132.3334
1803.3269 1785.75
1713.6364 1844.7273
376.81927 1191.4216
753.4 249.0
455.80646 239.64516
987.5204 733.54083
1332.7347 526.83673
136.21666 1632.6833
1821.9667 1946.1
1527.0677 1284.8983
1177.2106 48.763157
1798.8485 1553.2122
586.0 326.0
1621.381 1158.238
1488.9375 1347.2188
161.20175 1205.8158
746.7368 1586.4736
350.93332 1827.8223
1775.6016 1630.8948
1723.0962 1480.2885
1483.04 683.6
465.875 208.66667
284.38095 939.7714
1536.7042 985.39435
1292.202 1554.4343
342.1607 477.8393
158.757 21.523365
1501.0 1600.7037
426.2361 1270.6666
1818.7115 1062.4231
1564.8334 325.22223
1832.3088 85.39706
664.6579 867.7895
864.082 1329.6885
243.41463 1096.7073
602.7222 1806.8518
142.21053 1646.1052
270.95557 1601.8
247.03847 504.67307
1704.8718 1998.5641
636.2029 787.029
1607.4509 1101.1372
761.5761 505.01086
411.96155 1812.7885
1211.7407 534.3148
1677.8594 378.26562
449.70587 443.5
1797.5875 1352.1125
5.2605042 1470.2101
1100.258 367.40323
1903.0344 686.6437
740.84283 872.67145
483.65216 1494.0
1795.7916 1159.3334
1783.9143 893.54285
143.45161 542.9355
1997.2084 768.875
701.6316 1399.0922
70.38095 1484.4286
1620.9828 1866.638
67.333336 1311.2222
706.3913 214.47826
1602.6487 289.3784
1489.3442 280.77048
306.0492 416.91803
1407.9 15.183333
48.931507 1246.8082
123.17461 622.9048
1347.129 50.370968
589.025 1840.175
291.77335 911.44
1485.5443 755.6709
1974.0476 706.1667
1054.1951 26.317074
86.789474 1187.2894
1553.5641 1256.9829
614.1667 1579.9395
209.59259 1649.4259
91.09524 321.90475
1821.2693 1717.3269
1101.7794 717.05884
1342.8214 678.5893
181.70653 1580.4022
417.6415 1043.3585
829.38837 1323.7379
1289.3969 551.07935
330.2029 967.5942
725.5143 1301.2572
1620.9841 1541.3016
1890.6538 861.0
1011.8158 835.9474
1251.2727 676.7121
1561.6333 902.3333
400.70212 211.06383
1759.4 991.24
1415.9011 423.07693
1059.0541 373.27026
633.6786 1850.0
1458.6757 408.7973
1975.4468 148.91489
210.58621 955.10345
1924.68 1490.7
523.0455 1853.0682
766.04346 1248.4131
1763.5541 723.08105
1316.2954 1335.2046
456.2381 446.09525
174.22223 1756.0
1138.2703 1654.0541
1655.3077 165.88461
517.7414 1960.6897
980.9429 1473.7428
1823.4714 1328.8857
380.14062 1792.75
797.7213 894.3279
1615.6216 294.64865
1547.1084 1367.1687
1368.6615 1060.7384
1140.2289 1621.2048
333.71643 1658.6045
216.54167 1539.6041
621.62 879.42
515.5 1897.5
468.95 325.375
869.3472 966.1528
1230.5555 465.8254
307.91666 1982.0625
1203.7451 920.4314
1770.7705 970.9672
1109.1519 913.10126
1739.4359 43.435898
284.65625 619.40625
777.9091 885.2727
566.7659 1540.6809
616.32355 1020.2353
629.43475 1926.826
1200.6111 189.86111
1469.262 1267.7142
791.02 1216.54
1916.6522 727.13043
1977.6154 429.73846
803.5 845.7931
151.46269 670.76117
768.9818 1106.8545
25.201836 1432.5872
1337.6471 1095.1471
1940.9246 757.98114
543.3778 1166.9111
457.0 1345.4
203.32143 1959.5358
448.5283 238.4717
209.23685 711.5789
67.47619 1318.619
1522.5369 1854.6105
298.32788 99.016396
1020.6786 1377.25
230.7 1238.5333
1917.5 856.0
1996.7878 1081.4242
1880.0605 1532.5454
549.08 757.8
22.318182 1970.8636
1550.4485 161.08089
1743.878 1728.683
424.45715 470.41428
183.73 1423.9
307.91666 1982.0625
1053.8246 837.193
382.8913 165.30435
201.17046 567.625
1706.8616 574.66156
1997.325 1789.2
1547.1084 1367.1687
1747.2441 408.05814
280.0182 369.72726
1032.5426 1069.8605
350.93332 1827.8223
296.4737 1705.2106
1987.4706 1075.1617
742.283 357.49057
629.36664 143.1
371.11905 1313.4048
720.7059 1231.6666
1513.4222 353.2
947.0702 1521.3158
1632.2727 1700.3636
856.05084 1775.1694
1849.4803 1338.2941
1631.2285 1823.5714
1885.3529 775.64703
1200.2059 1487.2941
1682.421 1353.3596
564.1905 1570.8572
1030.0385 1370.6923
1444.4706 1254.4314
20.618181 317.16364
772.1778 1692.4
339.82608 1324.1305
1989.0652 1332.0543
368.72153 1720.6709
1444.5652 1085.058
1351.2738 933.4524
1834.3179 1644.086
66.14286 1512.0
602.0541 1088.5676
1731.74 1069.56
22.96 1395.6
354.09723 872.69446
1875.1091 1683.491
1625.0857 302.08572
1478.9836 1845.1147
443.49 1780.42
286.75 788.1591
228.58427 1921.809
1409.3654 949.4808
905.1857 1157.0714
1844.3365 307.75
689.36 1058.04
404.05426 184.34108
1434.7333 139.35
1996.7878 1081.4242
395.64035 1107.3422
699.453 1599.7094
51.344826 1116.9656
364.56668 1548.3667
1272.3478 938.34784
40.333332 858.5439
1482.1428 1095.0596
491.0476 397.1905
234.80597 1739.0746
1649.9615 1794.0769
262.24658 1809.2739
29.314285 1248.8857
1585.4546 1869.1818
954.52545 464.38983
1584.3529 1358.098
1749.6794 1806.6282
1529.8 1233.075
800.36664 1305.3667
1397.659 1026.7727
820.73566 1362.9425
602.5161 226.74193
391.15384 1425.4231
566.9647 1259.2823
1245.5834 361.97916
1059.0 436.72726
282.16394 1405.0328
1280.7142 626.4286
1478.9454 1586.491
1526.8805 415.33694
971.1132 1050.1038
1567.4844 908.84375
377.39062 1030.6719
1550.4485 161.08089
405.66666 843.5417
1886.909 152.22728
366.34 1136.72
1654.1277 1538.6171
1021.0851 98.06383
1161.5454 1913.4773
945.44446 1110.2716
1533.2646 1894.3529
1977.0714 161.08571
330.75806 1250.5161
1243.8485 366.21213
806.19147 1605.3617
890.0577 331.67307
474.9079 230.96053
851.16364 759.65454
930.0 1470.1177
1378.3281 1910.5
594.5273 786.3273
369.97223 1200.2778
918.3461 671.0
1132.6923 1473.5385
1210.6666 1836.6061
491.87378 457.68933
998.4039 6.1346154
1993.829 1531.1578
885.6842 425.4737
873.5 1713.4546
850.56 925.32
1017.57025 39.53719
102.265305 979.7551
857.6094 786.9219
1626.7587 1910.7587
469.3412 694.0706
1000.95 1160.3
903.9667 1101.7
578.1731 291.69232
1703.0869 1390.4783
773.26154 797.4
1330.9385 1192.8616
1470.7709 759.4375
327.98148 1530.4814
1785.0476 1021.8095
408.25 1433.6052
1115.4166 1892.8611
1216.5962 1756.1923
1479.878 748.0244
5.2605042 1470.2101
1336.2413 859.13794
661.1321 1804.6981
1391.5349 1121.0698
195.06 845.4
1993.0546 1574.4546
822.3125 263.02084
123.42424 1224.8636
1082.7 42.65
1288.7693 926.3077
1041.9333 1314.7142
1349.7102 28.89855
1193.3334 1064.7937
1191.5 130.22858
1536.069 202.41379
252.45653 1376.6957
469.21518 295.13925
791.02 1216.54
48.564518 98.645164
751.6842 510.32455
686.4667 1997.8667
1391.0497 1810.6895
1566.1869 1638.2336
498.40625 617.8125
1359.803 1147.6061
1325.2836 1452.0299
1209.0781 1607.5781
1958.6279 95.023254
1423.4839 19.172043
426.29578 1392.2958
1777.7551 1506.6224
360.0 967.7727
1547.4445 196.38889
919.0645 898.6774
847.24 1285.4867
1744.967 1349.7142
1541.125 1632.5375
1953.0408 1144.9183
1704.8718 1998.5641
771.87756 1753.9183
229.87357 1773.885
1165.871 1951.8871
1574.6635 227.3173
737.9143 595.6857
254.27026 1793.5405
365.5 938.7917
1158.8588 1609.7882
1474.475 686.75
232.32259 1017.74194
1553.0435 956.54346
823.18646 1679.5084
950.88403 1712.1884
160.66667 1380.5555
1266.8889 189.48148
1286.9412 1484.1765
330.26135 1548.966
112.98148 1663.7778
1823.4 1219.76
1207.4193 85.258064
1232.9565 48.54348
1954.8704 723.2037
1540.814 114.4186
12.666667 1760.7084
1585.2826 3.347826
532.9722 313.6111
1828.6364 1318.1136
1686.7407 1336.6666
937.5714 1967.6123
371.55554 1268.1666
190.81482 1109.7407
362.0341 1897.4318
1402.8806 347.0
1778.6 1017.0
1953.6097 296.17075
857.50665 1003.88
740.625 1772.0625
617.76 1573.8
421.16394 873.9836
1431.6666 267.36667
748.5357 622.6429
1507.6786 1221.3928
649.4667 1572.2167
784.5854 1793.561
781.19104 867.30334
1907.4642 1449.3036
444.07895 1660.0264
140.425 220.575
1933.127 22.428572
1463.6875 711.75
41.457447 759.3723
985.67645 927.7647
1734.12 1876.44
298.0 1069.9429
1960.0613 764.6326
854.0625 969.4792
29.314285 1248.8857
1647.8334 1750.5
1178.0333 261.95
1831.1724 1032.7587
1991.5735 1819.3235
118.11404 1072.4562
996.6484 992.05493
1913.6383 1675.2554
326.0 1208.5128
317.58368 299.58368
106.57143 635.0357
871.5909 1900.409
1153.3182 941.5
1380.591 1537.5682
974.9286 1482.9048
1046.0328 646.93445
436.55814 1058.0465
324.4909 965.16364
402.9326 1623.7303
1806.6818 1343.3636
148.23438 1626.375
1383.2094 27.488373
1058.3103 1837.862
1026.3334 1526.125
398.80304 1017.9697
48.75714 859.7286
1504.762 344.4524
1544.25 1092.4
425.9091 1407.091
1785.8948 647.1579
121.844154 1664.039
883.5595 1094.9524
226.88889 561.1556
623.7 965.4143
1074.3334 825.4375
835.6 1429.1
1213.238 1123.8214
561.44684 1863.4468
386.2973 1880.2972
241.9661 1263.6102
55.381817 1547.3636
1238.0775 909.8
1010.5833 1005.375
1541.4043 1588.7021
1113.7916 166.48611
1160.4445 1525.75
45.49367 358.94937
216.86667 1853.6888
294.86957 951.587
1379.5441 1015.91174
592.6087 1882.6086
14.676056 1657.0282
1380.5106 1409.3405
146.56522 1550.4783
762.6667 580.5789
1686.7183 1828.5071
1954.6781 1428.046
144.8923 1058.0308
1430.6428 930.4048
1460.7894 1516.1754
253.23334 433.8
620.5526 874.0526
1692.2716 1896.4445
1850.4747 44.444443
249.35185 1696.4445
1244.5555 35.539684
663.26154 75.87692
1017.5 1348.2727
1382.375 1600.375
1288.6 620.56
444.53125 564.28125
1595.6578 1528.6448
1191.7727 1375.3182
718.62317 1972.6522
1871.5 228.0
1965.6274 1801.7451
1657.5625 630.4375
139.08 1275.4933
969.2 13.38
145.24 528.36
1408.1666 1538.881
1546.762 1721.0
1822.2759 250.65517
210.46341 1964.0975
195.68 1947.6
445.86957 687.04346
508.1875 1417.0875
1828.381 1056.6548
1506.9111 1620.289
595.12 1092.0133
437.7324 368.94366
786.3 1496.9572
1824.5424 1875.3898
1484.2885 21.48077
1381.563 198.39496
1833.1552 1523.0862
11.923077 933.61536
521.86664 1380.6
1772.5244 1737.8292
86.1579 777.2895
1844.12 283.52
1383.9 95.625
1832.2167 631.63336
1435.644 187.32204
1321.0862 780.9828
1173.4928 778.7971
649.9773 1895.25
1428.579 1420.1578
1965.6274 1801.7451
317.58368 299.58368
678.6071 1542.5
133.87755 513.7143
1560.6094 726.4531
606.679 1785.4073
1118.9348 640.56525
779.54285 1363.2572
538.73914 1000.0
1634.5875 887.525
87.10714 1263.0
489.6329 1432.7975
89.01786 798.6607
930.7353 933.0
146.40277 1790.3611
1193.1918 877.1233
1167.2328 692.1638
416.88776 1400.3062
761.79346 1349.1086
711.5 1347.7
55.482143 1407.4375
1331.6757 789.67566
752.15576 1344.1147
593.5846 1300.6
1333.091 692.0182
1303.0 1474.1323
722.8 1750.2
1520.5862 915.5517
911.1286 1472.8715
597.0345 1916.2069
73.32258 820.29034
804.5972 1511.0834
1972.2148 858.70245
1647.075 156.5
56.451614 1484.629
1926.404 1567.495
61.65 854.85
799.9524 1231.262
1390.8422 152.23685
447.3853 1149.5963
302.0263 1105.4736
695.1489 1330.3405
313.5 1189.5
1781.2572 1550.4
859.5849 772.6981
1005.13336 1662.0667
603.1094 121.578125
1019.5714 1677.254
115.17391 300.63043
1608.4584 1427.3334
239.47058 1884.5686
1294.1 1189.5
1402.8806 347.0
112.98148 1663.7778
742.1111 329.55554
1324.7761 1627.8657
1324.7761 1627.8657
1245.0236 1115.4
1151.1562 1845.625
1001.5172 947.10345
1751.9153 1021.0678
1554.3889 1025.9028
1360.301 1841.2366
1525.4762 1622.8334
116.589745 1372.9231
1020.75214 1204.0513
1741.4918 836.66394
1617.7544 471.4737
1300.7444 862.0111
49.16418 1526.8209
1210.7441 1223.186
397.4 268.04
761.31036 273.44827
252.60345 627.0517
813.7826 1682.8695
1691.4814 196.51852
1415.6 1727.7667
681.0986 936.77466
1384.1428 1674.6904
1788.0308 1284.6461
542.9531 1016.53125
1415.6 1727.7667
143.6 623.8
485.78125 1350.4688
1724.1428 1268.6753
1879.5625 192.8125
875.4211 436.71054
183.7439 1954.7805
418.64 956.0
1665.9773 1871.659
784.8205 63.74359
104.85294 1712.8235
844.48 87.26
1669.5616 1751.3835
1754.1351 411.3243
670.59406 220.72278
1603.0 1137.5
292.87274 1564.0364
176.09259 1359.3334
278.6111 1187.1389
446.05 702.3
435.4717 416.5849
1722.411 1194.904
1256.686 991.56976
1002.2716 95.69136
1543.2 938.7636
1893.1875 1299.9688
681.9649 908.7895
386.85938 1293.9531
1620.9362 954.55316
1598.9778 1151.9556
1104.0541 1704.7567
917.43335 1249.3334
740.625 1772.0625
955.6061 870.51514
778.5 1948.5741
125.0 1708.3478
471.19513 495.97562
1149.6511 1664.2559
691.4359 1127.8206
1647.7898 1085.1146
194.15 1115.1167
1791.8889 698.5185
650.2759 1230.3448
135.46428 1578.7858
861.9 795.38
1870.0834 970.9722
1261.5688 1578.7706
1997.2084 768.875
119.06977 1465.814
427.91306 1430.2463
1291.9807 181.38461
1661.625 1804.35
296.2857 1412.4286
321.44086 63.860214
147.0 1090.0
791.13544 556.2083
753.6977 457.60464
1084.1125 488.3125
310.0 848.2
1061.7401 148.02362
1875.1091 1683.491
1426.8298 628.95746
432.28845 887.9039
79.583336 227.83333
1164.2174 277.91306
631.21375 1478.1068
1136.2291 1138.2604
1995.8302 462.84906
1602.78 1578.94
1625.5574 162.45901
769.6111 1506.1945
1010.7632 908.5
214.61765 1891.7941
206.97223 1764.9166
153.52777 1371.8611
1370.2041 1367.6531
511.02353 843.2353
998.4039 6.1346154
31.096775 242.96774
222.6842 278.50876
1115.6364 334.68182
522.6667 1273.4902
470.48837 1188.907
1932.1094 131.82812
1596.4849 35.969696
214.86275 1076.1569
1725.9395 1310.2424
234.82759 1915.1034
1216.2646 18.470589
1915.0 1476.5079
513.37933 633.5172
644.8 187.26666
693.0645 1440.5807
628.55817 788.3488
549.65625 1392.4219
537.63293 695.6076
1331.3689 203.72815
1519.0638 1801.9788
149.67273 823.85455
1813.3334 298.1111
2.125 449.33334
202.67857 1779.625
855.5088 255.49123
1799.591 1369.1136
586.0 326.0
476.17142 1533.7428
1877.875 64.791664
493.68182 403.74243
714.3555 631.7778
1364.375 1141.3334
1335.1212 47.060608
872.7925 115.037735
352.59433 833.18866
799.5106 730.9149
1864.934 1528.0189
1347.4186 1784.186
711.101 600.7778
256.1695 1752.9153
1522.1326 1668.1566
816.4286 242.95238
328.57446 1817.0638
1866.375 1019.15625
87.62687 152.73134
919.03845 214.83333
386.07407 1935.1482
1224.0189 1596.434
900.0893 89.94643
234.5 314.64
1341.7922 366.18182
542.65216 644.0217
1944.7742 1781.7312
216.86957 734.56525
1435.644 187.32204
920.881 1849.7142
386.7037 1267.463
1277.6428 1004.7679
231.12903 1865.5646
134.48781 1664.878
1915.0 1315.5
569.6458 394.97916
16.791666 372.125
1230.8667 288.04
7.5 1184.7646
1355.8572 1030.9286
396.62024 393.78482
1601.1449 1201.5797
577.46875 1326.875
761.01697 1207.5254
665.48236 1593.6235
1568.7864 875.0777
561.62384 1382.1101
201.73846 1223.5231
260.2269 1670.8068
619.9818 215.43637
193.68182 1690.1818
1859.0571 477.95715
1848.4546 1141.8182
1013.625 1919.5938
1085.1096 1463.5616
1882.0952 450.9365
407.67947 1118.8077
1814.2174 84.391304
1784.1267 344.71832
1179.8 300.82858
189.39131 1880.9131
557.53845 1261.3077
1347.2878 882.6818
354.62265 278.13208
844.9375 1630.325
1360.4722 1677.8334
1496.292 1028.3009
1764.7097 864.29034
140.21213 1846.1818
423.69232 1767.1154
818.27905 1385.9302
45.283333 180.75
1165.2142 785.6
1285.4147 265.65854
1308.8695 1469.2174
407.82257 591.5
481.30768 1483.0
402.44446 331.5926
1539.6075 416.79745
1309.0857 1186.4572
803.2 202.54286
332.6962 1511.5443
1073.3846 527.4423
146.20967 1346.5
1527.0677 1284.8983
364.875 1734.1805
1889.1702 689.8723
610.6458 1315.8334
1905.3969 1081.7142
164.18056 36.40278
1663.5 1686.1072
61.41379 472.86206
1540.4429 832.3143
76.90323 100.58064
1014.3939 1284.1515
1724.0537 1494.2473
1554.3889 1025.9028
1777.8928 297.23215
1614.8701 146.11688
203.0 1284.619
1276.36 187.17334
919.4138 491.55173
427.91306 1430.2463
1234.2167 232.51666
973.65 859.61664
2.8823528 160.80392
1070.5253 289.22223
1316.2115 3.1923077
79.425285 1439.2069
324.6129 623.5161
1306.3984 1582.0828
1660.6154 338.80768
328.5098 1058.098
1751.6333 994.4667
657.9091 825.7727
299.7353 794.2941
1595.3492 1554.3969
1382.8937 541.21277
358.27692 1723.5692
986.0 106.5
421.07245 1347.2754
331.96225 128.90565
438.5821 473.14926
1428.8276 1809.0
1395.5 1245.0
677.64514 1568.9839
407.63217 1464.1724
402.41666 1968.25
543.7917 1552.4166
765.375 1362.3334
904.9545 222.09091
302.725 1791.5375
319.8889 1139.4921
361.45715 1197.9714
1327.9215 237.56863
1028.6172 62.234375
2.0 1520.6786
327.21622 1844.919
1157.9131 265.85507
523.97437 719.97437
1361.7971 1951.3188
413.2807 1838.965
1416.8846 1279.0
760.5263 558.9298
1311.9117 1194.4559
669.4048 1389.6428
1950.3928 1322.1786
132.93878 1192.6327
32.21212 1755.8485
1567.8986 934.058
1356.2069 111.31035
1118.8806 1735.6418
837.50793 1412.7778
1739.3368 1360.7041
1350.8481 499.9114
517.7414 1960.6897
891.5 100.0
506.67856 635.1071
1495.2405 1143.7468
1023.9524 730.1905
899.7436 1824.9744
1652.338 419.38028
473.88678 1083.9623
121.2 854.8933
753.0364 1830.3091
50.653847 1490.3462
885.1951 403.5366
1965.3948 990.0263
1361.3158 60.13158
24.208334 1091.5416
457.69525 1033.2762
611.13794 1354.3103
1134.4286 1943.9143
1934.225 860.4
206.98334 467.16666
256.6111 1046.5
998.9286 1211.9286
1557.411 58.49315
146.36363 1633.2727
294.86957 951.587
1261.4565 42.02174
1543.1515 542.0
1085.0 62.0
414.5263 1847.9606
146.1875 1461.375
755.6727 1773.5636
901.6 1118.65
157.15384 235.75
1822.4286 1825.1428
1699.4286 200.89285
203.8983 275.27118
861.9535 38.65116
1031.4517 1350.4032
1104.1562 609.3125
298.65714 1487.1428
124.453125 1383.6719
1246.6786 101.0
3.48 1145.88
1445.0488 701.36584
1205.8 1283.8
23.567902 151.34567
1970.463 256.14816
689.9921 659.13385
690.8913 913.36957
177.65909 1689.4546
1105.7273 1267.6566
1298.8721 1660.4651
18.813334 1677.5333
263.33334 985.9123
74.38461 463.7802
489.2857 1787.7301
1960.5 1807.84
246.90196 1584.804
1020.75214 1204.0513
1822.2858 1246.5
1583.9565 1385.2609
266.31818 1510.0605
6.5757575 672.9091
1629.0 390.5
1395.9753 674.2469
1578.3 1954.15
1390.4728 1955.909
1834.8667 26.4
643.23334 342.44446
602.7222 1806.8518
863.10345 1510.6781
1668.9558 1926.4602
1607.0238 287.38095
1356.0 1585.5
1016.44446 1646.0834
1247.6538 955.20514
826.5161 685.9677
298.3421 1013.4211
1149.025 913.675
883.5595 1094.9524
1103.7457 659.4407
206.92857 1660.7858
374.85715 677.87756
771.54285 205.34285
1399.5541 773.7973
22.318182 1970.8636
102.34146 1338.2561
1937.339 265.10168
393.07144 1545.9286
1805.0889 7.822222
1150.7715 135.57143
1448.2291 151.6875
14.979591 1215.898
594.6286 1400.6285
900.4493 999.95654
980.7273 1629.6364
793.381 1337.238
511.5111 805.57776
594.5273 786.3273
1211.625 1062.875
1060.6719 1774.4688
1295.5438 696.3684
52.5 784.1177
1799.591 1369.1136
702.96387 1357.7108
239.94827 1414.6207
1641.301 1130.767
1979.2667 249.16667
767.2093 17.88372
88.854546 1574.2181
319.47058 646.5098
697.16327 785.9796
1670.0 1806.9048
449.14285 585.5
229.30188 1535.6038
316.15295 1472.553
270.65854 1254.9756
356.95834 92.361115
1332.4468 1926.1489
343.60638 813.09576
296.32144 750.8929
434.30188 354.15094
279.9367 1389.6075
264.62903 1902.1451
45.283333 180.75
1625.0857 302.08572
948.0 145.33333
1084.9117 1865.2354
1814.1052 1745.4526
82.97298 261.4054
393.71875 895.34375
1613.2128 1181.0426
1138.0326 442.2935
1932.1094 131.82812
733.39026 647.1707
1332.8286 1693.2
1961.9333 322.76666
415.73914 1415.5435
216.10909 1735.1637
533.9167 1062.9584
1410.6097 1085.0
1415.6 1727.7667
713.44617 307.7846
1214.2439 1489.0731
1910.8383 1682.1471
711.6212 1211.9697
1479.2059 1833.0294
821.5417 1672.3334
757.5 358.0
1580.8572 272.33334
518.0 1887.2157
695.1111 1960.3334
277.41974 1832.7902
1829.0638 1994.8723
730.5714 1929.1666
149.69048 586.5476
284.38095 939.7714
11.12766 1311.4255
1249.0 885.4844
159.18333 1173.4833
787.2941 774.32355
533.87274 1287.3091
660.27454 85.28432
1268.4354 94.6129
1525.4762 1622.8334
232.7683 1594.3658
1426.8298 628.95746
813.0814 703.7442
760.2679 428.10715
1248.0779 605.1558
98.09524 1956.2858
1135.6182 1347.6909
771.7714 1553.3715
969.85565 551.1134
456.3143 1957.0714
1831.1724 1032.7587
129.92537 1409.7612
762.31915 1604.4043
1126.9556 1469.9778
1014.2 582.6667
1700.0435 1174.0869
849.5926 1516.7407
53.866665 1318.4166
1701.9155 1201.7606
1724.1428 1268.6753
858.6909 714.36365
590.7714 1428.7715
1943.7906 1027.8837
1038.4138 1553.6897
868.0 1903.2916
835.6 1429.1
928.4706 1011.12744
1624.7778 1832.5186
3.1153846 714.8461
1133.0834 1856.2084
1371.96 550.84
1457.9674 1727.1305
1.1818181 981.61816
529.64514 1835.9678
510.5238 1215.746
413.01587 1567.9841
388.7097 13.467742
1250.6415 126.037735
1375.629 263.4355
1686.7183 1828.5071
1650.7097 349.4516
1166.4894 1593.5106
330.75806 1250.5161
1457.4286 1794.8776
931.3125 1327.5938
877.5965 365.3684
1508.9841 1765.5397
935.77026 1419.8716
719.0 1223.8541
1345.9062 441.375
603.78723 468.76596
1584.3529 1358.098
271.26666 1981.711
83.0 1461.6567
222.34285 1041.3286
172.0 394.0
1569.7805 952.5732
1540.5897 1567.9487
1603.0 1137.5
1350.52 293.32
401.06668 308.5
876.0857 1297.7428
1936.6556 950.99335
1085.76 889.24
680.25 1025.0312
1857.0646 251.35484
542.9484 1351.8351
7.806452 1722.7097
1685.2609 1789.9348
1364.3928 1883.8214
1185.9323 101.91525
1471.4103 662.35895
1001.5714 1938.2715
1271.9678 99.80645
201.52174 1548.6957
1568.0435 206.04347
26.630434 1771.9131
1526.8805 415.33694
1539.6075 416.79745
1203.7693 1433.9423
1279.9385 599.0
1786.3334 1396.965
201.94118 889.549
441.54053 1569.7838
916.8 987.82
135.46428 1578.7858
481.35483 588.25806
1234.8918 999.6622
1515.5834 1609.75
1258.0822 170.67123
912.4078 426.0
733.4516 1198.1936
1596.091 1584.0151
121.375 1457.8438
438.3718 227.05128
1729.5063 905.64557
1591.5857 1011.7
93.37209 747.9535
110.666664 1150.5
1007.11597 977.56525
951.0 1040.591
1825.6267 708.6667
587.6774 1834.5807
837.50793 1412.7778
1553.125 303.03125
1181.4921 1166.7778
840.2381 1718.3334
971.37933 833.68964
1834.25 1990.1364
678.0227 116.318184
573.3333 586.1429
1509.5272 1611.2
778.6539 926.7308
177.09091 1226.5454
828.5526 1127.5
1276.8937 465.06384
741.9667 637.4667
1049.4412 1501.5294
52.346153 1306.3462
996.4032 1575.0
573.4857 899.97144
327.21622 1844.919
951.62335 1332.2858
1804.2755 1671.6224
153.7234 241.08511
960.86273 941.60785
902.08887 1233.289
1613.4445 1939.9259
1183.0173 895.26086
1264.3778 1454.8667
1822.2858 1246.5
137.8 1139.76
1329.7457 172.42372
472.137 1664.4657
1319.5758 435.4697
550.9697 849.1818
1624.7778 1832.5186
1911.5505 1038.0337
1415.6 1727.7667
330.7973 1981.0405
1985.0212 684.2553
687.36664 804.91113
1937.3043 850.2826
1063.6072 817.8214
537.02856 2.9714286
662.3143 1401.4286
181.70653 1580.4022
239.93163 1656.2821
424.21738 1909.0869
87.125 37.40625
1245.0236 1115.4
323.2143 114.88095
706.48 335.53
697.0 1167.8055
1596.6562 1163.5625
1726.0972 878.69446
903.37836 1185.5135
285.3143 1313.8429
1693.4462 1278.4615
539.0 173.5
1837.2778 1000.2407
561.98334 481.95
745.3333 1031.0
312.55933 1696.9661
1954.8868 78.396225
1167.05 81.45
1193.1918 877.1233
1193.3334 1064.7937
266.48077 479.34616
977.55817 365.25583
42.171875 243.89062
1166.3077 110.86539
1992.2858 681.9048
1115.7615 1948.6422
209.23685 711.5789
122.96154 1556.0769
1824.159 739.7045
1776.5 1518.7954
23.567902 151.34567
1604.3334 1342.0
426.23215 212.92857
1228.6934 817.6533
268.8684 1130.6842
1502.7858 234.40475
1756.4359 708.20514
1658.6818 576.75
274.84616 1790.3462
1751.2871 1966.5643
301.72726 550.3939
416.5283 1958.2264
1714.9131 401.78262
564.41974 839.4568
1601.5 1654.5
646.0 1899.1364
666.7083 1641.5
519.2991 700.6168
903.14 1609.78
451.7015 2.9402986
1165.3086 1058.8148
848.93243 942.5541
1157.4348 919.087
1526.875 1661.9166
1161.8298 1764.2979
40.045456 1350.6818
973.0274 1124.4247
1549.2963 755.55554
1882.2029 1228.2609
936.16 380.54
618.5333 1715.0889
714.3555 631.7778
1550.2703 371.72974
714.0909 259.52524
1119.38 1127.44
1959.2949 887.64105
1612.3208 1894.3585
1917.7167 848.23334
54.65306 1461.2245
519.38635 1160.6364
1519.931 757.25287
1418.966 1114.9318
1727.5714 1438.9762
185.89285 946.0357
15.057143 1886.9429
1473.2628 971.1825
147.0 1090.0
1409.6066 217.83606
1713.9333 1816.4667
745.1667 458.75925
1742.7455 21.309092
844.48 87.26
1709.1052 1552.4868
1696.5223 1646.1791
1122.3414 342.68292
1766.5869 1196.4783
537.0571 1523.5714
1304.1356 706.0
1636.5964 861.7193
125.30769 1948.2051
1634.1569 1412.1765
889.4286 1836.2285
1772.9426 1667.0446
772.78876 816.07043
719.9818 1151.1818
1237.5729 835.9375
1021.65216 809.913
57.04 11.4
336.2931 1458.8448
1088.43 1127.4624
154.16 1082.28
420.62 288.98
481.35483 588.25806
1783.9143 893.54285
449.0986 350.71832
451.7015 2.9402986
1095.0857 1335.8
1872.2693 1719.8975
226.08888 937.93335
494.34723 1643.8611
# COVID_SAMPLE_8_ROI_1
1832.8334 1268.4722
1143.6538 1212.2693
375.73172 285.56097
186.78162 732.32184
515.12 1722.96
73.25 453.77274
1946.4062 333.5
1330.878 292.87805
794.8644 1980.6102
1937.2642 489.24527
846.3333 1551.5667
1135.5432 1843.8889
928.3143 5.8285713
1988.2264 1830.0
238.26456 54.666668
1107.0312 1251.0938
205.27777 1077.9166
1977.8889 1840.3334
1590.4375 1629.5625
1788.6327 773.32654
1615.9054 533.9459
368.0 1737.0
1970.7931 1921.0344
390.69736 660.6842
1808.3699 869.3699
678.61664 813.1
534.05817 1984.3256
1893.2827 1749.4207
1406.6666 533.7778
829.0504 255.20168
1793.2075 256.24527
1920.8959 224.125
837.7528 1996.1011
382.81482 233.35185
136.4 4.08
709.93335 1649.0834
741.4474 1408.4474
231.07759 729.319
905.80554 1249.9166
1862.1025 212.10257
1184.9281 1179.5251
734.4762 1381.619
1977.42 1061.02
1560.183 437.42682
1.7179487 612.1539
534.6075 910.7757
1557.6 44.4
1388.9344 113.13115
1912.8103 1019.5
605.01587 648.73016
1891.2407 972.35187
1730.3922 1671.7843
134.09091 1157.091
617.56525 1728.2391
1831.9286 645.5714
704.26666 730.0333
1561.0638 339.5532
419.8644 580.0085
208.2111 658.4
859.431 1708.4482
1028.5714 479.4156
1549.2941 1541.0441
1932.5165 1574.1428
1130.0416 1535.125
387.9155 1917.2958
1379.9656 1444.3793
183.94595 1669.081
518.875 291.66666
1777.3334 1502.875
138.68571 1129.1714
1198.2593 397.4568
966.81396 763.97675
1646.6558 1682.8524
1840.8235 1866.3295
668.925 544.95
1856.6434 1181.0078
1750.6086 1882.7537
1058.325 881.0
1138.3334 1749.7059
1272.238 494.2024
1339.422 767.34863
315.71796 1793.6666
720.65216 179.41304
1203.2424 1119.4242
1105.5072 1400.9855
1252.4615 1169.8846
1784.1111 1325.8518
1458.1964 1337.8928
1639.359 131.58974
1733.1617 1222.8088
1512.1504 561.58405
1563.5302 404.2289
1269.8469 391.76532
902.37036 1271.963
360.80768 515.1923
1534.9592 1081.0613
1748.579 1652.6526
1545.7794 730.8823
850.2 1613.0
321.17545 371.26315
1720.1647 220.30588
1457.1455 55.927273
148.81482 1356.8889
1997.5883 719.0
534.05817 1984.3256
1047.7742 894.19354
1687.2385 902.211
1311.4 736.24
1042.3334 1384.8148
1121.8868 407.1698
1139.5714 90.309525
1930.25 1068.0515
1120.8182 1551.159
982.05 1175.325
1889.4833 452.01666
604.5833 1901.4722
1597.849 337.0566
1889.3868 1374.0511
1748.7424 1801.9697
1340.1 430.95
1402.5038 25.267176
1819.5918 338.7551
43.21698 878.3679
1727.3541 1359.8125
677.7714 1445.6285
1427.9487 1560.9615
1850.8909 359.67273
1613.2885 1716.9231
688.6875 1142.625
1868.6222 129.53334
816.93 1165.53
970.84906 1307.7548
1952.4216 1619.6747
788.4375 1221.2709
1151.9454 1853.5636
1692.4517 1454.5807
1316.8596 1397.3508
1690.9727 1666.3699
1357.959 1968.4672
430.42426 816.3333
1187.9941 1880.6804
724.9355 2.1290324
721.7692 1741.8077
1756.5385 1796.9231
309.989 533.6044
1519.2559 532.81396
550.96387 165.83133
202.77777 651.8444
676.65625 1408.4688
1719.5 1548.7059
453.1 660.5
455.42554 1685.1277
1572.081 581.9595
601.5922 206.61165
753.3171 848.439
1492.6222 230.97778
163.15874 452.36508
471.4 715.92
1798.7838 180.71622
1924.9231 1285.7885
1768.2881 1716.8983
976.661 1182.0339
1782.1884 255.86957
492.3393 1961.625
1874.5157 1329.3368
1500.4928 677.029
1533.1685 758.14734
299.59756 786.62195
1285.7561 534.0
1918.0454 886.4091
1510.0349 747.71326
885.6429 475.4881
1962.473 558.0405
846.6667 929.6863
875.4286 1723.6123
1015.2368 1335.8422
333.2456 1756.965
974.1778 1530.6
277.53333 1648.9333
861.1539 907.03845
1472.9623 35.377357
1955.7246 1503.3334
1413.7819 1411.7637
313.0 1679.7561
1764.0571 564.1429
1639.7294 1347.8823
1477.7941 333.80884
1529.6274 91.35294
1932.5165 1574.1428
1829.5 634.0
1804.7428 1943.9429
1128.4688 926.23956
490.6265 1610.9036
1410.8291 823.7778
1681.1476 1359.1476
741.08 837.44
891.0 1359.697
32.869564 124.32609
1447.5343 276.39725
1666.8118 1166.672
1731.7916 1453.125
1499.9491 533.0
245.66667 280.69696
735.9792 1391.3125
956.5797 1062.058
464.56412 1666.0128
1536.1538 603.5
1652.0 1998.6154
1283.72 700.44
1516.0625 1856.8125
1499.9595 92.324326
1219.1 576.975
1188.5963 1377.8533
479.72415 372.34482
937.38654 1409.8907
747.7917 1266.5416
629.44116 1624.7941
644.7237 817.9737
86.35384 394.92307
436.8857 1114.3143
331.57895 311.57895
514.0 1732.0
604.5851 1667.4681
727.9487 1128.3334
85.93023 1868.8721
1268.7051 524.12823
1080.2683 131.43903
666.5641 583.26495
1427.9487 1560.9615
1906.0646 1049.258
1977.42 1061.02
1634.841 1162.0682
1608.3214 1515.0
621.86957 593.7826
173.30435 589.98553
990.1667 1664.3704
1918.4084 1968.0845
926.6316 1567.079
909.9143 1514.4572
1461.7554 1010.67554
699.2083 660.875
349.08792 1429.3737
1154.4546 858.6212
1684.7435 1113.2307
1727.035 1804.4562
1857.5193 1969.8654
731.8125 131.875
744.11365 902.0227
812.4865 1830.2703
771.5814 1453.1395
209.5625 1626.4844
360.1154 1595.0
1029.8846 872.8269
951.3023 117.87209
754.75757 1087.7576
847.9595 1643.4054
1089.9608 456.56863
605.1064 759.3617
868.125 291.66666
726.83636 816.2182
722.0566 845.283
1950.7258 1971.6451
931.0 1281.1443
127.29224 34.378994
1808.8 386.52
1890.721 808.1628
1386.1428 1441.9429
1361.8182 1143.3182
650.1505 841.5161
773.5 157.03572
1408.625 1616.7142
1907.5223 1845.4926
1054.8108 791.4595
893.32 1399.22
325.3913 167.47826
1510.0944 1388.5189
277.31818 272.04544
1656.9893 1924.043
1845.2898 1691.2898
1910.16 225.62
926.55676 1399.6703
1380.1875 872.2125
845.31647 616.55695
1118.3396 166.45284
1268.8534 1532.3733
770.7237 1268.25
1029.0408 1891.2449
758.8594 584.8594
838.61536 1057.4615
1570.7736 1019.4654
1338.7878 122.72727
1017.1132 665.4528
1251.0869 1059.6522
42.11111 447.94446
1227.0862 1610.431
1801.5 711.5
1701.9628 586.913
375.63635 807.6818
1191.7778 1564.8889
998.5122 916.53656
388.5 1718.5
1895.2678 1432.9822
563.02704 727.13513
1600.7347 528.0204
1168.1086 615.413
136.4 4.08
1875.5769 599.6923
1511.6825 482.03174
1770.6 429.06668
856.7105 1620.5922
1412.1666 1622.375
395.47058 1544.6765
102.62963 903.7037
437.5 943.6458
677.30206 1970.4062
900.75757 950.6061
772.4912 461.66666
1424.7084 399.125
297.33847 463.7846
1569.2084 1964.7084
987.91547 1563.7606
1664.6617 251.85294
1354.5178 1262.75
1666.8462 1912.1538
1359.4 344.04
927.6374 1908.4066
746.04346 1102.3914
1912.8103 1019.5
426.44736 1901.7894
1511.24 545.32
1904.6013 806.81647
1429.1892 181.13513
256.60657 276.60657
1038.7297 96.10811
604.5571 1940.0428
1558.4036 1324.965
755.6308 496.98462
1209.9667 1235.4
1843.7742 1965.0646
1943.5 1952.7693
771.86566 340.7015
1444.1562 1226.1875
245.74626 653.6418
308.7931 341.94827
542.64514 1672.0161
737.88635 1049.6818
1058.8481 299.92404
1872.8422 38.710526
1806.0333 569.8
1482.4426 1500.7705
195.71428 1585.5143
274.60416 180.0625
245.7381 644.2381
1962.0834 1731.7222
1633.1945 92.986115
754.3108 819.8108
835.5714 918.74603
1428.8572 1768.8715
1834.175 1731.125
23.857143 878.3393
1910.2222 117.166664
1553.5193 661.0961
884.0536 1776.7858
604.5833 1901.4722
72.73077 1840.0385
1360.6301 435.41095
974.0357 1912.7738
44.679245 512.1698
841.4286 818.4464
1505.3125 439.53125
1247.8306 10.491526
1428.6562 147.46875
604.5833 1901.4722
885.7206 935.83826
896.125 1345.7709
1384.1864 1781.4407
436.8857 1114.3143
779.8333 1718.3
867.26086 492.3913
1548.8889 1966.2407
1300.0428 1340.9143
1663.2559 212.86046
1825.381 1112.5714
478.6346 575.0192
1011.05334 1901.9467
397.86365 1563.5454
1004.8837 1634.4535
132.2963 1121.8889
867.4359 1949.0769
514.7826 1407.3478
1619.05 1928.925
688.7273 480.63635
790.1539 531.0
1246.7727 1378.4318
1732.8527 595.42633
53.085712 1835.1714
1195.6716 1277.8657
1043.409 416.25
1690.1228 1726.2456
1108.8763 1622.0825
779.38464 865.71155
1157.55 1608.925
1943.2656 1211.7656
394.18604 490.09302
839.087 1171.4058
1484.0193 146.5577
1889.1323 930.85297
599.56 1832.39
268.0 1809.5405
1742.3827 171.06172
477.85367 221.6504
1228.2759 189.34483
1323.5508 641.8116
997.15875 900.20636
1011.13635 361.13635
1178.127 1552.1746
1710.789 1047.0111
1822.8833 862.11664
1719.7162 686.0135
1091.6389 1365.6666
35.128204 438.02563
1029.0 495.14285
642.8919 759.02704
1168.8049 831.3415
1606.234 1661.1915
1740.9149 700.5213
1851.5532 1791.766
1827.9546 1035.6364
1488.3518 57.87963
1168.8049 831.3415
335.6744 374.69766
1362.0962 1511.1923
979.5 580.84
77.26136 619.36365
1346.5 1796.7858
464.51352 1384.7567
1143.8695 708.04346
383.5 1404.9429
1218.4125 1942.6
561.48 161.01334
1140.0889 642.6889
1078.3505 750.3815
1840.9183 762.3197
984.9138 1996.9828
1338.2858 1321.2858
1195.4062 596.5625
953.8523 1371.8296
1508.4043 242.70213
1863.9215 524.3039
1945.762 1132.0
823.632 595.24
833.6667 440.875
1665.1777 721.86664
701.04 182.58
612.74646 1039.0282
1858.9104 1733.0896
1795.6 375.66666
1979.2291 1806.6875
1794.66 1290.18
1996.1091 836.63635
1943.2316 372.05264
900.81396 253.53488
108.19231 922.38464
920.8 1147.56
1773.6444 322.86667
1457.8314 83.57304
1786.707 228.0404
422.2755 856.5714
1634.841 1162.0682
1875.122 1297.9025
1165.2063 1184.0159
1279.9133 1829.3937
980.4783 392.08694
1979.678 792.81354
984.9138 1996.9828
1333.2969 848.4844
366.91306 1744.7826
1296.816 806.32184
1088.8937 1790.5532
1758.473 660.4054
428.7449 1106.8469
918.2045 868.6818
1613.2885 1716.9231
183.5 232.0
1521.9727 453.57535
1707.4337 1284.024
476.0463 1400.7593
1558.7354 1748.0883
1669.3846 388.42307
1451.7646 1297.0294
147.0 1017.43286
226.87234 695.8936
10.476923 1722.6
1653.4 708.575
126.81481 1000.1605
417.47 1537.11
1575.9656 1551.4138
1913.5286 1592.2142
22.857143 732.3333
1790.7561 220.41463
517.0 1693.35
1439.4138 1337.5518
951.5641 1201.8462
1428.3232 1611.2323
1006.8571 1261.381
900.81396 253.53488
1892.0 638.0
1316.1936 1559.6936
50.636364 674.88635
728.0 1423.9807
198.60606 1369.2727
1445.2616 321.12308
1353.4247 1436.6028
755.5789 288.3684
1944.3529 112.867645
1555.641 35.564102
1976.9143 1046.4
1926.44 166.88
1480.0444 193.57777
1268.0333 403.65
1038.3572 535.8571
1730.0728 42.127274
330.36 1571.9
1234.4062 977.9531
1953.58 396.86
154.78824 679.18823
1382.95 1942.4625
792.0 1284.0
881.1061 1452.5
451.09525 180.16667
1373.2015 44.544777
887.7037 1450.1482
1518.4546 1338.2727
827.0 1899.0
603.4706 371.2157
1694.3135 199.8806
174.05797 1521.2319
1671.1904 424.9524
1317.625 1238.0625
1491.921 795.0526
1183.2941 132.5
84.52873 1988.0
374.2973 383.6216
1484.0698 598.4651
1279.1719 299.4297
1404.0 1645.8518
1118.7693 414.69232
967.0 1525.9286
917.386 1304.7544
1400.25 601.6818
1625.983 106.98305
138.31633 471.4898
1232.1605 793.03705
337.41592 324.2478
720.65216 179.41304
1571.0898 1365.4495
1668.1666 1575.1904
208.14 1509.99
1460.6415 798.6604
893.36365 423.33334
874.4138 89.55173
1617.265 589.4036
1404.091 84.757576
520.7442 913.4651
1452.96 507.64
1369.2439 1508.6586
1159.0 506.27585
1578.326 754.13043
1664.6863 123.196075
764.3143 1833.2
1763.9117 584.8823
1925.5962 1608.9807
1188.9032 1321.4193
1006.32355 1312.9412
1126.4736 553.0702
1242.2703 709.4054
304.25 220.21053
1676.6531 1733.8368
280.36365 461.1091
984.85455 1351.7637
612.0833 710.6667
1603.5209 863.2083
1895.5834 1741.4722
1009.5974 149.06494
1354.9231 1860.6154
958.2564 616.9487
951.3019 944.1604
468.1574 1546.1018
819.3077 1227.5
377.64102 555.0769
1527.1333 1363.8334
1033.7161 405.7284
1077.5938 1791.6562
1187.3667 1200.3667
984.5333 1164.25
1780.0358 916.1429
169.0 1470.8636
1591.7 362.7
930.0 1586.1034
990.4151 798.2453
1085.6471 1599.6705
142.80597 442.68655
983.94666 1574.9867
749.74713 531.8046
935.0606 1645.5758
1162.1136 1175.7954
21.692308 704.3077
606.9524 39.809525
1327.0635 1792.4603
737.6961 1218.3145
50.62406 890.6316
1996.6145 1309.265
1294.7413 688.10345
718.0 1395.32
1064.5964 576.386
1542.5385 1534.7307
1367.1653 1076.356
196.94681 72.26596
1693.9333 999.3555
763.5217 1406.6522
384.73172 1634.3658
50.774647 833.94366
1825.381 1112.5714
252.58824 649.96075
1480.1765 1625.3529
1855.89 31.53
1751.8667 822.1778
1652.0 1998.6154
1967.5333 297.61667
1654.4521 868.5913
1364.2135 1094.2809
1099.4728 1379.4364
164.28572 1166.0714
937.5926 811.4815
1678.9302 1367.9767
1197.1177 1462.1177
1300.1875 409.72916
442.86273 1592.902
1476.909 738.0909
252.1628 716.98834
124.19355 944.1129
1578.4407 1049.0339
896.125 1345.7709
546.6789 875.1284
132.0 732.86365
1826.8611 599.68054
1168.9636 1469.0546
1919.4073 274.07407
1887.4509 1478.098
1448.4166 1899.75
102.916664 458.91666
1845.1 1716.54
1638.826 1548.0
1513.3934 168.19672
1189.519 1589.3164
816.62964 166.0
1792.3846 83.84615
947.73334 1647.0333
1934.9868 336.1316
450.74026 727.62335
115.82667 1943.54
877.25714 1248.0571
1759.5376 1499.914
166.10146 1084.2754
1179.7894 1653.7158
1281.875 199.66667
1676.0316 1701.7158
1710.5 1022.35297
896.125 1345.7709
83.89286 1916.75
1790.2075 1697.3208
1406.4783 1064.0145
1195.4062 596.5625
792.9286 1164.0714
1917.697 209.93939
1275.2285 1852.3715
1834.9857 927.17145
1802.6285 1920.8572
1630.5 1544.2727
753.3171 848.439
869.587 1809.2391
1751.4651 934.7442
1420.6024 1773.4579
792.0 1284.0
1337.4111 1445.4333
1758.0435 1782.6522
1802.6285 1920.8572
1069.1613 692.5645
510.60257 15.025641
1920.4132 1100.9421
1297.194 379.38806
943.3148 1777.1111
914.06384 1491.5319
1457.1455 55.927273
909.42224 253.53334
1209.9667 1235.4
1130.4366 609.1972
699.0732 1428.5366
299.92593 1652.4073
703.2917 786.5417
709.1905 671.7143
1729.6364 1049.0758
1480.5636 910.4909
1162.3 618.04
1527.8948 1075.8948
1162.5454 496.16364
1361.9678 295.86023
1288.5186 667.03705
1209.826 482.5
1754.8302 1208.0377
779.449 1174.2449
1834.175 1731.125
899.86725 330.81415
1697.9849 323.92426
1711.84 294.1
1733.919 520.43243
1076.6614 1468.4094
1694.3135 199.8806
1382.3 15.7
140.88235 1386.0588
509.375 427.04166
176.125 624.40625
1745.6538 1050.8462
1379.678 599.7627
1965.6285 1091.238
701.5161 1798.5
1811.4828 1953.1034
984.9138 1996.9828
892.7273 132.32468
1431.5942 240.07246
1247.8572 1673.0714
1031.6885 839.2951
1166.0 1705.8334
1129.8103 1826.862
1058.0898 548.26965
624.61224 1685.1428
1626.119 1998.6904
829.0504 255.20168
1340.9806 1404.2838
891.31036 1215.7931
1151.904 573.0822
929.34045 1887.6915
197.73438 500.90625
1170.8306 1235.8983
1535.5521 1880.8438
1462.8868 1592.9623
1371.989 230.27472
1856.6434 1181.0078
1341.475 1852.775
867.8305 1800.8983
741.3409 1759.2727
929.34045 1887.6915
1919.4073 274.07407
1997.341 584.11365
1547.6923 609.9077
503.77777 1823.963
1515.9524 359.7619
1360.7234 1841.4043
1328.1187 111.745766
1352.66 20.56
400.31818 1352.7273
1985.8334 1041.5513
569.0217 378.67392
768.34326 773.85077
744.9245 1801.5283
1031.035 1329.9824
1132.1471 1914.5883
25.387096 805.14514
1480.44 577.4
1007.5714 94.942856
1632.1818 1744.2424
1502.9016 843.7705
1104.6086 1357.5
1120.95 756.275
1485.9791 1987.4791
399.3913 1908.6086
680.75 1147.25
142.8 993.5
668.925 544.95
1479.02 268.7
28.22093 440.80234
634.8461 838.8
764.0789 275.05264
1190.75 1243.0625
101.414635 661.939
1954.1316 1379.6842
1162.0513 1462.6154
268.0 1809.5405
1805.1311 745.9672
1018.0 986.80646
1131.4445 1220.0444
1056.814 87.0
966.15 1506.8833
403.5 1333.5
1584.4073 1654.3889
821.3333 512.53705
1178.7906 1692.2559
1001.20514 1552.4615
1461.0927 1518.5741
435.33334 194.875
1857.3226 1781.5646
1378.0596 851.8929
1840.0769 932.38464
1334.2373 1997.2543
1173.3438 1257.8438
460.86047 963.2093
1757.2174 913.04346
1364.5454 67.29091
1570.2609 873.087
1332.8511 1451.4468
501.07608 518.48914
95.14286 1911.0
1929.1959 343.69073
240.67796 1651.339
1452.3214 487.2619
444.7544 1897.6316
1334.762 1946.8096
561.383 821.383
976.76 1676.44
1843.0862 790.3276
1994.5883 680.91174
1619.05 1928.925
305.29507 806.2459
1103.2533 855.50665
1613.2885 1716.9231
1876.909 1635.596
1797.64 991.16
1465.2197 619.8022
1736.7435 817.0513
655.7759 720.87933
423.85822 1465.806
1509.832 1887.944
1533.7354 310.61765
1129.339 312.30508
485.34885 1874.9767
886.6957 257.26086
730.1786 1893.3214
181.65277 1484.3055
1865.6666 371.20834
1342.9286 1317.0
1838.3334 834.3333
1108.8379 1363.5135
1412.0361 237.50603
646.8125 1118.4688
1428.6562 147.46875
1887.3485 50.484848
750.8182 513.36365
1597.7894 1660.9474
627.2879 1383.6212
1334.2373 1997.2543
836.629 581.8871
1808.3699 869.3699
1654.0851 634.15424
1321.931 404.0345
1181.4755 1990.0
1857.4814 165.25926
328.33334 1513.9048
1784.4324 1796.7297
1066.3594 1033.875
675.55884 399.58823
1547.0358 1434.9642
1394.0613 577.88776
1631.0 447.0
407.5119 12.071428
526.4074 163.55556
464.28378 848.62164
939.84 710.68
217.12941 391.51764
1593.7142 516.619
400.90475 811.7143
437.57303 722.7865
764.2174 1775.0869
44.333332 1187.2699
1413.4833 1288.2583
1111.2333 542.93335
1859.2778 205.51852
1265.4231 443.15384
1325.7241 1070.5862
1615.0222 325.0889
1202.9259 654.12964
1828.679 1124.9382
972.13336 1953.3
1005.1242 526.90686
1330.2759 266.17242
183.16667 1093.1222
773.52 1950.76
130.41379 975.5172
507.2843 642.44116
1419.8456 1388.0146
1056.0968 1461.1936
1823.9016 1131.1476
972.75757 596.6667
1278.9851 1630.6268
111.13402 952.1237
868.4074 26.074074
1600.2 1107.6118
839.087 1171.4058
1131.4354 1672.2742
1155.4823 511.7647
1660.1864 921.62714
1903.5957 60.468086
1343.8 584.95
693.6286 663.34283
1820.2264 977.0377
1573.4717 862.5472
1913.8214 959.3929
1115.2106 63.57895
650.1505 841.5161
932.5 756.0
857.25757 505.42426
1404.0 1645.8518
1354.7778 1014.36664
1355.9445 1034.0945
1903.9166 119.47222
1089.0 1608.0
1471.5071 1832.0282
472.05554 1605.1389
614.8302 973.40564
1853.6538 976.6539
529.25 275.2857
166.10146 1084.2754
1111.3788 1257.8182
906.57574 862.57574
1227.0862 1610.431
1070.6923 1411.2
1963.091 1781.909
205.28712 817.2772
100.04256 995.4681
853.91895 1669.5405
855.8 339.74286
860.97644 651.41174
1858.9846 227.56923
1494.9375 268.15
811.6286 1857.8857
1395.6666 790.5238
1643.3667 439.36667
1101.0 1852.0
681.2895 1452.6842
1549.5823 900.9241
809.0571 813.45715
1580.0878 641.2807
609.13043 810.86957
1373.5807 1711.9678
1373.4324 1551.0541
116.62963 36.864197
1760.4661 906.68933
839.8261 593.5
348.7857 479.88095
1390.5223 607.56714
1881.7037 940.0
157.68628 1408.1765
1967.5714 1753.4572
1394.5071 269.02817
1679.4756 1299.7073
1619.2084 98.69444
1558.7354 1748.0883
1808.9589 1312.6438
1847.1029 104.19118
1928.7705 807.918
585.81445 723.58765
1183.2858 710.46936
956.4528 336.43396
1392.6666 84.333336
1001.2976 851.2619
56.73171 761.5854
911.24 1806.36
978.6222 3.4666667
802.92535 217.97015
441.2459 1489.5819
1990.2 255.24
1461.7567 1707.027
1345.8363 861.8909
1552.3175 1612.4603
1923.4231 1898.1154
1990.3148 1304.5
964.2562 841.6777
1421.5 1740.6875
216.39131 671.087
707.84247 384.42465
491.68967 1460.4482
1589.1533 1509.4525
1146.8108 1700.8649
174.1884 559.8551
1670.1163 727.1163
154.83784 316.97296
1524.2084 1649.5
1477.0435 460.3913
96.77586 905.63794
1170.2885 243.4423
842.5278 1709.0278
377.12903 1539.871
293.53262 678.8913
1797.9207 1542.8889
257.62903 682.79034
397.86365 1563.5454
793.232 622.32
1843.5892 135.875
906.4343 1331.0605
1426.6477 85.806816
955.78 1599.94
154.5965 1195.0176
688.6905 610.5238
1794.6666 1967.1666
1860.3784 1148.2433
1510.1143 500.9
1926.1129 130.98387
126.81481 1000.1605
1362.2413 1550.862
1447.0 1700.5
962.5909 1769.1136
534.40625 1472.3438
643.8611 1716.6111
1357.959 1968.4672
1824.7872 1544.1702
1919.9016 1206.6229
706.381 1609.0
1414.2521 483.36584
1989.5151 1096.7273
1806.2258 739.25806
765.6667 453.75757
1933.0 1865.0
1087.2 1699.7
16.233767 789.24677
1388.2598 542.8571
1395.0972 330.31946
1784.4324 1796.7297
142.41026 622.4359
1336.566 1392.0377
1162.5574 1339.4426
323.92593 225.59259
936.1642 217.13432
1222.0107 517.6989
1325.0984 433.93442
727.06946 1375.7222
720.2273 559.7879
1384.7354 619.3677
1057.247 531.96295
1642.742 1926.4193
636.5323 906.0968
1330.9857 762.47144
782.175 1731.95
1678.8914 43.434784
117.58064 770.25806
1401.2142 1420.9286
620.7439 1879.6342
352.88235 409.01178
1253.3636 970.61816
1122.4951 1052.0874
1922.7963 1199.5927
1746.7174 1744.1086
1174.5903 1638.9518
351.24326 639.2432
1619.05 1928.925
1923.6305 210.86957
1484.0698 598.4651
1879.5323 478.33813
1780.0358 916.1429
1885.8042 327.83917
1525.5135 1417.7567
1165.7 1558.5
41.86207 1011.65515
920.0 1704.6666
770.619 268.2619
1004.8837 1634.4535
1132.8369 719.34784
1046.6072 684.1607
1359.9025 815.8293
886.6957 257.26086
681.2895 1452.6842
501.63635 1437.8864
1116.381 1163.9524
1157.415 1573.5094
210.41379 1242.7241
571.69 1985.36
1315.2916 360.29166
1211.7755 1304.5306
391.51163 1606.4186
380.5862 856.5517
1213.1698 1202.9811
416.46155 631.44617
1302.7603 1116.1713
1905.5927 928.9259
541.4103 518.46155
7.2222223 229.7037
1803.5632 665.10345
1019.39435 203.66197
1930.697 384.0909
1269.7 1856.5111
1043.9219 911.0156
204.56757 1226.2433
1027.0426 865.6383
422.2069 804.89655
438.4138 823.37933
949.51807 525.3012
297.74194 1460.3549
953.8523 1371.8296
1383.725 607.7
942.9787 1544.0212
1345.1428 1008.0
553.6981 808.7547
1426.7102 1505.9565
1920.1163 1669.0581
692.6286 980.17145
1645.8235 529.7451
1844.0392 332.2745
1006.32355 1312.9412
776.74194 1364.3226
1382.7073 770.2195
1198.3243 1271.8379
542.64514 1672.0161
642.8919 759.02704
985.4516 175.83871
790.6177 1787.9412
1348.1842 1934.9606
506.53845 591.0923
585.2857 1682.4286
844.6061 904.48486
587.43396 889.5472
1723.7826 1648.0652
1351.2727 1538.1818
1371.1067 1658.1466
1523.2386 655.3523
841.0 175.11363
1627.5964 28.368422
1089.629 464.2903
495.84946 605.70966
566.069 464.91953
1958.289 321.62222
1586.7819 1606.7091
1964.6333 898.36664
1929.275 292.85
1663.0714 891.7857
1806.3933 370.2472
1154.4546 858.6212
1497.1354 1608.1979
1730.0728 42.127274
707.84247 384.42465
1968.9375 457.825
1248.1013 413.01266
913.24243 1400.4546
1666.4828 1156.7931
955.78 1599.94
1753.4247 1827.9452
935.6462 637.2154
1450.0869 1359.4348
1297.9688 762.15625
1057.3793 1046.2759
820.34186 1371.9146
1332.258 1276.9354
1829.4474 1300.579
304.25 220.21053
210.74193 1415.4839
1398.4746 860.62714
1130.4722 275.6389
1699.6825 1369.4603
1970.3158 1504.193
# COVID_SAMPLE_20_ROI_2
410.5934 211.35165
440.0598 888.97437
1571.5 1574.2646
78.606064 593.0
378.27274 1193.1879
167.0 419.5
1758.0 1244.2222
1740.421 677.7544
1740.2084 384.66666
1803.0435 1343.9131
423.72223 1316.1777
1429.4108 1587.5
107.81633 122.2381
822.4792 1304.8541
1355.25 153.34616
784.9259 1736.7778
1043.4467 1506.3981
1871.3955 1108.3955
823.06976 575.32556
43.941177 1437.3412
71.73333 1773.0583
476.86765 100.75
1872.746 1727.4921
1294.1562 475.125
936.06494 370.44156
1270.626 1332.5284
690.6383 573.1702
1919.5625 651.0536
1221.8292 1448.0244
1990.8 1900.2
341.91666 1354.9445
363.54956 134.45946
727.19403 398.61194
892.8 1130.28
1750.1666 1905.5834
1605.4489 93.52756
1608.845 1663.6046
466.17267 988.35254
114.0297 1745.6534
764.9099 242.91891
530.2381 1315.0952
1516.625 1768.5
853.5263 1819.1754
1875.5625 1506.0
739.6892 977.6892
1544.2174 1863.3914
406.75894 1716.9464
1665.1111 1772.9048
1668.8925 1437.7043
1235.6666 500.75925
1314.4766 300.02014
1402.7012 1720.9425
401.69427 791.38855
223.7963 1437.8518
1442.6809 215.51064
1016.3958 1877.3125
1064.0337 1944.0562
1499.5 303.84427
1577.963 1943.0741
135.02272 1298.091
1976.421 1607.6842
66.33835 1148.767
931.12 1527.05
1348.7377 1841.1311
764.9099 242.91891
982.26263 366.31314
266.39682 1096.0555
1570.7142 1244.95
1890.5 1391.7565
1656.1646 283.7595
849.06665 1043.6666
703.1892 1962.7433
206.1811 67.937004
1361.9512 1405.439
470.11765 784.2353
1243.1945 1305.8472
1202.3019 509.62265
762.2195 810.561
1356.0353 844.2941
512.8108 1606.7567
401.69427 791.38855
1572.3726 1783.3334
750.4091 1816.591
451.7625 958.975
1081.9408 1211.4144
195.69768 1242.6511
514.8333 240.27083
579.36365 1935.3977
1657.6046 1350.4109
1536.7609 1374.0543
1932.9333 1443.8
1081.1803 1409.4034
1143.7653 95.304344
836.5714 1244.5714
23.3211 889.9541
1364.6139 87.69307
62.419353 436.41934
337.17743 796.0887
477.125 973.2578
1640.734 1873.6277
55.910255 541.5
779.71234 1967.137
1630.6097 1696.9105
1725.5634 91.46479
372.50452 1382.5135
676.9895 1738.1685
841.75 186.50385
889.0455 621.8485
957.06494 13.376623
590.34235 1427.5226
1212.3103 1791.3793
979.4286 1723.4108
955.5441 386.80884
1853.9269 1713.817
125.9 1336.4333
1345.0891 1507.7921
1906.7747 1696.986
223.04918 1082.7869
1155.6704 529.9205
114.989365 1336.0745
745.3095 1312.1508
955.17145 1661.5286
1861.5 1249.7273
493.0182 1892.1818
1588.55 1494.85
1994.4517 1942.4436
1145.1777 521.5926
844.90247 844.0
330.9684 1324.8422
1655.1559 1438.513
1520.0 1270.0
302.75372 1857.6194
492.33594 1408.3516
1073.1923 2.3846154
635.9032 1421.8064
719.7547 232.71698
962.87683 1062.2463
90.608696 1891.4348
808.15 887.0
1062.7313 1730.0746
799.3788 639.42426
911.0952 1599.6666
1263.4362 37.32979
450.4222 966.95557
1630.6097 1696.9105
1517.4038 1697.9423
780.31525 1416.5435
1433.1111 1602.0397
1571.1562 1125.75
1165.814 488.51163
1344.3572 1263.8452
1628.5157 1302.8842
1882.9736 1353.7368
1583.1074 1985.698
1073.6836 1499.4368
221.35294 16.088236
161.44954 802.0184
553.9346 233.68224
766.0217 87.12319
85.765305 712.2857
1129.0941 1407.2118
1290.5834 254.91667
1310.3243 14.716216
1294.0 53.793102
1921.6666 1976.1428
793.80615 885.1531
1119.0 528.9646
539.4167 1487.2833
1381.0 1950.9385
1817.8021 1952.4479
1438.9105 252.19513
1502.4286 1583.0204
1450.2609 1422.5869
593.79047 1460.9714
194.32608 1954.7609
1314.2222 161.8254
1673.5428 1762.0857
1440.0555 1391.1805
361.6875 25.010416
162.0 1122.9429
124.69697 440.01514
1958.3818 573.61816
1835.183 1492.1586
1968.4722 1622.0278
1033.0671 12.308724
442.80374 1475.3738
1186.0186 1768.3518
1166.258 1472.3871
568.7345 798.58405
248.22876 394.8693
515.0267 1522.32
1763.0294 1322.9117
1138.5696 1539.8228
762.0952 952.0476
1418.2538 1804.3732
965.6111 1716.3889
1984.4445 1853.963
1269.2142 1156.6428
1555.2699 1375.6984
1761.9833 1693.3
96.758064 1078.9436
1541.0444 1071.0778
1627.075 124.05
137.8481 53.734177
383.16 851.92
1594.6086 1254.7717
219.14285 711.7143
1203.8644 64.57627
1917.8656 1249.0504
202.39622 20.515724
1957.129 1868.4274
602.50635 868.3291
1536.3182 1644.5758
747.4138 829.4138
1573.1624 1432.094
1522.6086 401.0174
540.8571 1610.6428
1986.875 1374.5209
1684.2954 124.431816
270.13416 1039.9025
969.7931 1712.9656
1757.98 115.66
1227.06 1744.12
361.6875 25.010416
258.22137 247.75572
869.0282 1377.5634
40.27966 1182.5677
168.58 83.82667
1517.561 1182.2683
732.75 971.9643
1091.9263 1449.5579
1688.0 28.8
481.2159 1871.5
908.5783 1770.4337
525.5862 1489.3448
295.7395 60.68067
878.03656 104.53658
210.88235 999.7941
1780.2 1456.5085
809.88464 1182.1538
811.91473 1923.4264
1915.3011 1556.0361
234.35294 1273.4559
967.9756 1730.5244
1559.3021 291.66666
1695.6274 1967.0197
135.55933 769.9322
1955.6228 681.5614
1852.42 1480.8
748.3298 768.6383
717.0098 1290.3431
716.4953 369.62616
737.44446 363.5
414.42267 1361.6289
305.25333 54.866665
1654.8729 1400.2119
1621.8723 1210.5745
1571.5 1574.2646
1333.0 1825.8478
736.04315 1903.3165
1007.68115 1772.4928
1960.9487 1424.453
1811.0526 1625.3816
720.4 45.89
1573.1443 1826.2783
840.3488 939.44183
71.53906 63.429688
380.11627 803.5814
1274.2727 1644.509
1662.0769 1020.0154
1489.7925 1500.6604
358.29703 387.37625
1276.8582 1309.8433
1583.9354 1373.7661
1065.5 1478.5
1047.1666 1522.9222
1227.7941 1701.0
1621.8723 1210.5745
272.67856 859.75
1531.025 1981.625
882.4775 1927.5676
1687.4263 1045.4918
890.875 560.625
972.9074 355.0463
80.419754 705.0864
1262.5284 204.58537
999.76666 518.0333
1768.4667 133.8
284.05746 1806.931
1845.1273 1474.8182
1521.674 1785.0217
1943.1237 350.4433
748.757 415.1682
1090.0238 812.6667
424.6148 1925.2
1783.3673 1866.8163
446.04688 1465.5781
1045.7368 157.02632
1063.0 840.3714
122.28205 1576.9487
1841.196 1379.2451
1985.5917 1994.6083
318.3889 290.2014
994.62024 1751.6075
223.7963 1437.8518
799.7805 702.29266
94.8 538.0182
1012.7647 1674.6765
1958.3818 573.61816
1158.1971 1221.1127
518.1132 107.98113
833.75 556.38635
1261.7273 1746.8636
458.6857 1475.6857
1212.5278 1715.4445
1933.9398 412.87952
1196.7341 1910.3418
1891.6818 631.36365
1997.6364 586.3182
434.18604 1210.1628
1729.4242 144.24243
623.43335 426.16666
1733.093 1423.3489
241.59375 1452.8906
958.58826 197.7255
1827.64 1843.04
1247.125 1662.1354
1616.2549 1541.9803
31.108696 864.23914
740.47144 1850.8429
1826.4022 123.891304
1356.1511 95.81977
1312.4186 1854.3256
1187.898 1312.0408
1106.0 833.97675
1514.125 1987.425
981.91174 96.088234
1731.5471 1304.8868
1688.6626 1175.6989
1943.8422 269.86316
74.708336 292.41666
1911.5 910.8125
402.9655 311.68967
604.0851 1600.8937
40.796295 921.4815
1739.7858 1927.4286
1958.0869 757.6087
569.54346 1029.3478
1904.51 906.68
861.2586 722.0431
1579.6865 1515.0374
719.8 1259.2545
1730.7179 1339.3077
791.8148 599.2593
1631.5614 1278.7894
272.78302 95.65094
1959.4711 586.95044
298.42856 49.2
696.95575 1669.0
1538.7815 279.85715
616.44 918.08
1266.1 1981.175
660.25 435.66666
1215.4286 1911.3334
1773.5322 920.7258
826.386 1866.1404
726.7945 1234.863
1798.9841 1748.9207
1501.686 1332.407
764.8889 647.8765
1981.3646 1917.757
964.03314 1074.7285
902.9839 6.693548
1219.5309 1485.0123
1490.381 1632.517
82.93284 1774.2538
137.04167 1725.3889
107.21429 659.5
1053.24 1036.4933
178.78432 1624.9412
848.5192 1018.38464
98.96667 116.46667
999.0476 1529.9286
1411.3158 1955.3384
515.0267 1522.32
148.76 1655.2
149.4151 45.490566
359.33914 1237.6
1781.5217 1376.8695
253.02684 927.255
784.9259 1736.7778
136.63637 1609.25
1341.7812 221.9375
902.4659 836.61365
631.5098 1333.6078
32.375 1124.125
1774.809 1657.6742
221.4663 1259.8651
1415.396 1093.6732
1977.069 1618.1034
478.03677 65.338234
798.4423 1138.9038
1694.9054 1491.2162
1762.0421 1375.0
92.65958 204.29787
915.1791 61.865673
528.92426 223.40909
1004.4539 287.70212
698.72546 1144.5588
198.771 1939.229
1775.9783 1505.7391
266.7935 970.68475
617.22626 866.7591
1943.0 1528.2053
80.951385 1979.993
1846.909 1594.4546
745.3485 1193.909
843.96204 769.05066
1577.7241 1228.4138
1942.2406 1299.4812
60.977066 1331.1697
107.21429 659.5
72.5 523.0
1506.5691 173.92683
66.97647 1895.0
1242.2954 1979.2046
1276.4667 1600.0286
1831.0 1585.0
638.9624 506.8045
1901.9785 1406.3656
792.7732 1822.0515
1772.5896 1069.4478
1374.9 1090.9667
1.2592592 167.37038
1616.9508 246.14754
941.07275 1996.5272
613.625 504.5
133.06897 1328.9138
979.4286 1723.4108
1579.4265 322.36765
1910.1578 549.7632
827.0755 1289.1132
274.43616 3.6170213
1737.3158 1495.6228
1264.7212 62.009617
1082.2307 1233.8539
1907.0333 1451.211
1796.7637 1834.5272
1856.8793 1926.2931
714.5333 520.6667
293.50412 1812.9669
1685.0781 1118.1719
80.419754 705.0864
1311.6666 383.25397
1242.8064 1270.3226
1326.8334 1748.2
984.8889 1866.2963
1533.1904 1207.9524
829.0 523.0
879.2909 715.7455
1709.6 1527.4375
625.56024 1459.6989
1021.7661 245.98387
1615.25 56.120968
1908.3895 604.0526
1592.8323 1485.0359
675.2 602.12726
348.32407 1067.8889
1346.4363 1281.5441
723.5733 444.34668
1739.4814 917.1111
749.4259 778.2963
1924.584 303.23358
1905.6375 1997.2875
1116.4375 1478.7812
127.83158 1475.7684
1148.4531 1746.7656
1520.7612 1317.194
39.623657 149.1828
606.5316 1447.6075
690.4474 167.32895
266.98065 623.7742
529.73395 1482.422
1846.174 659.28986
1652.8319 1581.6549
1783.262 1726.262
78.35211 1046.3802
222.85257 1118.6475
753.6667 1796.2593
308.83157 1255.5579
1238.129 42.35484
735.9053 251.9
33.814816 466.51852
1764.9822 941.875
768.69165 659.425
300.53934 1167.2809
1645.5338 341.78195
1802.7593 8.268518
1055.5385 449.79807
1332.2812 99.859375
1610.1687 1474.3976
1069.3334 1534.9867
924.4211 1989.6666
1422.9529 1748.6698
276.40506 1106.2405
1742.44 1355.76
98.96667 116.46667
799.6857 1998.3429
1266.9025 1973.8292
719.8 1259.2545
243.68613 824.9197
979.4286 1723.4108
378.27274 1193.1879
1131.3103 1763.0
1524.1096 356.0274
777.4872 671.97437
1802.1489 207.92198
1533.5288 316.22116
1732.1045 1397.1642
1489.6133 1511.0533
198.87302 905.0635
1782.2727 486.5091
509.7027 1047.081
142.45361 4.8350515
1772.125 647.0289
1713.7589 367.375
941.07275 1996.5272
1317.619 29.261906
673.32306 1363.9539
771.2 991.5273
1521.9604 1077.2178
1792.589 1998.0273
311.26666 1842.5487
809.72046 1889.57
1280.925 1254.05
1827.299 1545.2474
1848.4359 1717.5385
1232.4143 1799.3857
1440.0555 1391.1805
528.7012 143.31035
945.4643 369.9643
644.0536 899.9464
930.3421 1266.3948
1568.2656 407.85938
1705.9231 1346.3654
506.58066 139.33333
1848.4359 1717.5385
721.7143 395.66666
666.2174 435.0435
1937.7391 1998.7826
1775.9783 1505.7391
253.30656 1091.8613
719.8 1259.2545
1280.909 236.05455
1543.5736 1470.814
1950.885 896.91956
61.11111 237.74074
40.372093 998.32556
259.77026 991.0541
434.013 1486.5195
945.4643 369.9643
930.3421 1266.3948
1967.1733 1820.92
355.01205 886.0
1550.2858 1307.0
335.80246 869.8025
1110.0862 1388.1034
258.58273 780.9065
1246.2273 230.31818
1614.9333 1583.0444
639.2905 1737.5642
103.918365 42.540817
1397.6566 1867.5555
1740.4 1364.2667
1774.5114 1805.0568
1076.8505 1583.8878
1549.6381 1069.0
559.71875 464.84375
494.0 1464.641
501.73972 488.26028
824.0182 752.2182
846.74286 1828.3715
182.35294 1550.5098
144.6646 506.1677
1850.2687 1462.9552
74.14286 906.6071
29.720589 1478.6617
651.2 942.28
1592.8323 1485.0359
160.43939 147.15152
97.072914 1366.6615
356.22726 1398.1666
1098.5625 1243.7709
1502.7812 1954.8594
165.33028 1427.1652
938.22296 1272.2567
525.38464 334.65384
1937.6154 655.6923
828.0215 438.21506
588.1667 960.36273
1928.7292 1304.7845
122.73684 1328.7894
1291.1318 1574.6263
144.51546 1980.9381
613.5638 1568.1276
1189.5664 871.38055
281.88333 1169.1833
1904.0342 1476.6666
1997.1 1320.425
1375.0322 542.871
1430.375 1426.5
1332.5927 569.4074
197.48148 1574.037
342.85107 1373.7446
512.47107 938.73553
1717.7164 97.522385
94.589745 521.0
1826.4022 123.891304
316.1905 1275.1224
483.875 1020.09375
1758.8276 1477.1034
259.01053 285.94736
1180.0702 1454.0526
1770.0646 1758.4517
174.3865 1634.0061
1758.3478 1964.3914
1405.9012 544.7778
1215.6974 212.39473
581.31885 1026.5217
1234.0154 1307.3077
1756.0952 713.4286
496.30457 971.401
1589.7646 1930.9117
894.791 265.2985
1147.0283 1233.085
578.8868 440.50943
622.163 809.1087
248.22876 394.8693
1516.3387 1789.758
1907.624 534.797
178.78432 1624.9412
1244.419 1557.6892
1926.0507 531.0
1702.2549 1362.4608
1360.5326 62.22826
263.77274 1035.7273
1442.4736 229.82707
773.6667 386.5
616.1406 793.2969
1818.2192 719.886
1531.4884 1596.6395
1438.7142 1560.381
942.2711 1321.1156
168.40869 1985.1217
1731.0 1316.5927
318.50696 308.3264
433.81506 1228.6506
744.83594 932.0781
245.81967 1112.1476
787.25 1382.5938
1702.9083 1445.4917
1796.7637 1834.5272
1136.1731 60.846153
1588.55 1494.85
800.95386 900.55383
1143.3182 1989.841
389.1207 11.551724
76.844444 1955.3
1855.9783 1312.5435
1005.42426 112.98485
1129.2195 1181.878
366.6695 1729.2543
1294.225 301.725
1638.5226 49.612614
1545.9883 81.96471
1226.5454 1555.5845
473.39395 304.57574
178.52222 1245.3556
582.5686 656.2843
1783.75 983.9167
1797.2935 1556.8478
1697.9286 1395.4524
1831.0 1585.0
1458.9143 1971.6857
2.3076923 1693.8846
167.76 107.4
636.1852 856.35187
1030.054 412.61765
1840.6129 484.51614
1949.8148 1197.1704
856.4167 1292.7084
47.32787 365.4754
991.8372 439.91473
1769.0851 1099.7092
253.2907 1100.6395
1780.7733 656.49335
1131.0 1124.8281
200.77403 995.0336
1240.7693 18.692308
1695.6274 1967.0197
502.79013 1780.9877
1486.3972 1607.9315
310.39395 404.51514
133.32124 1110.5284
719.9695 409.54962
1820.4348 493.08694
558.3889 958.5238
557.7027 1342.0
527.2308 1784.5865
412.10843 1686.1205
1942.0729 727.2708
96.208336 1707.2916
889.0455 621.8485
585.4215 432.9504
1667.0864 223.44444
351.51456 1030.9902
1472.2241 1639.3276
302.75372 1857.6194
26.544304 1581.962
136.33824 1260.4706
1804.3539 1408.3846
1818.2192 719.886
1362.027 150.37837
1025.8889 438.2549
1395.4576 1549.5763
42.105263 1445.7894
1695.6945 1374.3611
901.6866 1979.0149
1130.1515 338.95456
1974.0803 1543.9017
1773.3636 519.1818
1984.9631 1270.5092
997.85333 533.72
1872.0176 1598.1228
1140.3977 1297.1136
603.3333 811.7619
724.38464 940.1539
829.08826 1167.5294
879.4013 1958.8816
962.0 351.94287
525.5862 1489.3448
414.16 1928.16
181.22978 838.54895
1049.3406 1486.0435
1982.6279 1847.5349
879.9818 1676.7455
1206.5151 1764.7878
1948.9785 688.3441
1797.3036 1740.1786
909.9583 1467.7639
675.28204 922.88464
1423.6177 1292.3162
270.13416 1039.9025
1304.1538 1785.9231
140.26761 1247.6902
443.69232 798.28204
659.91113 605.5333
1442.339 1554.8136
698.72546 1144.5588
1815.168 1482.023
814.08655 284.2404
581.74 1650.56
1486.806 1565.5374
95.0 1859.0244
769.5946 563.0541
676.9895 1738.1685
1347.2 1868.4857
361.6875 25.010416
982.86206 1682.6207
483.875 1020.09375
1187.5585 1257.4286
205.425 58.875
1312.4186 1854.3256
754.4415 711.4156
1786.5471 1427.6163
539.6829 354.41464
773.47473 1125.7474
1751.8864 1352.6136
1983.3273 604.41815
1868.1172 1901.7656
1636.037 1517.2716
771.2 991.5273
934.36066 1369.4426
964.57324 1569.4905
283.30356 330.3125
1086.7664 1946.9159
1879.2667 1701.32
241.539 1184.3829
1610.6285 2.6714287
738.381 162.0
663.05554 1395.1111
488.66293 298.41013
888.7465 193.23041
744.2286 802.4286
584.9314 1463.1471
1615.1235 1643.7303
1754.0667 1088.4963
1994.0728 1820.7
1112.0416 1467.1528
1092.8928 1355.619
440.86917 1273.1589
1685.3917 735.875
1356.3474 1688.979
761.8823 885.64703
670.31915 806.43616
233.50829 38.21547
356.0 293.29166
1827.3539 163.98462
1939.4872 583.5897
304.54544 67.242424
755.6229 1932.5574
1221.9375 1204.5972
701.98505 825.07465
1155.409 1128.5758
1439.3422 1429.9078
1695.6274 1967.0197
1181.54 1099.33
1780.6273 1169.2273
1841.8948 1990.6578
1209.1428 1165.3507
1943.3889 750.6667
593.0816 116.06802
740.717 759.5472
1495.1404 1412.3246
1692.45 1765.925
198.87302 905.0635
1473.5613 1862.5408
296.33334 313.33334
46.16402 800.5238
613.38776 1593.8572
397.45132 1892.6903
1110.6805 1457.6945
1398.416 1081.76
1742.7755 1516.3265
1073.5845 34.44156
1526.4529 1970.5754
1688.1724 249.93103
32.153847 1869.0769
1098.5702 871.6316
1985.5116 962.8023
1333.4736 1079.3834
1034.8182 1514.0303
481.81818 1435.2727
1827.3539 163.98462
1347.0165 544.3802
1132.5952 1106.4048
1772.9166 1470.1666
530.2381 1315.0952
842.6064 947.55316
1448.0555 61.22222
532.5765 1005.0941
1249.7916 1534.0416
1346.475 1832.75
120.46847 882.8829
854.48114 1223.7925
1130.046 1301.977
1472.6823 1597.729
61.44144 311.95496
1098.6407 1804.5729
1034.8182 1514.0303
1571.5 1574.2646
1538.991 816.4054
808.32 896.0133
422.48914 940.2283
1329.0555 272.0
1335.3 226.53334
301.28244 1704.2672
60.977066 1331.1697
1814.7377 1770.2458
1609.188 1995.1204
1019.12195 1296.317
1090.3422 1839.6492
859.9902 854.58826
1049.4445 1372.4506
37.807228 379.3253
1990.9608 913.6863
130.875 1812.7916
674.14874 1600.5372
911.9005 1306.9104
745.3485 1193.909
# COVID_SAMPLE_19_ROI_2
1489.6165 219.87671
1882.0 258.04166
1050.4736 1382.2106
1953.6492 1449.3684
765.55554 1518.7222
291.33594 1262.5156
1173.2106 5.868421
1218.0 1248.5625
1920.2241 563.2069
590.5156 1267.5625
949.71234 39.739727
79.66907 1373.4965
1230.34 1299.82
220.61702 475.82977
1126.24 296.42
1500.2649 1135.5166
274.72726 372.36365
1848.8448 823.0172
72.02778 1855.6805
1268.2632 1016.8684
1962.8706 925.5765
1947.1694 1873.0677
1876.0857 1390.0
1239.3677 946.80884
647.2976 391.84525
1408.9166 550.9167
648.76117 357.2985
1810.4755 1507.3771
1256.2958 1161.4578
936.9872 294.76923
987.481 1658.5063
1922.2903 1883.4517
256.30554 153.30556
981.7083 761.0
1673.7379 116.52427
1452.6842 692.3158
1428.248 1014.632
1634.5 184.76086
1447.65 1671.6
825.7273 1153.2273
237.59723 1673.7778
146.26733 1750.703
882.5645 527.0161
1692.3418 162.3038
742.7826 311.07245
1266.5238 825.4762
1416.2 195.0
566.2045 271.13635
1003.75 340.15
1339.2051 1493.641
132.23611 60.23611
1789.3739 790.7739
8.446281 1336.8016
796.9787 299.70212
1394.9584 124.361115
1052.1688 54.20779
827.4681 1558.7128
1799.0 1759.9412
1160.1404 892.4211
1671.0315 1180.9685
1024.7717 361.26086
1778.0447 685.6964
212.92929 144.9596
78.106384 608.0213
1955.1846 576.2
1241.2222 1528.3148
1902.4651 1712.9302
549.0495 1441.4357
908.94116 935.7353
729.32 1991.94
698.1667 381.29166
280.85367 1127.9756
1023.13794 1784.2587
1930.909 1774.303
1523.0288 1189.2307
1994.6025 189.1282
723.75 1078.8943
1405.8 213.46666
134.5 1811.4546
43.175 319.775
1584.4166 1754.8472
1864.1364 1242.25
1692.3418 162.3038
1063.6471 334.29413
1024.3237 220.90648
1361.238 525.54285
454.85715 177.62857
1595.9767 1149.9884
1764.7587 1197.2241
1515.093 1185.2559
1258.8267 1416.7067
286.88635 1636.2046
1991.5814 1387.3721
1216.4833 646.25
1964.0435 258.86957
1337.6578 27.052631
1892.6428 1386.9642
1882.3864 1312.1136
1243.1918 9.150685
247.72728 1929.0682
786.7381 1419.9524
369.52942 1033.2354
1943.4308 713.26154
285.5909 515.6591
157.7094 1219.9316
68.05747 1445.1494
1638.9302 1668.9535
280.09195 484.05746
194.80952 1483.2858
1180.3392 176.65178
849.13684 562.38947
298.2381 135.31746
1723.7283 1768.5
1695.0769 1246.75
1200.9277 177.22891
1791.8673 1752.7858
866.25 177.41667
1058.475 364.275
1364.4354 647.371
1871.4681 880.78723
608.63416 1389.3049
1119.6119 28.925373
974.5 322.29413
1361.5264 168.3421
454.9138 1523.1293
1873.9215 1220.2549
624.1429 1474.6666
1919.7778 442.04443
381.5357 1471.4286
1536.2667 1355.289
577.25714 614.4857
972.125 345.3625
567.7917 359.4896
1089.65 919.5375
378.59525 1419.119
1375.1299 727.1558
1963.2084 171.29167
1093.4744 1948.3077
1094.9661 158.38983
891.2558 825.02325
1079.6857 299.82858
1353.3721 1125.4302
1283.6239 185.80342
634.163 1409.3152
308.32 1483.79
611.28815 1416.7288
1179.7167 1598.6167
521.7568 1381.4595
1750.8193 1121.7831
320.83783 510.02704
1733.3188 810.95654
1001.6875 1348.6666
1192.7916 939.0833
875.1593 963.63715
1385.9296 1095.3802
1476.8088 1247.1912
1031.5325 1437.5454
1172.5 1010.0909
364.32877 1529.1506
1021.3137 1729.0392
1292.4673 1303.4019
1370.3466 266.77228
1300.54 258.24
1314.2054 588.1096
1819.1765 804.8677
1143.9524 1859.381
1290.0 660.5526
680.17145 1871.6857
1565.551 1164.1428
1318.9467 1328.56
1727.4 1797.74
1677.875 1252.2291
775.75 1868.0358
1308.5632 1396.7587
1272.7567 943.1892
1409.3478 1256.1305
1576.9434 698.717
1457.6038 1189.5189
1358.52 1134.5867
1017.4697 142.80302
1685.5294 1329.7765
1350.5139 1534.8611
1342.7705 126.62295
336.78946 245.13158
369.0 1523.8334
380.1316 1715.9342
1933.0476 433.09525
1011.4 1348.1714
1489.4045 1183.7191
172.54839 1510.3978
351.47794 567.02203
712.7344 338.89062
144.04347 1801.0435
534.3514 1462.7028
585.06665 1395.6444
311.344 1197.184
1459.2916 22.0
260.5164 1643.7131
1487.2821 694.35895
914.32434 182.24324
617.7717 816.7717
1283.9333 676.2
733.1177 1962.3823
1178.2368 439.60526
746.85455 416.05453
964.2273 148.36363
446.75 1411.95
1033.1395 847.3488
734.7125 1282.95
192.03847 1142.9231
1202.0349 1653.0116
291.33594 1262.5156
811.44446 4.0666666
75.61017 993.05084
1098.376 863.08
997.95715 113.01428
1473.9242 1297.1364
442.26785 1090.2858
1692.3418 162.3038
1921.7142 1454.9286
863.2647 519.9044
1477.4474 682.8947
443.81158 970.68115
1872.2234 1278.4894
195.625 260.65625
538.5517 954.34485
810.13635 1443.8182
749.7143 404.7857
558.5455 815.0909
1856.4182 209.2
1221.3 691.56665
1781.8112 757.45557
257.6129 1926.5807
1502.36 1280.76
199.4125 165.85
847.65717 1408.8857
269.47058 1658.6471
1760.301 1235.4946
1397.1072 273.89285
1085.8125 228.02083
894.8333 1334.7565
1016.4842 1716.6316
477.95834 1392.4584
280.0303 1235.1212
377.63416 130.0
1301.6902 1615.7183
1116.8918 1673.2297
1870.0344 1683.5862
1573.3529 173.07843
1444.7046 1180.3864
1727.4 1797.74
837.1485 1107.0198
1110.2333 966.1556
1823.5834 1133.3334
1890.4712 1452.9327
1517.9043 1173.9827
333.41025 587.5128
1062.0227 960.9545
484.68967 741.10345
1507.0526 1471.5526
261.1905 1940.9365
809.89154 1157.9036
1535.8148 1395.5555
1895.8636 1336.0454
1369.5698 501.83722
227.82666 1759.8
1097.8269 519.53845
1590.7727 840.3939
813.1515 381.69696
1428.1182 1094.5182
890.65625 914.3281
626.1695 1883.8306
1762.3247 1177.7792
1117.5283 163.24529
1886.3684 1463.7368
1265.1034 199.66667
1647.0486 1720.6602
102.202705 1987.1757
1340.1777 842.8778
705.9559 746.6323
145.10345 482.5862
1337.6578 27.052631
384.8243 1953.3379
1296.8055 186.94444
1129.052 1506.5195
369.55884 935.9314
1712.7764 1151.5922
215.72464 559.5942
1354.213 627.9763
1246.6329 1946.7975
229.38597 1313.5438
173.30252 1042.0504
841.5714 653.2286
1799.186 1182.4884
1074.5 1913.1177
1462.4783 1169.0869
805.5849 694.8679
1143.2122 1548.7273
28.797873 22.914894
7.8333335 1453.8
191.89796 1394.5918
608.5455 875.6591
1676.9517 1200.9193
668.12823 524.10254
1755.1702 1193.7021
219.2745 1032.3137
69.63158 1465.7106
243.98592 1402.0564
948.44305 734.1519
1038.0275 116.72477
1290.4375 30.3625
1250.125 806.5156
1092.5156 1959.0469
1930.6923 469.96155
822.8421 982.0921
1246.7587 773.63794
1339.2051 1493.641
1435.9524 1250.3096
148.36363 263.5974
684.56 966.4667
851.9748 1698.8992
718.9067 1101.12
1533.576 1867.6414
1495.8148 1191.679
993.32 213.24
1444.7046 1180.3864
1409.3478 1256.1305
1184.3334 886.6786
959.6071 162.17857
1384.6666 1486.4242
744.0732 28.341463
1478.0605 1353.5151
719.9107 1167.4108
1855.3356 1392.5616
1968.1146 716.21875
878.9828 242.24138
653.1875 1232.9166
661.51514 1199.3334
1074.5714 835.88574
756.8372 606.2558
1089.4423 484.40384
1342.7705 126.62295
1491.5111 639.3333
336.31506 537.9726
137.025 1696.175
1590.2972 877.5405
1474.5333 1358.1888
662.42645 213.55882
1300.0919 1746.5403
1667.7922 1191.5065
653.1875 1232.9166
531.84784 1435.5
1179.184 1634.3448
275.2388 1109.8507
1042.3143 133.4
1902.9231 1320.9615
1315.7084 750.2083
1484.5217 723.0761
1102.3387 1765.629
68.92308 612.0427
209.07692 518.9487
369.55884 935.9314
33.984375 643.23956
1201.1957 1636.0
1443.1777 1239.1777
404.84482 1078.6897
1017.6 55.5
1738.4667 1135.64
849.13684 562.38947
440.42307 905.52563
1277.2717 1215.6414
978.7561 932.4878
632.4701 648.6923
1611.9688 704.0625
865.60315 968.0
1029.4932 1819.3972
604.63715 797.02655
890.19165 299.54166
311.5 1314.3276
1861.0 1163.5
711.9259 1491.5555
1510.5454 1213.9318
830.13434 533.7015
1325.2715 1255.1
879.9 925.2
1513.5 118.0
430.45456 1198.909
894.72095 1932.0698
1403.8667 91.933334
888.3333 887.0196
602.6937 284.5125
119.38095 632.4286
1155.5729 1335.1354
1495.3948 1748.7632
615.625 232.65625
1737.748 1727.977
422.64285 1960.6428
822.93616 1987.0745
540.71875 745.28125
1009.925 98.2
1121.9464 1067.9464
898.6923 1938.3077
110.152176 489.86957
1066.2029 739.10144
1318.7325 198.77907
1983.7122 799.3333
884.31915 1968.4788
1397.9073 73.42593
1346.7344 1496.4219
582.65625 679.78125
1407.949 1066.4796
870.6842 1290.3158
1283.6239 185.80342
1786.48 1640.1466
458.81082 650.32434
1651.2559 741.18604
1463.8695 1138.9565
363.30768 1094.7565
1520.9445 25.944445
1965.1 269.06
1964.6522 159.34782
1487.1223 1161.1007
794.2727 1282.7273
1528.4062 3.0625
733.1177 1962.3823
504.75674 1199.4324
1920.2954 1585.9318
1499.2533 1225.6133
198.67741 1728.871
1901.8649 1164.9865
1755.1702 1193.7021
1298.246 71.690475
1273.2673 674.20795
1452.4138 733.0172
231.38513 1251.8041
1115.0 1750.7646
1933.1058 1282.5764
1325.6777 735.24445
1394.5 1028.1177
1067.2958 167.39436
1436.398 1109.0613
1910.6364 1239.25
618.1159 1194.0258
1745.7709 1161.25
861.1277 1973.6277
2.088889 1885.4
760.7957 1276.4086
1835.6134 1345.8488
1746.57 1181.3871
937.89655 167.13792
517.12726 707.12726
1871.1013 1327.1772
1706.1177 754.2206
218.3 203.21666
39.854168 1472.9375
1938.3636 1764.0303
1102.4615 1509.0989
1844.629 1181.0322
173.63333 1853.6666
274.2381 1626.5619
1323.9615 592.5769
1597.8441 839.37665
1502.8055 1837.4445
1184.4474 726.7368
114.577774 1689.9111
1865.0149 1284.1493
1776.4517 1150.043
191.89796 1394.5918
642.55316 233.70213
750.2692 1958.5769
319.46808 544.0
1219.8246 8.122807
124.09524 1329.6349
1346.4615 810.79486
571.8468 1898.0161
227.23364 196.49533
1991.1323 1378.6912
359.12036 1222.0555
1802.5851 1462.6383
715.65 345.6
811.3261 376.8913
1962.5981 734.8879
767.45715 328.87143
1432.25 1085.7764
1976.96 261.77335
1040.7742 1347.5483
1885.0 748.3617
937.1964 423.35715
1337.9078 653.5132
1733.275 1108.725
1904.9451 1233.7913
1279.7941 978.4706
1407.4348 275.63043
1928.258 1339.2742
615.2545 256.32727
749.38574 989.2143
1231.1471 1419.7354
1196.5157 208.21053
1686.7462 798.7313
1639.8704 962.94446
1935.7 237.21666
540.0377 965.15094
918.2432 1062.027
1193.3457 466.76544
1954.0845 166.5493
952.3043 261.97827
1471.2745 1188.7646
1378.3784 1115.2162
1885.0 245.63792
272.42105 1476.5088
1750.3766 695.0
488.5634 958.4648
1156.317 1317.683
1805.339 805.05084
1541.2593 1863.3334
921.84485 757.7586
1810.828 1299.9678
250.7541 1471.6229
1935.0322 1387.7742
1994.9744 1941.6282
280.09433 472.0613
1223.3286 628.8571
1381.1285 274.14285
1493.44 1127.38
1739.3385 1294.0923
1981.3016 1408.619
143.26471 1103.4706
413.87692 1291.877
875.1593 963.63715
1184.4474 726.7368
1222.9108 1041.6608
742.1746 337.14285
1692.3418 162.3038
1346.0377 1464.6604
844.67645 326.67648
289.08218 148.21918
825.7273 1153.2273
369.89215 1308.4117
750.4789 1982.0564
205.15254 1496.1356
1848.4324 210.37837
143.46666 408.46667
1050.5682 416.95456
812.4151 222.54716
842.51514 1194.3334
1671.0 918.75
1579.4166 179.29167
909.9439 1050.7944
1388.3898 501.339
1319.4656 729.0517
590.8261 1305.9131
840.64105 661.2308
346.67743 933.871
1760.301 1235.4946
1577.3695 775.5
966.0833 349.92856
1128.9231 1306.4615
1394.5 1028.1177
1595.9902 147.15686
1771.4131 1308.5869
1276.5286 1568.7858
1745.7709 1161.25
264.25455 565.6727
1118.1123 753.87756
1088.2869 930.7597
1442.0333 772.2222
1293.3846 589.2154
1383.38 638.62
813.1515 381.69696
1143.8889 786.1111
1234.2727 1400.3182
1429.5686 575.35297
955.76 675.62665
952.5185 190.11111
930.03174 946.79364
1271.123 1000.5231
212.92929 144.9596
512.10736 1409.8136
1087.2106 1831.2421
1586.2295 1180.6229
74.35714 78.64286
1351.164 1100.8197
1639.25 741.875
1911.3334 1186.4231
199.46269 1131.7164
1287.7273 732.0
260.5164 1643.7131
239.96 1262.6
1438.5209 566.8958
1910.2222 326.24445
1163.9231 332.8154
1397.9073 73.42593
1522.5 1410.4546
1070.7872 1828.8298
1191.2874 115.574715
1891.9333 748.8222
1484.4679 1269.6881
555.36664 228.36667
1495.3948 1748.7632
1777.6923 1312.0769
1313.4482 1625.7587
400.65256 273.50848
1921.3334 759.0185
1199.7667 1541.6666
634.2162 352.7973
205.04762 223.7619
44.730434 1012.7478
1646.3253 1188.6024
1249.1852 1184.0555
914.2195 265.36584
718.9067 1101.12
889.8214 1374.7411
1418.1333 1323.4
455.76315 1232.5526
150.1923 407.0
741.9524 1021.4762
1599.4348 889.56525
108.57143 1458.0238
1289.7435 1230.5043
1050.6034 1950.7931
1459.2297 1839.8243
607.2473 670.2258
460.7586 745.5862
1845.6415 1468.7736
1859.339 1754.0509
1200.6962 1643.5696
143.46666 408.46667
1274.4688 461.5625
51.854168 966.5208
639.14813 1875.4445
1877.091 290.95456
1524.4656 1251.4656
1659.8723 144.91489
1174.4814 1515.8643
1476.8088 1247.1912
962.5 703.8611
544.0 951.3461
351.01666 929.36664
1396.6177 1216.5
1616.7931 1702.681
256.33334 111.40476
450.20535 763.3571
292.13925 1491.8102
1235.3247 314.67532
1060.48 1895.28
423.88608 1417.8987
1363.2136 1040.2621
1280.3478 973.4783
1963.54 316.66
1458.1111 971.5185
664.0175 1295.9122
1442.1163 588.3023
433.14517 208.70967
1748.4595 1407.4324
970.30554 881.3333
1727.2188 692.5
1027.5663 99.554214
1073.8942 1796.6235
13.561225 1121.5103
557.5 1485.05
1914.2626 1668.4646
62.609524 514.89526
603.34283 270.82858
1864.6842 1493.2894
533.8175 240.53285
921.9241 1707.0127
254.58333 1685.6875
1270.6179 832.14606
231.47458 451.27118
1749.8182 1330.6545
432.0 138.05263
155.06741 1171.9888
1407.4348 275.63043
1473.1752 1255.1387
1016.0357 361.80356
952.13416 278.04877
1420.0176 978.1404
996.72174 1672.6522
1746.57 1181.3871
37.033333 521.63336
1495.8148 1191.679
916.7342 259.50632
144.41026 1812.4103
673.02 212.68
1082.9438 831.44946
1515.8235 1813.7059
1632.9354 890.5806
276.11765 1092.2941
1527.9487 1506.9231
1458.9166 51.5
1246.6786 1413.7142
389.21738 1080.2826
1355.1904 24.396826
1375.1299 727.1558
1396.9445 92.94444
876.69794 1926.625
191.33653 1549.0481
832.3197 1631.5082
1174.0513 790.44446
809.5 671.08105
1244.5834 104.916664
1958.7273 388.76364
966.32306 295.43076
1723.4529 858.43396
1584.3077 161.71153
151.80952 1492.9524
948.44305 734.1519
775.6292 1874.4944
182.20619 1792.7526
1994.4474 534.7982
262.0 1605.0
108.10833 630.81665
1021.54236 1363.1356
999.1111 903.5
246.17894 1486.9158
709.46375 1308.7391
1406.5625 748.09375
1285.8 149.34737
1257.8462 1436.4066
1846.4222 12.488889
583.33594 251.57031
1349.8068 30.352272
1801.6842 1319.7158
954.3016 1326.6984
1519.44 797.2
1367.563 1222.2354
1212.7407 398.33334
1147.849 397.80188
864.62714 254.22034
744.40625 1871.6875
1081.2 1762.5764
1892.3457 287.65433
949.0238 1314.3651
320.94232 1272.9423
1286.7097 1506.129
588.37646 1880.4117
1432.3055 26.38889
1418.6522 850.971
388.04227 586.94366
1921.0526 1714.921
843.83514 1572.7583
887.73334 1385.9667
1088.2869 930.7597
1087.4 521.175
1090.129 34.774193
1902.4642 1271.0
541.0 1402.7188
194.87692 1827.3231
1765.711 62.866665
1101.1075 962.7957
906.19855 1253.8529
336.78946 245.13158
268.6579 1887.079
1042.3143 133.4
1899.9016 901.4754
442.98245 1465.6492
83.13793 1437.3793
1120.4712 969.6731
1974.1091 1794.2727
104.37838 893.97296
1355.8518 1997.9259
250.17392 1605.3043
1499.6907 1250.8557
1172.9459 989.56757
1091.5 1979.5
1620.8864 731.5455
881.4286 252.33766
1944.1 1132.92
1764.7587 1197.2241
1769.3673 1555.1632
162.14815 1308.7778
1299.6586 51.780487
978.96295 113.74074
1528.3636 131.62122
354.5484 1444.6774
161.56363 1529.2909
1493.5193 1257.2115
144.08434 1010.91565
1254.3334 1224.3529
815.5 528.5
251.15218 1257.7065
1942.3062 323.2245
1172.0 275.6389
326.0909 1327.7576
1018.11536 1709.5
1762.3247 1177.7792
785.0357 713.82855
52.0 309.67743
1967.5734 405.37332
755.9663 1291.1011
590.0137 1298.6301
1824.6154 762.4039
1367.7858 1274.4183
572.28357 1564.0896
1554.1471 103.48039
831.0625 1015.15625
436.55087 1770.786
1939.7177 1448.1412
1345.4 715.0
1540.2958 67.33803
43.054546 1439.4546
929.61536 1991.2616
593.79486 670.5128
1180.1384 906.9077
85.55556 1430.7778
708.08 1397.16
750.8158 1095.0526
1978.4857 880.5143
365.1375 1288.825
562.381 181.88095
1864.5714 1436.7858
626.3483 1298.3933
857.85394 720.618
1195.4166 1710.1389
1431.6111 562.7593
1087.7122 789.25757
1389.5 1056.1136
1505.3549 1822.6451
1336.1647 1346.2706
779.03705 1031.463
1657.4546 1792.3706
650.2019 1242.9327
900.8485 1273.5
855.6667 1689.186
863.0 1159.3158
1183.4865 1033.5946
847.1475 295.541
67.196724 427.96722
1811.0 657.04877
1040.4579 844.4699
1267.6415 177.4717
763.012 750.66266
1401.1125 774.3125
1074.7551 1767.2858
735.7143 1994.8572
1873.64 964.96
1478.5897 1921.9872
286.51514 1697.909
414.55173 79.51724
100.55319 1821.8937
1032.7391 190.7971
1652.7455 232.63637
1289.6525 1171.1986
1795.8806 782.76117
1447.7402 1296.1039
256.30554 153.30556
1221.7572 637.97144
1937.9806 1401.3883
# COVID_SAMPLE_14_ROI_2
367.75 1574.4354
1020.75 1762.4305
1715.238 602.73016
1046.4875 1331.6125
197.29167 981.34375
498.94507 1520.4725
1589.1798 30.202248
752.913 954.31885
812.8594 20.71875
240.43362 1507.9823
1310.9722 1044.0
626.7228 980.6634
1307.9296 909.7324
1072.7576 431.1111
1801.0 653.1549
9.653334 1795.2
1610.5625 401.23438
329.8095 161.92064
1661.2858 1271.5918
892.0 870.1389
1954.9661 600.4407
1548.0178 230.70535
306.24243 1542.5354
1316.6825 631.5714
1083.0494 465.44446
329.8095 161.92064
411.8913 90.78261
1030.9062 1443.4531
1692.151 1583.2264
1647.75 263.25
985.7627 1108.1017
464.40625 1510.4531
1029.2297 1661.0135
1258.5294 1818.4117
1405.1305 1115.2174
120.09677 1535.5807
959.825 1299.05
1996.5405 269.6216
487.7073 1494.7317
1320.9186 776.05817
1788.561 879.8171
103.61404 1499.2106
109.82692 1570.1346
1060.5 996.15
92.31707 980.39026
135.36046 138.8372
1942.9697 158.54546
171.15135 1542.6865
1834.7667 11.766666
1990.014 1466.4366
1097.8967 1111.2194
323.2143 795.3214
52.971016 1811.9855
327.7544 806.2105
666.6883 411.85715
1092.6774 932.0323
496.33963 41.103775
1542.1154 628.46155
812.54346 84.434784
915.76715 1619.2466
422.60526 402.57895
1740.5745 1539.7766
644.1573 1401.7303
1513.8317 961.9406
909.6185 544.48456
107.03571 1828.4286
1948.6945 1356.8334
1539.5906 1428.6929
154.2963 551.4259
1175.36 967.88
590.6667 911.63635
717.0476 974.2619
76.87059 1675.9412
1809.1136 953.75
1933.2858 362.07144
589.58 424.72
1065.6621 966.1892
1734.7192 1975.8596
1727.1154 1448.5385
1488.6744 1918.4884
770.0123 46.679012
1126.6666 517.6852
654.1579 413.89474
1733.5625 1188.0625
530.9091 1023.48486
134.82 1906.62
437.25 92.38461
1781.3182 1693.3636
935.4386 566.1404
272.51163 1413.2094
304.84314 1641.1307
62.97059 751.41174
1555.1892 1402.8108
1851.7916 1614.0625
900.93024 1141.2559
451.04477 1096.7164
946.9655 557.37933
672.12195 522.87805
1291.5116 650.6279
239.45294 1074.3765
1583.9404 1016.8333
963.4203 375.94202
1136.8226 705.6613
1726.738 1509.5476
1239.0143 697.2
1413.5245 366.29507
1315.7273 497.84848
1066.9298 702.6316
1679.7142 1332.7778
1531.5385 1314.3334
47.93846 1755.3077
452.47253 694.94507
1583.6301 1759.0411
1826.2354 940.0
947.1 310.95
1453.4337 44.18072
254.05882 980.5
65.33009 741.75726
1671.9513 1867.9071
1281.6329 1757.8607
1231.4828 180.27586
426.51898 758.29114
1442.8733 1158.324
943.7111 1858.1777
1525.6882 761.62366
1669.0 1900.5
1704.7878 1875.5454
412.39603 1458.9109
1266.093 1891.4186
1378.1279 965.23254
1579.262 51.43651
682.1667 25.208334
450.13434 1556.5223
789.5278 38.13889
67.32258 1578.1075
1970.5764 1586.447
800.90247 1591.2683
1045.1875 1955.5625
549.3291 248.17722
294.68 1484.52
1554.091 560.25
1077.069 864.9655
1060.5 996.15
1889.8462 950.46155
305.33334 1393.8611
1070.5122 688.1951
1780.3334 219.875
217.44118 688.44116
1576.275 827.675
945.0789 1674.5
1309.287 1476.5463
1838.238 915.3333
1341.6093 1586.5057
1322.14 1003.02
952.0196 1904.1765
842.98486 45.863636
34.414635 1810.9878
1384.9844 1201.3594
1228.3158 721.4737
980.7714 1650.3715
1975.0883 1636.8235
1515.5667 908.5333
932.9518 153.26506
834.0714 6.404762
1951.0403 11.91129
893.5352 108.11268
1351.8684 1522.2894
969.1795 843.9487
574.8261 1326.3478
1301.3407 1387.8901
77.4881 1277.869
680.7273 660.8571
222.375 836.0
805.8871 34.080647
762.14 58.76
1502.6957 917.4058
1175.7819 863.4545
1236.9683 515.73016
678.5 773.21875
1286.5405 1003.08105
291.9091 819.7273
1350.0278 503.0
752.16473 575.5412
1076.375 1793.125
1547.675 1620.85
830.06757 1783.7028
929.0541 1186.6082
456.55 1494.0167
963.0333 1696.6222
1460.0889 271.94446
589.34 3.34
851.86365 517.7364
607.56976 453.2093
529.3304 954.6339
1075.8422 719.8596
1110.4824 1513.8246
891.1429 1738.8928
1982.8363 280.69092
412.0263 78.98684
237.6207 1342.6552
1643.8334 1830.9
1773.6111 120.388885
841.88135 807.18646
1259.2407 504.73148
1647.1544 1257.5771
1528.5278 1918.4166
1932.0646 1884.9839
1802.56 1927.8
856.561 1747.3414
857.81177 542.1294
412.80597 851.80597
1803.9147 681.1707
1116.8823 250.33333
1897.6562 966.0156
289.0096 406.81732
342.51578 732.02106
137.94048 787.881
1470.289 1190.0889
1618.7937 154.39682
500.5658 823.6053
1886.3334 2.8055556
1284.2113 1347.676
1119.0103 823.18365
1079.0 777.3333
727.7411 5.330357
704.8461 1501.2115
873.24 1070.0
1172.4368 772.65515
1249.475 750.175
1142.6229 1655.6721
599.82 73.94
450.13434 1556.5223
1256.7294 268.97647
1927.5 758.0
120.09677 1535.5807
58.89189 947.6892
759.8421 1682.4386
1872.5614 1756.8596
1828.6735 1154.2041
1040.6633 706.78217
1865.4445 1183.4073
1688.8 1017.14734
685.5263 1461.0702
717.11365 14.363636
1917.0615 966.0
154.52174 340.47827
999.4643 476.01785
173.9661 1715.695
239.81372 1710.5588
1346.321 1255.578
885.6964 182.17857
1126.9474 47.157894
757.8415 1691.8414
1718.8948 1410.6316
1551.1326 799.105
106.68293 1575.2439
1832.4889 864.91113
1144.5927 1959.0741
1883.2063 899.25397
1608.38 993.18
1449.2064 926.7615
783.4557 1647.557
1529.8334 657.7778
1251.1343 1069.3732
1196.8145 670.3196
709.29333 177.44
1933.7925 933.4434
1356.0817 965.2245
1362.6531 278.16327
1510.094 1144.7778
1040.7273 1987.841
254.05882 980.5
831.7586 102.793106
865.7794 81.64706
749.9194 1460.8064
306.6111 1561.1389
25.549295 346.67606
19.886793 1225.717
1625.2424 1921.697
269.21738 1975.3914
1194.6979 801.13544
1028.7028 401.8063
1228.4921 1181.4286
1891.4 258.3125
1150.5 39.333332
475.2 90.10769
1115.8939 1675.3182
293.88608 1822.1013
324.90323 1586.5807
1922.5161 781.4194
1171.5714 821.0
1412.8672 1208.9531
1637.6041 600.9167
1085.0869 1571.3043
403.28262 173.44565
1633.8085 834.6383
709.907 153.55814
1569.1957 510.88043
1670.037 784.9074
134.74 423.36
1553.2319 1989.0145
310.30435 1601.3334
884.66 1684.04
1922.0635 1336.7937
1106.1482 1938.1852
1551.7258 1152.0161
1406.3934 138.62296
470.95834 1475.5416
601.8025 941.2593
1666.32 38.92
615.0769 247.07692
587.32 570.0133
138.14084 61.169014
1735.6809 1761.9149
1759.1786 1879.3392
1837.1897 1082.138
607.4146 593.12195
1549.1984 84.75207
902.56604 1553.8113
684.0952 1297.2
569.21295 1506.8427
709.3762 1308.1188
345.59634 940.66974
586.9457 487.80435
681.3214 1427.25
1083.4 1445.3715
636.71606 981.37036
611.2708 180.54167
1891.375 1665.625
266.9655 1864.1241
284.25806 1408.4839
1297.5264 1756.421
1032.909 613.4318
1121.0714 1372.0714
353.2857 1568.3214
1571.4 438.96
1534.091 625.5273
1110.4824 1513.8246
1635.3462 1693.3462
865.7895 796.2982
673.3538 224.0
1612.4767 1006.2093
680.1616 203.54546
355.36365 1816.3273
1156.9048 1399.3334
94.85714 567.38776
1863.4456 1983.8218
1292.5294 487.35294
1690.2812 1613.8125
947.89746 1194.1025
1686.9514 632.4951
1580.5135 453.43243
805.0 1243.0
1898.7273 1601.3455
1693.8704 29.537037
1610.6991 1052.1062
1188.9014 1627.1831
1190.3253 1035.5181
654.8674 543.6429
177.49057 465.5849
377.27658 698.2766
268.30234 1273.5581
815.3023 1928.0
1906.8937 1797.1063
1099.4062 773.71875
410.0435 71.78261
1401.7333 1804.5466
1510.094 1144.7778
1072.1528 522.1667
335.75674 851.4865
482.0926 1961.1852
1007.94446 369.25
700.03125 189.89062
1157.38 1209.68
1442.8643 1003.9136
279.6 806.58
1937.5281 1915.4382
919.74713 681.13794
35.857143 1073.5238
36.60194 1769.3204
1631.7142 182.11111
189.05556 1067.5333
227.63043 1108.8914
947.3555 30.866667
338.451 205.47058
65.55556 1007.12964
2.26 415.82
1484.5807 1632.2258
292.68967 1586.5948
1092.6538 806.1923
768.45764 56.864407
1050.7693 264.93848
197.12308 1789.123
492.04688 132.34375
954.7045 321.88635
275.76923 975.1923
114.347824 1240.5363
1726.8347 1923.7273
1444.1897 1952.4138
1509.0222 1719.4222
1549.7374 1026.4747
220.0845 1262.5493
660.8116 1437.8116
646.2432 155.5
122.560974 132.56097
450.55554 83.0
1248.9014 1427.0986
881.83905 700.32184
391.7541 936.0
754.5204 1265.3265
1552.7179 1016.61536
1661.0411 1495.7808
1441.5 102.15625
767.47455 1491.305
879.4783 1728.2174
295.41177 967.6667
301.4634 1554.6708
1553.7969 691.0469
45.309525 1797.1428
755.9178 276.8767
839.087 513.86957
1760.7712 1720.2966
804.4241 1962.462
1739.0 1525.2748
1223.963 619.9506
1154.7197 854.98724
1152.4878 1672.683
1100.0988 1760.358
271.30435 830.95654
1266.5062 318.48148
618.5339 928.2288
859.0568 1303.284
1972.2054 1244.5343
1533.4906 966.5849
1263.9722 781.5278
1183.4572 562.3714
753.68054 1667.9028
1214.862 684.4655
1211.375 1428.0
753.0377 1675.9056
1822.965 1427.421
1475.7084 1552.8889
1553.6631 884.31525
1858.0824 1465.2941
1939.4572 287.72858
288.39395 1049.4849
738.6087 1956.9565
1762.8733 1442.8309
1042.5671 161.40298
1783.956 1396.4835
513.18805 467.02563
1257.4108 63.232143
261.0 611.0
1144.8379 1684.5405
909.617 1848.3829
1872.9407 879.20337
1486.697 785.36365
525.55884 1388.7354
1121.368 918.6687
799.02606 582.0522
219.36363 640.3333
1732.1052 1377.2106
1266.5062 318.48148
816.2286 408.05713
1699.9365 1946.6666
55.944443 1728.8334
117.041664 554.5833
1824.2858 1967.0714
1325.1205 1296.2048
136.67326 344.22772
303.58 1581.1
1903.0667 119.066666
774.9733 1087.56
1996.3881 1399.6418
1670.9143 1772.4572
263.24615 1210.6307
239.16364 986.7273
75.5 1936.5
738.6389 1112.0
816.2286 408.05713
1368.3024 1449.3024
1110.4025 903.40247
1120.6548 1684.6802
785.5 1996.6945
490.83694 816.3913
1420.7903 1114.7903
989.55695 320.16455
1622.0215 1337.914
1549.7095 1423.5338
1196.8145 670.3196
533.38354 1413.9589
568.3823 660.7059
799.94116 122.04706
1972.4193 525.5484
1954.9143 1746.9714
126.78261 790.913
1145.2188 1074.5625
558.20514 243.89743
907.22516 1700.9669
972.8936 642.8014
32.925926 336.03705
40.17073 1929.3903
402.9818 1086.4364
182.52 1236.58
292.68967 1586.5948
1372.642 1940.4568
699.84906 1399.0
729.6667 89.791664
778.68134 1638.8682
869.6909 1895.4364
193.08955 585.44775
726.703 949.87274
496.0 1223.3077
1110.5714 848.2143
536.7679 970.625
977.2931 1124.6552
860.42426 19.424242
1121.1072 346.30356
119.421875 66.234375
1183.1356 431.23727
1258.2373 565.7288
1405.1305 1115.2174
969.9778 449.5111
299.2 1628.44
1954.1034 1341.5
1809.1136 953.75
557.9778 928.13336
1930.8613 1078.2178
896.9677 522.0645
232.63492 557.1905
1193.9539 1221.3231
1066.7954 885.1818
1157.075 1667.875
971.3333 507.77194
400.83334 1929.125
1700.3667 1441.75
524.7917 982.9583
1811.25 1513.3334
65.014084 1979.7183
1863.8846 1319.3462
833.8641 49.660194
1639.8438 255.40625
1876.3414 1327.6342
1340.4839 1165.8871
673.35187 1969.3518
1676.9565 1208.3914
1313.5667 305.86667
1407.0227 1364.466
187.6 310.97647
264.32608 1108.2826
738.6087 1956.9565
1797.1456 795.3981
1205.6666 1406.2222
37.214287 1169.4572
729.0 1124.0
1873.5641 1074.4872
724.28845 22.538462
1084.0952 1795.738
1276.305 1356.356
363.84482 1639.638
684.873 650.55554
578.5455 83.78788
1781.8718 660.87177
517.6194 1495.791
1102.8462 650.022
1269.7188 1276.2188
1657.2812 1906.3438
1426.8572 1884.1904
1398.2838 46.756756
1325.0667 750.4857
1116.0294 860.5294
250.26666 1907.7556
1121.368 918.6687
439.2807 1915.4562
1797.5283 1187.2642
1235.7051 1155.2565
709.4839 81.03226
801.05 805.46
926.0 1430.2549
1465.695 1900.9661
455.79453 750.3973
1780.1504 906.9115
420.68292 764.60974
501.74603 1305.5555
1596.8989 115.20225
88.879036 1514.8951
1337.7 560.825
1201.5465 440.47675
1307.4474 592.6316
424.27942 506.25
197.12308 1789.123
1891.5325 655.79224
221.82143 1180.0
629.7222 971.41113
29.186047 82.5814
1256.5714 655.619
995.3299 851.1237
61.517242 1391.7241
1082.4062 891.26044
1077.7354 1445.0
282.0263 1298.2764
961.0 21.09375
1539.5781 1851.3438
1459.7384 842.0
590.6667 911.63635
1640.042 1231.6134
505.35654 1187.5392
1790.3125 1279.4062
800.9853 96.375
379.24527 1406.6415
347.67798 703.8983
926.0 1430.2549
1685.2877 262.39725
1981.017 152.33899
1646.1464 93.42683
968.9903 1892.0874
695.4459 979.2613
1504.8688 1499.325
1564.7119 1642.3898
987.2152 1125.6456
365.0 786.4459
1068.7875 1772.1625
1891.22 1124.4
951.5914 1063.4086
1140.2979 53.06383
1313.3778 799.57776
796.60345 83.63793
1468.3448 1977.6552
541.75 4.8235292
1942.475 203.45
1153.069 935.18964
1987.9454 495.54544
1130.4681 1251.2979
141.81982 174.61261
903.6667 1752.1296
1493.3699 251.34247
1870.2858 704.29364
437.25 92.38461
1097.9 487.76666
986.4186 1426.093
615.7486 1213.2457
387.55173 551.2414
340.4 1838.4728
79.462265 1045.9529
1928.2844 985.6724
1394.3274 264.823
204.57895 1287.035
118.65625 474.0
1144.5927 1959.0741
369.15555 508.35556
1207.7551 1220.5306
1890.8478 1130.5869
1604.3922 1304.2941
1006.7153 1579.1389
1996.772 420.0877
1284.638 1413.862
1622.0215 1337.914
548.0351 164.1228
992.56604 492.45282
513.46155 1013.0769
96.32353 155.41176
1834.741 1728.7051
1598.9788 1396.234
935.5769 1028.5673
1118.0807 813.4032
1585.8438 520.30206
92.36539 605.4231
1181.5714 1097.619
406.211 1025.2936
1886.8148 1248.0741
1363.55 1364.45
1588.5 1940.1666
641.62067 682.1724
470.95834 1475.5416
1390.8 282.63077
816.30927 94.95876
1717.0698 1891.7906
1283.6267 395.92166
60.735847 861.5283
1622.789 1935.3945
166.36842 857.5263
1641.5106 839.1277
857.81177 542.1294
1875.1562 857.375
1359.5536 750.5357
1544.7142 1966.6327
1257.1471 1383.6569
1572.9532 1608.4673
1473.0 784.1539
1313.3778 799.57776
29.948051 718.79224
879.56665 1462.7
322.5 1830.5834
16.243244 401.97296
1229.8 1390.7778
449.8843 399.3967
682.0769 1234.7693
1162.1305 863.95654
1808.9714 1187.4857
141.47728 808.0568
259.30252 1142.1765
1665.6428 564.3929
1561.5518 1731.1034
1217.2333 1479.4111
521.97437 957.20514
798.60785 1150.902
743.77905 205.89536
523.65454 1520.3091
92.49704 1771.2662
1175.0454 1386.1818
101.95652 108.478264
590.91895 856.37836
340.96204 1599.6836
523.5 1410.0
324.07462 1555.6567
1170.2368 1200.2894
1402.1091 1067.4546
495.0 750.4464
799.1278 1000.6992
1748.942 1519.7826
1597.6597 1924.3472
424.52713 1470.4031
388.42044 501.76135
1664.0233 782.32556
1093.8536 1201.7073
882.38336 398.33334
242.0 994.3019
226.31818 688.13635
935.5769 1028.5673
226.39241 932.49365
1341.8989 1081.7753
1256.7294 268.97647
640.07465 306.43283
799.1539 649.6539
1228.5775 816.06335
219.36363 640.3333
1172.9062 809.9844
1466.238 196.7381
730.5 1291.7273
1295.1918 1435.1233
1289.2048 1477.7711
1529.8334 657.7778
919.8333 893.8095
175.42857 1002.4429
1830.8948 872.7632
1164.1045 851.209
1455.8462 643.97437
219.18823 827.38824
1183.0605 1138.5758
1280.8679 1435.0944
1357.0685 1207.3014
1715.238 602.73016
1098.68 1873.44
1245.8395 520.71606
1344.0111 1897.5333
1325.0667 750.4857
291.9189 678.4595
1273.127 1367.6031
985.5765 731.5294
585.83826 348.32352
228.64084 1518.9084
1869.7524 1284.9524
1359.8387 494.7903
1390.5354 764.8889
423.0 1556.8
155.93549 249.09677
917.5 1682.5428
1939.6538 418.44232
1425.0492 1245.4426
88.057144 1381.5
948.7895 1645.0
34.708332 1269.2916
770.19354 419.62903
1888.1765 1563.8628
885.4783 239.30435
874.41095 364.9589
15.351851 313.55554
799.75555 1446.6222
1288.8948 1016.3684
400.3846 504.17947
468.63065 699.7207
508.4945 1978.2307
1549.9103 451.53845
366.3846 1790.5769
1272.3412 564.6588
1755.6716 103.98508
1862.9246 1281.585
181.5934 724.5824
1062.6478 773.94366
194.74265 1951.6912
1700.25 608.2308
673.02563 603.12823
738.80646 1271.629
308.79166 1875.2916
921.36536 1182.8846
505.2073 996.8049
1800.0 1353.8572
563.11536 395.19232
497.96155 224.3077
9.25 1560.6719
1726.494 1592.3132
970.2857 1452.0286
1217.5122 781.5854
132.29167 405.0
1367.1818 1932.8961
1164.1045 851.209
1021.0 4.5079365
1485.5897 950.46155
1512.3655 843.0207
1156.9048 1399.3334
1173.1489 215.55319
1714.8379 1351.7838
1462.2609 982.43475
1377.0426 922.70215
1243.7222 165.02777
1597.125 460.45834
1743.8727 1856.8727
1954.5493 953.5493
1601.1957 1244.3695
1593.8 87.5
426.65714 768.25714
752.9159 620.1589
987.76984 995.381
1589.9615 1199.2693
1868.8914 871.4783
379.24527 1406.6415
964.8421 1949.2894
1424.8616 554.81537
137.0 577.2222
1898.0125 315.225
1706.7029 214.57971
1193.0 604.0476
1617.6351 1216.7433
1553.5671 432.2985
1664.0654 1406.1963
473.83334 1349.804
232.33736 1163.1326
663.4583 1188.3334
501.74603 1305.5555
922.88 1306.04
1624.707 758.8586
1334.2195 1992.4573
858.8095 795.5714
366.3846 1790.5769
1346.8182 1161.8182
1637.2206 1965.3677
181.21053 577.1974
197.253 561.92773
1580.9314 366.7451
1527.9172 696.34485
1875.75 1454.75
1322.5344 1256.3103
141.25 1587.2206
844.3488 845.55817
1175.68 202.09334
1633.8082 1264.0
1243.8136 1055.644
1184.15 1084.975
982.0541 1915.3243
1937.2931 1425.0344
1553.6888 421.24445
1004.92755 1380.942
1583.3077 93.46154
59.43617 761.3617
949.56525 1105.0869
652.3239 576.94366
883.10345 835.3276
315.45264 1572.7684
412.80597 851.80597
1163.7693 1576.9231
1283.0682 1356.4546
1134.6063 1403.7766
1333.8206 497.5
991.5455 1618.8182
897.3393 297.5357
559.1818 1495.3535
1198.2759 896.9483
1288.2063 827.55554
1202.3295 696.8706
1828.6735 1154.2041
1940.7018 1049.9298
1979.6897 19.068966
1297.1719 481.39062
326.37143 721.0143
157.55737 1265.4426
923.8197 327.57376
1011.28125 735.0469
1023.987 1319.2987
1496.3411 363.73642
1777.2152 1281.4937
1354.0 278.82608
237.20833 1988.0416
227.57143 1146.9642
1484.9595 1463.1621
1270.6757 710.8108
682.3472 503.65277
1151.5 1666.375
785.587 1573.674
1686.5 748.7708
554.1667 323.66666
1510.8077 914.2692
1701.7542 1893.3442
954.2353 483.15686
474.9355 141.05376
1610.5802 1109.7161
182.29507 1008.59015
38.589745 729.9872
1566.2195 804.8049
229.93846 545.8
1375.5593 1245.678
340.90384 1447.8462
1297.1719 481.39062
573.0 1315.3846
206.59322 321.35593
710.56525 345.08694
1444.2285 830.4286
383.6316 559.3158
1546.4746 1666.6102
1257.1471 1383.6569
1236.5671 1469.0597
367.49252 105.89552
860.07245 747.34784
1661.3768 173.08696
856.561 1747.3414
795.6964 205.5625
1462.6552 588.18964
812.43616 929.15955
518.73334 1146.5333
1183.1356 431.23727
1544.3658 1151.122
1787.9565 1711.0087
10.661765 1875.9412
3.76 1113.76
273.11185 350.83554
647.42426 306.42426
778.87933 1060.7241
827.6957 1230.7826
1074.0145 1135.4928
1863.6666 772.20514
730.46155 1589.5128
197.12308 1789.123
1556.909 113.12727
809.62354 700.16473
318.09488 1669.3065
1141.32 343.08
51.29091 1389.2363
145.47368 624.2456
445.40323 1431.1532
1937.0 1164.7084
154.77464 600.04224
1219.4529 506.56604
987.22034 1457.2543
953.10345 1435.9196
1820.5714 1846.7142
1479.7965 1762.3363
1641.0735 751.60297
1241.1212 1130.8334
1466.238 196.7381
991.5455 1618.8182
128.01785 800.4554
537.20483 1252.8434
1722.3077 1559.8846
35.857143 1073.5238
1332.0074 252.71642
1095.3726 729.451
15.690141 102.96479
289.8254 962.619
1759.2458 1807.3771
1406.9556 1673.4222
1194.8074 1718.289
1506.6777 20.044445
1140.7297 1372.1892
3.76 1113.76
1189.6508 974.619
1370.7826 1218.7391
791.873 47.968254
1692.537 1920.9073
154.33333 1594.8406
290.05713 1204.8429
1570.561 1381.561
1905.1406 986.15625
1370.0667 270.06668
1420.5 1852.7616
1641.6582 1723.0632
674.4923 1209.123
999.88464 94.63461
932.8 1623.9053
722.6761 1113.3522
833.8641 49.660194
1697.6094 1638.0156
1745.5 1334.3167
1772.3214 1307.1072
747.9286 62.82857
92.49704 1771.2662
1586.1282 1684.8206
513.27185 1469.7864
1680.6167 1035.2333
1645.6311 443.79507
1094.1208 1170.6703
420.52985 1117.3433
89.204544 1223.9773
690.88275 641.5931
805.9143 1062.8572
1166.575 1339.8438
1880.5625 1151.225
1378.3055 1499.3334
61.91566 624.6024
# COVID_SAMPLE_14_ROI_1
411.98764 1750.2716
1007.64514 1221.1774
1591.5577 339.10577
1228.2174 1967.2391
986.5952 1554.8928
557.5647 81.988235
1263.62 1065.9
1074.2703 1362.5946
1248.5128 1065.0256
1407.36 1228.84
1457.2142 1778.7858
1714.9623 29.433962
1135.3914 1098.174
32.04348 293.21738
1971.16 927.24
1939.1072 264.17856
1647.8854 1011.09375
1859.322 58.25424
1850.4706 272.61765
1633.5773 543.2764
1925.262 1904.1904
192.45653 45.347828
1944.418 498.53732
1212.6097 1322.8292
1668.6177 1654.5146
762.58826 1825.4706
1775.659 78.920456
1896.2544 1365.1842
1457.7556 387.22223
1145.5714 1505.6462
1813.4459 42.01351
190.07692 8.128205
1478.9482 1921.862
1176.5264 1426.3368
1011.9623 1551.2642
1133.3667 37.433334
1095.1934 1646.5867
377.17392 749.63043
1620.2717 394.34784
142.31967 1466.9918
1332.7654 971.90125
1441.8429 516.9286
1583.683 1776.7073
216.45284 1408.566
1560.1897 63.0
287.81482 1898.437
942.6259 1654.9928
1929.8018 814.7155
828.0063 1330.4465
1401.68 1824.2
1797.5294 1075.2157
445.2195 1599.8414
1302.026 457.22076
1789.3768 1591.2609
1932.424 1019.2717
1591.8723 30.542553
171.52809 1796.2584
1129.8334 1759.619
17.00909 516.0091
1274.2739 1038.5343
1119.7878 1436.2727
242.9322 445.45764
566.4894 118.46809
718.0341 1837.466
1747.4884 1214.7094
911.2742 355.59677
1698.7969 6.0625
534.2118 246.62354
510.18842 72.81159
291.90427 27.69149
1823.4028 1637.3525
1797.2892 33.590363
90.75845 1501.0725
658.3333 119.76667
1897.6154 275.06412
1442.5897 376.02563
1369.5155 1414.2681
1093.2069 1152.2931
1791.7079 68.53933
595.46375 1176.6522
1062.7356 1655.9174
1569.32 261.02
676.5 1191.091
934.5 16.785715
1774.7388 1713.7838
108.97727 920.1591
1107.2858 200.57143
708.0089 135.71428
971.1429 928.95917
82.21739 1650.9131
1266.6991 266.15045
1539.8658 1876.7805
1671.7091 1267.1637
1759.0333 1752.1333
338.9375 468.4375
79.53398 1921.8252
730.5625 318.125
1406.3617 379.70212
1717.547 1723.5385
289.71796 1535.1025
1307.2678 219.17857
1481.5814 1968.6511
34.5 1537.0
783.89655 211.86208
1268.381 1714.262
51.115383 420.21155
1693.4 524.36
28.705883 1867.2059
1258.2354 318.41177
1586.8118 256.8412
705.551 97.22449
1263.0725 1086.826
1206.5853 1421.439
908.63025 1295.4286
1929.475 1623.625
1034.723 1767.8308
1223.6973 508.8624
1153.0444 174.95555
923.1286 1065.2428
266.32202 1668.2712
678.3333 367.05746
1944.3158 411.8158
766.6071 1072.2738
969.9048 1253.5238
412.06088 1802.2435
749.0291 1649.3495
782.619 1437.762
715.4605 1323.3026
425.49426 1684.931
1169.7826 43.304348
1784.661 1820.7119
680.5467 1343.7467
323.83145 1639.8989
1094.1628 1065.5814
974.13336 5.7916665
1230.0536 1338.4108
1876.1552 1161.5172
975.05554 1464.0
944.6539 1602.5
122.797104 1519.6232
1898.0889 1467.3778
1915.4032 829.1774
1339.7693 405.69232
1873.919 1591.5405
1964.8674 828.10846
84.19231 1864.4615
1499.1099 1719.3407
486.5 1917.5
1396.9546 1892.7954
701.89154 187.10843
723.1081 1963.027
1876.3654 1569.1346
1917.358 1164.6543
1647.8854 1011.09375
1118.9 202.69
782.2564 1257.3846
651.7129 29.059406
984.27734 206.89052
1567.909 815.9091
1230.5 1758.0
559.2162 1991.7028
1768.888 1187.024
707.86957 1524.326
115.895836 1914.625
953.0769 1023.0769
1666.0536 1169.3483
894.9927 102.838234
672.7246 1451.2754
353.83133 166.48193
957.8983 1342.305
212.4 1631.2258
782.619 1437.762
1928.3243 1987.2972
1865.1034 202.51724
915.55316 1007.4681
1901.3582 1853.1791
1197.3539 1754.4923
173.70454 1281.0454
1388.409 346.14395
960.67346 933.4184
1609.081 231.16216
1061.0 1375.7723
1099.1559 1779.8701
1310.5405 965.2432
1215.2987 1732.7533
998.7647 1242.1177
1181.75 1132.5834
699.53125 281.23438
1766.0625 572.96875
1808.3175 1481.4286
258.68292 1651.2601
283.06595 1361.2528
1915.6765 1149.8383
1237.9327 1331.875
1653.6129 1102.8064
1747.0677 613.38983
836.375 947.0156
1014.4552 1408.6493
1682.0692 1962.3539
1034.5125 287.4375
788.9535 328.60464
1178.8917 1534.025
1591.5577 339.10577
1907.3684 595.2105
871.8767 1364.3014
1382.8047 1490.3281
1589.3334 1337.1052
1237.3372 900.6395
1557.4559 956.60297
283.89362 1683.2979
1821.4043 218.17021
43.527027 1142.0676
848.4779 1515.0973
978.33057 74.214874
299.31305 1277.8348
578.375 1302.5
1896.2544 1365.1842
1040.9849 900.57574
267.5339 1750.5763
1199.2656 1768.5312
1202.1959 1363.4595
844.0 205.0
1812.027 1907.1082
723.4516 1849.3549
595.46375 1176.6522
667.9545 1825.5
1883.4237 1587.1187
301.61905 1583.238
1396.2273 1863.909
1157.3334 1903.4103
1861.8046 477.5747
249.39326 157.08989
1436.6666 527.5417
713.1875 1516.7916
930.83185 1024.5841
1997.6285 354.45715
1223.0615 1746.6923
1368.1082 1072.3784
1277.4269 464.81708
475.37036 64.34568
614.3 1389.18
1313.6913 1723.5771
27.794117 1846.5588
1693.8889 65.861115
1349.8018 421.42343
1709.1936 1806.9613
226.92406 1511.2152
1824.2 1764.4667
143.07547 1587.3868
1733.5927 1700.9259
1327.7391 26.130434
1849.0883 1374.0883
470.07144 702.2857
820.6316 262.48685
1238.5186 1321.1111
1966.2239 120.77612
927.48956 256.53125
1873.3396 31.132076
595.1194 263.7015
105.054054 983.02704
1441.4348 1316.384
1073.2751 1230.1007
1865.5289 1337.8182
1827.4615 143.0
5.586207 1511.2184
614.73834 1456.7196
272.98245 1861.4386
750.9383 1635.1111
1803.9362 578.2553
817.71027 1997.2991
1609.75 520.4531
270.94928 1682.3768
1864.5238 23.095238
1853.3011 1311.1326
1882.6105 1860.8737
187.43698 1415.0588
1929.7188 1142.4375
1319.4286 220.46939
1387.8173 1375.8173
1274.7815 448.9496
1870.0294 1662.4117
1893.1273 218.81818
1373.3934 1965.2787
1258.0714 591.7857
1111.6666 1458.875
1752.7954 1712.0796
1964.8674 828.10846
1244.7059 1291.0588
1244.0482 1120.4337
71.53719 1936.9009
1872.3369 1768.6305
922.4808 152.40384
1861.8889 1317.1111
263.29413 11.94958
1938.5441 226.10294
1415.375 231.67188
279.66666 206.80952
1373.873 1688.0476
339.35715 874.1071
1667.678 45.98305
1713.1805 1591.0695
1976.9474 1268.2368
267.1546 1527.3527
1059.5 1041.8572
167.72858 1030.9572
1545.7906 836.72095
128.23529 1439.6941
1001.86365 1420.591
1073.0435 457.33334
691.2295 1088.9672
1276.4247 1233.6713
1252.44 1959.92
662.1126 426.48343
849.22534 1996.8309
34.5 1537.0
1941.2598 1973.2987
369.92593 1874.037
244.70238 1498.0952
1878.2319 1202.3478
1433.3182 273.75
157.06339 1514.4929
1807.2712 1876.7288
1062.9136 1470.9506
511.0889 286.27777
1944.0847 398.23727
1417.2545 1128.6182
1026.4073 200.25926
163.94667 1411.7067
300.24075 1715.5741
620.11475 1935.795
1589.475 1818.625
1982.0344 484.5862
877.13635 1309.409
1841.5938 1436.125
1162.2745 312.52942
1189.7816 1501.1265
1714.5145 1826.1554
1158.0968 1035.3549
978.09924 266.35876
707.1395 209.09302
847.0 436.0
1752.6364 34.363636
1524.2588 1181.3217
280.98276 495.31033
718.1406 1447.125
825.50946 1502.1132
1313.1147 274.14755
168.57143 120.28571
1403.0 1778.6909
46.642277 1883.7643
715.4605 1323.3026
1430.619 1566.762
1698.7969 6.0625
1556.7567 1007.0991
279.3521 1777.0845
1245.9323 112.01695
1871.5416 277.20834
791.49274 221.76811
975.05554 1464.0
879.7653 1636.5306
1368.6105 239.38948
1904.5 812.3837
840.7714 2.8
1188.974 1344.3896
665.44183 115.860466
507.14816 41.703705
700.6778 216.76666
183.2381 436.63266
1272.3392 38.5
336.08954 1520.6418
1878.7439 512.0854
295.01886 1972.5283
1742.9048 1707.746
119.14433 1952.4639
1235.9744 1712.7435
1865.8 1675.0706
1578.7808 103.87671
981.6064 52.276596
990.1772 484.62024
1178.8356 1296.3562
1835.32 1473.57
1695.1459 1144.3021
1825.1957 1742.4783
119.14433 1952.4639
167.33333 125.77012
315.95123 1271.0244
996.9167 1103.6167
775.625 1425.4
228.5614 14.754386
1546.0358 1809.25
919.837 1360.3586
51.090908 1180.4395
1656.035 1148.5614
435.76086 1745.2826
613.45795 84.3271
1169.7279 828.3674
359.97522 1482.3967
441.41333 302.39334
655.69696 1831.909
1663.4828 1196.9656
1905.965 280.0702
1264.9773 67.25
1371.8441 171.55914
229.78824 1156.553
1058.4193 1773.7205
286.0 743.0
956.68964 411.09195
734.9844 1967.1094
772.65955 231.55319
191.05661 1838.7548
1684.2572 1240.2
637.8281 1520.5938
489.19 42.1
1144.644 1237.983
1889.5667 1823.8
1319.0714 1329.0358
294.4776 1996.806
102.92308 1963.0769
1620.5132 882.4737
1847.6923 1513.1538
1123.675 197.275
1009.4524 1847.4762
1094.0 1048.9403
1095.1934 1646.5867
49.93578 874.13763
1226.2941 1919.8706
1703.772 74.47369
771.2143 1735.5
620.11475 1935.795
158.75342 1388.0685
1965.388 1430.069
1700.5074 449.26865
1677.742 88.741936
846.5246 427.19672
1699.6123 1631.2858
1386.8646 1903.4896
969.78204 192.67949
1811.1 828.72943
235.58095 1381.9524
1970.1322 1457.124
37.80531 34.681416
143.07547 1587.3868
1902.9615 741.0961
449.58066 1399.5483
1195.1216 188.05405
968.08826 1525.0883
300.94287 1955.5714
1405.3033 388.44943
1540.8928 296.2143
1765.1691 658.4648
1318.3098 1768.2676
1377.9783 1838.0
1205.2 1135.8334
365.29825 1677.2192
1817.5491 1976.902
1400.8445 332.1111
1512.6061 1681.8687
1902.4584 1544.25
1537.1951 623.5
1194.1123 398.98877
452.12903 1924.3549
313.2381 1963.8096
988.6989 1410.5376
982.34 1076.72
1041.24 22.76
1851.32 11.78
376.74417 169.7907
1084.2236 1649.7894
1440.6974 324.16446
1610.3462 59.53846
405.33334 846.59375
63.125 1951.1704
694.5192 1362.5193
792.3182 599.2045
325.43616 1976.8723
1988.196 1049.1765
1867.5964 828.6687
959.1909 185.64546
1047.2413 1790.7587
724.83075 68.61539
1000.28 8.44
479.91046 1597.7239
964.5238 994.74603
976.6875 1248.875
1255.5294 1989.8529
1706.0 32.983334
1721.3928 1541.875
1477.6346 1693.9519
220.25352 1453.7535
1659.5555 1655.4445
351.53763 1466.043
870.6667 1535.6389
1586.6327 1879.7142
714.63464 19.134615
806.5 1013.0
1718.4036 91.52631
114.78049 1351.5
1212.6097 1322.8292
1955.1921 293.52542
1576.4103 61.46154
258.23 183.42
962.4048 69.77381
822.07275 292.76364
1241.2931 1538.2931
605.55554 1126.4073
365.29825 1677.2192
289.17648 1708.7451
1189.6296 1248.4938
889.8542 1657.5
1706.1852 416.92593
1620.0215 237.87097
286.125 1503.0469
1198.3429 4.457143
1944.6405 138.07866
1527.5818 1043.2909
1403.5555 1221.9259
1182.0294 1672.9117
1343.527 126.21622
1355.6804 257.87628
1163.54 1365.45
99.73972 1863.4932
1521.09 98.81
1958.7076 1573.8462
943.8611 1044.7084
939.11884 1331.703
996.62885 353.50516
1844.2533 1484.5333
528.78644 1613.1165
377.13043 1567.3914
745.76666 1552.0111
801.85394 1918.0898
1341.1724 720.4253
1441.4348 1316.384
1996.5254 1932.0677
1447.4242 526.1061
1913.9814 1718.7963
1851.1644 1250.5205
1375.6041 1474.0625
1141.3889 231.95833
919.38824 1347.0353
1898.0889 1467.3778
512.339 265.7966
1359.9454 238.12727
827.9286 197.04762
1596.7916 2.2916667
1868.2736 1737.453
1359.3271 1532.9906
189.0 1540.8899
1884.899 1318.2844
1860.5853 836.9756
250.63918 1761.763
109.78723 1944.1702
967.36 204.04
1459.2727 1242.0454
1218.9043 1471.4
960.72095 1429.3721
76.14035 1971.5964
295.09756 1131.2439
1553.7333 998.76
168.875 175.83333
1453.3053 328.25262
1228.9104 120.80597
1764.5518 845.4138
1724.4337 589.4578
1241.1945 1997.8055
526.1667 1727.3334
1890.6974 386.1184
1944.7024 1352.1428
1696.3933 1388.8427
454.1887 1365.4906
1928.2949 1756.8077
92.68056 1043.0139
259.03946 4.4210525
1675.1515 408.28787
1399.4286 340.5
829.4341 1034.1473
1376.7656 38.34375
1948.5686 1449.0197
1039.0728 1485.7819
1823.7587 67.913795
1686.3793 1904.115
90.76744 1617.8372
686.87933 1877.7069
548.2245 1870.1837
1059.0807 1036.0322
1627.9508 249.95082
327.86 1302.4
1990.0704 1283.4789
60.36 1860.44
806.3398 1212.2913
1037.0952 1696.8096
1860.3928 615.0357
678.5432 1868.9012
1452.7157 1183.9803
474.2706 1587.6941
1841.9119 1971.9119
1958.2667 821.6
1643.0769 374.33847
1293.9315 1119.3151
1313.1818 474.81818
1740.8246 1699.4562
1840.7721 1950.9873
1559.8356 1213.8767
1.862069 1254.6207
346.55768 137.36539
1198.127 1945.8889
33.76923 1925.5769
1809.8649 162.10811
1214.0541 1417.6757
1229.9551 1893.3258
232.41861 53.162792
1477.1915 1754.0212
176.06061 633.42426
1206.3611 431.1389
1043.3334 1853.3833
996.13763 69.220184
61.086956 988.1884
626.75 559.1667
1451.165 1116.1359
929.93335 127.53333
1214.3334 68.42857
1979.9028 1283.1945
882.2 1440.4572
1637.6222 58.08889
339.35715 874.1071
1327.4921 1286.9683
496.1837 1599.1632
1037.6222 2.7555556
1764.0588 1700.4509
1451.7789 1457.3158
1059.4778 1139.9
1716.2041 58.816326
634.9704 1855.8402
1647.7129 1597.1782
1471.9219 1644.0625
1266.1451 421.5
733.45917 98.27551
1887.0741 1902.6173
1930.6154 443.10257
1740.2593 445.76852
952.1429 1375.4805
1104.8651 1651.7079
1832.4073 72.55556
1573.5385 1037.4103
320.65384 1173.4615
1642.4535 936.82556
1043.6989 1455.9277
1863.3611 620.0278
1376.4615 385.82053
504.26984 4.3650794
1265.7021 1400.3191
1871.8334 790.9
703.6579 1107.8816
1091.4073 215.90741
529.7143 250.33333
674.1918 1293.2329
1266.9423 1416.3846
353.96667 1682.2
1057.3136 1712.8474
1080.5278 1564.0695
21.619047 1655.238
840.13464 37.923077
11.346154 1627.2693
325.43616 1976.8723
1512.1311 1889.0164
386.14893 1580.8511
627.0238 1125.5476
1013.68854 994.6229
47.70707 1448.8384
1048.9436 1716.5352
1245.5632 1509.5057
1607.1395 1134.4419
1020.7634 1474.828
725.7738 102.09524
1431.697 391.27274
559.2162 1991.7028
1918.043 408.908
1996.4082 1950.4082
1940.6364 800.24243
343.0408 142.61224
526.5349 353.16278
326.459 163.64754
1079.1212 322.37375
277.60416 19.875
353.7869 1530.1311
1555.3572 826.0
1322.6941 1104.4941
1851.0476 1999.0952
1008.78705 1647.713
900.8485 934.3182
860.44446 1186.0444
1094.5209 1123.8959
222.41463 1775.3414
1574.25 1142.4875
1112.6415 1221.283
1824.92 879.96
1736.8334 1303.262
405.66666 1549.3334
949.4219 1801.4688
1997.1072 1293.7142
1709.6941 176.4
43.21839 975.4483
1785.7161 1527.9259
1121.038 767.0759
1989.0975 1513.1951
1193.3334 1838.6923
1280.6522 304.5435
1330.64 1992.42
1317.262 507.0
1588.65 1313.4938
1403.6136 430.77274
1144.57 343.32
1858.0549 1501.1099
1054.0577 322.6346
446.75757 215.09091
644.54083 1317.7245
63.02381 1967.1428
886.94794 208.78125
504.26984 4.3650794
72.72464 1073.0289
1806.7133 10.264706
1898.0488 1604.3049
1903.0834 1952.262
1893.7164 1428.0896
467.9 1907.34
466.35294 264.21176
1862.8691 1724.2897
254.37143 1068.0428
1307.0 1638.5
1819.4814 27.62963
1871.495 41.603962
1725.3695 1680.4457
1805.3793 1389.8103
1992.6285 356.52856
1000.6528 1006.1389
1105.745 383.51678
449.3684 1690.6666
1452.2616 267.04614
1838.6448 1879.1316
966.1277 128.45744
1026.3297 1506.5165
1056.0571 182.14285
1938.6588 1783.2941
879.7653 1636.5306
753.069 1302.2931
1580.8494 266.31506
1273.3268 1135.9406
584.86206 1349.4253
1203.5513 1834.7693
1165.171 1879.4078
1313.1147 274.14755
519.55 345.1
170.18571 1469.5143
823.3889 340.1389
23.843283 897.61194
1871.434 801.5283
387.0875 1513.325
1462.5942 1615.2029
1154.8182 1148.5454
167.31654 632.0216
1413.1875 1736.7344
727.9091 231.70454
1895.3208 324.79245
1981.0098 1944.7255
1447.3214 1676.5952
1906.7715 1495.6285
1441.4348 1316.384
740.6667 1573.0333
768.7013 1356.883
1428.5652 340.08694
244.70238 1498.0952
1112.1282 997.12823
617.8298 1273.9788
1846.2821 1467.6923
1282.4681 1624.0212
1845.8379 246.45946
248.87097 1769.258
1893.0676 1876.6216
844.0 205.0
76.011765 856.6941
958.0 1363.0
51.60784 1627.4117
342.83505 1655.6083
1098.0746 1413.2609
610.68256 1477.3969
1845.8379 246.45946
1906.8422 1745.1052
1165.25 15.195652
1958.5326 1944.716
26.390625 1917.9219
1923.4667 1147.4333
1976.0339 1075.4916
684.2941 1238.9412
1871.5416 277.20834
1180.4103 1944.7949
1850.6938 985.3674
29.910568 1098.5204
951.75 1856.8055
1923.4567 95.22831
372.85715 1642.2142
995.2432 1090.3784
1240.7089 28.392405
35.515873 1274.738
250.67392 177.69565
1690.16 655.92
857.09436 1483.7736
1709.4651 1772.4884
1087.3636 1824.091
1631.909 1904.3636
816.2857 383.42856
1156.2712 1869.4746
1810.0854 1937.7008
1713.5856 1277.4324
289.71796 1535.1025
32.76923 1952.0962
36.629032 305.32257
874.2059 977.2941
208.90277 343.55554
1922.878 82.92683
1063.091 1547.091
1869.5349 54.0
1236.275 1925.45
1504.7894 1664.2106
1521.6863 1710.5686
825.50946 1502.1132
759.7647 1876.5294
1122.2258 1221.8064
1747.4884 1214.7094
1690.3158 1189.2632
1979.8889 412.68054
1198.579 1639.7368
1474.4462 1846.4769
1178.1082 99.054054
8.25 1422.8154
1019.7551 290.08163
1107.2858 200.57143
1878.7439 512.0854
1841.9623 1455.283
1061.0 1375.7723
733.5 1884.9166
1889.325 1170.625
212.25 1522.75
1419.3522 1229.2394
659.7959 303.15308
901.41174 1248.553
663.0395 150.64473
1714.2333 1834.1
387.1081 1678.6621
446.5263 9.385965
923.4559 555.85297
996.40515 1124.5087
46.27 958.09
1400.2759 977.5862
324.39026 1162.5853
# COVID_SAMPLE_20_ROI_17
1774.6285 1429.9286
1765.2972 289.0811
1845.405 1198.0127
1154.4286 1556.4546
524.25 1927.9318
17.17647 1840.5
237.1875 544.8125
314.83008 768.7778
1782.6495 541.6804
1009.3409 1530.909
1464.9791 1597.625
1532.0 711.5
1030.8341 1357.1749
906.8046 552.1724
1722.7858 1377.6072
666.8148 1756.0
1591.3055 1220.125
1857.8148 1223.247
223.25397 1873.873
479.5 1091.4073
1189.3179 78.48062
1763.5869 1581.8695
1331.919 1302.2703
756.6638 447.51724
1934.862 1457.0344
252.41176 323.20587
772.74243 830.25757
885.883 269.6915
1604.9819 819.6486
261.62195 178.58537
145.40741 1348.3704
851.7818 521.7364
1699.9166 922.9167
1328.371 86.79032
1567.7079 855.30334
1668.0416 381.79166
903.53894 947.4026
1554.899 607.6667
1571.4762 1532.238
1019.75 215.43333
484.27692 679.1385
620.8095 1806.762
1939.3231 1792.4769
1593.0139 400.81946
238.08 381.09332
199.35849 809.0
567.5 1410.4062
319.89795 365.85715
501.88373 876.02325
1238.0 1055.0
1041.4103 179.84616
1027.35 893.7125
941.0494 1132.0864
527.8043 1099.7174
552.782 1117.7368
1704.84 945.93335
429.9198 190.71658
478.94827 1931.1034
370.01315 224.0329
431.4074 600.9753
361.09525 765.3333
1835.4255 747.95746
1876.9333 2.8333333
1899.1034 1455.0344
1712.9286 324.92856
1769.4032 911.4516
1839.9012 1132.6296
1479.0 1955.9348
684.35187 162.68518
446.25583 897.3721
1660.1489 297.18085
295.30768 1437.4615
750.3823 317.02942
1060.3214 1445.0714
1240.511 306.0657
1774.7347 1264.8368
570.338 822.7183
1680.5797 748.26086
1684.8572 921.9286
1365.4722 1711.1111
254.62857 760.1857
747.13635 1732.5227
1603.5927 305.55554
1190.9594 929.2683
1016.725 1279.5834
525.4912 1867.965
806.58887 196.47778
1193.8636 779.3182
1667.2623 791.73773
242.36957 1349.5
45.824326 1555.7972
1585.7222 236.84027
1812.931 1011.4483
278.26746 884.7558
751.8958 239.16667
1187.3427 775.6111
1544.8474 710.9153
1596.7703 1016.6081
1854.6865 1375.9701
103.52577 151.57732
1946.2059 1548.4117
883.78906 1068.1484
114.45 779.97144
1872.4918 1010.6721
142.43506 1878.526
545.8678 931.8926
1805.1476 1014.31146
1759.1061 862.8939
331.6744 265.12402
1569.7212 1409.5673
657.1759 663.37036
1169.1318 1166.6154
1153.2484 796.75165
1253.2029 1295.3914
917.3582 1536.1343
1173.2421 1082.3053
1989.2659 1777.6519
1731.1333 346.33334
1045.6111 738.3571
1284.4492 709.13043
1589.9115 1279.5044
1523.8982 480.25925
499.96667 94.022224
312.01266 267.35443
1611.965 497.5614
474.02777 859.6111
1587.4597 1373.2299
733.43634 1361.8
1742.7858 306.14285
313.33334 686.23334
1849.5625 320.5625
1279.8966 1200.4482
467.68 105.24
1036.8276 1584.1034
100.61905 1443.0
1794.8085 981.7234
1696.1063 1745.4468
1461.3226 1164.871
1839.9012 1132.6296
20.013514 1002.5
482.55554 818.65656
1717.2449 1243.3062
1594.7549 813.12744
1545.0546 1898.6545
1877.0981 1226.4846
1153.4088 780.6478
1637.6666 435.84848
1981.6774 91.41936
1187.3615 1748.3615
257.13095 1925.3334
1688.5103 151.46939
1362.6177 686.9706
1795.6732 625.16833
136.792 1037.144
1514.4474 770.3947
1423.708 1698.6106
1147.0273 116.31507
77.53125 1231.6666
229.06976 653.26746
1925.9 416.6889
881.7857 438.25
602.5593 533.339
940.3043 862.86957
1593.0139 400.81946
673.58105 106.5946
273.5 548.9219
519.5333 1922.5333
256.8 1809.289
282.5811 423.8919
201.22858 855.2286
103.61539 814.89233
1424.9669 244.27815
1061.6375 396.5
83.565216 216.17392
269.04544 279.47726
1540.4696 107.834785
1549.9131 7.7391305
991.19 1280.49
1758.4286 1176.9642
517.07245 670.4783
1820.8438 809.375
149.75385 252.92308
388.6494 1144.1494
16.0 1797.1086
889.2301 951.823
20.607143 1611.6608
553.8571 358.20636
1593.0139 400.81946
1979.9576 1770.2627
1555.5927 161.18518
1757.093 1287.3024
692.4217 293.83133
495.65384 855.88464
1551.0746 1054.7612
1179.4348 1354.5
1587.7 1001.61664
1358.5363 1633.4348
421.3684 404.23685
892.3375 1195.0125
1478.2391 1140.3586
960.3333 1010.4375
1573.6333 744.2167
141.01819 1782.6364
766.7765 737.8941
718.1642 324.53732
1034.8661 379.5982
348.99152 121.63559
1549.7407 762.69446
549.9535 200.58914
1843.014 1219.5634
1916.55 1849.325
737.87177 126.97436
389.4861 1311.6528
1725.1143 235.88571
1689.0209 1583.6597
1508.9736 697.8158
405.81982 601.74774
1214.1875 107.28125
1365.2885 877.375
1004.5446 1055.875
1090.5435 1497.826
1561.5577 258.69232
815.86597 189.90721
1681.433 830.48456
1921.6324 1112.453
374.19232 1950.1923
1274.8298 1276.9043
737.30707 642.37006
332.57144 722.7714
136.0 1585.0
288.36 862.12
723.4524 832.75
966.55884 1253.8235
520.875 536.3333
1866.1923 1001.3461
801.6326 491.14285
303.61365 1488.5454
748.3868 362.88678
1612.4321 774.49384
497.62296 1685.836
1172.5403 1121.7126
360.26666 1451.5834
1466.8954 1800.279
1025.5714 1997.3392
1867.691 840.4878
825.4754 103.81967
72.07692 1915.1538
1783.7559 585.3953
1704.9375 210.9375
1450.0 721.0
96.65385 1720.1154
1539.2051 20.794872
1806.4637 611.34784
394.32608 1087.6414
387.57025 795.0992
1863.1417 546.0079
805.2018 1285.4036
1791.34 1051.33
1164.2174 1664.1305
1052.7307 295.03845
1455.1617 703.8677
1021.9065 990.54675
1477.091 1123.4886
794.52 717.6
1625.1125 620.275
846.25 1782.8572
1789.2032 1640.9838
47.903225 475.2742
850.4091 865.4545
756.6638 447.51724
1613.3636 813.75
823.9545 193.83333
880.02325 1876.814
1213.8793 773.60345
1525.5916 491.33804
1854.4 95.75
579.3472 1425.4445
493.9589 542.5753
1695.25 1273.6333
332.0 403.9508
1420.44 1266.9734
780.80646 187.7742
1776.5968 884.129
1486.3422 1287.6842
1154.3379 1062.1487
1783.919 1157.8513
1490.1959 235.54639
1485.4482 666.7586
1667.6097 543.1951
1970.1613 1481.3064
1540.7167 224.075
478.64 931.5
152.2716 1026.1605
1762.4479 1475.0312
1225.2413 1681.8966
1823.1428 1343.1904
148.92857 1578.5
1715.0266 1744.8534
801.9649 102.2807
1027.3522 153.98592
1214.1875 107.28125
111.2 1935.2153
1337.8271 1395.9506
1724.9918 416.15573
197.96 802.4
1426.4366 64.92958
1669.6979 56.625
1181.8334 1723.375
192.5238 621.0
139.37143 1694.3143
861.1829 116.07317
65.61719 1864.2109
547.5714 1889.3376
189.6579 821.6053
1497.4 661.825
261.7527 381.0645
669.1177 1761.7059
1129.2656 243.125
256.8 1809.289
1372.7142 920.1429
1160.9324 110.60811
1939.7847 71.0
794.52 717.6
1132.7959 1137.3062
128.05042 215.4874
1427.0635 74.31746
931.7692 1592.3365
287.55264 1486.0526
1522.7808 112.20175
944.5 1164.0
1351.3933 634.4944
156.41176 306.7647
1765.2538 556.8955
908.3026 417.0263
731.3457 802.64197
1309.7377 1204.2295
1549.9722 20.777779
991.9091 947.5682
331.8158 1047.9474
1574.0874 1398.903
1446.8636 749.3182
294.79688 1856.8594
1057.746 1997.5714
167.4 624.4286
779.1458 74.229164
1983.2858 697.03174
197.13333 1905.9
234.8983 695.322
1896.1757 360.8784
1603.5927 305.55554
1005.52747 468.16483
1537.9747 725.46216
990.37933 610.6667
28.06 502.04
1588.5294 1441.4117
1863.1726 601.1943
599.0822 1958.0137
874.19275 41.638554
235.97058 359.61765
1160.9324 110.60811
1860.0526 1018.1228
1766.9524 375.38095
1652.3701 281.38312
829.0732 22.634146
455.1954 371.32184
1730.1343 1311.4478
1384.8247 514.7835
1439.4077 843.9418
766.7765 737.8941
1943.8302 1238.3585
64.305084 557.3051
1035.1508 204.53969
1246.3529 1644.0588
1202.6333 97.46667
642.6875 180.0625
1921.814 1708.1628
549.04254 511.8617
510.97058 1801.0735
1359.1143 1343.4286
1332.6207 694.2328
517.07245 670.4783
205.75757 307.9091
1374.2421 1070.4631
1706.8833 921.43335
262.55173 1799.3103
1430.9572 157.31429
1349.6437 862.1839
653.29486 1627.3975
443.07895 1906.8684
1178.2583 1903.1
429.9198 190.71658
312.33734 276.90363
1962.1818 257.43182
760.3077 1801.6593
856.35297 435.72058
1610.5 127.5
1479.0 1955.9348
942.49524 757.5143
1233.1818 1288.7662
1708.1666 791.2083
147.0 305.32037
1066.7059 1215.7941
807.1717 1685.1414
921.76086 833.90216
331.45834 713.8333
1275.3718 1248.0256
1792.2263 609.3796
1775.1702 619.18085
1760.356 1202.339
101.57627 355.339
313.7143 1000.11426
425.8409 1073.9773
1085.9886 761.38635
926.0714 792.75
1529.866 468.7732
1845.6024 785.8554
1879.091 1007.0909
1334.375 1015.0
317.51163 692.27905
1859.0555 128.84723
791.519 637.1899
448.4881 264.0595
898.2857 883.381
1587.4597 1373.2299
598.875 833.0
1846.9131 748.34784
1054.9183 1229.1123
1706.08 914.2
1369.4175 137.23302
23.965517 1528.5862
643.5491 1900.7527
1419.8346 168.70677
374.26086 399.06522
100.12676 184.19719
418.5778 1170.1555
1238.6311 1321.6213
1997.0869 1923.6086
918.5333 1896.981
1234.418 1070.0149
1421.641 139.89743
1633.6422 1598.9908
1568.6086 1592.2174
538.025 373.075
1487.6552 1230.6207
251.95349 1969.8605
1773.8889 1490.0952
203.39355 66.16774
941.0494 1132.0864
877.26746 420.30234
681.8427 5.797753
1639.6154 290.31625
908.8333 367.0595
972.2963 184.90741
348.44232 1768.7115
1682.6774 289.0645
806.42255 179.6338
459.41666 984.5139
1274.9333 219.49333
383.86667 753.26666
881.4559 444.45587
1669.5671 107.9403
317.63635 857.92426
1168.4694 258.12244
1553.0934 1479.6267
1916.55 1849.325
1141.5763 1355.5254
555.8125 1931.7375
1798.2709 1293.5416
534.4516 1908.129
1358.5221 622.5044
1178.931 950.0345
190.20589 1400.7646
1541.8453 123.78351
57.773335 120.26667
431.4074 600.9753
1438.4637 402.07245
1956.6617 416.63235
126.11268 1970.3944
22.88372 94.139534
1294.2 221.44
962.9429 1613.6857
1848.4186 1429.3256
1656.5068 1335.8494
806.58887 196.47778
1022.2174 120.78261
104.75676 1487.2838
1841.7451 280.7451
8.961538 301.1154
1394.361 102.42603
455.5944 1023.5944
1517.4468 43.957447
1334.5695 903.31946
899.62 905.28
504.72726 555.46466
520.875 536.3333
1482.8849 469.72662
608.62714 1959.4407
485.2195 241.27643
642.36365 1721.0605
716.26666 222.98889
906.10345 26.572414
1362.08 1373.56
869.125 325.5
806.58887 196.47778
1377.6538 1121.4615
88.85714 1878.1904
1829.025 642.1937
109.277176 85.516304
1629.035 1405.272
1188.0 986.74286
1521.8906 1452.5625
15.547945 1113.2054
977.8929 1642.6904
698.25336 507.79333
540.3158 970.0789
536.13635 439.0909
1762.8492 514.0
1296.3152 1132.7391
1606.407 765.97675
609.6603 693.4295
512.0541 861.13513
1657.8511 399.72342
1541.779 682.3953
127.2 1564.4572
1866.2533 1424.4
888.01215 143.59393
538.025 373.075
1662.2576 905.9394
205.99074 296.6111
542.1579 1185.829
314.40427 1848.234
116.18604 1031.9767
1787.3442 1000.8197
499.96667 94.022224
1280.875 718.5972
740.7808 275.19177
1648.0728 1545.8909
2.987013 1992.909
456.62686 1091.403
1214.1875 107.28125
1202.7283 981.73914
1123.9138 99.32758
226.25926 457.7037
1900.303 1221.7576
1825.1852 1975.463
775.8823 1361.5883
1597.4706 267.60785
1645.803 988.2879
1692.8322 18.978102
1839.5608 1437.7703
1464.0889 973.7778
1778.0344 1155.3793
996.82855 943.0
1744.9625 1427.025
418.5748 35.80315
275.54053 794.02704
989.9802 1268.0792
934.6241 671.59576
550.95325 1782.1309
1674.0796 279.82956
171.07895 1104.6316
1373.6031 1094.8889
1361.1017 787.3983
1060.2222 65.03704
151.07965 1037.2035
1863.2954 1080.0796
1808.3518 1313.6111
216.3421 1862.7106
1707.0 272.41934
499.971 527.6377
976.78125 1312.125
1562.2836 662.1194
1653.8334 390.56668
698.1458 265.41666
1797.415 1149.2642
1240.1698 758.48114
332.57144 722.7714
718.4394 1785.1666
1519.4038 1938.1923
1693.184 1841.7126
1238.88 1913.5067
202.16438 462.1096
23.443396 552.76416
1524.8 561.56665
1167.4546 1143.6212
973.6144 1207.7712
962.34375 28.0
1057.5942 1405.1449
1338.8788 1002.0707
448.28888 1061.4445
532.6667 534.75555
822.87354 1325.4943
1853.0526 947.0
1720.0212 1483.8085
396.541 1021.40985
265.25 1923.575
1540.3179 927.2713
332.31482 1345.75
1546.22 1135.06
713.9109 1666.5643
1541.779 682.3953
102.45946 1934.1892
1292.7053 665.3839
310.5926 1842.0741
126.11268 1970.3944
496.95 485.35
249.78847 564.61536
278.55 1795.06
1526.8572 1466.039
1750.5923 1495.5145
1721.8438 1042.375
678.43036 1840.0253
1153.7954 121.920456
1555.8534 12.603448
446.6 438.1125
669.493 999.8451
1193.125 889.125
1121.3438 494.07812
1156.6792 757.8302
1714.1428 430.7013
448.4881 264.0595
654.8108 1184.8379
1243.7529 1593.2941
1615.3871 1421.3549
965.2195 1601.1951
1544.8474 710.9153
237.55556 175.0404
668.3084 855.4673
1859.0555 128.84723
1996.4634 692.36584
806.9836 334.42624
480.10605 595.3939
1883.3284 456.62686
1458.8422 790.0132
828.2 558.88
# COVID_SAMPLE_6_ROI_3
505.09756 169.02438
766.84375 1264.9688
358.97403 50.116882
757.19354 1133.7339
1351.4697 716.6667
837.464 769.04
959.3714 1330.3
1420.8143 1096.0143
694.3581 1204.3513
5.7941175 1497.8529
1496.6305 1125.7609
173.175 1312.975
1189.3474 1262.1526
903.86206 850.10345
856.7059 602.9647
41.03846 245.24359
1066.2858 1044.2767
9.5 886.2727
1474.0922 492.42105
687.5814 485.18604
507.7907 140.76744
835.70966 1072.2903
502.5263 464.807
251.91357 252.19753
171.96269 755.7239
544.3939 927.4697
858.76624 1049.7142
254.2152 1084.3291
51.272728 1071.4675
723.1852 621.9481
689.4667 496.43332
1123.6305 69.71739
608.0211 1469.8029
980.0484 28.387096
1166.0834 651.619
1317.2114 765.252
20.627907 882.0
1228.3268 144.15842
1086.5343 505.06848
317.83334 483.57843
569.127 863.873
78.60736 986.01843
1120.5514 381.5701
1386.626 423.04065
301.48215 1472.6072
640.3129 1099.0135
552.89233 710.4154
1283.3281 1251.2344
700.4127 611.36505
1147.3518 570.9815
1093.6154 595.88464
161.69812 1065.3585
1484.381 589.8988
826.9474 506.60526
61.425926 607.03705
745.3077 417.8846
802.67645 184.58824
876.97296 840.2432
454.33334 476.4
1040.9131 874.7826
1380.6177 1117.2206
121.57407 1457.9907
1038.0217 458.3913
779.7108 718.3012
705.06305 104.27027
908.8571 794.3571
1370.279 645.1977
1216.0988 1214.9506
337.7342 1065.6013
943.91113 933.8
1265.6719 426.07812
681.75714 910.17145
1233.78 264.3
640.3134 410.86566
942.19354 160.41936
1140.1528 259.2639
1068.814 585.02325
1175.5411 480.6706
615.2353 414.0706
749.5283 1178.7736
1426.15 16.666666
1216.2167 242.23334
1467.5758 101.43434
1175.883 376.18182
297.7619 1385.7142
1185.5135 1443.973
1378.0597 813.55225
768.6892 510.9189
786.10144 1418.7971
987.93335 66.86667
1301.0535 796.9084
924.4648 1159.338
834.14545 1090.2545
885.16327 1216.7959
27.96 1456.4
617.8387 438.7742
211.68056 679.0139
544.5478 959.7197
1334.561 269.41464
867.52295 1207.2018
1466.7931 221.67241
842.5922 496.30096
1256.8077 283.41537
131.12903 994.129
789.82477 161.40207
1057.7433 1422.5135
245.03572 587.7143
961.03125 696.71875
479.85294 599.9706
1378.9231 137.27692
891.3182 268.4091
411.53226 1430.0968
865.1667 786.7971
944.54083 1218.4694
104.066666 1264.65
170.14285 256.1238
364.17023 1286.5745
1300.1194 246.0
1089.5416 757.7917
521.35596 1150.1526
588.03174 167.8254
499.6154 1458.6346
486.84662 782.4724
1292.5084 731.8983
1053.6974 418.01315
485.954 684.3678
1191.6237 307.08603
735.8461 108.38461
666.19116 1283.6765
1443.7812 1142.5
1228.6072 348.7262
117.64865 808.4595
1279.9756 808.29266
1391.1666 61.466667
1216.2024 797.8929
1328.0851 628.04254
819.5161 1435.6129
1418.676 58.830986
1075.4183 253.69388
779.33795 1362.0206
1225.2784 520.7342
833.7541 284.16394
1447.6522 103.521736
852.5542 1189.2169
1065.529 1414.5581
356.66666 1361.1265
934.53064 1218.0204
1395.7797 789.20337
978.8843 1231.5206
481.76923 733.1667
520.85364 677.7805
837.1496 680.3937
89.71429 909.4762
1220.5641 1496.2307
1229.3636 1181.0682
773.35834 749.0917
66.5 1393.0492
44.217392 1447.6957
861.82654 762.12244
1049.1852 234.08643
768.6892 510.9189
99.36364 1458.8636
1100.7838 835.87836
769.8585 416.0566
564.6751 696.934
1328.0 585.5
1241.5343 784.452
271.86667 696.61334
442.1239 1466.2832
618.58826 389.88235
826.2683 532.4878
838.2647 164.63235
1340.7291 175.77083
1202.519 785.6565
836.46 857.84
605.9697 908.3788
766.3644 1047.3898
518.2037 749.9815
662.3333 638.2833
520.7049 212.83606
741.13635 893.0
1239.5474 491.42105
82.289474 1080.2894
927.9659 180.76137
799.54285 1102.6428
767.16364 574.8091
200.90909 1269.303
115.41304 345.36957
1201.2858 902.6667
963.6667 1270.2222
1130.816 772.1494
1325.4731 1300.5054
1363.0099 1110.901
415.8889 1482.2222
262.48053 1469.1299
1019.9286 872.4286
899.375 122.145836
610.0227 1362.7727
473.3158 966.5789
104.671425 1272.0571
395.9697 321.0606
675.6286 495.85715
1054.6897 918.5
592.27545 1259.6886
882.5781 907.28125
1342.596 121.0
286.47946 897.13696
1265.9565 1096.7391
538.5857 113.72857
1009.36523 694.0348
608.82715 961.0617
811.92957 224.00705
463.98822 432.64706
818.2771 589.1988
540.8837 1125.0
1218.9762 498.7738
654.2381 528.381
1419.0273 310.6233
64.17347 1494.9897
179.13846 1001.7077
33.975 879.75
932.7568 265.21622
1241.7411 335.86606
1271.3392 546.7679
785.0 942.61017
1282.9241 757.6709
757.3333 956.24445
23.81 559.04
290.34885 857.7093
1434.9803 1197.7255
705.11224 744.53064
1357.6177 411.32352
1395.3096 1109.6904
192.72917 1474.3541
811.92957 224.00705
1456.2084 1453.5
883.3964 686.9009
789.64935 1474.039
861.1044 1002.4435
1043.3096 882.4762
1235.2646 269.7647
251.74667 1467.4667
697.1746 1447.0793
1325.7297 103.0
1350.8684 532.3904
1388.6863 106.35294
1464.3556 508.73334
1142.9824 748.6842
1206.7693 836.6923
535.0926 496.85184
1042.4667 1382.72
1313.1052 18.666666
143.34146 1013.7805
1331.0658 1260.8684
182.05128 1489.8718
656.1515 1493.2727
794.0 1436.0
454.17242 1493.7931
1088.7356 1221.5518
75.86207 36.57471
837.464 769.04
398.5 1299.1842
1456.4045 269.89886
529.25336 1118.56
909.7407 88.49383
1134.6814 53.141594
1110.0568 19.238636
935.3939 419.24243
317.83334 483.57843
511.28262 471.3913
722.6429 443.59525
1402.6923 1113.1282
468.8816 350.6842
928.35486 982.75806
650.71136 512.3299
745.3077 417.8846
62.51852 920.55554
511.88635 616.6818
1409.66 702.19
1425.5555 1135.7142
1486.9386 881.3509
1211.9395 186.24243
811.92957 224.00705
630.9737 555.6053
590.5323 881.0968
878.58905 464.17807
569.5179 1114.9464
411.53226 1430.0968
850.7619 920.4881
105.01818 442.9091
1277.3945 917.51373
1379.95 1152.2
616.1667 1176.9855
754.91754 1053.4124
143.34146 1013.7805
194.10112 460.71912
1412.2609 720.8261
1129.8701 1189.3247
1137.2354 183.76471
554.0411 1082.3699
691.2341 818.5106
80.75 645.775
1329.9358 921.9633
782.1803 277.03824
650.6169 413.60388
1055.3214 817.7738
1407.4746 965.18646
1139.925 1477.975
199.5 1447.371
712.9248 432.09775
988.57776 1385.7778
474.64645 1156.9192
939.35297 8.152941
1472.9714 347.17142
1270.1772 1480.0632
655.32355 1353.4412
610.1582 727.81354
1313.2 272.82
875.5289 572.6731
1249.0 523.0
537.7523 710.3395
939.4359 1434.1538
1216.75 168.76042
282.27103 979.1028
27.96 1456.4
706.03125 1432.2031
34.566036 1351.7029
355.80264 1393.3026
207.30556 611.1111
511.2037 309.3889
1043.3096 882.4762
133.0594 448.14853
746.2162 733.2432
630.4872 597.4103
1155.2 1496.6364
723.1852 621.9481
706.65814 359.0357
71.70229 814.3435
529.1475 1244.8524
1073.6082 704.58105
956.0909 148.09091
1284.25 1468.8452
19.40909 1362.8636
1312.8916 1202.6024
81.45071 613.60565
411.87805 1259.6525
857.45874 930.8716
729.1515 193.27272
113.24 60.68
461.04504 1173.072
1072.0847 159.1017
1019.1818 1147.091
194.22858 1316.0
1447.4878 126.82927
1145.8495 226.10753
429.90125 1309.642
640.1228 814.2193
922.8261 269.30435
1135.78 1111.92
148.54546 1328.659
918.7659 603.2766
1219.338 294.69016
1279.9756 808.29266
827.64386 1009.65753
534.20966 631.79034
395.94736 1385.2632
754.73334 427.01666
414.17606 219.92958
1047.7537 20.89855
1031.883 1024.6624
15.743589 987.71796
1131.7241 761.0517
379.0 227.72116
386.28125 1424.4688
919.91174 1073.8529
543.64233 985.6204
1251.9395 301.12122
772.51166 518.0465
742.6458 1342.2916
791.825 878.625
848.68054 4.0277777
467.01886 424.56604
902.2348 33.756523
232.02222 550.2222
224.34616 1498.2693
1142.9824 748.6842
1248.7848 1130.4304
423.81818 94.95804
601.567 974.6701
903.1339 768.0893
1197.0 792.88495
576.81036 1040.1897
153.54369 1044.2621
813.44446 1011.0833
911.275 391.325
1018.1868 1159.3956
1109.88 882.3467
618.1786 1330.3036
1277.1831 1257.0564
376.45 490.625
839.3555 1452.5555
900.86957 1023.48914
794.95715 1164.7858
972.02563 445.84616
833.9506 355.2716
514.1163 608.5814
525.1028 1085.3364
1209.8372 616.8372
1410.5245 180.85246
543.86554 1278.8823
904.4754 1045.2869
1284.7976 226.70238
1437.5775 624.1549
946.2857 647.9286
1333.5 1371.5
1252.186 1184.0
502.5263 464.807
167.42197 1438.5896
618.58826 389.88235
512.43475 846.5761
526.02704 1140.973
154.16667 1429.5
76.882355 592.22687
1134.44 199.97
1306.6111 285.30554
1233.3091 733.36365
773.72974 1331.4595
956.4312 977.88074
919.3452 1017.381
779.082 613.5574
323.73215 351.76785
936.8358 1042.7015
443.1111 380.22223
719.6702 260.03192
47.95 616.5
549.68494 1403.8219
1229.1091 212.29091
1114.5059 145.97647
801.4595 1464.7838
723.9149 1199.6383
1402.3429 1081.2285
766.2321 160.07143
439.54285 321.97144
1044.8018 1087.5226
356.45 396.65
1128.4546 248.64647
1023.4387 1081.9354
451.488 22.392
819.3333 484.91666
974.83075 182.61539
532.3555 915.4889
1352.1279 166.47675
827.14667 90.10667
690.8302 1368.5283
1243.0 71.59722
587.127 606.0476
350.22223 579.5714
169.56963 784.03796
606.50604 1349.3374
952.3571 413.43878
99.84259 778.55554
794.0 1436.0
830.0822 782.6027
532.3555 915.4889
751.1685 230.61798
1131.525 42.075
552.08 1146.4
984.5 984.0
760.7143 107.02381
80.2 1330.225
1241.7411 335.86606
234.2963 1102.3334
1370.0 1052.9117
297.4516 598.19354
889.35486 877.8602
511.2037 309.3889
1351.4697 716.6667
751.9457 946.3587
1148.3334 583.2222
155.5 658.0769
1465.4639 534.5361
967.8778 1083.7333
527.8387 791.7742
1401.1333 1105.4166
1217.8451 681.7324
1.88 975.96
1305.4059 1433.9406
1214.5 881.3214
578.1212 486.76767
1272.1327 1289.3717
354.67856 1385.8214
1467.7142 129.19048
167.42197 1438.5896
501.64517 1147.6022
454.43802 355.90082
34.97561 1427.0731
786.9184 1042.2858
1232.1464 957.5691
671.32306 105.323074
835.5714 1211.5397
1179.9517 782.20966
206.33333 1497.8628
1419.4722 131.88889
1310.4036 1421.3684
1246.84 1164.44
612.4717 425.80188
1369.7402 131.74026
1102.4688 66.34375
625.09375 1103.9375
1288.2653 912.0952
430.062 1189.0853
81.45071 613.60565
610.80597 1108.7462
1166.7606 410.94366
1382.6562 290.60938
1063.4324 634.56757
919.4054 355.3784
468.78262 726.31885
569.4074 473.19754
1456.9584 944.6667
214.90909 1361.5454
1103.3097 224.19469
1408.7122 1260.1061
207.30556 611.1111
7.418605 1379.6511
1192.7122 1158.6818
447.9589 485.43835
411.87805 1259.6525
1363.8105 186.29474
745.425 410.5
300.5909 289.54544
774.0909 1141.9546
738.5077 194.83076
512.43475 846.5761
525.6111 1417.5555
1040.9574 930.04254
460.9189 19.108109
249.9322 1281.5254
857.4143 632.9286
321.27142 861.9286
981.9792 873.7708
1495.6666 590.7778
582.125 911.3897
548.45795 701.64484
214.23958 277.5521
1463.473 18.81081
109.791664 120.895836
65.1875 1486.0938
638.3947 1307.5878
466.925 1120.8
1076.5646 325.25806
640.0641 587.97437
1470.258 121.66129
706.65814 359.0357
836.0 73.0
745.3077 417.8846
1024.0984 707.65576
766.3644 1047.3898
924.2353 1469.8823
1230.776 120.376
1109.8611 978.4722
1183.0 908.1739
746.7155 98.35345
1466.2646 1148.8235
440.5 1109.3636
936.7317 133.86586
862.3019 1136.3962
1349.0093 1123.8334
578.16 1164.64
185.14583 1040.7014
1185.67 570.1
1297.9706 542.35297
1392.6 265.1
1166.7606 410.94366
1479.5 1426.5
1172.9 715.61
118.525 788.65
1335.7362 278.14285
197.0351 1127.4912
644.5814 633.8837
645.2471 1269.2706
1065.0526 431.94736
63.938145 131.87628
111.2619 1462.0238
610.0227 1362.7727
1242.5447 1152.2439
674.38635 682.88635
1143.2821 776.61536
464.32812 470.89062
430.8095 70.14286
419.03305 872.8182
611.46155 1260.0769
1151.4725 1198.7583
610.91113 759.2889
295.33734 589.24097
1365.92 1270.58
1012.0 260.0238
1079.079 525.0789
437.0876 331.52554
157.42056 483.2617
1117.9935 530.4286
285.08694 662.6087
757.3333 956.24445
54.35294 1331.0588
1229.2894 1101.9474
1217.0 617.5
1351.4697 716.6667
1170.3103 898.5517
1031.0526 267.23392
756.67566 410.44595
386.6316 755.7193
# COVID_SAMPLE_6_ROI_1
97.02564 419.51282
953.1028 725.1215
1898.875 267.4643
88.21568 104.84314
1860.8243 628.5135
1692.1025 144.0
1389.4783 290.02173
135.90909 308.0505
1759.1398 944.4301
851.1389 502.3889
224.61617 44.585857
781.8409 496.75
771.1389 551.5278
345.44156 424.89612
940.075 900.45
126.878784 558.57574
1805.418 231.22388
1778.9667 859.43335
1885.3 812.86664
87.695656 890.56525
1988.0869 324.30435
1759.1398 944.4301
117.96528 632.4236
1023.6977 741.67444
949.86725 560.41595
523.71234 398.726
274.6377 966.86957
1.7045455 163.68182
120.14286 847.1429
49.150604 417.93375
88.21568 104.84314
355.84482 242.18965
1890.075 562.9
1716.8209 893.67163
1696.8846 924.3077
1942.079 623.2368
1740.0702 981.9123
1907.6216 303.3153
1551.8445 9.681481
1515.5 997.975
230.87357 58.890804
1778.4022 649.9239
1507.9 262.14667
845.8977 651.625
293.68375 512.73505
568.8461 742.87177
134.64865 761.4054
225.64949 977.15466
1731.9387 85.65306
91.38271 636.6543
607.29266 589.7195
10.769231 280.80768
1924.0435 138.04347
682.90814 920.33673
119.068184 367.375
1766.0238 856.70636
470.25 416.3846
1801.3684 321.39474
103.02564 487.17947
1860.8243 628.5135
1871.0 671.0
1725.8594 86.765625
1793.42 570.28
1857.2222 936.2315
1755.5363 53.275364
459.09232 800.7692
80.13793 793.2759
43.594204 80.68116
827.18 1047.84
1622.0869 57.434784
1430.5 1085.0714
600.44 981.08
91.38271 636.6543
961.1389 822.5833
643.85913 578.9859
1784.7255 423.37256
1752.8853 816.26227
897.6882 544.3226
245.36765 922.39703
632.3951 845.69135
1690.7467 940.5867
286.08218 948.2192
1866.7656 977.1406
1972.3182 91.76363
1039.9305 699.8889
1775.0536 796.4643
633.7167 560.1667
456.78162 450.7931
549.3571 679.5357
518.1017 380.84744
1877.4143 869.9286
1236.3292 576.4146
613.8071 1011.1286
619.2 1017.56
93.0 556.5769
1816.1945 810.0833
464.0099 219.47525
1093.4823 569.0706
39.62162 299.24326
503.43478 242.17392
1119.7273 628.61816
1857.0706 311.63528
400.95523 110.32089
1682.6038 7.6603775
1869.8718 663.12823
531.26624 180.12338
1580.9915 979.2564
1834.7 429.89166
1694.4595 605.4054
438.20312 437.10938
1778.9667 859.43335
1888.1978 504.64835
38.358025 745.23456
1923.5421 216.24097
1965.2822 344.2638
340.809 139.41573
11.7109375 231.42188
1988.6514 400.211
1972.4432 755.23865
1787.9065 308.42447
988.6 773.92
598.65686 1025.0197
1770.1794 161.28206
261.7604 103.375
174.48215 111.42857
1843.5631 157.47894
747.09155 1045.9436
1864.7021 730.80853
1015.56604 897.4528
808.34283 887.0
332.54068 310.1579
178.96104 446.36365
896.52136 1053.7435
331.98486 141.01515
315.02856 536.1857
476.88 413.2
977.38464 1077.3846
957.70966 401.7097
1901.8793 258.93103
1610.5555 701.6445
1096.8512 326.2976
1551.8445 9.681481
185.63637 330.0182
1024.2593 581.6049
1768.8334 68.52778
449.77777 666.2222
7.952381 480.8095
1887.7554 894.117
1775.1765 128.33824
319.62186 200.45378
168.1875 114.515625
331.85715 6.102041
1531.439 1016.2622
1724.8163 632.7653
1060.7667 132.65
563.5 597.0833
1850.5363 1001.1594
716.9725 845.66974
326.13513 284.9189
1910.122 75.65854
1727.3077 810.2436
150.37837 873.6486
1857.5927 150.81482
473.67963 143.09709
371.85883 384.41177
333.06293 284.97202
1928.2565 1048.5385
953.58026 985.9259
1602.47 29.5
167.61539 295.17947
692.5 1042.0428
665.44293 346.42953
205.46774 3.6774194
236.09334 276.85333
1954.5 30.631578
709.2763 146.53947
878.0761 980.2174
1955.8298 72.74468
529.37683 725.98553
1151.303 770.1515
1955.8298 72.74468
1568.5873 41.904762
70.02857 617.3
488.64474 904.3026
1934.2745 148.19608
194.0 322.13513
1776.7341 180.60759
347.025 146.6
753.4268 652.3293
1840.1538 1010.6539
1802.25 201.10938
275.42856 115.74286
1583.1448 1003.0921
563.08405 632.2185
983.087 1018.7826
1184.3334 539.0
1586.6586 1025.8292
685.9559 1048.4559
1548.4509 1005.598
501.32 171.304
1260.0278 829.0278
125.19355 743.75806
512.8125 126.6875
1809.9215 300.33334
1427.628 558.8678
80.680855 894.57446
983.4 584.975
1548.4509 1005.598
233.5 1082.8617
806.2 1037.3867
1992.6224 458.3163
62.322834 722.4173
1994.6364 529.6818
1995.2759 5.643678
1184.3334 539.0
560.0247 561.69135
670.1628 874.1395
493.44446 273.16666
74.62264 612.3396
907.9524 983.1905
781.9551 902.23596
560.6539 878.78845
886.274 585.43835
1762.25 58.5
616.0351 857.386
1981.042 449.55945
1881.0441 69.95588
1700.359 916.97437
141.10638 59.893616
1871.6818 796.5909
1776.7341 180.60759
697.4194 959.5484
449.77777 666.2222
1835.1455 730.1818
204.93443 147.32787
1651.5238 834.5833
1750.9277 68.83132
556.5185 723.1111
1696.8846 924.3077
1147.625 764.15625
1855.8256 3.7325583
75.8642 550.41974
1843.9824 707.4211
1606.8524 941.918
892.2451 986.4902
977.8372 810.4186
451.3231 298.4
1794.2941 316.74118
142.59793 527.2371
686.4706 956.098
1000.625 783.0833
1026.7097 839.3387
805.60376 1056.434
1622.0869 57.434784
900.2781 348.40237
1382.221 571.1047
988.6 773.92
1888.9237 358.6356
1833.7709 153.91667
1985.6538 467.32053
1772.5243 62.86408
1067.1235 767.80896
144.7255 67.43137
1651.6235 13.788236
1841.802 86.38614
1667.6757 157.83784
1959.0416 36.583332
81.90714 733.72144
325.77875 97.42478
1043.8854 794.7917
91.38271 636.6543
902.0248 892.95044
1195.6194 182.5
1571.3024 8.627907
1836.1875 179.875
929.43243 1071.7972
140.75 339.0
1667.8136 859.2542
1819.875 731.84375
1778.1917 986.60834
484.72342 165.7766
1696.8846 924.3077
1925.5841 191.71681
296.82977 527.0
1993.8334 736.0238
1946.0492 122.459015
373.99194 140.64516
1758.98 930.46
319.30984 307.33804
332.53488 157.06976
637.13794 823.7012
1944.9131 386.78262
37.151897 225.55696
1430.5 1085.0714
# COVID_SAMPLE_6_ROI_2
28.064936 977.0909
315.6389 1076.6945
1274.2858 276.73468
1066.2667 306.5
1314.238 271.3095
380.29245 439.98114
1286.9504 528.9208
196.5747 1051.7471
991.44 574.2
718.0 1150.7097
889.0645 1069.9354
289.72882 915.5932
678.3939 511.9394
1042.3773 919.22644
1156.2028 697.2027
1234.7656 421.8125
996.80646 342.8387
46.454544 1057.9318
658.82855 1024.1714
1359.8823 885.5529
1236.8 867.88
1275.7703 209.8108
697.67645 222.08824
660.90625 516.25
1339.4889 678.8
930.1579 482.6316
863.4386 785.0526
707.21313 303.90164
934.85187 1140.2222
152.25533 9.617022
47.59322 862.7458
499.57333 967.2267
378.36667 231.63333
1032.4 1195.0182
1005.87036 537.3889
1145.7958 164.47183
758.3 284.64
605.81134 201.18867
606.6875 771.46875
1290.415 1021.7547
871.7975 777.8481
277.84 876.32
1398.6333 323.36667
421.66037 221.32076
950.15686 330.01962
1345.6 650.94
1313.8816 81.81579
1103.7637 865.2909
524.07245 267.08694
1286.1045 338.0597
1340.825 707.05
1010.91895 583.5405
345.88 1091.36
587.86597 1126.0103
808.5139 959.0139
1272.5625 865.25
758.94543 1214.6182
688.7833 499.75833
1031.9272 794.34546
752.6667 908.4533
1419.8228 104.93671
885.5536 439.32144
1076.8064 585.52686
864.09436 112.64151
3.7534246 488.26028
212.825 855.05
1294.2916 271.45834
529.35803 443.5679
530.7222 156.33333
1101.3452 639.2143
941.678 212.30508
1360.0156 684.6875
1294.2916 271.45834
30.304348 911.73914
1324.9467 82.52
574.20386 1163.7767
152.25533 9.617022
813.3239 420.11267
54.40594 887.8416
663.6129 239.19354
436.44232 173.23077
997.2679 847.6964
980.62067 1119.3103
695.96155 603.53845
929.97296 469.24326
493.12244 254.08163
301.84616 430.55768
614.9474 142.8421
26.192982 162.6842
962.02356 781.4471
729.5942 604.86957
332.06848 1213.3562
1199.0857 776.45715
266.53488 945.8605
623.91113 731.7111
328.09756 1128.4878
538.56964 741.5316
789.0886 826.9747
584.47705 650.22015
683.8675 1171.024
658.6111 1129.5278
229.04854 58.40777
1036.7667 252.55556
854.9 871.9667
489.7553 359.18085
1055.3334 452.0
1299.7222 261.91666
713.93335 797.06665
224.7317 927.1707
1336.6666 31.875
1166.3889 111.47222
1483.6488 178.64503
934.85187 1140.2222
1266.7794 214.33824
1385.1482 897.7407
654.381 51.61905
717.3182 351.31818
361.8158 971.8158
241.68852 1009.7213
1063.7046 782.6023
645.678 514.0339
885.5536 439.32144
1095.9 1111.9
1273.3462 1213.6538
709.3442 27.069767
978.1405 867.36365
1272.1488 562.35535
604.3077 1128.5
845.3736 135.28572
328.09756 1128.4878
791.1458 816.2014
28.6 959.0
444.7097 1018.3333
1158.079 802.2105
430.78787 118.42424
253.4762 634.3333
586.0 262.97754
1476.01 1051.27
851.2381 220.85715
976.8687 20.666666
1192.5652 871.1739
1095.9 1111.9
1077.3815 159.76878
1246.125 43.0
654.7033 500.8242
271.76624 981.8701
95.560974 946.5854
76.7377 899.65576
1320.6222 690.44446
66.0 925.0
573.96155 182.17308
1473.878 1164.183
517.26666 499.96667
1306.8286 243.11429
1105.6222 233.17778
138.09302 75.83721
1159.9395 902.6061
1495.5 1103.0625
644.9029 1033.7379
222.64583 534.7083
1253.1754 1056.7368
674.4 375.06668
1103.0735 698.9559
698.5077 260.26154
615.14813 1144.9259
1131.7046 146.77272
680.2 1054.5385
689.8387 972.0645
537.25 300.82352
939.13043 83.521736
741.6786 471.5357
648.4528 301.3585
321.16666 1233.0513
1064.4166 505.64584
1141.6666 1110.5
1417.84 166.32
1410.2941 821.2059
1327.685 623.4803
993.53125 1140.9062
884.4737 427.26315
29.265625 986.5156
806.0961 230.57692
1183.5 787.6071
838.902 1036.2745
386.625 470.25
422.225 201.1125
508.87122 190.40152
789.0886 826.9747
855.93976 451.86746
950.4308 292.96924
918.7727 292.47726
540.2547 282.99057
1220.5862 803.63794
117.818184 863.51514
1040.1975 1173.8148
183.6923 885.7692
928.9091 79.90909
564.7714 659.2286
1310.4248 597.32745
933.7083 75.375
214.07246 174.59421
1476.01 1051.27
954.4603 249.07936
1411.303 22.39394
723.1807 1234.0602
537.9091 729.3939
532.1111 291.5
287.05334 814.4133
366.45456 519.75757
1459.1538 1164.3297
728.42554 1147.9574
482.0182 797.0
1327.4584 677.81946
744.2167 612.85
511.59525 511.0476
809.23334 220.26666
1021.05884 258.11765
1236.973 876.4054
626.8095 257.7381
956.46295 238.88889
1458.0625 236.41667
589.2414 1223.4828
558.4815 264.37036
109.04082 1205.6735
285.5 30.0
541.675 474.425
966.76 760.50665
208.76 1147.04
877.9439 837.82245
1108.3125 180.6875
690.69147 414.2553
105.18023 534.7907
610.4203 1229.8695
1032.4 1195.0182
1066.0846 913.6539
481.28845 270.57693
252.33673 832.66327
237.71187 984.9661
1214.6091 351.52728
610.4889 197.77777
60.80357 822.8214
511.25 465.95
993.23334 510.73334
1486.878 544.9756
1436.6274 97.196075
992.74194 1102.742
511.59525 511.0476
723.1017 562.38983
488.74698 983.5301
1282.4117 273.451
1189.6428 375.39285
999.86566 562.0
165.1 1149.1857
1077.7126 539.31036
853.9016 800.54095
688.04877 626.14636
1131.381 136.95238
214.34616 321.34616
1093.8817 54.08602
991.53064 463.57144
283.375 11.083333
5.686747 88.156624
638.90625 1041.3438
1308.6072 1104.0358
532.1111 291.5
874.169 369.8169
689.17523 1161.8453
314.45282 25.522013
914.375 888.34375
380.17856 476.9643
752.4286 970.95917
837.63495 462.57144
874.32184 940.7012
452.59573 101.78723
1392.871 28.655914
800.7889 904.4667
233.4253 843.3563
404.57574 834.8788
# COVID_SAMPLE_11_ROI_2
64.152176 498.58694
1249.661 335.01694
602.8333 1369.3718
1301.3982 1225.0133
1445.7709 1156.1459
2256.3108 591.2432
656.4359 1320.0769
154.59091 614.75
54.42857 284.38776
1233.9681 286.11703
2405.9678 909.6129
2216.1133 1249.4717
952.37177 191.89743
324.04587 832.45874
1763.0149 882.8358
2435.8 1307.88
1710.75 1375.1459
1183.6945 582.0278
708.5224 531.8955
2425.7727 1083.7727
906.7679 405.4107
68.53333 915.76666
2156.8286 14.971429
354.03497 767.94403
1083.2979 310.93616
210.66037 381.0
1637.4773 791.0568
2216.8523 676.7727
1062.7778 1175.7374
8.869565 27.782608
2470.6777 167.2562
1823.9836 26.754099
1403.262 826.0
2110.9324 1168.8046
38.79452 1119.8904
154.11111 1248.7249
951.7143 478.05356
871.46466 919.7475
983.5769 297.98077
286.0723 220.39758
1671.8948 663.5263
2005.7977 57.348316
1005.1702 380.04254
574.01886 14.867925
1570.2987 1154.6493
1273.3243 289.43243
5.2916665 78.291664
528.8461 34.371796
1505.6216 1099.6757
72.577774 1002.5333
13.827161 175.85803
2037.6621 933.82434
1491.1714 935.4429
116.3253 1409.3615
819.0851 682.0851
589.06 975.9
2029.2028 432.2027
1150.663 1239.3146
929.5 522.3214
1571.4045 212.80899
374.92856 557.7857
1241.1882 1196.5411
1056.3334 884.7292
1732.6548 672.0357
203.95833 1431.25
2298.376 729.376
121.85542 198.86748
2266.3 959.58
284.61798 309.95505
1127.4242 154.39394
2059.366 625.2561
932.68 361.97333
225.7381 860.5714
161.51724 848.0172
1442.5209 188.09375
1598.371 461.69354
870.0952 849.0238
508.14084 1454.8029
988.7767 1289.903
1306.1621 947.8378
59.38 1074.78
256.15686 802.549
1776.44 873.08
368.1905 1149.238
792.36957 410.88043
1209.2021 200.91489
1996.9294 49.611763
1360.3838 286.45456
1749.9694 1206.5306
2374.2083 1440.3438
723.9474 1341.4736
1402.7551 1217.4286
686.2857 1417.3452
854.93024 203.53488
239.02222 72.244446
2349.015 606.16296
1303.5883 242.20589
223.28235 515.0353
579.06665 898.8933
74.87302 243.50793
1548.0186 1198.4814
250.09575 914.56384
2045.0968 575.27954
2073.9656 408.2414
375.1905 1248.1428
1344.688 1469.2695
665.67645 813.41174
2193.978 1223.5275
1690.5 1400.0
1108.6945 193.63889
1202.56 1044.92
909.86206 593.7586
253.52174 566.8261
815.982 1028.4414
209.17924 1427.0377
1353.2354 63.132355
530.62384 751.0184
2128.0 59.0
393.7395 612.46216
1197.5 612.5
471.93182 1250.9318
308.33804 332.70422
566.5102 281.08163
457.93103 812.62067
2060.1396 973.55817
1553.7693 1009.7692
2452.6538 648.5513
2451.2617 1333.4113
659.7091 340.23636
1193.7542 551.63934
769.88 463.36
641.10474 613.17145
457.3143 317.6
462.21875 745.21875
2350.677 1389.0461
2310.8572 1433.8096
1596.2051 398.41025
1153.6543 1274.2222
1452.1504 673.38055
1894.3914 477.08694
1808.5802 416.44446
475.60504 704.0504
2006.1666 728.125
2295.0637 908.383
1491.965 826.386
1866.1351 100.945946
2293.5166 1354.5494
1774.2712 372.74576
972.26086 473.82608
1050.7037 877.8148
2117.2 89.58462
2344.6597 981.95746
2460.2346 1446.8395
1259.0569 1231.5935
1600.7858 169.86905
1155.039 1124.7662
325.6607 190.94643
1195.6616 261.6767
2186.8513 114.016525
114.083336 434.95
2274.5334 1336.84
1783.1364 448.0
2302.889 871.31744
1386.4688 690.125
1580.9221 1115.3116
2329.3982 1053.3055
830.8261 883.56525
802.3 1358.1
1915.762 478.38095
1437.3827 1213.4321
729.4524 1431.5
1725.6307 769.6308
442.5 931.3947
865.3488 727.98834
548.0968 422.0645
450.47437 885.03845
45.714287 2.3214285
1653.4479 1208.8125
34.48387 417.62903
734.1875 577.46875
1288.9412 834.6177
119.94827 330.55173
558.3803 1288.7465
539.3719 267.719
703.98834 1144.0581
1020.91895 726.6486
1434.6031 824.36505
584.1852 839.1111
1470.5333 299.48334
1220.25 62.238636
737.1667 1322.1296
2329.3457 877.1358
930.0741 596.6667
1953.816 880.89655
1566.2903 182.88171
845.30664 711.13336
2171.8855 587.1042
1429.0 42.836735
265.70834 844.0
2378.6667 1412.35
1516.3829 513.29785
7.3444443 211.62222
1410.5 276.23438
1382.4791 227.51042
233.56818 1013.5795
228.25731 1320.386
83.13636 409.6591
1826.6666 469.81482
1171.3423 312.43243
392.6 1273.9294
353.4203 239.42029
256.15686 802.549
1054.404 343.29294
1535.1017 598.1525
2145.8608 656.68353
1021.1447 840.75
1542.1428 984.1905
220.06796 147.03883
175.5 326.57693
1695.3334 1362.4921
777.7882 195.02353
1395.0746 490.64178
2441.3691 643.1308
1360.2909 624.2364
1601.1842 582.9474
1604.4459 1166.581
1057.3928 1318.869
1122.7733 600.16
2178.2222 51.47222
1223.16 936.32
1177.4362 986.7341
946.98505 423.64178
1612.6165 638.3699
385.9355 314.87097
290.10168 256.60168
244.54054 1381.6577
970.1096 1213.8287
2077.5312 421.64062
1308.4674 906.26086
854.2651 265.19278
657.14636 305.12195
1604.1692 1396.9308
2123.9656 737.5172
1242.2115 980.3461
97.32184 482.17242
2345.8333 1107.3889
380.71875 410.03125
1852.7905 1218.781
800.275 452.05
404.96826 906.6667
1505.5 915.0952
1367.6974 402.2237
2275.4243 905.0303
307.53333 114.577774
960.7931 506.0862
1227.0763 820.94916
1496.8572 684.2381
1683.43 211.39
694.15625 435.625
267.25317 562.7215
559.5 1451.3
822.6323 759.44116
139.2449 1362.0613
2302.4211 1304.1316
1497.1515 1213.2122
1304.0745 636.15955
1913.2687 502.43283
2448.4226 1352.0
1960.2242 126.57944
36.568806 466.33945
1846.0435 573.63043
1379.2075 137.29245
1705.2386 818.4091
1526.0 1004.86365
1205.6182 1149.4546
742.95386 1259.0923
574.1667 320.16666
672.7917 890.9167
1453.1964 129.125
1425.3143 1471.0
1924.5325 1225.4805
636.7 918.8333
316.2093 902.76746
86.55556 1104.9445
790.11475 426.81967
743.4286 430.5306
1103.7561 58.02439
1665.7037 1471.1482
1164.8 1230.5375
788.2647 273.4853
1486.5471 1483.7548
1711.9827 881.5391
1661.3135 211.56717
591.1667 711.43054
643.322 1032.9661
1791.069 631.1724
583.4889 880.75555
225.06061 105.15151
112.49462 133.66667
1031.9111 1152.6222
1099.7424 1238.8788
447.23944 1044.1971
703.98834 1144.0581
495.64285 1008.9643
1066.45 305.15
1628.772 681.6404
1365.4684 222.01266
751.1739 426.88043
187.14737 934.97894
532.625 1120.2125
1459.7709 363.95834
330.90323 590.79034
275.69016 283.29578
1863.7018 421.1579
2094.8901 1045.5122
2328.0 34.808823
2310.0454 1088.409
1923.3077 1056.5538
2184.4595 932.37836
496.50748 516.209
1556.34 44.1
925.9039 744.91345
1892.3928 1274.4286
2184.1133 870.69073
448.8919 725.3446
1616.6232 908.68115
963.2083 1317.5139
1445.0 719.0
1872.6857 116.74286
1077.5 776.88
2157.2573 146.0594
2231.678 835.61017
811.58 1149.92
1820.8833 1162.75
1557.2366 1274.4409
782.75 209.5
956.96 371.58
858.2245 639.59186
800.11865 1444.5763
1209.9524 431.07144
1026.9744 4.1538463
579.6984 908.6746
1867.4474 585.1579
1563.6515 290.0
1290.3334 94.40351
756.2843 1130.9509
2325.5 1211.0
2045.0476 463.61905
1074.8269 839.0
488.04285 997.2857
1384.3334 1276.0857
1776.1798 29.292135
1234.6892 1256.3243
401.0125 1119.8625
1799.7291 4.6041665
518.72974 392.55405
2006.4324 24.432432
924.6638 116.97414
2414.9167 1348.3611
911.1184 412.19736
1084.0408 780.7551
1260.9277 241.77109
2331.9167 1228.0278
216.23424 1457.7478
853.06604 726.48114
1638.8148 100.40741
1712.12 1467.2
1829.2233 805.31067
910.8 556.375
199.08888 376.21112
1934.3064 1145.129
1236.86 714.7
2069.5 941.0
1179.0469 83.78125
1513.3956 687.2747
2216.8572 704.1111
687.1818 277.06818
850.5 1374.6945
1019.2857 645.30615
86.697914 47.270832
487.07407 171.44444
1859.9524 497.0635
133.85858 562.9697
2367.3462 1336.9423
1344.7561 378.85367
820.6286 695.34283
542.4154 424.07693
1029.7021 1337.8723
1711.6562 1412.1875
1463.2972 615.1622
1945.0 467.22034
1395.0132 276.25
658.0 643.0
1602.8837 416.02325
2174.209 235.25374
248.8353 129.15294
1493.3116 575.1169
932.9459 546.7838
930.9194 1425.6936
513.4058 285.69565
455.98 1464.02
884.0769 829.2564
1576.9375 406.76562
32.070705 171.18182
992.5543 952.8913
1082.8219 732.49316
29.531746 326.00793
1250.1608 184.01785
2219.468 1241.9362
1519.068 319.9709
1280.9839 314.7903
581.5 611.1667
667.6212 387.33334
2383.4092 1242.5151
2229.6743 1010.0465
2068.6987 606.5422
523.2241 591.5862
565.44446 1061.0684
1260.3492 566.76984
1632.8735 659.8276
1658.7975 1246.443
1661.2394 137.87325
1430.7046 915.3182
1287.2858 526.3929
1253.0513 578.9231
1686.0583 340.425
506.6147 162.91743
274.0 263.27908
2256.492 923.4127
1239.0476 840.381
1614.7972 75.75676
1833.46 61.9
709.06757 1121.0
1786.5227 783.0227
1757.0875 300.5
414.26315 373.21054
1212.7572 371.67142
1522.5146 767.16174
1378.8679 159.15094
600.72644 539.1321
2052.5151 92.040405
1302.8523 691.625
907.0775 1194.0775
1258.95 780.06665
97.25773 265.68042
942.9231 592.5128
1386.3962 1285.5094
624.71875 804.96875
356.45206 1157.904
2138.125 1424.125
1967.5057 417.7701
348.73914 246.82608
141.33333 685.5088
121.01961 515.549
503.11304 1047.1826
615.61 362.41
2333.6047 850.093
245.55556 590.6
1168.4941 554.0
256.90817 67.0102
1958.3334 1039.375
1563.8 567.7
1090.4878 103.414635
1953.12 968.6
312.26828 1271.9512
583.5 1165.8959
707.34485 1272.862
424.96774 1004.80646
2155.8408 1478.6364
135.22472 79.16854
617.4706 1372.4314
634.95654 1400.8369
888.7031 469.54688
1899.8462 481.3846
1908.0317 510.8095
2304.8833 1386.55
189.89285 948.1429
1922.37 131.82
2348.9062 1249.9219
828.4706 935.36273
1232.4694 195.33673
612.2625 882.175
1174.7377 122.2623
2205.3596 1480.6179
1695.8737 704.54736
1079.8165 577.8991
1164.8 1230.5375
974.51886 1359.0283
1729.6238 204.84158
622.2432 973.62164
2231.1282 1077.0769
2076.3376 868.27386
2029.2028 432.2027
523.12726 657.38184
949.67883 510.64233
1056.253 630.0482
2350.1929 631.10846
642.9039 532.9039
163.59677 1392.1774
2465.6865 1429.4777
1446.3829 709.8723
329.22223 1172.2667
17.932432 204.5
2254.4473 125.76316
1749.4576 1160.4067
553.1127 278.14084
470.15 860.9
1746.2361 500.29166
2299.7878 1309.5758
663.0526 459.92105
1321.359 102.35897
579.6229 34.67213
1710.6036 268.6216
939.13336 563.7111
1494.537 1108.5555
2298.6487 1293.8379
183.88 1470.36
882.5 582.0
792.2 246.375
936.7381 466.14285
575.51544 1105.4434
2473.8572 144.01299
2363.8103 1386.6897
227.92969 977.2344
1785.1632 9.734694
157.20833 343.20834
1560.873 991.0
57.630768 116.04615
585.28394 1198.0
1173.9302 1307.8837
2293.046 661.74713
1488.6161 116.61607
496.82 1485.68
1042.9141 432.48438
956.18646 626.5085
265.20212 1200.9468
1529.0 593.7059
1499.591 1262.5454
520.24615 1201.3539
1461.0469 1444.0625
553.3281 784.7969
1801.1428 1150.2858
635.36664 739.88336
55.112244 1102.9592
290.41666 540.1667
2468.557 528.50635
1996.5 125.5
949.40424 968.06384
1629.6747 1478.0361
1542.1818 382.88635
872.58826 613.2941
1479.957 55.89247
32.122448 38.408165
503.16528 1178.876
780.8111 247.37778
1822.5 1286.0
90.01667 559.9
393.7395 612.46216
971.5982 613.6071
146.125 54.05357
5.7555556 1383.7556
1057.9423 418.05768
475.24176 374.02197
2396.4504 1227.8462
386.0 1280.6174
2026.965 643.807
1399.741 1463.1295
539.7857 1416.5
2313.061 1441.2439
2368.4937 1479.7341
2115.469 1196.6372
1159.7142 585.4286
2217.9434 19.811321
961.6539 943.1923
2097.45 103.1
176.05263 1106.5264
2483.5757 1206.803
438.60562 1130.5493
742.95654 949.6957
1342.2936 568.7156
214.96202 1066.1139
746.1087 263.91306
1688.8611 268.25
580.89655 1250.2069
465.5946 602.2432
665.0606 740.9798
210.72882 352.55933
2271.1072 649.4107
299.41934 798.5484
1693.3954 122.18604
2232.8276 1488.7931
78.77143 1034.5714
5.196721 66.909836
2332.365 860.8686
250.94366 50.126762
2247.1462 1485.8049
204.2078 316.0909
228.25731 1320.386
2228.111 1489.4722
1747.6488 363.9313
1376.2041 1388.2041
1809.0667 486.75555
858.0968 349.03226
880.7283 451.8587
538.06384 1305.8191
1470.6 49.266666
1725.1389 671.0278
593.7739 462.55652
1539.1154 520.1923
359.83487 246.3945
2316.7896 974.1579
1722.8306 161.59322
185.72728 1273.6666
996.2 186.9375
18.735537 27.413223
203.95833 1431.25
1895.242 1211.9193
1750.8049 346.5366
1167.0172 696.2586
138.32259 609.3871
59.753334 805.79333
1870.6666 995.0208
1514.2452 1360.3773
722.6383 387.68085
2168.0952 566.0952
1091.9048 408.1905
1460.4 569.1818
1106.2982 668.7544
1139.4912 1327.6666
414.63635 1068.3182
1969.5106 89.44681
1374.0066 1405.5592
210.30852 1406.5319
2325.5 1211.0
1193.7333 1316.95
2465.1 1394.16
1942.06 86.86
1784.2727 374.4091
869.6 814.325
2404.392 1261.9803
904.56 769.92
773.77313 394.7647
1345.7544 697.9474
205.61957 757.913
450.55103 363.34692
1937.3939 521.8939
600.4247 701.52057
1144.1964 447.48215
574.1667 320.16666
1232.2916 436.0139
1638.46 477.79
394.3517 1291.0414
1706.0 893.6667
861.5484 1482.2903
159.80952 144.92857
380.79816 1091.0
2155.4045 1270.7079
1063.035 228.22807
1778.5698 1468.5814
1592.3188 95.985504
746.3611 1206.75
2260.4119 683.2059
1574.5522 1091.0074
559.625 20.03125
154.80724 969.747
2066.2031 1121.4766
1367.6974 402.2237
2089.885 880.37933
174.25641 34.23077
236.83908 603.4138
998.2281 228.50877
1909.0238 1220.9048
817.9167 298.9861
1184.7819 686.2727
793.68964 1293.1034
2361.7634 1234.3334
749.36487 543.2568
616.4557 433.1519
2257.718 1138.5897
638.0769 1444.5897
935.5 753.77356
563.3077 801.6539
1514.2435 1093.641
2269.75 1497.4891
313.0476 944.44446
1969.4595 538.8378
316.44116 1132.6471
972.0658 690.6053
1462.9136 1375.9753
824.2759 631.68964
1190.4062 738.5
300.05264 1295.8158
2298.813 1015.4194
532.5325 4.4675326
1782.0286 1367.5714
1572.8511 946.21277
1994.826 105.847824
1695.3334 1362.4921
617.4706 1372.4314
279.2065 257.22827
174.52727 518.61816
793.209 1491.9701
1445.5354 208.37373
1536.6029 65.29412
1169.0 842.2
615.549 719.098
2020.5922 416.05264
73.79487 1241.9103
2459.4824 1045.1058
1149.3077 779.7231
496.72726 522.86365
1245.0878 1235.0
673.46155 815.46155
2409.926 253.59259
263.2647 1031.25
242.29851 274.32837
2416.9092 914.0455
1098.6923 356.76923
1719.7122 895.3939
1602.1237 978.75256
1943.4 1112.0
235.19048 563.9286
780.4375 655.15625
2037.1204 438.62964
1386.5416 537.125
2183.5762 1087.017
866.68085 285.97873
1888.9456 714.53064
1239.8784 281.1757
794.7045 269.20456
2160.144 1004.752
650.7156 1426.1835
588.3333 794.875
1049.0588 589.2941
67.69334 1394.12
46.885246 970.0164
393.36365 1203.5
819.6071 1290.1548
341.35898 129.82051
2452.9395 1092.4849
161.0 62.15
2236.6821 628.51404
1787.7142 1172.0428
528.20386 1008.0582
1449.0 816.2826
1965.0 609.1149
956.0139 585.8333
764.16327 313.91837
794.8582 339.22388
609.2319 493.529
289.4127 269.74603
447.23944 1044.1971
1825.7715 134.62857
475.34616 984.3942
331.1828 1020.0645
559.1111 891.3472
844.98413 488.73016
563.3077 801.6539
1013.16 462.26
1396.3334 1453.375
881.13635 394.78787
1800.1559 11.818182
1542.7 1079.5286
360.1905 42.11905
864.5 278.58823
773.70886 1287.8481
1111.0078 904.1406
1775.5927 111.81481
600.4247 701.52057
1458.1666 694.3958
16.630434 1167.1957
900.31635 809.7143
1267.9642 725.3929
1605.6428 1206.9642
2131.8572 81.61905
1653.303 826.07574
2360.5 1412.0
1138.7179 1012.5769
454.39706 1002.2647
1285.9382 30.45679
1565.443 509.6316
1177.1538 452.5
1414.5 424.5
662.22894 703.0
856.92 1225.31
1223.4584 663.75
879.64 492.05334
331.01334 768.8222
378.05405 551.0135
143.13513 1150.7028
1836.9678 1385.9354
146.07634 1001.92365
504.97144 112.22857
282.20587 601.3823
2394.889 1488.1746
1607.8511 1300.4574
1351.2358 1243.934
125.40833 1179.7833
1507.0834 1376.2576
2042.035 382.49124
1194.2982 936.2982
2482.5981 1371.0841
1010.4091 987.5909
1844.9688 145.625
1053.6072 616.8929
845.13043 762.5
1987.1489 1069.4255
1303.5883 242.20589
2127.7544 976.3246
2427.9 1392.5286
364.6842 449.1842
155.33928 657.6607
65.72131 1353.4263
2160.8813 969.37286
2430.9111 1021.44446
870.1017 1030.695
1772.5098 415.41177
969.3333 1352.3419
2345.9211 35.855263
1862.5658 134.53947
2314.5 1009.5
1705.2386 818.4091
1233.6154 862.13983
968.8835 1417.3301
162.13483 970.2584
870.1017 1030.695
906.7679 405.4107
1580.6897 752.37933
724.15 1352.625
1530.0303 701.0707
360.04443 1115.6666
2148.9092 1358.5
1339.1818 377.52274
1821.5238 1197.5238
757.2844 1016.2385
2154.0425 231.57446
1215.2675 301.63953
185.66667 99.1
963.84375 183.79688
118.41818 1087.4182
1977.7322 1262.6786
1273.4 942.72
1158.0769 612.86536
1577.5 872.0
190.34375 36.625
865.9241 426.70886
100.92538 411.04477
534.3717 509.22125
395.76544 239.7037
270.56924 115.63077
1499.6146 1169.0
2173.473 190.24324
1963.3508 783.0
965.25336 271.16
963.4318 433.95456
1182.0476 357.1905
1146.9398 494.5783
49.06154 408.16922
932.62744 581.35297
2411.3076 1451.0461
874.0582 822.35925
47.444443 921.2593
2027.0244 1283.1951
870.2222 676.0
2101.746 963.1746
395.93848 288.2923
198.81482 564.03705
500.31818 296.93182
176.5 504.27274
96.7377 246.5082
1892.1897 1232.5172
1138.734 494.87234
1620.8762 1052.7238
2263.9512 86.17073
1103.128 440.648
138.46666 536.3111
1495.5 836.8
1602.6543 425.96295
1168.4941 554.0
1029.8356 757.68494
1706.7693 1478.4945
211.7125 1185.7875
2119.152 799.6739
417.5476 457.2381
1803.871 1426.7097
1017.96063 401.19684
247.93878 142.79591
2252.1143 1122.5143
1339.6 254.85
1328.2485 586.2663
1341.9341 624.4396
827.8125 1338.1719
238.19403 1022.38806
384.76624 831.64935
1349.2742 792.629
1741.3485 1322.0454
1719.644 826.322
1395.8943 1148.691
1473.2222 1034.8889
1045.0392 624.098
2319.08 1055.96
646.2174 1341.1305
2345.9211 35.855263
1570.72 922.53
1123.8156 408.16504
2022.2 1119.2
784.44 878.88
1799.6774 1252.8387
380.0345 900.1724
1199.9828 866.34485
768.3273 1049.909
1390.1482 282.48148
2082.077 908.16925
1389.2231 744.1818
864.92523 360.31775
1996.5 125.5
1686.738 1395.0714
563.6909 986.2727
1089.2903 87.548386
1671.8948 663.5263
1635.509 1451.3818
799.0112 242.76404
531.94806 17.896105
1085.1866 317.85333
1619.5392 65.304344
300.13635 526.25
1197.5892 1322.4464
703.89655 1196.931
1862.7848 256.18988
226.0 158.17392
4.981818 53.963634
1760.0303 328.18182
1767.0702 50.964912
2382.7166 934.43335
1184.7727 326.6591
106.38158 461.5658
817.56525 742.8261
807.8333 674.7407
477.6695 33.694916
2103.3914 645.43475
809.35297 479.45883
116.5 338.28262
146.125 54.05357
599.97296 61.783783
765.0857 1173.238
1764.1923 1363.5769
989.43634 349.5091
101.58696 473.0
1920.8358 1217.8209
239.76086 220.63043
2123.9119 954.2059
1463.6104 748.5195
1714.9423 1276.2115
748.4219 668.2969
2027.0222 116.2
1682.9783 930.587
1220.25 62.238636
974.9711 503.82693
1609.1666 1104.2667
2161.925 737.375
697.029 1124.2754
1202.4773 931.13635
1540.0 588.925
1986.697 1216.3485
1417.7142 1156.4108
262.14102 487.93588
1640.6613 763.5968
580.8293 1098.4634
440.2647 806.32355
2175.6265 1267.6145
126.129036 547.0645
1512.7678 1273.375
1806.4642 495.05356
1561.7667 212.86667
2451.754 1177.0461
1499.6146 1169.0
1222.6492 143.35965
1119.6818 819.3182
1134.2 433.775
2125.7927 565.70734
539.83203 376.17557
5.962963 16.851852
1456.6372 405.5392
590.60657 682.6229
1195.8524 373.44263
2245.5044 1432.6372
665.21875 1301.625
667.69696 673.24243
1425.4487 1278.641
1954.25 516.37
2161.288 713.2712
562.3782 30.310925
2218.84 1393.04
1935.8281 1173.7916
2354.8484 4.6969695
2316.5833 1030.9791
1073.5555 324.67902
895.8806 444.40298
880.1842 1356.9868
790.4752 1246.5544
1699.1464 99.85366
815.54596 218.44827
1512.9524 95.190475
1845.8727 1399.4728
180.47058 1268.2354
528.6582 1311.481
1089.8817 959.0
994.5091 87.65455
2484.2092 580.5349
1704.175 436.9
2088.832 54.927006
536.4516 29.129032
396.63916 577.567
2457.8 1234.1333
588.8586 869.52527
661.58826 1046.4854
337.75 1317.0796
1654.8269 1402.25
248.9762 922.2619
1868.6538 1307.1794
629.32654 594.7347
1238.0236 512.08234
2194.2031 837.391
1105.5942 110.73913
2385.8977 1152.7046
572.22894 1412.8916
1756.873 547.07935
1954.0189 124.20755
919.4286 1159.1299
2120.1973 999.05634
449.7451 268.98038
1769.9559 879.9706
324.04587 832.45874
2468.8872 1312.2742
710.2889 1465.0963
1525.4916 1392.3898
1628.3036 618.7143
1439.4381 1455.8381
1400.72 1269.2
221.1 1166.3778
2469.467 1469.8832
99.29126 1085.2524
798.7045 478.67044
1145.415 177.73586
1025.0322 271.87097
1197.6528 79.25
805.5536 1457.4642
870.2222 676.0
590.6479 326.33804
1191.6146 1295.6055
959.4314 1471.2354
2292.7727 1191.3864
836.569 859.8276
1072.6428 1131.3572
1662.2025 170.67088
982.6977 152.11627
160.72728 676.63635
328.12 308.58
1699.2333 837.41113
513.5 961.3158
1976.9857 56.04286
2161.4546 1240.0248
1127.8226 472.82257
1215.5333 1133.55
219.22368 732.6711
17.592106 251.39473
1364.4364 1398.6
2482.5981 1371.0841
695.65717 289.27142
1509.6833 378.51666
2417.7285 1050.2
1774.2712 372.74576
2383.099 588.0297
310.6 223.48
1472.5758 168.15152
1168.3934 607.11475
2301.8953 577.8166
1857.1936 104.31183
1488.2667 718.18665
695.65717 289.27142
1026.9062 736.03125
1935.0769 835.4359
41.710144 138.94203
1258.3613 190.29411
655.8 314.17648
496.2963 924.321
2001.9375 1210.8334
1226.3536 925.4146
269.21704 820.79846
1481.0889 886.4667
1027.8939 865.30304
155.33928 657.6607
1782.2549 1390.4117
1761.9584 103.34722
300.0 304.63953
1092.5975 278.64633
1344.069 1479.6552
87.03809 262.17142
1103.128 440.648
106.96154 279.69232
196.78824 112.49412
2167.8208 42.71642
384.76624 831.64935
611.86206 943.09485
849.0105 922.69476
2363.8845 1045.0385
1425.8889 810.5
1491.3232 691.7273
703.3684 401.64035
310.0909 476.72726
847.1579 734.1579
465.02655 1405.4159
2073.0571 1152.4286
2047.2063 928.1111
435.13434 304.61194
1409.3939 604.8081
1038.8173 149.40384
735.2708 354.59375
804.6087 628.25
850.13635 137.56818
925.3947 577.3289
833.10144 136.95653
1299.8823 1488.2354
259.81482 668.6852
1800.6075 664.55695
2252.1143 1122.5143
852.0 748.5
1747.129 1497.0646
2406.4426 900.40985
1973.2566 524.16815
2426.4028 1096.25
2048.8438 1115.2031
1251.4728 888.2545
1479.9327 503.6154
1513.8086 1415.5062
1531.711 390.9111
1259.921 949.1842
636.7 918.8333
538.4727 38.763638
233.475 558.15
314.1316 329.1184
372.73334 806.95557
2253.3157 1082.9474
528.8461 34.371796
2343.6719 1169.75
1492.5797 700.73914
67.69334 1394.12
1688.0526 1452.2982
233.14706 1261.1029
324.68 526.12
1087.2678 1157.875
1866.1351 100.945946
762.525 324.5625
2185.1052 239.73685
1086.2554 1075.7234
1053.6072 616.8929
1712.8937 156.63829
1466.7675 707.55817
1382.5778 204.91112
539.0968 971.3226
214.96202 1066.1139
1647.6888 331.73334
31.865385 424.6346
1094.6868 223.90361
305.0 576.5
15.75 214.69444
2448.5454 670.5273
1517.2157 1069.6471
1087.314 442.89536
1748.6212 312.51514
1481.6875 546.6042
192.70653 1293.1848
232.76666 383.73334
1606.2716 1036.0864
180.30435 306.97827
91.333336 79.72619
1898.2203 1060.1017
1620.8496 344.34586
1165.1951 572.03656
762.525 324.5625
636.88605 1370.6456
973.25 447.075
1514.3306 878.3058
312.5862 1239.2931
239.475 288.95
966.4474 934.9211
1108.6945 193.63889
765.0 726.3155
1138.7179 1012.5769
193.62263 927.8868
1548.1721 546.0984
455.725 1369.025
27.880953 215.16667
1223.2017 907.67224
2060.1396 973.55817
648.6761 267.49295
1428.44 201.53334
2021.6989 1002.08435
1782.8818 1215.8439
1549.0 719.0
140.3625 306.5625
2202.9685 1245.1575
2066.3108 1136.3301
893.725 636.275
260.86957 12.75
818.55554 361.46915
724.84485 990.0862
2185.6018 1419.2881
127.985504 1197.4492
2168.2654 1236.1837
1850.5758 141.93939
1653.8942 102.61176
1524.7476 860.5146
1262.7902 719.5432
130.24 434.64
126.33784 78.72973
672.9722 302.77777
716.86664 768.18665
1635.329 1100.579
399.2143 889.5714
571.4889 672.57776
435.61615 844.0
648.96 1051.92
1899.4336 575.2168
641.3452 383.9405
180.75 1261.75
809.43475 1392.7609
2447.96 1472.8
294.39474 28.026316
2455.4773 1394.8182
1277.5322 51.177418
2221.8076 925.2564
1464.1746 387.5238
133.97144 550.6857
973.87 12.53
197.23636 546.8091
561.64703 1181.8015
1977.7255 1241.7059
807.913 851.6957
1765.6364 229.66667
1910.1771 559.5417
111.93104 151.75862
887.835 212.37114
1222.4719 835.64044
1639.5758 111.71212
659.119 1032.9207
894.5263 716.1579
1694.2826 696.8913
2133.018 625.34546
569.87756 90.36735
1334.0 324.9508
1350.9207 865.26984
1914.9 1068.775
1819.8933 511.10666
1649.4615 844.18463
1393.81 40.81
1538.6072 677.2679
2367.9656 910.2586
1750.8915 1389.5771
1845.34 1242.6
1430.7046 915.3182
771.8889 207.86667
2446.566 597.73584
1389.3962 1248.8868
1190.8948 76.52631
1524.2 134.24
72.49296 342.0986
1938.1904 542.8571
2430.4753 1254.164
346.22916 633.5833
722.2473 878.785
1162.9811 684.56604
862.7364 600.6
563.14 644.2
1711.4849 872.9091
166.7265 250.82906
490.2 1114.5
1243.3334 727.80554
1602.0676 24.797297
160.50793 613.01587
792.2 246.375
1126.4546 1013.14545
1562.4937 1168.7848
523.03735 1169.6168
1544.96 915.6
2148.7222 837.0185
1997.5696 447.0
1922.37 131.82
2372.158 1159.5658
506.80646 704.9677
908.65717 397.7
2179.4658 36.79452
1673.0 1444.4736
2350.76 1358.88
1975.8971 1191.1617
176.01219 920.7805
75.28571 34.11111
718.7934 777.85126
420.5 515.88635
2487.3333 672.6667
1421.5243 1319.4369
594.5 1004.0
1034.6136 265.27274
48.41892 446.21622
1502.3882 1118.3765
2295.1714 1037.7572
1523.9417 665.6
1594.5729 915.2917
3.7040815 674.6326
716.0081 501.6179
205.01111 332.28888
2299.7017 1080.4562
726.57574 599.8081
321.45715 300.6857
1801.2593 1197.4445
805.8461 731.46155
603.69727 797.3395
288.75555 164.01111
2285.8904 1313.6576
185.52272 1409.409
879.8387 157.2258
2070.1155 982.75964
112.35652 314.88696
1556.5264 1137.0702
1739.849 4.8301888
1119.5193 1073.6346
1375.3191 1199.0
1162.8219 296.08218
1979.5676 1199.5946
1128.1852 29.38889
1786.1765 859.50586
1467.0385 411.8654
2452.8 1191.96
1710.6036 268.6216
2277.2207 876.5
321.70908 110.94546
444.88525 260.7213
190.71698 870.7925
1111.2903 916.17206
682.9211 339.5921
795.2135 1333.3707
20.272728 581.0
180.11267 1438.1971
2276.0908 1047.8572
380.15384 1234.1154
1469.1212 715.9545
111.53247 285.5065
418.0 54.88372
1863.0222 116.32222
1110.275 447.45
1108.5 199.57143
759.193 487.6842
1791.9454 13.2
632.06525 815.43475
230.55844 333.7013
1370.7826 523.3913
691.225 990.15
113.61539 1008.5128
802.8571 712.54285
62.95652 102.73913
1116.0571 90.97143
1321.359 102.35897
485.2927 1325.9269
117.06493 864.5325
2007.6285 537.04285
736.783 945.0849
1210.6742 253.14607
1975.8864 1058.1136
937.4103 922.4872
2270.9382 1232.5309
203.75949 1363.9241
1513.1912 187.32353
2392.818 1269.0
79.78 258.76
1801.5593 889.4068
1279.8937 1446.9362
1508.3821 702.30334
17.657894 1117.9736
1628.3036 618.7143
981.2687 509.0597
1000.08 803.52
873.86664 1083.5834
205.61957 757.913
2197.4146 1368.6586
622.875 477.8125
1349.2742 792.629
979.1177 95.2
606.8426 985.80554
4.981818 53.963634
1323.8829 798.04254
1052.1852 9.314815
553.0 15.365591
226.8793 111.37931
717.68 288.12
1149.1831 1229.9436
153.7907 11.906977
526.76086 232.10869
1732.091 684.0909
2015.1758 529.8681
1457.638 955.4655
550.4464 284.92856
1889.138 1257.069
1285.9382 30.45679
1624.9524 1138.131
767.13513 1088.1621
341.09412 1031.6705
546.03735 536.92523
1116.9623 922.43396
460.35294 669.7794
984.81396 176.88373
168.68 1414.78
1458.3522 799.8873
776.0789 1454.8422
293.0 38.333332
693.7143 928.2
2275.2627 1295.7373
652.0333 537.4
2464.82 1095.64
256.125 655.2679
473.08163 656.53064
2269.6094 1120.3594
2210.2 987.91766
28.222221 437.2361
177.16902 673.6338
199.41176 845.85297
661.94446 909.2222
1775.8632 865.0842
712.025 1242.625
1997.3772 514.0439
118.41818 1087.4182
1040.9344 163.9918
1513.1912 187.32353
1908.2 1073.5143
2267.1428 642.619
1130.5363 194.86957
1016.0526 718.7237
1555.3846 714.0659
2336.9321 1328.1694
2329.3457 877.1358
2246.6804 606.19586
1839.234 500.9149
1811.5714 516.3214
1066.7012 1339.8735
3.7040815 674.6326
1638.859 345.05127
1370.1652 718.2869
579.9783 313.56522
1449.117 466.11688
1834.8506 113.16092
1696.4386 1481.4562
276.4853 334.47058
1071.5253 810.9495
1704.5667 698.73334
2287.742 937.6774
60.58621 301.3793
1054.5416 183.16667
742.95386 1259.0923
2255.1072 1395.0358
2022.1282 123.9359
798.7045 478.67044
1077.2344 484.25
855.8461 1131.0513
724.8241 1424.2037
2045.0968 575.27954
1266.2069 950.34485
1924.6111 984.4167
1009.69336 1399.9734
192.70653 1293.1848
661.0 1330.7183
66.47222 1471.287
1398.65 84.95
166.83516 490.76923
1897.3334 94.125
241.675 112.85
139.63954 957.1395
1130.5508 624.46375
2154.0425 231.57446
1325.9375 847.75
56.242424 380.63635
53.512196 795.3171
1710.9 473.05
6.4444447 1052.8667
13.430894 1340.0406
1014.4857 259.1143
734.19147 1472.5106
443.90625 1261.7188
551.25 965.71875
24.656935 403.9927
1720.5823 885.9114
1633.5968 1368.5564
2020.7727 493.51514
1674.1493 718.5373
894.8947 1116.1184
1542.6123 718.30615
2435.9695 1015.38776
113.06024 543.61444
2454.5942 1373.9711
1280.9839 314.7903
1267.5454 1453.1559
2200.239 165.19565
579.06665 898.8933
2026.965 643.807
1681.6277 714.4149
2122.274 1216.5205
396.9818 1226.5818
524.0857 1364.8572
514.26 574.02
1540.2535 1050.5211
1780.9395 1160.5758
487.42856 906.0893
665.21875 1301.625
830.8261 883.56525
1801.6265 1439.6747
783.2456 617.807
1380.4719 1354.3707
439.775 1117.7
628.0 1488.7838
709.51886 1401.2264
1027.3064 182.35484
1686.6624 1425.5714
2194.6667 1448.9166
1389.8158 1478.421
1688.608 537.16
436.55173 835.5862
1080.6567 449.2388
1609.7457 530.4237
1174.7931 151.91379
1853.922 691.1277
590.60345 736.7759
457.93103 812.62067
307.06 674.92
186.79411 1317.2646
1145.6666 1000.0123
1653.48 594.69336
2218.7793 627.5294
724.45 291.51666
203.75949 1363.9241
643.59186 691.38776
1306.0159 1495.9048
375.42856 928.0952
155.33928 657.6607
1205.4868 64.51316
1510.52 1126.8
1691.4937 262.77216
1461.5326 348.43478
2261.8162 1370.1954
2333.5818 6.8727274
891.7253 1215.6263
1393.035 390.7193
1573.7084 53.489582
60.468353 1111.3038
1401.4 657.96
193.88333 569.8333
1822.0 397.8113
2010.5 1122.3695
1476.0328 798.78687
2078.5 860.0
1624.2435 246.73914
1639.1207 1152.7241
2323.7625 677.7875
1427.3877 3.5918367
1217.0149 394.14926
1505.1777 94.41111
2241.7144 186.05714
1197.6528 79.25
153.69136 917.3951
39.450703 175.56339
366.93103 270.9655
732.73584 586.6226
1983.0435 550.3913
1852.5663 1182.7831
1215.3667 55.183334
2147.7842 1256.9204
716.63635 1354.6364
1625.9879 1260.6989
# COVID_SAMPLE_11_ROI_1
1937.2084 1613.6945
1349.5938 819.46875
1399.2821 1421.9231
1523.1456 1344.4855
1633.3721 355.3721
1788.603 409.26718
968.2368 1196.7368
1784.2325 1380.4109
1756.3549 237.41936
909.4267 142.10667
217.72368 1056.2632
1359.6562 231.84375
1980.9318 108.64773
1362.9323 1304.2881
554.92725 33.254547
1583.9445 268.80554
1485.7742 1038.2258
1381.6046 907.23254
545.53125 580.92706
995.1205 236.59036
1454.2623 785.16394
1830.881 1868.0635
1386.1305 872.0
326.3684 893.9342
1638.8103 1720.4138
965.3291 1157.8481
1751.7368 888.8947
1381.6046 907.23254
345.44827 609.37933
1395.6154 262.94232
1294.4246 591.59436
1964.7572 556.32855
1536.662 1356.1549
910.1111 998.4815
1409.5737 1204.541
1726.5264 1359.0264
1285.2858 1085.2338
1615.6538 789.3461
1793.3383 826.1323
1183.7576 119.757576
298.22076 429.46753
1600.7015 440.28357
649.0196 1988.8628
305.96667 4.5555553
971.88763 481.38202
132.13095 1388.369
1908.6897 1419.4482
50.92453 64.80189
837.39746 351.89743
1076.5902 10.180327
154.78125 1271.4062
1915.0869 1749.3914
247.7971 440.0435
1825.0 336.0
999.1828 1076.129
320.125 675.6375
1879.5869 318.13043
1033.025 1185.475
1862.5807 1509.4517
1791.8695 576.7826
109.26923 1550.0193
1566.2167 1239.0333
1847.25 1941.9773
622.9524 315.03174
1688.247 918.9753
399.7465 1369.4789
1527.5 856.5
1560.3281 1704.5938
639.37036 863.7037
1030.1383 227.74214
1067.4694 1944.3572
1060.591 1399.7954
1876.8 261.45715
532.4762 538.65875
1531.0526 1126.671
1899.4795 1657.3699
129.19444 341.97223
1102.7428 1046.6
1912.8043 1031.2174
1990.4 351.09232
1686.8925 1032.2258
1750.4546 941.05457
1143.7285 700.0143
922.64404 1183.0
1606.8975 937.0513
1592.3043 770.8261
1108.8136 79.55932
1775.4138 350.27585
1837.0 886.5
766.0 524.0
1865.3793 1929.3793
1942.9166 1491.9166
1388.1875 965.9
365.375 165.69792
1835.6526 316.70526
1413.3469 285.63266
1176.4565 596.36957
1989.5 266.0
1759.3478 243.98914
1959.1094 1429.2969
1902.725 1061.5
853.2381 183.25397
1527.6562 886.09375
1582.3214 229.23215
643.43335 710.7
1113.7333 468.05334
122.0 429.2857
1581.4265 338.58823
392.4567 1832.2284
870.9669 667.71075
859.56757 1039.7567
1147.6973 970.5963
1694.037 338.92593
1404.5525 103.986015
1409.4445 67.19192
154.3091 1155.9272
1408.5 164.0
1638.4637 1032.1014
1154.988 313.25
1371.619 1052.238
1915.0869 1749.3914
1959.807 1712.965
1174.4 318.13333
1563.2963 1221.2778
1842.6136 1212.341
824.8991 914.05505
1787.3375 233.475
1020.5139 1484.5972
1992.3422 1427.2632
1616.8889 1830.4861
1320.5923 1202.0292
1707.8551 1280.2319
461.25 986.4
648.2466 761.86304
1087.2467 14.376623
885.3469 1424.898
1917.697 404.48486
1581.9231 1934.7307
1412.3903 272.31708
870.9669 667.71075
1521.4696 1136.1478
543.8046 276.5977
707.7652 1407.7913
1172.8966 1489.2587
925.5769 1037.9231
1830.2375 1118.6625
857.1515 176.30302
1977.7333 1553.9889
87.875 563.71875
1766.5333 325.9
710.1111 678.9259
1919.098 228.41176
1196.5065 23.376623
1169.4375 902.0625
554.1 1588.775
961.3036 626.4107
236.79787 478.5
1902.7307 667.3461
724.371 1344.242
972.1429 1252.4642
765.0659 1414.7032
1994.748 918.74805
895.72 1408.72
362.38333 741.86664
1967.1316 36.736843
168.63414 628.9146
933.3263 909.22107
1929.069 1428.4482
1410.8188 594.7029
910.6269 1459.0896
728.5849 92.64151
905.1519 421.6962
1529.5217 290.43478
1088.5 1925.2188
1905.9681 1906.6489
1206.72 886.0
386.83334 96.6875
385.475 657.15
176.46565 970.53436
113.36957 1929.1305
1437.0588 678.549
1550.7727 114.878784
1152.3773 1008.8302
1944.5579 529.3684
1436.2291 500.0
1045.9286 1950.9642
1738.8478 1240.8478
710.5645 867.9516
1715.931 330.72415
221.60417 848.0
1111.5438 452.6316
1630.341 1468.159
940.02325 719.3953
1793.6 639.4
1173.0769 1688.5299
1839.0133 32.04
1614.2157 780.902
44.9854 31.09489
1041.7972 181.60811
1312.6562 140.67969
703.0526 649.3421
659.1948 229.18182
1529.1464 1995.4634
1765.4 1301.96
1262.3704 4.1296296
1731.4949 1659.9381
1118.5778 1005.9667
1789.7812 1184.0938
1496.762 82.20635
1598.625 1412.3296
1047.9891 68.891304
565.6818 1470.6818
1753.3495 1543.3204
1582.619 159.19048
1598.625 1412.3296
224.38356 1211.7877
1604.9827 717.7913
1052.0 911.7547
1518.826 1016.587
1797.1464 1212.0244
418.16418 707.6418
1652.8334 1193.6364
192.23863 917.9545
1065.6923 212.46153
1376.7125 20.0375
646.5185 399.22223
1068.1277 1009.2659
726.8625 585.925
1532.8555 1270.735
944.79364 1104.9524
1859.349 464.01886
1597.3948 1022.4342
1264.0 514.129
741.30554 1373.0555
877.13727 820.1177
1389.4043 493.10638
1668.6082 173.71622
1980.2135 1159.1011
454.63635 1416.8052
1605.2894 1941.614
820.1889 1152.4667
1149.0608 981.9392
182.17021 351.17023
1505.1818 2.0
1996.9166 86.854164
1538.8 1372.6
1533.2 33.76
1481.5588 182.01471
1945.5432 1568.8271
384.0 465.80487
606.6139 608.7723
1886.0 1849.3441
322.35 662.98334
64.323074 515.7846
1852.9028 101.02778
1046.0536 1721.0178
1304.3518 1570.2407
384.36365 763.4215
1840.2683 107.14634
1248.3556 650.06665
1586.2142 1034.7428
1715.8235 314.68234
1917.3108 381.51352
1117.7167 4.3166666
115.8 1289.8267
1528.0 195.5
942.2857 1269.1285
804.4149 95.393616
799.0 857.5
388.90152 440.78787
457.1129 122.935486
466.12265 750.4623
919.1579 801.5526
1723.098 1968.9803
171.575 1493.975
1958.1 1195.7667
1406.8182 1100.1157
1702.7944 1378.6542
1753.7053 1600.0316
1522.9574 329.04254
806.7162 516.9595
900.0449 393.61798
590.01886 1253.1321
332.68655 377.40298
1400.2969 331.92188
1525.0282 1214.7606
1611.0483 1190.6451
240.5283 119.886795
107.77778 975.3016
1572.6833 1035.1833
358.43283 547.43286
241.91429 1843.5
251.32222 1026.1111
778.6747 1323.024
1533.3928 39.857143
1292.9637 1826.3551
1729.0869 1033.6086
1952.0 479.5269
761.3214 64.82143
1828.8462 704.4103
1317.7959 1003.7347
1013.0714 339.9524
1385.2128 1368.234
1884.4828 1657.5172
1739.8292 1019.8293
1971.2683 28.796747
385.0115 110.67816
1573.4062 332.46875
697.5795 641.98865
1096.1936 250.0
1248.7878 278.06818
1943.6945 549.87036
1045.0128 163.96153
1005.94 20.58
1313.625 192.0
904.4074 1036.3889
1392.0303 312.42426
1989.7142 826.97144
1723.3158 319.45615
1537.7485 243.04094
1701.841 779.7273
1256.3671 885.8101
728.59375 998.3125
1570.1459 1127.7916
1881.9807 9.269231
1096.1936 250.0
1993.3414 1370.878
1885.2 1372.125
1347.3 1063.375
1537.875 1043.7916
229.01904 958.10474
98.83721 844.23254
1681.9117 255.35294
1601.0934 274.77335
992.975 1091.975
1624.1111 242.03703
31.92 472.32
1992.3422 1427.2632
471.56668 31.733334
1759.5 1028.5294
1258.7906 443.39536
888.4286 1646.8334
942.7273 1110.0
569.9643 1251.2858
1839.4147 151.53659
792.45764 1377.4916
1745.9054 1076.8649
1802.4943 7.4827585
1931.289 26.866667
1602.85 1210.8
1941.65 289.425
1202.8252 1925.0486
858.8406 1616.6377
609.12 568.22
10.6 1371.84
1435.2676 37.267605
1874.2833 216.15
1967.1316 36.736843
234.19354 358.48386
862.7931 805.2414
249.61539 145.26923
855.38 197.68
1132.9354 81.064514
1881.6179 119.11236
1842.6136 1212.341
1860.1666 26.104166
1242.7345 659.72565
1315.0786 1311.8539
99.78261 388.13043
38.069767 461.55814
333.20834 1457.125
319.77274 440.5
1083.0137 190.57535
1043.1587 87.20635
743.7692 1339.2307
970.0396 587.6139
841.4528 1174.7358
1446.238 1229.3969
1010.8571 270.7381
1913.4368 1231.5287
1087.2467 14.376623
662.6 305.83334
942.12244 1075.102
1082.4186 582.2558
1214.0227 802.9091
1402.5834 879.25
214.82433 470.56757
632.3977 755.5455
1608.6 97.65
1137.8959 69.1875
1792.5 1338.8939
368.28125 474.59375
93.025 559.325
380.05264 127.59649
1659.9419 251.27907
685.3611 803.9167
1157.4948 1295.5369
1294.2344 1191.5312
736.9583 562.25
947.0909 1187.091
524.61365 115.47727
214.52 80.74
950.63495 1079.3492
1082.6339 488.4107
1878.022 1714.7362
495.98648 860.7635
1927.3606 225.54099
451.36365 1338.7576
256.19513 449.68292
1541.7778 253.69444
180.39166 248.6
1665.8513 348.94595
731.50397 606.34644
1427.8914 963.45654
1471.4023 1880.885
611.2308 91.333336
1903.7709 1541.9375
1159.9854 169.42647
1195.0217 323.5435
283.3243 680.56757
1683.6182 120.05454
662.6 305.83334
1913.7681 454.14493
1790.975 1265.425
1637.1351 104.945946
1688.6074 1043.8599
1703.5555 930.8889
1001.2727 615.3409
1353.3914 608.09564
1096.2268 134.09279
654.1449 1026.7537
128.66 311.86
19.064936 1647.883
1280.8163 1119.6531
1610.9524 1671.1666
12.088889 1526.711
167.39655 843.0172
946.53656 460.7561
861.1961 1505.3922
852.37683 842.65216
462.79816 452.89908
847.64703 1010.9559
1852.1522 925.04346
1749.7252 147.61539
902.5604 660.2088
1226.4067 1170.5339
1387.15 266.1375
920.2375 1093.175
1686.6111 1416.9445
229.92857 433.86905
1332.585 659.9434
1388.0541 748.56757
1296.53 1476.19
785.0455 1475.2727
1275.5964 878.3684
979.7733 340.76
1906.8966 1559.3103
1219.551 440.93878
1250.4445 502.9091
731.8868 403.66037
1289.8429 823.8
430.21213 1378.4242
1562.4675 1889.8572
515.37036 1386.0927
777.7563 689.2773
17.75 131.13637
857.1515 176.30302
1534.9056 278.88678
1379.1163 392.44186
549.2829 813.6382
597.16 1437.56
978.43243 621.0541
1480.9524 736.0476
448.98438 65.578125
1796.8607 552.1266
1357.4384 196.76712
1211.6464 143.97562
187.09091 690.3273
1500.6202 1997.038
402.61905 808.5714
704.35486 1097.6774
1386.4482 235.10345
1590.5652 100.23913
1675.28 1232.94
1993.789 1295.6666
995.5455 659.4545
111.706665 470.09332
1112.9318 127.568184
578.03076 191.9077
1186.8055 528.2778
1931.0817 1757.8776
419.1695 828.1525
1030.1364 944.5909
1751.1724 1777.8966
1661.8096 1666.1548
1880.5946 1672.1351
1756.75 1250.6842
254.64546 588.14545
312.3441 843.1505
1137.9546 92.13636
1751.1724 1777.8966
1913.25 1616.0938
635.67444 769.6977
1484.5677 1216.4323
1077.279 1520.5698
184.33766 893.1818
780.4706 491.32352
1618.0 1245.537
1787.3375 233.475
1327.7937 1333.9365
346.76666 1414.9
1919.098 228.41176
1958.4517 1239.4193
1642.7021 1340.3405
832.1447 1379.8816
1139.2826 2.9782608
1688.8667 216.25833
988.1321 1443.7925
1808.3392 760.0
972.44 147.52
436.3111 446.4
483.4843 737.72644
1331.4752 545.6634
1406.2302 656.1079
1716.9556 1195.4445
1708.0385 1429.7115
1877.4062 390.92188
1915.42 447.92
1846.561 264.7805
1253.5807 5.2473116
145.82716 705.7037
1367.7031 235.26562
373.63635 133.30302
1960.7941 306.85294
917.31036 1108.8276
1833.8767 264.49316
1890.735 542.71796
1969.4062 168.03125
584.1404 1291.0526
1113.9362 775.29785
1863.3939 495.63635
1616.3 128.32
664.2895 490.3684
341.50516 33.360825
382.68518 1466.4445
1837.0159 1744.8016
972.44 147.52
1090.4814 107.8642
650.0617 80.4321
1115.0834 246.29167
1725.9799 507.19193
1962.5 1991.5
1921.7241 420.27585
1973.3928 1060.5
21.547619 73.2381
1097.7894 1083.6842
1544.7534 327.65753
1176.6666 1045.2
15.0161295 1975.9354
1959.1212 1828.2222
928.5862 770.4138
1932.7 979.8625
208.60715 1045.8839
155.78873 867.2676
1829.317 231.39024
113.36957 1929.1305
932.58905 1522.5753
1096.5245 675.4918
11.318182 365.68182
1366.7709 1144.3541
1214.5 1343.1041
129.6207 1143.5172
1423.8125 1222.5
1737.25 964.4792
1933.7291 1122.1041
109.26923 1550.0193
14.877778 1190.8445
1354.9565 716.3623
1702.1918 1395.9863
1824.6154 121.61539
191.80281 1390.8029
1521.0416 678.9375
168.76471 640.4706
1461.1482 1006.12964
1953.0 32.608696
1786.4032 1393.1936
1254.1395 849.5814
1560.8 996.5
783.97296 607.37836
1660.826 919.3587
1360.1072 619.9286
856.8049 14.268292
810.3494 594.31323
975.8823 249.70589
1363.8395 406.09875
1893.4584 1997.8889
546.44617 48.784615
366.4941 123.37647
1244.8529 1134.0
636.2712 663.79663
1259.1266 560.31647
1013.24 1026.36
972.04 687.4
1451.75 839.1607
1310.7407 689.0185
858.25244 1078.9902
922.6706 994.5412
1382.3379 103.91892
1245.0238 1577.8334
8.963414 340.12195
1195.9048 539.9762
233.33824 347.63235
674.6539 644.11536
1882.0 677.45917
738.7162 526.08105
1515.0 919.6539
405.75 1433.4108
1960.836 1943.4263
947.6776 710.1776
1219.8267 387.26666
1548.7042 1143.5071
561.16 1476.72
1943.6945 549.87036
496.0 456.0
972.28986 1050.0725
1647.3636 768.5
1081.0471 698.2471
971.4286 318.83673
1022.0989 196.20879
1677.3231 1102.2153
1320.0944 1043.6981
591.4881 943.3214
1436.2291 500.0
790.15875 674.03174
1071.4833 1994.1833
1702.1918 1395.9863
1738.6422 1683.1467
1451.4082 193.0
1514.1757 428.35135
335.4742 517.47424
1855.8018 533.9459
824.31915 22.340425
1698.3334 1625.5641
1125.6282 584.9487
160.74467 844.9149
872.4375 168.28125
1417.3881 980.38806
454.9643 84.42857
1928.0562 483.46066
1210.8334 574.06665
1245.7059 850.3176
1852.372 365.3967
23.042374 1214.483
426.50735 1031.8162
1128.35 1509.8
1309.7449 1724.7347
205.51515 674.6818
1989.9032 660.7258
765.0659 1414.7032
525.4516 638.46234
201.75 867.9861
696.8169 405.831
131.75735 851.57355
976.5217 794.56525
1224.619 986.0952
1070.0286 1097.5428
1331.3295 627.8823
1604.4572 1205.2285
874.8095 975.5714
567.6977 883.06976
1146.0 1291.0408
495.98648 860.7635
230.78947 488.6316
818.29913 1019.6923
1808.3392 760.0
1696.5302 1233.1205
22.56 1465.08
1583.5254 103.28814
1372.9592 378.63266
74.27619 1282.238
973.0 120.24074
893.7826 327.05798
1553.1951 1037.317
1540.7833 910.45
710.5455 1548.5227
1159.9872 1529.3975
1746.4637 1425.942
1547.0541 17.621622
1747.2478 1669.1171
1343.973 110.98198
944.65094 410.6415
641.9452 205.75342
731.75 433.29166
1125.1613 1523.5483
277.51562 1131.9688
1470.0 1955.2646
1263.3846 132.92308
1504.9221 851.96106
1889.7595 4.64557
1702.1719 1178.7969
1370.5 1917.6666
1514.1757 428.35135
1424.125 991.7222
580.2714 929.7
1351.7188 1021.2969
602.127 1042.3651
1204.2712 572.01697
910.2537 1012.0597
934.1539 300.3846
1473.3715 1291.6285
1468.1487 752.52704
591.5393 9.213483
1010.9219 153.53125
93.6 457.98666
588.971 416.66666
77.93913 131.41739
1247.193 1112.5088
1818.0 1857.5
792.4611 607.05554
469.88 90.24
1652.6022 1312.7097
22.62353 12.705882
1642.289 156.15555
1386.4698 681.6024
1471.7927 644.12195
1195.9924 150.6391
1174.8628 235.7451
646.0541 417.6757
1671.0533 1378.48
344.56625 623.21686
1448.8853 649.6475
1509.5714 830.2286
659.6061 682.48486
1456.2167 850.48334
1976.7059 252.47058
864.14813 869.7037
1306.3 717.475
1612.825 775.275
1781.0 180.23077
424.01962 438.4902
1144.2458 283.57376
1986.7795 1919.7008
1029.2941 865.69116
1548.5491 1171.3137
1572.1476 841.4426
282.07693 1011.61536
787.1889 1127.9556
102.30882 722.92645
1705.4 1944.1294
1784.4403 1166.4312
333.2658 1467.0127
1862.7028 952.2973
738.62244 781.66327
349.60526 99.57895
1618.3062 2.877551
1368.8348 1328.1376
1933.8036 1324.3572
1513.8846 664.5
1854.9032 558.4839
1349.027 969.2838
1240.3334 238.4
104.06024 657.75903
1366.5834 1110.6167
1746.2222 374.42593
398.63934 516.0328
192.51163 1538.4419
1245.7059 850.3176
364.0678 539.28815
1133.1818 1547.6465
1608.2028 204.24324
1758.7094 1485.3024
1731.88 1399.7
1447.405 1068.7975
1029.4304 1958.5033
564.4583 1451.4166
1378.2 795.4545
154.47458 1561.7627
1125.3049 103.914635
115.64286 370.47958
1338.0817 1345.4694
263.33334 688.95557
1776.4855 156.30096
54.67442 387.53488
1060.4333 15.45
1791.2903 874.30646
870.0455 952.3523
1779.2916 1191.0416
213.63266 1285.9387
995.8214 513.1786
899.8033 871.5082
720.0741 391.96295
7.754386 441.45615
519.9091 39.727272
1442.4067 766.4068
1111.825 200.225
1670.3909 751.91815
1945.6041 1164.3334
1987.75 1259.55
916.91895 1463.2433
772.68604 635.92444
1642.7567 1196.2433
1265.4166 1121.6333
1524.72 322.77335
1542.2858 110.10714
1545.1904 219.66667
559.43396 928.01886
360.54544 432.4091
233.33824 347.63235
177.77777 563.5309
1191.2653 676.4286
1652.7843 842.7451
61.35211 696.9859
1914.1 208.14
1061.675 137.975
573.2683 1824.1464
1879.5632 328.11493
1967.0416 1612.5625
1213.3226 772.2258
74.75 727.5
823.6857 803.0381
1218.1594 787.6087
1324.4364 1312.1818
1008.0964 683.91565
1851.2206 405.83823
1878.0741 1849.4445
1513.3077 200.53847
1816.4073 1915.9259
1264.7373 809.0339
1475.5172 967.10345
1976.6794 1070.7693
66.584 1974.744
1872.3158 127.10526
144.71053 853.2763
1852.1522 925.04346
1679.3478 725.99133
433.30554 548.1111
1064.0231 1686.8462
1411.0879 1950.6554
760.56525 1434.687
1639.0286 1290.3
1582.9487 1116.7435
1147.3928 318.36606
888.4026 127.57143
353.36365 1516.2208
1655.2255 857.2647
1507.9103 1015.5
1412.8536 35.0
1737.8462 104.63461
1690.3077 1428.125
1705.6086 352.10144
298.67273 648.2545
777.7563 689.2773
1172.091 491.9091
6.6571426 291.94287
786.0857 17.842857
1125.6282 584.9487
1191.5154 140.27692
1616.4138 1993.6897
138.64487 465.7757
1870.6608 360.375
1910.4108 183.14285
1686.6111 1416.9445
806.0 1130.931
1573.7972 1394.6487
1042.579 338.17105
1331.7343 184.2937
1105.8306 309.69492
683.0769 1485.5641
115.76923 429.87692
1355.5405 738.1622
916.86664 1174.4667
762.5862 386.93103
1774.431 1696.931
291.8871 88.53226
1961.8823 1754.0588
1583.9125 1415.425
1934.447 1438.2
1909.9868 1721.3552
741.339 116.0
1756.1028 1905.0374
772.3823 1121.4559
1384.8031 1241.9528
1777.721 245.11627
1608.6923 333.8154
323.37662 90.96104
1307.0286 153.45714
1338.1013 292.4304
767.25275 781.75824
386.83334 96.6875
472.5111 566.57776
1623.1177 339.2353
1096.3732 531.23883
385.475 657.15
1272.3771 180.83606
743.7143 996.0714
1740.804 1472.2745
825.42255 677.85913
806.2353 1426.8823
948.5283 214.50943
1740.6545 180.5091
1472.5294 1215.9706
256.71875 436.5625
245.97223 658.7222
1232.5652 629.087
1458.5358 637.25
1536.2916 1942.5
1955.6558 1563.6229
1556.5068 883.274
956.6 217.65715
617.2742 1617.8549
263.55698 154.20253
409.02 1374.36
166.36957 1032.1522
1773.7952 1474.7711
886.4493 883.13043
716.4211 585.2895
1821.3693 1644.1846
1676.6321 1620.9717
1394.7693 23.410257
350.7711 659.92773
445.3585 804.32074
547.0 1454.3871
1237.3038 784.2342
146.0 349.22342
916.86664 1174.4667
1680.4248 1144.531
281.0164 371.4754
232.82 1700.56
703.7241 848.5345
1846.434 1683.283
486.79413 674.25
176.59723 311.15277
56.52174 504.30435
1033.8252 146.13593
1239.0541 1117.3243
1624.5217 386.69565
910.63464 1152.9615
1889.0708 1665.8407
1207.7021 1653.1063
19.064936 1647.883
601.67163 532.1045
924.0946 294.2973
1361.8445 739.55554
906.3875 9.25
1475.5172 967.10345
1421.4584 1014.53125
1044.1279 1175.8954
242.07594 589.3418
1021.9889 17.155556
785.51514 650.38385
1727.963 323.37036
711.0 1330.78
1690.036 583.0863
1699.619 1440.7959
159.68 706.36
1457.0109 176.98914
640.29785 716.78723
1073.359 1086.6282
1005.4286 191.38095
298.0238 678.1667
230.50516 99.61855
1640.5585 1230.3896
1486.5883 598.2353
1996.907 1850.8605
237.89189 52.162163
1813.8986 104.68116
1742.0676 1929.4865
1484.6986 1249.452
623.35065 1352.7273
1547.591 5.5454545
1704.1637 1700.7637
1481.3286 1232.7428
1752.8391 53.402298
83.52857 455.52856
1281.8727 39.6
1619.9286 270.7143
1961.856 1365.552
1105.1964 1163.2142
1062.3334 1988.8628
1757.975 500.775
1013.80884 30.411764
1097.8837 638.3605
1759.421 1274.7544
1013.0714 339.9524
1530.8214 816.8571
255.3125 619.65625
890.913 1070.0435
1389.7833 581.25
1117.0 1145.0834
1281.7241 880.31036
806.13336 1509.7333
1124.9785 1149.4946
1061.4889 639.25555
1529.5217 290.43478
1387.4777 1217.0149
1083.6459 1990.0
1575.3091 1629.8818
1528.0 195.5
1373.1449 962.8406
43.753845 1000.5077
1476.4957 1168.3163
1721.762 1177.7142
1572.4333 124.333336
628.8889 840.2963
515.67645 880.64703
1684.25 825.3214
883.85187 1266.395
1965.8837 533.1163
671.9315 1678.5753
1374.3768 695.53625
13.2 526.92
1745.3489 368.4186
1591.5818 647.41815
985.0857 1348.8572
1893.2532 235.16455
1057.2151 1150.4086
1133.537 313.74075
815.01447 338.81158
1313.4359 932.4359
1207.8904 1549.671
1664.5927 116.68519
656.21906 370.09525
692.9796 282.10205
1296.8695 687.7174
1514.9667 887.23334
1876.7441 1388.2869
1678.8684 1327.0526
1454.7122 1172.0758
1112.1086 287.6087
302.9342 655.6184
1014.16 36.96
1094.7 1164.7667
1892.2084 435.85416
1511.4563 1619.4951
842.1731 546.16345
1525.619 556.8571
373.63635 133.30302
972.5593 1600.9153
549.9167 824.2083
227.73636 323.4091
405.75 1433.4108
843.5242 1524.4597
931.85486 732.9839
595.678 1472.3898
540.31396 1049.3837
320.84558 187.07353
545.2892 615.6988
754.29785 1397.6595
1188.9452 329.1096
288.02817 1129.4507
7.2941175 542.5
1729.0869 1033.6086
610.7975 171.77216
1332.3494 937.75903
1830.881 1868.0635
1543.0677 575.47455
1195.6902 529.42255
617.5781 580.84375
591.63336 839.7833
1891.6792 1794.3396
372.14706 411.44116
1454.7028 1307.081
1472.7 609.98334
1708.3077 502.41025
177.83333 1826.2778
1165.1034 628.4138
1699.2325 1363.6744
201.19565 1095.5652
790.7846 786.8
1786.6489 88.489365
1620.3125 1946.5625
1178.3928 1101.1072
593.4588 1398.8823
837.7108 890.1325
994.5089 142.80357
1929.1476 1766.2131
102.44118 457.09805
1773.1096 1363.904
492.0 943.0185
963.0964 1105.8555
1429.3043 1045.0289
105.9625 1291.4625
1023.6667 897.8222
1745.7 1414.02
1233.8462 485.8654
568.91113 795.7111
91.0 1529.1372
1737.32 934.94
38.75 1657.8182
806.0816 550.4898
1218.0457 455.3776
576.9459 1844.2162
49.04348 515.1884
1550.9535 1350.876
850.9196 518.5
1735.7347 422.42856
1793.6 639.4
1904.3 212.4
333.94595 465.1081
1833.2307 1231.8975
1249.9794 368.13403
1243.6923 881.11536
1725.3667 1480.45
1446.6957 220.34782
1100.0 25.181818
779.8036 1366.9464
692.6818 849.36365
1456.4667 730.6667
1450.7903 71.33871
1402.7966 1319.644
542.33844 548.38464
332.68655 377.40298
1449.7858 267.92856
511.11905 69.0119
1809.909 702.4545
1991.6177 100.76471
1657.2319 637.53625
1799.614 682.0702
416.0 449.85715
1074.4625 282.75
1168.5625 211.1875
1332.9589 1644.8494
549.2829 813.6382
1165.5483 796.7661
716.3953 67.25581
1211.16 888.64
1616.4138 1993.6897
886.9167 952.1458
1119.01 149.56
1922.9539 207.2
547.0 789.44946
942.8182 94.72727
580.7647 109.117645
1961.5118 821.49603
1570.5209 54.020832
620.86 1491.36
1511.6177 1600.2354
1962.7457 1449.9491
1221.3375 336.975
1211.8306 382.64407
1534.2 573.12
1220.0 1954.1364
1223.5315 140.73874
1120.8105 736.30304
576.0115 159.67816
704.5 666.7381
1944.87 153.76
1536.28 369.8
1229.1904 326.0476
1176.0 1722.1339
232.47762 407.31345
1606.0469 57.671875
1554.8966 984.4655
100.5977 550.10345
1167.024 1296.3494
1920.0 129.28847
1736.2211 1067.0316
1554.8334 2.3333333
857.7816 661.86206
1924.4789 1229.2958
1156.4872 631.71796
618.46 1380.32
56.35294 958.56305
604.72 1345.0
950.63495 1079.3492
1063.6964 1997.7678
1848.4149 1763.2128
1826.0 1542.6207
358.1982 710.00903
1416.9493 1973.0127
645.10315 435.46033
1919.0112 866.39325
1083.8 872.38336
1216.1163 1131.6511
1612.4062 227.65625
1504.3077 1215.5962
1206.8334 1126.6428
806.0816 550.4898
649.5873 1346.4921
219.78813 1040.6356
30.045454 1124.909
1723.1936 1830.086
1014.275 760.3417
1350.9667 242.63333
1932.742 1145.7742
1229.1936 868.1613
915.0172 729.84485
# COVID_SAMPLE_4_ROI_3
1875.3334 1320.1111
1420.9048 1142.9048
909.0 1588.8413
680.52563 1496.7307
758.70074 354.31387
795.0992 1863.1405
216.83487 886.33026
199.06604 1056.6227
1563.96 1453.76
1261.3561 1704.5378
201.8718 1568.359
389.56165 112.89041
104.70297 619.50494
780.30536 1748.7328
1044.7646 1061.3412
283.19565 1443.1305
1086.5052 1996.5157
1402.1731 1114.8846
751.81506 568.73975
1445.8823 1133.8942
695.27057 441.4353
853.44666 573.18
224.15663 1348.0844
719.23157 204.72632
624.18964 1815.181
1795.7583 1189.9451
906.26025 1357.2466
452.64865 1602.0
1034.9059 1758.9647
512.87 1760.75
1249.4662 1127.3234
267.36783 171.4023
1315.1123 1036.2959
1485.2858 1691.7959
1459.125 1161.8334
668.9231 1260.6154
1340.505 1385.0101
1342.3802 1956.2817
1958.1428 482.06122
1008.7763 1807.4868
462.38202 1536.7977
1966.4222 167.95555
139.69655 1120.3448
1751.1177 614.1588
782.57446 413.21277
215.66129 1526.8226
1177.4423 1165.7307
731.1778 1953.3334
41.960526 1819.0922
1051.6666 501.9785
1106.8645 1571.5226
137.8178 839.4237
966.5 1484.0
326.1875 1955.2812
132.5 1161.5
957.6667 570.1619
871.8687 1891.5151
1037.0112 1786.7135
596.2207 148.49655
872.56 1915.6
1803.338 695.05634
1334.6666 1986.4584
306.16666 1739.7745
941.5 1294.6364
1366.9683 1603.4762
1367.5059 1434.7059
1823.1172 422.39062
1467.7931 1795.9913
1446.5714 644.2041
85.78832 388.0803
1137.0 1799.6786
1595.037 1094.5111
538.9804 822.1961
1461.05 1789.825
516.2 351.15454
853.44666 573.18
415.7736 1472.1383
1709.0 333.63043
1646.5603 890.13794
386.35577 1709.4327
774.63635 355.07574
1816.4849 1081.0378
1858.8182 1507.4432
424.4881 1572.5238
218.37634 1962.4839
23.68639 1366.8047
149.51888 1683.4056
389.86325 1788.5897
1725.138 1253.8793
1278.3906 1444.4062
1078.019 621.2215
1057.7733 49.64
1346.973 1503.8649
795.0164 396.7213
1369.8805 1494.3478
42.671875 1569.1875
1047.8833 1679.1167
492.92233 1574.6407
497.66116 1583.0662
258.22223 1897.0
1068.65 1361.625
1755.421 742.5789
311.89655 1833.138
663.9496 714.7227
1576.4462 1650.4615
1809.6638 1694.6807
1692.1573 792.8315
475.3458 1744.514
913.5862 1579.3448
84.40833 938.24164
1559.8937 1109.0992
1140.5128 1321.1794
174.87097 192.51613
51.5 603.9381
918.2105 14.070175
74.01471 1936.3235
1247.7528 994.2023
251.99167 1498.1583
1201.127 1168.5873
27.727272 1860.4
1604.6487 1617.5405
1858.4902 1549.9902
1393.8198 1263.3513
1301.7977 1915.573
1860.5714 142.46939
734.0833 566.6667
314.23187 1011.913
1568.7941 423.41177
13.654762 1426.3096
151.3077 1654.4103
1570.716 781.9645
1764.2 167.44
1176.7252 367.37363
193.9342 131.69737
429.0476 994.49207
1049.4955 229.72974
1007.549 1920.7385
1986.9427 540.6564
269.78082 1756.411
1296.4 860.1067
1645.5294 1711.5588
1568.0121 1192.9156
807.36365 1961.9773
81.13636 204.86363
28.016 226.416
1391.3667 1721.2556
888.39624 1223.8679
221.68863 72.77844
42.009434 1131.9056
281.59616 1391.9615
47.809525 491.0238
833.0421 1233.8
989.1111 16.277779
1901.305 1006.55084
836.4706 1687.1471
1177.0122 1266.7439
374.76624 1574.9675
1399.5043 961.73505
1323.6774 843.1774
203.04651 1019.18604
33.302082 1374.6562
1648.3279 1097.4863
622.26086 107.478264
669.3459 1414.8646
1359.9706 1842.2354
1974.8 1631.7333
568.7049 723.7295
1465.1171 1643.7021
624.18964 1815.181
1539.4839 1736.6451
1909.4174 364.3386
317.88678 1846.566
1702.8794 414.31204
516.4405 294.2381
1091.6517 378.86517
699.13635 685.6705
918.0 1814.6831
1816.3256 580.6512
1301.828 1715.5054
1896.1072 684.6429
1548.1428 212.19048
514.9524 1860.0714
1135.5964 1508.0526
1305.3016 1676.9048
897.1702 1639.5957
1616.8148 1410.8025
1473.5426 921.3936
1376.2593 1941.5927
101.41538 1877.5846
1484.0 1459.802
521.75 458.21054
1938.9548 1295.0646
1395.2858 1079.4415
935.03174 1610.2222
411.76532 961.699
1122.086 1713.0646
1493.05 1939.5667
1261.5 1397.58
1539.4127 1844.2063
462.30157 1595.9365
915.2436 1445.2051
661.25 144.17857
551.7778 356.06668
686.8384 1545.9192
1291.7344 1927.7812
918.11426 614.1429
820.2653 607.89795
337.8095 824.5238
1374.0646 1974.4193
419.2 1894.32
1205.75 1320.9674
172.93443 1590.3606
1000.8703 924.173
623.5283 492.88678
1107.8529 1562.6177
1590.1464 290.76828
1308.6714 1855.0857
332.54544 1843.9204
511.79486 173.76923
180.65454 104.30909
30.796297 1750.2222
1912.8242 834.3212
1136.051 1498.9286
1790.9348 1065.3043
428.4156 1002.8571
639.3125 1771.4375
226.33899 1387.4661
1486.5807 1039.1774
1723.4242 1401.4242
1181.4357 908.7723
337.19318 1825.284
803.92523 256.68225
1874.4783 1076.9275
1321.1875 1307.25
500.08975 268.26923
316.82074 802.1321
862.3051 1622.9491
20.536 1035.336
716.13513 10.2972975
1667.5 1720.1666
1069.3 1332.5333
1180.2712 1502.161
1332.1646 420.3924
1547.0945 1419.05
1812.84 1515.03
546.6923 1508.0
1666.8369 1387.4457
1449.5778 1443.3629
1509.3334 1009.6016
1276.984 1665.16
1263.2396 1125.157
1225.4364 985.61816
468.82925 1412.5122
1031.5189 1890.3208
1607.1139 1219.8925
1788.0541 1101.4324
916.61743 1974.5839
1327.9642 1800.7858
160.76923 1663.6923
538.9804 822.1961
1150.0 1559.1528
322.71054 1015.8421
1224.3611 1705.25
1743.5747 525.8506
888.74524 1450.6879
1240.3167 1812.35
317.88678 1846.566
208.60156 1701.2422
1162.4215 1472.0991
1405.3772 1083.0702
822.9518 1385.976
951.4545 46.654545
98.106064 1737.6061
1213.1721 497.06558
614.3143 1993.1714
428.7324 357.09155
724.1163 1404.6511
453.63635 1475.6262
520.0303 1301.0682
444.67856 263.0595
846.7059 1790.8088
323.0 1842.2646
1203.0786 1902.5168
1555.5934 837.32965
1022.7468 1836.595
599.3571 1566.4048
1918.9806 1096.7936
1297.1316 493.73685
555.08044 296.27585
1522.4791 373.58334
1854.826 1672.6232
1617.7246 1454.5797
93.950615 1879.9506
1627.112 1522.0172
67.24051 59.0
1177.2894 702.4737
1029.1704 1580.8523
676.4167 262.93332
289.82977 1342.6915
1568.9259 1681.3704
722.7619 481.62698
1996.6716 1617.1194
1118.6666 1904.2222
72.47059 519.7882
1414.6818 75.068184
1494.3219 1865.7816
1313.8776 1134.3469
960.17334 1847.7733
1118.676 1586.1831
795.28186 649.1275
594.519 1286.3038
205.34746 309.31357
352.21335 1022.18665
943.37933 1905.9794
117.08 31.74
1329.0568 1712.841
1868.3334 369.16666
1421.5845 515.3662
710.0612 1763.1428
1347.4674 1124.9891
987.3838 512.99457
620.20483 1638.3374
881.69794 1144.1666
541.0857 1226.7428
106.39286 98.78571
1011.1667 502.06668
1842.6346 655.78845
550.6484 986.68494
1107.8422 1892.2106
832.75824 1537.5275
990.2069 1943.1609
321.10205 194.48979
446.1141 776.2215
352.83478 142.07826
487.68066 1601.2017
462.90475 1602.5714
1191.6259 1530.7549
1376.5226 884.13513
1317.0515 799.80414
1383.1586 1278.878
1107.8422 1892.2106
1489.8795 1962.4819
913.2747 1495.4506
623.31506 45.328766
733.89343 910.23773
20.76923 1868.4615
926.38464 560.75824
1766.8739 795.8739
1418.2428 1994.4429
47.847458 1181.5254
360.67123 1714.4932
823.4796 1680.0714
989.25226 1146.0991
271.24326 859.9662
1512.8489 1369.4302
505.7736 319.16037
1699.8864 620.61365
608.65326 934.17084
1739.4365 216.30952
13.103448 484.89655
99.64103 293.39316
736.85 214.05
1276.7548 1324.0944
1046.1593 889.4779
998.7958 117.19014
918.21277 1574.5319
532.6604 1637.9529
1054.836 1495.5245
276.07843 1527.9478
1380.3334 1193.5555
192.1831 1144.5211
804.209 1034.8209
669.13696 1766.0
1205.3483 902.1685
940.2371 1225.6495
511.77942 562.3677
865.0 1255.973
1024.065 1546.9221
159.79518 199.19276
1647.9712 280.60904
308.63736 1489.9011
1317.2106 1395.6052
1899.5096 397.52884
1034.1448 1613.0922
374.07217 1806.8351
933.97015 1923.7164
724.07446 1371.4362
743.54346 1658.0435
981.74725 761.0659
1480.9327 1992.7981
29.189655 1095.1034
56.264706 1816.4117
1380.4 1938.04
1942.6718 477.92368
545.8095 622.6905
971.0421 806.45264
1829.409 1517.8182
119.581635 1197.2755
1244.2354 1419.5294
470.81357 534.2542
388.84756 831.0061
375.5 799.10297
1442.2676 1124.3451
1237.7067 975.48
448.3362 1301.0862
188.83708 1555.8258
735.8871 1041.5968
1025.0945 574.86615
1962.1329 1118.7283
1401.6316 161.80702
442.53488 1828.8605
378.11322 982.4151
1592.4855 488.50485
1473.1587 958.2222
220.3 1697.9445
394.87878 1955.2727
1667.7705 1126.8524
692.2162 1782.928
1994.9259 991.7963
456.1579 1813.8422
45.0 1838.8167
319.62427 98.11561
1320.3881 1241.5074
293.81818 1641.8182
1019.16785 585.13983
879.1687 442.74698
232.79279 1395.3964
1870.2897 376.36447
1274.2297 955.9054
660.21875 1634.9141
87.32847 1464.9052
265.54544 1738.8864
1497.1978 1076.4835
1542.2241 928.4483
1953.9493 417.8734
1499.9131 311.4261
1410.9296 1839.9014
367.626 1147.1788
1448.131 470.39285
42.481133 1606.151
1857.069 135.05173
1679.748 1056.685
1275.2941 1416.5
1489.3662 1975.3944
850.4267 1966.0
83.05556 1696.5056
1799.241 594.08435
321.67856 1480.0
205.72093 124.93023
1017.1818 1788.5
332.65714 44.74286
1434.8518 825.55554
1837.5319 1292.5106
1614.762 1534.381
604.7723 1189.5742
1088.6136 1532.875
1844.9485 1528.6804
1418.3972 1520.4384
1880.25 413.525
1940.3871 1541.5968
978.31036 746.31036
1616.8922 4.72549
726.4211 1431.1316
539.9618 1534.0956
1244.2354 1419.5294
1181.2566 1852.0732
1176.2693 1513.6635
204.6132 1608.0566
387.05405 18.828829
1836.039 1605.974
422.46237 1651.2258
226.89473 1207.7894
53.531914 1134.9362
1755.0698 669.0
1399.5326 1868.8695
1652.1842 1842.421
1602.9294 1525.8823
488.51886 882.48114
1709.7979 817.40424
1643.9692 584.9308
1386.0613 1002.38776
1784.439 1539.8292
1554.9412 1236.1569
850.7143 1261.5178
1451.3146 1192.2416
1815.5 1241.5
1615.301 101.12621
1527.1628 1509.093
770.9259 1005.35187
1078.4053 590.13727
1568.6974 1773.4868
611.29376 398.35028
1289.2212 1617.3186
948.82684 522.6983
845.8836 1679.1853
141.66478 268.89206
1087.4626 156.48508
646.8028 1941.7747
1979.6467 1537.1244
897.26666 1375.3
384.6265 1415.3735
464.86154 1583.8462
1730.8704 1132.7686
1201.5581 1302.2325
1536.2375 1627.725
1479.6125 1635.55
24.914894 558.68085
1194.95 1741.075
472.79788 1542.2979
593.6667 1330.1482
487.21848 399.41177
434.95505 712.3371
1710.1964 1600.3214
17.366667 1077.6333
240.79167 1973.2604
1385.717 1776.0189
26.416666 503.28333
962.6415 1969.3585
1958.825 125.6
1137.0 1799.6786
425.16934 1691.129
1247.3969 1995.619
1124.9375 387.41876
1499.6323 1903.6323
1558.3 1438.6714
187.65355 311.24802
492.87378 607.23303
350.9568 1000.2284
346.79825 1831.9562
1980.1136 238.06061
1389.2439 1566.0
855.56665 356.8
109.66197 1473.3662
1036.909 1497.5151
593.6374 998.022
326.84314 1757.098
858.6445 1275.9445
1200.4445 331.62744
552.31464 1294.8765
1823.1172 422.39062
106.659424 1838.6957
1259.1428 324.87396
1081.1765 1353.6863
1555.168 551.32
789.11957 1393.576
255.08603 1293.1505
1363.5867 564.9867
639.4507 497.38028
356.07596 219.3671
1225.5927 1686.0927
153.72603 1124.4932
365.9294 1929.9176
219.94595 1910.964
1981.1195 1348.8695
1854.909 1765.5568
245.05357 1268.4286
569.8924 1938.1519
1177.25 1587.2812
1347.66 1986.38
17.942308 462.40384
993.22626 383.83212
1163.7 1899.8
148.85965 1292.0176
1131.1215 1184.7477
1075.36 2.66
1876.3334 1512.1945
1821.0537 1591.0107
261.2017 1430.7311
1103.1892 1181.4144
903.49695 586.7697
1302.2778 1774.0555
247.03206 166.0
495.0811 1923.6847
745.3929 1413.1786
1468.303 1014.5455
1367.8306 1798.1187
918.11426 614.1429
1453.8413 1627.2063
1020.4 493.33334
122.07692 708.5641
131.44545 1883.8091
1733.2363 229.23636
1055.2894 1845.1578
474.91306 1987.9674
592.9762 1369.5714
367.175 1658.375
1602.2808 1602.8596
976.78 1473.62
1969.8 159.92308
96.625 223.89772
909.59406 989.8713
1969.35 1225.17
1848.0203 1228.2838
1128.8334 645.58026
1341.2 482.425
1862.882 1560.5714
501.64407 1980.2543
1286.1729 1975.6776
1451.5887 1826.1401
1685.1852 641.03705
238.72728 1894.9546
1053.2721 396.00735
1868.9031 408.13333
984.95917 1240.9694
115.694916 175.66101
188.83708 1555.8258
291.54544 1534.1818
418.86823 1757.1938
1002.23254 940.18604
1422.6111 1275.0186
1816.9496 773.5814
1697.5956 667.80884
514.6699 420.67963
530.5455 799.85455
175.11765 815.69116
832.52985 728.2687
834.024 1574.96
258.69827 855.5431
1061.7542 1899.541
586.43335 571.56665
538.0 994.25
1421.5845 515.3662
1818.4324 358.6216
656.5 640.6
1855.5634 1086.5916
276.70422 1473.8733
1047.8833 1679.1167
298.4737 1549.7368
1930.5272 582.43634
1001.47205 1093.4286
244.1077 1985.5231
242.83545 1312.481
1237.0322 863.2258
1339.1007 1064.0719
709.3951 1868.8395
57.5 871.77966
857.931 835.2414
1079.5488 1241.9025
1442.8723 1888.5
702.175 101.01667
1643.4432 903.5455
1266.7257 1308.1416
1664.8649 1655.1892
1712.7556 193.33333
51.659092 448.89774
44.1 65.95556
522.85364 1600.6586
1284.4204 1288.7954
393.06897 2.4655173
1036.6154 1363.3077
912.5161 21.903225
460.58585 272.0202
1905.4191 1448.2059
74.01471 1936.3235
927.381 1220.4286
265.1905 1388.0476
1473.5426 921.3936
220.85849 1308.1038
775.4569 378.3707
1014.584 1102.968
335.79486 1296.6923
1171.3907 828.12646
1467.7931 1795.9913
530.9197 1307.9343
693.0741 1474.4814
1337.4066 1035.8022
1267.9694 1094.5817
1958.0 1212.8572
1461.05 1789.825
206.3 1495.1
86.5679 10.820988
1342.3772 1490.228
1773.8503 551.98804
1992.717 906.6604
254.44444 103.242424
53.136753 586.3077
757.5349 1991.186
767.5 1802.2302
497.83334 532.8333
1768.1733 89.87334
291.25 35.516666
1680.3636 567.51135
1960.5657 1367.8687
8.577236 1300.8049
319.2844 963.7156
1679.5941 140.48515
1523.3334 366.82608
1749.439 540.87805
1905.1301 1099.1464
1119.7238 1254.9714
1028.5238 1993.746
766.6667 123.65812
970.619 477.08844
1315.1123 1036.2959
1834.8334 1535.4015
1670.9773 1047.5303
1070.475 449.9
1409.9524 983.3333
1091.7294 1312.9647
1026.2267 430.98837
610.5128 649.38464
1052.7861 1168.6648
803.8421 1400.5
128.50562 1503.1123
521.05835 1840.25
412.0182 1748.9818
1118.0 1198.6154
386.56775 125.31613
297.93054 1431.6111
1265.6111 1296.8611
699.13635 685.6705
549.98785 432.3697
402.50525 217.22105
1621.3334 1035.0416
156.95523 1717.5522
1402.375 1764.6608
540.4732 412.4643
180.37288 327.89832
647.6977 463.11627
1551.6459 1409.2709
1720.8102 1116.5443
921.84534 1568.6392
1613.1842 1044.1404
786.0678 993.5593
1177.4454 28.49091
1812.3434 598.6465
1572.5 253.74138
1812.3434 598.6465
1081.8352 1084.2638
1487.8762 1182.981
828.34344 1936.6262
445.80554 1350.757
762.2985 1401.8358
411.8426 756.7315
348.64706 810.7059
276.94382 871.48315
915.9697 1804.9166
482.74243 210.84091
1428.5714 1019.0659
1763.7947 1209.7579
1321.6444 1283.0111
404.71796 862.70514
1501.1132 81.320755
1844.9485 1528.6804
795.30554 404.31946
1372.7797 1608.9661
1748.2435 731.12823
85.5 1740.2084
182.34883 1815.0698
440.28 1678.1
687.75757 1328.4242
1966.3 1449.8334
1364.9685 1743.0
298.4737 1549.7368
1653.0555 1252.3518
1397.1165 1220.5923
737.0621 425.82068
1495.816 377.272
1554.875 1628.9125
554.6667 921.3333
932.3393 1750.8661
812.4805 476.4156
208.0 755.95123
1289.9259 1403.7037
1453.0 651.0763
1772.9131 1309.6086
908.3111 1129.1444
1588.7966 425.32202
1996.6716 1617.1194
569.65424 332.63553
1257.5934 358.85715
138.04411 26.911764
854.3875 1425.975
206.59091 1503.697
1400.1704 188.48889
594.1053 1741.6184
189.54839 1584.2097
1936.849 863.9528
128.17949 128.42308
111.545456 1614.8334
1400.2291 929.0833
1266.7257 1308.1416
371.1768 1406.5857
1844.2041 1784.9897
1507.8427 1615.4158
450.20438 1436.657
666.6 863.7143
1953.6364 708.6818
1205.3483 902.1685
1536.1587 1302.5476
1397.1818 1141.3636
915.2062 1263.134
362.2299 1233.5057
161.9155 1811.5493
1205.0 1847.1237
1196.0546 1345.1818
908.23157 937.5684
795.30554 404.31946
1642.4814 1532.1111
6.08 84.2
903.927 1381.0583
52.354168 1188.8125
1303.431 1471.2587
760.0413 164.12396
470.81357 534.2542
250.99397 1534.6868
1986.1351 1617.1171
140.7541 1163.0984
1028.7587 924.069
1080.2632 1930.4474
971.0421 806.45264
614.0227 294.72726
212.58333 1666.4722
368.35767 1353.584
550.8485 1479.0605
208.89062 1819.0938
1470.3654 1690.0834
114.49138 207.42241
1366.9683 1603.4762
371.375 1684.375
175.68494 1659.1918
924.40625 1493.2396
1844.9485 1528.6804
581.10254 1088.9872
964.18945 610.18945
696.5294 1609.6891
505.0115 435.06897
1044.717 1997.2452
1793.4286 1525.3439
160.54839 1850.758
592.8312 262.14285
1459.125 1161.8334
979.7642 361.64227
106.659424 1838.6957
1094.3093 596.63916
1331.6421 1928.9684
1483.6771 1065.0394
197.42554 1801.0212
1977.9275 111.289856
1111.6484 362.82812
1116.8875 1207.3875
231.4908 142.17178
1908.0171 1258.3505
695.9583 269.43332
1495.3556 1421.7333
1277.24 1316.2
914.03064 789.2551
498.06616 444.96323
293.70923 1482.4965
845.04254 1647.4255
46.658535 1880.1951
430.19608 1579.5294
527.0128 970.89746
819.1549 685.8803
1740.5337 939.35956
285.4 1520.7333
78.333336 1471.0834
33.302082 1374.6562
770.1165 1208.1359
1106.5454 156.12396
971.9101 436.65167
1727.3549 192.36559
768.2087 992.65216
149.51888 1683.4056
315.6383 1671.9788
624.0595 319.88095
317.88678 1846.566
78.26667 1836.48
1384.2424 252.69698
1128.2318 932.7947
1949.33 1312.4434
341.28302 891.50946
207.48181 212.89091
1823.1316 1213.1052
600.208 1996.24
1732.2075 930.50946
607.44684 831.59576
1151.186 1910.9302
1366.9434 555.3774
187.78824 29.788235
1868.0261 1489.5359
255.29 1111.69
1391.2693 1756.6154
1524.0492 1855.5737
1731.2212 1264.6346
641.16327 1793.9387
319.8816 1824.9474
1042.8948 1832.1578
1547.0577 1439.375
296.17093 1693.812
1889.0922 566.6974
865.9292 481.16815
203.65686 1850.9803
631.92084 347.55396
587.6842 315.9408
1861.4615 816.5641
714.29474 1549.3158
240.41006 153.30936
950.3684 1862.8948
1679.3922 1025.1372
1343.5762 395.0265
877.12 140.72
1886.3441 574.17206
1677.1526 1648.339
1343.5111 1891.0778
836.2241 381.1293
1752.5435 526.7826
1330.2626 1276.8182
1106.0656 354.2459
865.9292 481.16815
1403.0792 891.0792
11.182796 1650.3226
590.0741 1948.2098
15.247787 507.63718
666.65247 19.981707
1949.33 1312.4434
996.13336 618.0133
168.41667 1075.5695
1702.7969 905.1875
165.75641 307.05127
764.5106 1939.5957
492.30588 313.21176
1539.2059 1050.2206
583.8409 597.875
636.8831 1565.6884
175.8421 1825.807
300.2125 187.49374
1566.3208 1626.5786
548.2135 1872.8202
1324.5778 1561.0444
783.9756 1631.2805
1297.0834 1223.5
1806.7319 1284.67
1016.8904 1431.7534
597.12305 1239.9769
1148.925 341.05
844.04083 1733.7449
516.4405 294.2381
1486.4833 952.625
101.52941 272.85294
1450.3821 771.9268
373.25333 1867.72
424.46902 69.63717
484.5 1891.9429
94.95556 712.8222
624.3226 1925.5807
236.77026 848.8108
202.40565 1928.934
71.75714 1473.0571
144.45795 941.90656
1002.4259 1668.4445
1997.7354 905.55884
405.17392 1450.7826
1915.3572 1333.8877
188.80571 278.44
1126.8171 1412.6458
1426.271 1551.8972
4.0 1277.0
753.1739 1531.0
1176.9166 1114.9166
1620.1989 847.11444
797.48517 1962.0594
564.5544 829.6062
529.91174 1630.5294
488.86957 941.95654
1709.2545 307.14545
632.5309 22.981482
1319.6727 580.9818
2.3636363 767.05457
393.06897 2.4655173
1770.0206 1058.0206
734.1299 1298.4026
553.0 849.75
117.08 31.74
965.6857 1587.1714
640.70337 1303.7034
834.75323 1500.948
1262.3623 1860.0435
1515.8406 1619.4492
614.4806 1277.4806
480.1077 1564.877
553.5333 1631.2572
894.37036 1713.8395
1097.4 1853.775
1437.4333 1749.6444
1849.0 1480.3889
424.77777 937.35187
668.9231 1260.6154
1317.7964 357.93414
1053.4653 607.4375
1505.3798 1064.7848
1623.5691 12.0
1322.6111 296.9365
239.33653 1912.2693
546.6923 1508.0
1093.8472 863.0903
594.77966 1377.8306
62.18182 161.6
799.5 999.94446
937.2714 1549.0
1197.1666 776.80304
352.34 1870.88
1922.9207 852.0635
889.2784 1188.5114
903.927 1381.0583
562.0909 205.86014
471.89474 1306.5264
1450.4464 601.5494
660.21875 1634.9141
1687.2273 1659.5682
1035.3405 988.3511
1392.9122 1212.6492
1044.7612 1501.5223
1499.3914 1840.2717
1106.1316 1987.9736
1688.3677 1310.8604
634.9672 1344.1803
1067.3651 1649.3334
858.4302 1475.7904
1595.5753 1767.1233
# COVID_SAMPLE_9_ROI_2
1366.2858 1370.1868
237.6842 867.2807
1019.7442 200.40698
958.5035 1638.2028
1765.8529 589.35297
1269.5483 113.29032
35.0 270.15555
89.190475 903.1429
1803.6207 1045.7931
217.09375 53.3125
881.59375 403.65625
1993.7152 1519.9934
871.5714 917.9048
1079.5254 612.0847
868.98334 1586.6417
166.73529 1631.0
484.91525 1535.0847
1835.2 1273.7847
1355.3864 642.9773
1598.7222 769.53705
1343.2 879.925
754.0 1624.8605
1303.9474 1349.5328
689.44684 306.8617
1660.8679 834.09436
1480.1177 319.09805
887.49365 1712.5063
1664.5764 766.3472
1615.6234 362.74026
754.8958 1030.9375
1688.0096 289.57693
652.8605 885.6047
1782.2979 24.127659
1694.371 223.20967
708.7895 1399.3948
1580.052 838.8182
193.9752 1333.3141
1425.7347 1169.1632
1701.8085 331.89362
1822.8334 259.86273
1081.2676 1097.7042
1046.2166 653.3917
255.41667 1974.8055
1660.5819 276.36887
1976.9097 641.50323
1828.7544 294.62573
640.4717 950.22644
858.7361 132.29167
1974.8073 1845.0723
248.55173 1125.3103
875.25 1689.8214
636.0421 888.6
1673.8214 1002.0179
442.5 775.5
875.34 259.12
406.50482 1491.9038
586.5161 1667.742
864.7593 190.40741
1991.4163 625.86127
1499.475 1144.025
741.9783 659.51086
731.0 1668.16
1643.3656 1464.1075
1049.9854 1829.8088
28.529915 1546.1794
374.11667 1002.61664
768.71173 997.8919
773.16 466.94
1645.1954 878.4727
681.1585 1558.4025
336.22223 1420.821
1597.4286 1683.5714
563.5 7.71875
134.5 1730.2446
677.75 1734.803
1148.7102 1801.3043
1714.5245 1424.6394
500.73077 1195.8718
1345.4316 448.6475
1123.4266 78.2
443.5 1664.2307
185.50793 849.8571
1227.1296 27.166666
1438.7567 1944.1621
74.84314 181.50981
664.1235 1133.3025
402.27274 852.5455
1907.4147 721.87805
706.8525 785.0984
302.17307 1673.2115
898.9545 1470.7273
1126.505 979.8416
934.6731 55.673077
1694.591 1365.2273
1553.1364 1638.8182
268.10715 187.96428
989.6724 901.18964
971.3043 773.95654
141.46202 1478.6456
1702.0212 227.06383
1348.2709 570.9375
817.6177 726.35297
58.848484 252.51515
747.2245 1786.9592
1039.82 131.63
397.38824 929.61176
1687.0448 209.47762
644.7525 1578.8812
741.32 458.44
1488.9305 345.5139
142.53125 150.125
696.7262 1427.5596
1875.9816 1048.3007
1093.0 487.375
678.5517 1137.6552
316.5 991.7273
403.69388 1436.7755
160.88889 1810.4445
28.842106 1909.6316
1436.8387 1073.5807
1432.7158 1064.1052
128.04099 103.516396
1972.3474 1320.1158
1080.1147 960.9016
92.35897 1140.6923
535.2239 482.31345
1320.9053 898.70526
581.93616 1865.6809
1693.1984 875.6529
797.5143 383.02856
1419.9829 466.6154
817.76544 65.91358
1519.0737 131.05263
1919.4154 670.10767
960.9825 500.14035
733.5972 416.81946
124.243904 481.0
1846.7059 1958.5378
640.8033 1952.3934
330.8 92.62857
307.77194 699.2982
176.9375 265.79166
1480.1621 1044.7365
767.6786 114.32143
887.9708 833.77374
1838.8235 1843.6274
155.40909 961.2879
1700.1765 78.5
1935.6428 894.5
1257.4286 961.3333
1028.4675 350.24677
327.5 121.89744
808.83765 685.5325
1395.8474 845.2712
1306.4314 1919.4314
1900.9062 4.28125
149.39175 396.2268
120.52941 1981.5883
749.9091 814.9091
1731.7822 847.0594
744.4359 1513.4615
883.4578 167.55421
1012.85364 1513.878
359.17856 540.8214
278.08737 919.8641
17.154545 1555.509
1294.7916 1593.9166
103.89552 999.209
1216.8206 1023.7692
647.6813 78.86875
727.53845 422.19232
2.642202 746.94495
994.3012 215.46988
542.89886 459.47192
866.96295 662.50616
1360.8209 1264.8806
1562.0 1798.5
1216.75 577.95
545.7442 692.7093
1140.3 1476.8417
1882.1459 327.39584
452.7551 1412.2449
1561.25 1400.2273
1079.1526 66.44068
1027.2683 1240.439
1412.5845 60.915493
1764.579 825.2632
741.74 1209.32
1046.2122 402.01514
471.51428 1393.3715
805.95654 1392.9565
1143.0428 944.65717
158.64 1318.24
1600.2479 1982.1322
211.625 799.25
1118.303 1613.5758
1405.4384 1538.9452
1237.6154 93.82051
1139.4155 328.32468
1875.7864 1615.9806
1774.6875 542.9659
784.9429 430.94287
926.8571 1785.3334
748.44446 1482.5927
1494.65 387.5375
99.58904 13.20548
523.5926 35.925926
1480.5385 1172.1538
1000.72046 78.849464
646.5372 1852.6458
484.91666 554.38336
480.1143 1520.3286
549.5849 726.67926
155.13846 218.7
396.64102 703.3077
633.7838 1979.5946
1429.705 92.37705
309.807 1936.1052
1981.1454 1856.1628
972.4815 70.111115
857.9783 1764.7609
418.48486 1276.3939
1797.3646 1476.3229
375.30682 1736.2614
1249.0605 1431.4445
791.97675 949.48834
1076.1143 83.8
605.8823 1683.2549
1571.171 930.4474
828.6353 400.9647
851.0079 700.3779
1124.8846 1333.8846
1908.6034 9.413794
1002.68335 1411.2
247.05746 1309.6093
609.36664 634.36664
1097.3214 210.55357
1976.9429 936.61426
1286.977 659.6322
1650.8148 1484.037
1923.7142 1332.4136
659.32 626.64
1201.8462 976.5769
499.9649 1386.228
40.987423 1836.3585
191.17241 756.10345
1755.3131 807.4343
1680.8948 1724.807
236.82455 299.01755
746.5 853.46
951.0741 1787.6296
138.29787 867.6277
1279.1666 860.63336
750.37805 447.69513
291.9138 919.5517
4.2377048 913.95905
1776.3715 1051.4714
242.6353 1609.2118
1882.0172 759.2155
1220.8667 712.04443
1653.1758 1413.2417
50.395832 841.0
702.0571 1679.1523
701.0 1763.5
1014.2439 1416.2439
908.4706 1947.4117
1356.442 721.8619
674.9535 196.87209
120.67073 982.9146
911.9231 158.01099
1632.1964 308.85715
423.85556 553.24445
1795.7368 999.7368
546.8816 1223.2368
801.67145 295.8
807.4894 725.05316
1034.2084 388.54166
1240.0156 1835.2031
1502.6 1701.89
9.714286 73.91428
847.7349 1657.8073
1886.0781 1068.1406
60.73196 794.85565
1376.75 1290.5818
38.849056 329.8302
1482.635 387.48904
701.06287 595.50287
851.5988 489.3054
639.41895 1802.7095
1881.7377 978.06555
910.1966 18.538462
1182.3667 319.63333
783.13934 38.14754
282.5 1190.2916
635.569 943.9655
206.10527 546.53687
560.5 1130.375
784.8585 1769.5804
323.1857 615.97144
1074.591 111.88636
1217.2858 30.2
1437.5532 88.19149
420.79807 850.74036
511.92474 1992.1827
1559.1389 1945.0972
910.4091 1288.341
1196.675 1987.6125
1915.8975 761.35895
536.2754 1979.6812
757.0278 1480.2916
90.227 489.34357
1718.9839 251.93549
437.13235 1046.1029
46.076923 334.8923
495.39285 33.892857
610.3269 207.09616
860.8571 1968.7086
863.8421 1496.421
1205.5454 1519.25
1881.0934 1386.16
1675.5 1082.3055
1615.6234 362.74026
1001.36694 1150.7523
1188.5927 285.64197
966.5139 562.2639
1034.2084 388.54166
1639.7396 865.90625
1278.1305 107.434784
1923.8334 1911.1786
1469.6154 23.153847
470.1837 2.7755103
1543.5074 19.716417
539.52545 715.5763
1252.84 695.64
168.23376 128.38962
160.7811 1884.3533
306.3611 1474.0972
1425.5385 72.15385
1642.8611 782.3889
806.72095 1827.5349
1479.75 979.6125
931.988 679.1205
1124.04 463.88
854.57574 1465.9242
528.84375 1460.375
591.5227 720.25
689.619 1644.5714
447.9737 1244.6578
383.55173 1669.2413
257.35 1536.2625
499.08475 711.8644
1303.875 1384.2916
1358.449 122.71429
890.8333 62.633335
1769.625 597.5982
500.73077 1195.8718
1136.6333 259.63333
776.0645 321.41934
1273.7727 848.3701
1880.3241 1910.8207
396.0909 1168.091
1205.1428 1316.117
59.37037 1832.5093
54.157406 1895.7407
397.5224 1127.4478
893.7857 1804.3334
868.9375 479.73294
1312.884 686.73914
1605.5 1232.3
572.1429 1150.4286
1931.8727 686.34546
56.849056 1580.585
1763.5731 1004.64636
102.54237 1270.5593
973.5222 4.1444445
173.863 942.1096
1843.3889 1915.4722
21.863636 400.04544
189.125 1064.6666
978.9394 481.84848
1926.639 588.1203
1434.8523 718.625
889.36664 1532.9417
627.7529 975.6706
780.04956 300.05786
1865.6548 1958.5834
551.46875 382.78125
1265.2183 1561.4619
1504.4777 39.46269
1590.1569 1656.0588
1090.0869 782.6957
53.541668 185.0
789.425 1187.8
1025.6875 1674.0625
1244.7792 1126.2454
1628.8453 939.82874
779.9853 1634.6765
971.7273 1881.2122
1939.7693 1327.7404
1439.1263 248.14737
1795.7368 999.7368
1014.5892 1737.5271
188.9125 1780.175
839.53894 1381.006
410.52704 1712.027
1820.3761 1100.3846
840.52 1824.2
1959.1482 1949.2963
1107.5 76.333336
29.166666 194.20833
1470.901 1626.2377
166.47368 433.98245
1454.1052 25.40351
432.73077 1019.9808
500.93024 254.7907
1297.2 352.65833
862.5263 810.5789
206.10527 546.53687
778.0833 1908.0834
471.51428 1393.3715
1174.5948 1445.3966
810.7 298.2875
1132.9667 577.4
1349.4762 139.38095
853.33606 1704.2377
294.62964 521.71606
1108.9463 442.957
481.93182 1881.6818
308.37878 1427.5657
265.7803 1143.053
426.7361 689.3333
761.8387 438.2258
168.5 865.8699
575.0175 753.1053
1285.0719 1644.5684
302.44116 521.7206
311.72726 1327.5227
776.3253 192.48193
834.59576 834.1702
1401.1376 1987.4496
256.18332 1749.8833
238.33333 36.63158
556.1875 910.0417
683.42426 1651.4242
1235.5571 873.7714
1490.0 1042.5435
55.838234 358.10294
735.8461 616.4231
1346.5 866.06665
1727.4546 1755.0546
1928.8431 634.2549
456.32 1058.2
197.12245 563.449
622.38776 1909.8776
71.049385 457.33334
1071.7709 1951.3541
1871.5205 44.589043
696.3505 1522.3402
1828.6072 1274.0358
493.65714 876.9429
1509.8982 289.75
1055.1719 1780.0
74.75581 546.407
1872.3334 1144.2
1184.9231 53.371796
1537.9739 35.991302
1021.6111 1409.9722
1567.9324 662.8108
1506.6 78.58889
455.5874 768.71326
236.50725 768.1739
1420.5927 127.25926
1985.8572 1483.1224
1827.2543 1246.322
120.296295 1140.9073
577.82715 514.9383
1210.8644 1178.6271
1183.12 505.36
792.1417 19.244095
1116.6385 1079.9337
722.24744 1391.6392
777.14 1845.08
357.01785 830.3036
1000.69696 208.06061
1008.209 32.97015
1868.0454 934.2727
247.1 736.7
459.38373 711.6279
202.59091 1470.8068
879.76227 784.66394
379.9875 40.8125
1431.71 27.83
206.10527 546.53687
230.2388 69.1194
1566.2142 449.07144
585.0 309.4091
720.93066 637.9109
874.383 1382.4894
1895.6061 365.63635
1460.44 359.08
1755.4073 1667.5186
1387.6615 803.53076
1346.225 977.0875
575.57666 1018.60736
578.5806 360.0645
1895.814 62.73256
410.65714 1263.2715
1593.3658 1594.3536
1688.0454 1258.0227
721.3598 1935.1111
690.19385 164.03061
1954.0172 1657.1293
1049.9474 1969.7192
196.25 1981.0883
1793.975 1008.425
251.09525 1685.6571
1361.3448 1385.5
676.82355 439.70587
334.84286 795.5857
1821.2727 1894.8182
268.10715 187.96428
481.1905 743.2619
1701.8918 1266.3446
1389.9354 1550.4193
844.15875 170.88889
1961.4147 1232.1708
1344.8235 1735.7941
1337.5 118.104164
420.77646 534.58826
546.8222 56.333332
739.28815 702.339
1072.4397 719.2328
1917.5278 1918.1945
561.0 1431.6719
1911.9667 774.775
1793.8557 743.7938
16.742424 143.77272
991.6957 1902.5326
54.982456 1097.2632
1046.2122 402.01514
786.2059 1418.8823
1180.4626 425.68655
115.93939 1258.4242
180.58621 959.89655
1413.3175 722.3333
268.61948 1995.8938
798.775 1622.125
1219.5 179.65277
426.65518 1028.8276
421.2963 1971.9073
1909.9811 1264.151
1180.4626 425.68655
448.86957 730.34784
406.69696 1133.3636
1627.0404 1265.2727
343.1698 1018.4025
1477.9269 327.95123
493.02985 717.71643
53.398304 1219.3474
741.7121 235.40909
647.875 1344.125
726.3889 462.0926
1952.5652 746.3261
483.24 559.96
403.69388 1436.7755
140.875 845.5139
792.0484 429.5484
1287.9844 705.4844
1060.1428 4.042857
1918.4865 1640.5676
1117.2667 857.6222
526.4815 1452.4814
741.7121 235.40909
1645.1621 919.17566
1898.4117 672.85297
559.78723 501.06384
264.25806 1518.3226
184.20224 1589.7079
1992.1 166.9
903.5625 178.25
1229.7654 1746.9506
3.5403225 151.94354
1113.3043 651.7174
30.712122 698.19696
451.83334 1544.3229
1159.5488 185.39024
443.3816 857.5658
748.89703 1007.5147
1661.4193 676.5484
1410.8735 127.55173
795.00696 1422.9305
1233.7539 1761.0
1155.0737 463.53683
1752.0319 4.5957446
1311.3102 906.5949
921.06934 1363.8671
85.75 911.6389
1973.3933 1056.6067
751.35297 1511.2157
364.9 1416.3334
1856.0209 1415.3334
547.7826 1915.9131
1220.2078 89.49351
25.921568 532.098
181.25 932.2647
436.53934 1209.8651
902.75757 1325.9899
1070.3358 469.09488
681.75 417.4375
1431.2628 462.75427
587.7105 114.0
188.8866 1846.0515
1984.8209 1714.4478
227.21349 783.89886
537.8264 1992.6041
1753.7179 1443.3077
835.8596 1626.4736
156.29091 154.4909
1632.5978 1191.2283
1173.6964 943.3571
1885.4117 973.32355
171.73077 1084.3462
227.25641 524.9231
1503.844 1287.2477
1330.9818 1741.9636
1555.0256 1066.6752
1027.8572 343.5102
568.39166 673.875
473.0174 1401.8695
1469.7646 1274.7646
681.19794 857.5208
1215.6 1577.1333
1498.2699 1406.1428
1118.303 1613.5758
21.777779 1324.0555
1473.1464 1271.0244
1026.2759 1881.4138
1130.8314 938.3371
644.7525 1578.8812
906.3077 1818.4231
1456.0443 1187.0759
1462.2899 265.65088
602.08246 341.36084
776.6064 1724.3937
1683.279 124.325584
243.04459 814.94904
309.39395 507.27274
609.369 188.60715
1220.7028 979.3514
1660.5819 276.36887
16.785715 217.5
1967.2115 1940.9807
116.790695 1046.279
1396.7474 1225.5454
1944.121 574.2803
902.86957 1806.9565
44.919643 1824.3392
1238.703 575.34546
1252.0638 955.0
525.54614 1329.0231
1150.1031 805.9484
59.37037 1832.5093
370.14285 1177.6984
1835.1908 391.21375
1984.1842 1205.921
808.3333 279.125
323.0645 1842.742
466.5 1048.0
1084.2625 1980.4375
659.2865 1578.2919
94.77 252.265
135.43243 721.9459
16.444445 1752.537
676.25 1170.1666
861.10345 854.7241
677.2162 1889.3513
1301.5856 1152.2433
1873.3269 949.78845
51.752136 978.1795
613.4034 851.6818
89.32204 1966.678
672.7 1813.8167
994.2553 473.42554
481.93182 1881.6818
559.78723 501.06384
1692.9861 487.56946
1162.1729 171.74074
373.86487 762.1622
595.83673 1477.5714
144.78125 115.015625
962.5763 1314.322
1963.3182 250.72728
1512.0526 1702.3948
763.6613 1710.7903
926.25 518.11365
608.8889 1599.0972
89.08029 33.992702
484.92 1352.8
42.86607 5.419643
114.61905 1804.9048
307.1634 1446.4706
1543.5074 19.716417
106.2 94.475
916.11926 474.09174
1205.0753 511.0215
589.9054 1619.3918
452.22223 1066.5186
1472.8718 1465.8718
1388.2059 35.17647
1380.5575 732.5575
920.1091 559.2182
1252.0638 955.0
103.967476 1854.309
1424.6702 658.617
797.01074 1461.5591
686.75385 1915.5538
877.3273 842.92725
435.39624 1753.3302
1791.1139 76.6076
1730.7731 971.0922
148.93549 1988.6129
1055.7894 140.6
460.66666 1637.4736
1353.6809 326.2553
1425.0964 1068.1084
1286.836 1603.6476
1431.1714 846.2286
1464.1333 1629.7333
1638.4445 1499.5927
801.5862 1415.569
1007.69476 1467.3579
159.01099 909.8571
1083.8055 125.47222
839.19446 564.0347
1281.8043 1309.0543
1528.931 974.2069
1306.4314 1919.4314
1548.9323 651.54236
1066.9706 1687.598
539.53656 1820.4269
599.8033 1072.6885
819.51776 629.12646
307.17188 146.8125
1265.486 150.41121
834.1579 220.63158
1328.0083 1480.7025
1079.5254 612.0847
5.1960783 370.66666
1511.7441 21.930233
494.77966 678.64404
1768.9552 1024.0149
252.9863 567.61646
368.75342 546.5
903.117 869.90424
397.17075 1147.5853
321.4537 31.50926
335.87805 984.14636
1636.3273 199.1
96.64706 1273.9117
179.21277 777.8298
1285.4468 85.44681
50.82036 38.341316
183.27586 498.5862
1398.664 129.12
1684.5 849.63464
1445.1299 24.77922
1923.7142 1332.4136
420.33334 1981.75
209.02222 49.4
1725.5215 1883.8572
506.4878 709.0
15.466666 1985.0667
647.875 1344.125
732.9355 1899.4193
565.8756 1626.5359
889.36664 1532.9417
202.16129 1910.6774
967.09375 75.0625
1447.699 595.1359
547.4844 46.453125
551.7217 1447.0471
705.4375 30.055555
90.791664 267.77777
42.142857 1355.119
1659.0404 1043.1313
1959.8279 1175.8032
1268.8794 315.4539
754.0 1624.8605
454.5 1338.5676
361.0 525.2
1424.6702 658.617
82.5 1343.0
1706.8861 1282.6329
17.1 370.06668
743.5349 1120.4186
1422.5206 795.57214
875.59875 1535.6605
355.55814 1145.1628
1501.5883 477.39706
1902.0922 1218.3816
654.56665 1037.2667
1600.6514 371.53946
1816.0549 1196.3297
657.6 948.9355
1292.3303 994.45874
1985.4956 1625.8938
923.2778 674.8642
944.8161 628.8276
238.03636 1691.2909
291.61905 1268.5714
1398.4445 1049.9799
1955.0704 836.4648
1475.8933 498.38666
948.8182 97.30303
1416.5094 749.51575
768.4727 958.65454
1521.2981 1399.9327
1121.8438 1413.0234
1799.7778 338.5926
383.55173 1669.2413
112.21622 1906.3513
1303.0253 1222.0504
1697.803 732.98486
313.57693 853.9872
526.86566 1317.5374
601.90625 177.625
1978.4794 949.2562
46.085712 1578.6857
1413.3175 722.3333
1914.2106 1849.6316
130.56097 110.53658
1529.1409 1397.0845
1177.324 1004.95776
16.018633 256.80124
44.518715 45.743317
436.85715 775.0
787.9462 633.8602
1996.6613 1503.0646
1311.6774 1931.2258
103.042854 297.2143
40.677166 1111.3464
608.42224 1419.4519
1602.1151 1833.406
560.81635 448.2449
1894.5 848.0
1352.2122 849.0707
908.6727 855.0909
1824.1765 1028.3922
87.92308 916.87177
307.07245 1293.8695
1629.0 965.5
65.57407 1233.2593
490.95456 780.3182
1694.591 1365.2273
1390.7252 1374.0659
777.52 1200.7
915.5349 644.22095
1193.7142 1082.5325
1432.1025 318.547
913.6585 568.46344
1710.8055 363.1111
734.4091 307.33334
781.966 1284.034
1329.6724 742.2069
109.221054 791.2421
299.7037 2.7037036
762.5849 1289.9056
1875.7864 1615.9806
1341.5714 1377.0571
928.2973 218.21622
872.0741 191.55556
88.685715 1191.4857
706.05316 1974.9468
748.87274 1620.8909
142.54167 1086.1945
1952.9741 329.65286
1165.4038 759.1827
1868.4429 1151.0
396.0909 1168.091
449.9125 1846.65
251.38776 577.2245
504.5618 639.48315
1182.988 297.35715
957.807 716.4737
90.227 489.34357
792.1417 19.244095
153.9661 930.2712
1596.0941 1879.7294
1955.2609 247.28261
1446.875 371.30356
492.23334 57.3
699.3295 255.96591
454.10205 1081.7142
1866.4117 1211.6765
99.510414 75.072914
1562.2222 949.4583
655.0093 905.6759
76.45098 1166.1569
1396.7474 1225.5454
318.9836 120.7541
1528.0682 63.5
688.7193 876.8421
1822.9241 1262.557
766.86487 175.0
1907.4147 721.87805
1066.2471 379.42352
1134.3066 1533.72
889.62756 265.2
1068.3676 79.03419
1900.7438 94.94215
1593.3658 1594.3536
936.4727 1159.8788
1220.7079 767.56177
1897.9 772.0333
1738.9365 1473.0476
938.1385 1996.8308
136.45454 901.4026
1506.4067 1411.8136
741.7121 235.40909
37.322582 209.19354
733.0341 398.42044
1900.9062 4.28125
502.60214 1659.2043
460.54688 730.71875
53.444443 1769.404
104.22222 774.6574
1486.5283 1780.1698
1957.6545 1293.8363
1083.0 793.0
796.44684 1369.0212
890.16156 1492.777
1014.2439 1416.2439
1967.0952 749.6429
772.70337 183.71187
61.716816 1285.1416
1482.635 387.48904
1130.8314 938.3371
847.0 800.0
1587.983 976.6949
285.70456 1458.341
1144.909 416.64774
697.65 208.6625
1838.1215 1614.056
727.60315 1443.4762
1216.75 577.95
1233.7091 971.64545
1941.0 957.0
338.52173 602.6273
826.13336 307.62222
578.5806 360.0645
321.4537 31.50926
162.88461 809.3077
976.9733 42.253334
995.1512 1775.9419
# COVID_SAMPLE_4_ROI_2
512.54095 1185.4755
1104.9791 768.2917
104.609375 1607.9219
355.2301 413.52213
1732.0 1103.5
1426.3173 1181.2621
935.4706 35.588234
918.2687 120.56716
1782.3289 126.75839
1351.0454 1563.9204
1406.9851 616.98505
1100.2269 751.21277
1148.579 639.1404
308.44827 1371.1172
1163.1892 1691.1532
1347.2358 524.9528
491.08475 689.62714
1898.9546 677.5
875.8889 1273.9365
491.08475 689.62714
23.65306 148.34694
1291.411 1284.2054
1444.3253 1365.5181
1581.8235 1179.8088
1396.4359 1231.8206
1288.2653 855.7959
1342.7341 1120.7089
1896.4366 852.9718
440.7037 667.64197
279.01694 1580.7119
1083.8923 585.1385
661.7 125.1
1021.8246 1714.114
25.173914 685.5
223.27272 1026.9432
1206.8151 760.1096
1149.3254 472.14792
950.92706 558.2292
643.34064 1507.4506
738.2451 1147.3922
697.9313 1548.3893
1058.4359 2.2307692
1504.5172 310.86206
669.82385 184.01137
1419.4016 1440.2542
1032.566 574.5283
494.6875 261.4875
1471.443 1391.7089
1705.8231 580.2378
551.8 1868.8417
879.3111 1624.4667
350.37616 421.73395
176.24 423.96
515.1486 407.3784
1645.1517 815.1429
611.2281 570.0263
1167.4 361.99048
690.76843 360.10526
957.82434 949.1419
799.15875 536.55554
304.1457 1882.8676
1560.4396 1453.1538
215.45264 409.2
1706.05 625.14
1884.5205 1479.4795
1908.8309 1499.5
850.8837 722.1395
1445.96 1793.83
118.14074 1045.7556
239.20143 1364.259
682.0248 376.00827
1252.3535 517.3333
768.4915 1950.2203
1093.1697 977.9821
1243.6666 178.125
1197.013 1440.5195
1821.9423 1053.9423
1940.1748 1208.2028
415.3011 1098.2258
1076.1637 556.62726
1592.1227 1156.1604
1666.9524 761.4286
1615.4639 723.81445
1200.675 1187.9
616.41174 1628.9883
771.0 230.75676
72.52041 1663.898
367.728 179.032
220.0 1786.5481
400.98438 301.33594
1505.3658 1247.878
1675.8223 1472.9333
921.20776 127.207794
1939.0853 172.7561
721.64105 1296.8206
322.70493 1888.9836
1007.8678 506.35538
1340.7742 1913.258
1413.8823 1907.6353
668.4138 854.7241
793.0814 1146.4767
981.3611 1184.9556
517.0 128.14285
1314.9867 1323.76
1319.9762 637.3333
871.75555 1305.4
1842.6161 984.6518
613.77893 997.03156
612.4353 1496.9412
1328.8224 755.0187
1957.9387 1786.7755
1101.6631 1809.7174
1855.9656 704.4631
1757.6086 713.337
1322.8636 422.45456
822.8303 379.21817
1318.6 990.04
1406.8441 1231.1299
1972.7185 767.25244
1456.8083 1141.9083
1043.8158 14.526316
1674.8525 1148.5577
1930.7548 1796.849
505.17273 226.18182
497.18182 1997.7727
96.26415 575.9528
347.4229 1651.793
1456.3135 1751.582
798.9825 1183.5614
1307.0328 1712.5574
644.2932 102.66165
1229.9529 728.7075
885.1881 627.3762
629.3173 563.25
881.8678 1191.4794
892.6081 1206.4595
311.1146 905.67706
1865.338 1186.6478
854.7826 185.13043
136.04716 423.49057
589.72546 1257.7451
450.18073 1156.5903
1426.3623 1229.0
639.53656 1192.7317
1842.6161 984.6518
416.64706 1252.5491
1186.184 1629.0115
1563.0834 455.38333
961.8933 1289.16
900.6667 1997.1833
216.5 655.0797
1126.2095 1934.7428
989.413 1287.4783
311.1811 812.50397
1638.5483 821.25806
1522.4631 1092.2147
1080.3489 1584.5814
822.8896 723.5215
139.65958 1538.9894
406.1757 518.27026
608.94446 974.5926
1133.2727 169.51048
1696.9269 581.9268
1821.2721 1449.6104
422.69135 788.58026
355.25882 1079.0706
240.8761 1048.8142
265.4188 1550.1111
1187.9913 1432.0087
993.6528 909.7639
974.7607 1225.6495
1448.6097 354.7073
1783.25 58.0
1458.0422 1231.4084
1073.0526 1022.5526
1297.9858 14.177305
1075.253 1898.6626
323.824 615.52
517.84 101.18
925.9551 1974.9551
1051.4348 1372.6812
953.2759 431.5862
1167.6721 761.2951
200.2 1041.3263
918.8586 1118.3939
827.4902 19.843138
3.8672566 474.83185
156.7764 1964.8075
398.39474 1931.3948
881.6083 836.0206
552.7551 1517.6327
1429.6615 1668.9
1474.4432 1847.75
1475.0204 1022.551
1266.5938 1641.9375
1608.8667 238.98889
89.08696 645.2174
1824.8682 1599.9147
1538.3652 273.43478
1618.6177 588.41174
1262.2693 122.628204
1880.0917 436.93332
1017.5761 49.608696
1745.8611 1128.7593
1511.5 1690.8667
1059.849 8.31132
1279.5577 29.10577
19.530973 1977.8319
1027.5652 578.26086
684.64105 200.92308
659.86206 1814.8391
1606.3608 931.71136
579.5 762.90424
1685.9231 139.38461
1899.6227 694.8019
1494.8269 328.96155
1389.3334 1131.3445
192.2906 1057.7435
1395.5405 1458.027
636.13275 387.2301
1420.0161 593.35486
91.704346 1356.7305
596.2537 183.22388
1094.696 588.65686
1199.1687 1433.735
947.3396 1276.3396
783.14606 1052.5393
771.3737 820.2121
359.5873 1397.127
119.113045 923.1044
525.0333 428.9
119.113045 923.1044
197.62608 1951.4174
1123.0 146.0493
1235.6282 1769.7051
491.96024 251.0625
1584.7761 431.2985
1825.8302 1441.066
609.051 1996.7142
1171.0729 913.88544
1629.6907 893.91754
1144.3334 1729.4207
1316.66 621.24
598.551 462.44897
443.5104 796.7083
1758.3522 425.04227
779.8889 686.5185
1432.1951 1511.0975
1742.7307 1098.8365
1439.3689 1650.1359
964.12823 491.8718
1458.1818 932.36365
414.2486 668.20905
317.95834 440.11667
1792.0695 1581.375
579.19165 1279.825
42.30337 1685.191
1026.2565 805.4359
1749.25 869.8148
1533.8765 890.8
1980.8695 1651.4565
1960.3611 1539.0695
766.09735 647.0708
1913.465 1981.645
1213.6238 167.31683
1101.5 1766.7
1155.2114 1925.0651
1478.7284 1420.2098
1430.928 1307.6
549.34454 1510.3782
1950.0956 506.27942
930.94446 1415.6945
166.04099 801.76227
124.23881 1930.5223
194.35365 1219.0549
1110.1099 550.5055
1995.986 1700.9296
1762.9531 511.51562
1558.3579 151.25262
385.26666 413.3619
217.90141 44.15493
1474.6923 490.3187
559.3929 1478.9642
127.085526 113.085526
1690.646 503.34512
1972.7185 767.25244
283.81482 1017.6157
1011.69446 544.7222
372.93024 1232.3799
1025.4166 622.625
660.93024 1492.686
1055.5 826.75
1214.5714 1455.7693
1173.2167 1628.2667
1801.3185 1646.563
1224.8796 1960.2406
1460.112 314.61206
1830.0374 1463.5746
1012.72 43.24
1085.9354 1676.371
1064.8572 1023.5
1805.5769 526.11536
1350.0 987.7826
1271.5186 1621.605
1961.6573 998.5648
585.9677 622.50806
1100.0698 532.6047
1886.3577 1907.4672
1679.4835 1992.8627
504.97522 1456.8099
1142.3517 1236.7252
851.3571 1149.1123
1081.081 282.54053
1263.0 1803.8235
1071.5223 445.01492
1467.5735 1824.4117
52.035397 184.51328
1386.8269 1456.9615
149.95918 201.28572
146.83076 1113.277
308.32407 657.19446
1275.5714 301.57144
90.445786 301.5783
935.7236 325.95123
296.2258 1595.0161
281.09918 1496.6116
1355.2245 1348.8877
1843.2443 1429.0763
1423.8082 1519.9727
1380.8209 1067.7612
89.433334 1820.9917
268.75 220.3625
51.987953 195.24097
1172.1562 1622.2188
579.70215 692.8723
223.6129 1683.2097
1969.5605 1184.363
1164.2 469.925
990.5929 216.58408
1325.836 1372.2458
1964.5652 1866.0435
1172.1562 1622.2188
626.18 939.58
1179.62 947.29
1930.2828 1414.4546
1986.1642 1646.2687
792.44147 1327.964
1035.1296 1629.0555
1085.2449 765.40814
560.59174 425.71597
989.5161 1158.6774
831.5763 878.0847
1426.3173 1181.2621
16.434782 507.3913
1060.7446 193.40425
872.8823 747.549
1431.3658 2.2682927
1970.9661 997.77966
1908.725 1056.3
1344.8846 992.96155
1117.3407 1250.7185
1258.3269 1073.8173
935.7236 325.95123
255.9804 288.01962
105.62963 251.08995
337.2844 1994.3395
1508.0869 287.77393
307.44 9.08
1188.2065 1996.7609
1967.6538 1051.7565
1808.7576 1032.303
1296.5186 358.7037
1739.869 989.0119
1702.9773 508.4091
1646.7838 1885.9797
1286.7391 33.15942
897.64484 935.0561
653.1681 556.32776
1059.375 1944.625
270.37863 870.20386
1820.0646 1087.0968
765.9484 517.71136
1095.7407 1535.9352
651.5417 36.358334
1274.5205 1605.9407
1492.3977 387.27274
1472.4891 545.3043
1441.2935 1117.25
157.125 1952.25
1226.6392 874.6083
92.26761 484.57745
1715.1013 729.519
1393.7633 1916.9695
80.695656 374.78262
648.7818 1851.6909
1117.5834 884.5
586.65424 907.2804
1187.5989 1910.2675
1557.5156 1016.64844
1165.6941 1467.7765
1951.1702 1022.9787
28.336634 834.58417
920.5377 815.98114
570.07947 1344.2384
935.5172 1410.9138
497.93848 593.3538
1493.759 669.7349
1818.95 149.53
1790.0851 775.94684
1484.9028 600.0764
424.00552 226.09392
764.0763 1376.4916
436.80682 476.82956
195.0 933.6585
1675.1892 926.2432
543.7069 892.39655
1974.7708 799.04456
1464.3168 1315.031
144.58974 875.0641
1083.6852 1571.7963
752.3889 737.3889
1990.1351 1152.6216
965.1477 117.15909
3.4081633 1953.1428
2.75 98.854164
1284.8961 122.181816
196.86586 1367.5488
178.52 1399.4
1565.5276 1759.4252
927.68805 1084.6239
1185.0581 698.5
377.4557 799.9367
1001.0 810.5814
194.0 1506.3158
1479.0 1013.6323
1439.3689 1650.1359
1725.9429 183.51428
611.8087 1165.2522
692.37933 1391.0804
950.1091 956.2
1287.2738 629.0
378.11975 767.2036
1733.0 1744.7345
1127.7115 785.5192
1884.8853 519.78687
385.0092 517.1101
789.8714 388.25714
1785.2675 1585.4767
1962.68 582.49335
349.89816 1008.31946
975.78766 556.02057
277.46667 669.175
363.97043 1118.7456
1038.4208 858.3049
1345.75 1841.8296
1558.3579 151.25262
1453.1852 890.3333
1671.242 1403.0
1796.3784 850.5405
1157.5536 853.3929
430.5 1150.6666
848.5862 130.58621
695.1967 266.16394
1957.6461 1958.7847
1712.4517 955.37634
1525.9672 1128.5737
882.49475 681.1684
9.2875 121.7625
1543.6299 1700.6906
1844.3112 1291.0444
1080.7024 1987.7142
247.34666 1794.24
485.63513 1961.4797
253.9903 781.5243
274.9565 1325.8608
816.0702 770.1316
914.18604 85.16279
526.24194 1254.5322
1203.0 874.47314
1680.7756 39.228138
942.92365 625.7405
528.05 257.66
606.7586 180.06897
1693.4662 764.7669
1283.1798 184.22472
1887.2979 714.383
757.1087 1820.6848
891.3273 1994.8363
1607.9054 1400.8784
1812.1595 1685.1868
1862.3677 204.0
937.3774 468.76416
1311.3905 786.58093
1132.5714 1172.625
423.90323 335.2903
64.85315 1453.6504
613.6429 1938.7142
597.8381 1244.4095
1774.96 1133.54
1952.6461 1822.7693
1647.4067 764.1356
382.376 1389.424
1108.5259 564.2241
913.3762 1164.3861
60.704082 1398.9592
1019.65344 27.49505
1087.2885 1829.7981
671.9778 1036.5667
244.56471 1931.9647
626.1905 363.34128
1690.6066 844.0984
1758.7473 438.73685
590.4337 275.16867
1898.633 643.4358
1386.8269 1456.9615
1018.08826 1378.5294
870.96704 903.61536
845.2477 988.92664
311.1146 905.67706
159.88889 1275.2418
1367.3933 430.59552
574.20636 1319.6825
1213.8096 953.3095
1300.0533 862.6533
1324.3928 1017.75
1369.5903 836.3735
827.6111 1130.4445
545.5467 1492.52
86.01786 356.6607
1826.899 946.36365
730.30255 1970.0673
1853.7975 729.01263
1325.5927 83.36214
1249.1233 450.9452
645.9506 887.5432
863.98486 809.07574
1123.5443 906.94934
1082.4937 491.40506
734.82715 1473.8395
144.11905 129.64285
1604.4517 343.2258
1246.1167 109.425
872.6064 618.95746
1150.7435 1879.7008
1077.4459 1757.0
974.5034 480.16327
397.9608 60.313725
1573.0646 953.2742
1982.1945 391.4861
1668.6519 144.8
1397.1818 1567.8595
1591.7222 1222.5186
644.4039 511.09616
1573.1296 192.64815
848.5862 130.58621
1754.3065 1686.0292
184.62038 1960.0093
789.7907 627.2558
1136.4148 624.3333
795.12177 1100.687
700.6803 1979.9098
143.46875 455.15625
46.67857 100.75
725.7717 147.26086
640.26984 412.61905
1068.3478 839.45654
1659.5349 398.2946
1675.6171 186.70213
712.30304 364.59595
1348.1084 1671.2289
1303.3265 654.59186
1899.0631 1376.3558
546.2755 201.91837
714.09375 862.0469
513.7059 1654.4117
1228.25 1336.869
1782.4194 95.19915
430.5 1150.6666
270.53333 142.2
1389.3334 1131.3445
396.95557 453.73334
1517.5625 1797.3375
584.7018 1550.6666
613.56775 708.2645
908.74646 1349.8309
1516.3298 1446.7188
1379.9059 594.08234
660.3017 1798.8534
1111.1875 232.53125
1692.742 862.70966
1543.7646 1148.9803
1047.238 674.0476
1263.76 520.72
1048.2072 876.14417
822.8303 379.21817
1911.4956 1156.6086
1805.5769 526.11536
429.95557 275.28888
1391.8168 1023.2977
1630.8383 173.23529
490.58066 326.73117
1757.1863 49.273293
1129.569 752.7241
1100.4407 1256.8474
16.029411 312.61765
226.12782 1396.4136
780.4727 1101.509
1260.6489 726.40424
252.18681 736.7253
1110.8727 1381.0182
1097.5306 302.14285
1106.38 1821.17
1912.5845 162.52597
749.7957 655.3011
1361.7788 1926.9558
1158.9338 1508.0
1349.7681 1197.9275
1185.863 243.0685
1105.6774 324.44086
1218.3572 46.32143
1672.0533 543.84
1693.4662 764.7669
1477.2195 1777.4147
1526.091 266.77274
609.971 1506.6086
1302.6383 33.968086
203.40146 264.8978
1448.5951 835.99176
79.304 576.984
309.83783 1304.973
211.47679 1894.3418
1078.1034 782.2988
253.98611 1195.118
1745.1228 631.1754
884.04285 1966.7
180.96875 1718.9688
1331.9117 676.1323
578.1892 466.5946
1196.7355 1494.3871
1078.4299 1007.0841
836.9405 528.6667
353.38824 13.752941
1930.7548 1796.849
1459.2576 377.89395
1748.3529 844.9216
1250.963 906.5926
599.0696 570.2696
898.8947 704.7193
9.576923 499.65384
1361.7788 1926.9558
1956.2739 1980.0828
1209.9675 1616.439
963.5294 427.625
132.0 27.28
130.82481 760.88324
585.9677 622.50806
1417.5088 247.98245
729.5965 300.1579
79.92135 118.38202
408.77777 477.41666
1763.8108 83.86487
540.6023 1258.625
1554.0256 182.20512
1686.3787 1984.3593
1829.3605 1296.0116
1613.5294 1861.6824
50.126984 1696.746
265.42554 1160.6809
1285.321 4.311927
1669.0 1830.4142
1976.4253 1066.9885
973.4762 1410.238
581.28 8.96
363.36 303.04666
1343.1628 291.89536
1734.0734 288.15598
894.229 86.54962
473.272 1031.784
593.5789 1468.9248
649.8608 1496.9747
139.20264 1123.3348
916.6 564.375
1240.4 1482.92
1274.8379 738.8919
1597.85 909.23334
1245.8429 323.4
1966.0541 409.71622
1350.8 1541.5706
550.70886 194.0
403.04443 1955.2667
947.30853 64.106384
221.70116 33.735634
854.0633 962.0633
1238.4138 297.27585
713.74255 1359.703
1482.7815 880.58826
1391.3401 1713.4696
1527.5729 1328.097
972.14417 526.37836
1330.0526 1828.614
1460.0706 1238.8118
1457.957 1040.2795
1155.2106 1443.8026
1534.6571 1854.2858
1935.2375 692.5625
439.125 1495.7916
50.689655 571.5747
149.39131 1105.7717
1985.4875 1610.3125
1080.5706 402.22354
1567.5759 1675.2863
780.9474 131.73685
1125.3226 1577.9354
1366.6072 931.7679
302.0 1307.9452
473.14517 1921.1532
397.75 21.360294
1110.7797 787.71185
767.6818 1902.5227
380.26086 442.75
1474.8846 408.96155
1463.302 599.5297
629.9516 1500.9517
841.3036 1184.7678
1355.8658 1585.7927
910.7111 1680.4667
1783.25 58.0
212.92035 1136.7876
1783.8347 761.60333
1419.4016 1440.2542
1438.6692 539.88464
1490.5564 1415.2556
1717.5834 882.1389
1963.2562 1132.6694
1603.919 1862.5405
1160.0685 1349.2054
1094.6381 1863.4952
1898.4872 620.9487
1312.7059 716.83527
1376.5769 106.25641
491.96024 251.0625
563.962 393.34784
1457.9891 1804.5869
1690.8889 882.96295
1634.33 153.27835
452.1266 154.01266
654.98334 1398.3667
1372.3779 704.937
406.50516 506.9536
386.5 349.45456
1133.2858 703.3929
1215.6289 256.0103
237.55737 634.7213
1868.4926 1037.5299
621.989 927.74725
1724.9722 392.80554
283.39505 1167.9012
17.215687 323.451
476.91666 1019.6389
1398.0518 14.4827585
1871.0409 1378.6959
1344.8846 992.96155
1405.7614 571.6023
1305.3151 1225.6576
1144.3334 1729.4207
851.3571 1149.1123
371.25 788.6667
574.28186 1194.906
1038.7156 666.6605
107.333336 1063.7059
1157.3977 656.1023
992.7486 1393.0336
292.91306 621.29193
1213.6238 167.31683
1000.4894 1120.1489
1993.275 1391.5083
347.97726 499.88635
1094.696 588.65686
1314.6957 698.0
413.7928 250.72974
1406.9851 616.98505
508.11703 1470.9255
202.90683 1127.6273
1836.9823 1591.0815
595.45 1215.275
776.37933 481.91953
1302.9467 1351.3867
1633.2583 1567.4725
655.8481 1406.7848
772.64417 399.54602
441.21848 602.7227
1417.7667 1738.8667
521.0989 527.4286
854.6724 593.65515
28.965517 909.4138
426.84848 382.0101
1560.091 1870.3334
1641.8778 833.4667
70.64286 434.60205
1292.8572 711.6104
1329.7578 668.375
274.77777 653.1111
4.939394 1147.8561
345.48386 760.0323
1170.5957 1810.1206
185.5493 1046.0282
1507.7609 733.95654
1829.9257 1695.7107
18.34375 683.375
1278.619 946.9524
907.7579 390.17896
1678.7767 1127.4108
1057.6127 1987.7919
1361.2745 1166.4314
554.68 472.58667
789.8714 388.25714
503.1613 1432.9354
1315.7188 1660.375
1320.2577 1632.6392
809.0764 1161.75
1502.1163 672.02325
524.60297 864.7794
1302.9467 1351.3867
1908.25 997.5303
568.64813 305.58334
1146.965 1548.6578
1879.6923 1706.5
1467.5 906.6842
1853.7975 729.01263
1748.3529 844.9216
1138.8448 428.64655
19.467392 1160.3914
392.76364 473.21817
206.21739 1218.7826
1993.3429 1546.2572
511.0339 127.47458
257.06732 195.21153
9.347826 573.5543
1182.1666 258.30554
682.0248 376.00827
915.31036 622.4483
981.3611 1184.9556
1995.5393 1281.5955
1619.3665 1438.5963
1674.8636 1758.091
842.6591 1133.3068
513.51514 341.54544
1091.08 1354.88
363.47675 78.69768
561.5119 261.91666
1300.0533 862.6533
1087.4634 1019.7561
1092.9219 1889.7188
986.0 173.69792
1672.4783 584.5217
1110.1099 550.5055
594.69354 721.69354
1306.2249 471.72867
1852.1875 1177.5892
387.75 341.52777
1350.1259 1033.986
839.086 558.1613
1287.5568 823.9773
1194.4403 260.1195
# COVID_SAMPLE_9_ROI_1
1096.5652 277.2029
1061.1265 1025.8735
1465.9 1843.2
506.77896 403.90527
1282.5217 1553.1377
1466.9642 943.1071
1446.3939 294.95456
989.93335 368.55554
1085.6724 1669.0862
971.87177 1353.8718
403.64706 1035.6
1809.7059 802.17645
518.38666 703.5733
1949.2222 415.0476
1988.5328 247.18852
1699.5714 70.2381
1951.2041 215.14285
1858.2805 1365.5244
1085.2234 1632.9574
1537.8334 959.7564
429.65714 951.3714
1260.3511 1241.3617
1431.5714 1000.1607
487.5595 111.77381
623.439 585.0732
1022.4846 1947.8539
1484.1666 461.85715
675.06976 470.55814
1211.1466 1124.8933
1745.8462 981.26154
343.65332 1037.2733
903.6774 1387.1936
723.5625 990.025
652.9056 7.711111
1668.2935 191.04347
1123.1464 1731.8536
9.215686 1145.4117
273.2388 280.2388
778.1818 539.5
1946.8032 1740.9181
888.0222 1697.2
1613.477 1315.0275
705.0 1343.8462
66.268295 1462.2927
1739.0117 629.0941
575.6279 1220.6279
1759.7333 1039.4111
824.17883 725.52844
223.44211 847.5895
1869.6936 1791.8226
1188.5 1008.0
652.0253 655.7848
1872.9186 290.73254
1690.5862 1729.0344
1125.381 1178.131
1937.3 1248.5
1716.4865 454.3784
591.65625 1125.0
806.86365 1101.0
830.7955 401.75
1655.921 191.51973
1317.1953 116.734375
1780.1804 911.5263
758.88165 949.01526
1464.5646 834.2742
200.77065 702.9816
1571.6857 248.5238
1826.9286 1709.9642
1416.2206 999.35297
1450.091 1034.909
1216.5139 570.3611
1827.3055 645.7639
1748.6118 936.35297
1162.7124 565.71893
884.52 1532.2533
399.16327 1240.3776
1911.9841 255.07936
74.97436 1138.3077
1776.8871 1003.9274
1282.2142 1379.7041
1014.5333 419.64
556.31067 508.12622
1563.5275 872.68134
740.0175 1062.5264
595.8305 1657.322
838.36206 1136.3276
1699.5227 188.81818
409.98306 645.22034
1167.6327 197.87755
1699.2222 195.0
784.5781 511.89062
1223.3212 1556.1241
572.88635 557.7955
1371.5333 407.02222
1323.871 1362.6451
1526.3578 990.99084
1953.3387 572.30646
42.260868 908.26086
1856.7374 675.9495
1718.371 236.03226
1411.5769 327.8846
1802.9613 1034.4774
1218.4182 1172.6
1162.7544 1072.228
923.38983 1404.9323
561.52856 1593.6285
1234.4312 1160.0
777.5714 816.2679
837.1954 1095.4138
758.39844 117.21094
1747.7693 401.68375
578.7273 1827.9546
309.96 544.86
1417.05 1078.73
743.4138 864.5517
1048.591 1854.6364
939.2759 1120.6552
1347.1389 939.5278
1698.9552 1807.5374
764.3333 416.58334
1805.4117 1695.8529
1462.4117 406.7353
17.901098 1265.6813
376.78262 1962.1305
1438.2676 1128.8451
1050.5769 1125.5
531.46344 1823.2439
1355.2894 791.6842
556.2 423.76
778.1818 539.5
1280.339 570.79663
1282.2142 1379.7041
1582.8077 425.76923
805.9231 1052.7693
362.17188 1740.5469
1505.3148 1849.2037
721.56366 1174.8182
1111.869 382.2619
1445.3334 249.24324
706.9664 277.14285
877.425 1259.6
1083.2417 160.06593
239.35849 1792.4529
1345.6323 1195.7206
1260.5151 1049.3939
1041.6746 445.3889
643.8 551.5111
1085.6724 1669.0862
1070.6522 1747.2609
548.86 1740.06
503.46667 1402.8
609.0 250.8254
1913.7894 1223.6052
1363.4648 952.3662
178.90244 1817.6951
1626.5646 153.70749
1275.5 332.73
1140.8572 1253.8857
1210.6395 1113.8837
1721.2179 1491.0641
1152.117 1263.5714
1628.9789 994.48676
1787.0 762.0353
983.7838 1225.2028
1889.9279 792.85565
71.53191 1074.8723
595.2564 1680.5641
1481.0 1593.5
262.9355 1619.9517
548.5372 1208.3389
785.2453 1866.8868
1267.6542 969.8598
810.9756 1312.7317
1577.0358 1982.125
1597.6846 659.2923
1224.175 1690.0
1092.3556 403.45926
937.48486 1128.7878
1497.7551 670.5714
1967.5186 653.9136
1400.7483 638.3469
698.86334 127.534164
719.0294 1796.2354
1725.6 595.56
921.7632 1178.8684
1608.9711 216.39131
1349.5106 740.80853
91.5942 1850.9565
164.75325 528.5065
432.3209 1536.6194
580.88464 1371.9615
577.07574 1794.7424
1792.7671 814.6301
676.15967 1772.1512
1470.7222 151.2111
284.5862 957.5517
1053.6552 95.93104
199.91304 1718.0
1813.8572 244.57143
1072.6938 1079.6327
1971.5555 1306.6074
1650.5555 1992.8334
109.02752 285.37616
799.49255 1304.8358
742.9231 1136.8
1359.2069 800.5345
1428.2034 1073.322
166.34285 963.0571
1817.7412 645.2471
325.13513 1642.8379
968.2973 679.4054
925.4154 1114.7847
593.7477 1864.7196
1343.3889 498.27777
1356.25 414.8125
369.39062 1985.6719
1716.4865 454.3784
1037.8472 1077.4584
586.0678 1822.3898
1554.1383 358.82977
675.2875 615.3125
339.40625 99.65625
1411.9803 1456.9412
1220.4482 1615.3793
959.9531 851.25
1390.0289 361.76813
522.8879 1302.4019
194.21739 1864.826
1367.1549 808.8521
1091.548 601.26025
242.8868 1092.9056
1749.0625 1938.9822
1235.8636 1040.0
1243.0 1597.775
175.02884 1286.1731
1220.1316 1077.0724
1890.75 1960.6184
1861.8684 687.6316
1394.5128 182.1282
1333.3914 1401.7391
691.5143 1426.1143
1785.5376 1696.0968
269.08954 421.62686
1546.2954 1180.7273
3.2934783 1032.8152
186.825 921.1125
1300.7307 397.44232
1169.4143 474.34286
19.671642 672.91046
1669.9286 526.4643
490.88373 1527.5698
677.2414 1212.5172
1632.8718 1324.7435
1916.4117 29.764706
985.1918 507.0548
684.6517 39.101124
471.32877 980.71234
1167.9365 1190.1904
1890.75 1960.6184
1494.8529 1617.0588
1295.8916 1454.3011
1341.1666 1846.875
658.3158 871.6842
1138.1 619.2857
968.65936 225.61539
1485.3208 732.4151
1497.7551 670.5714
1022.3219 1264.9315
1111.869 382.2619
1277.2273 908.9545
1811.025 1607.1
77.81579 279.2763
1207.3263 1200.8105
848.2083 1433.4445
447.33768 1849.4286
1990.1515 1269.6061
17.961039 1155.026
1074.9231 167.62088
1125.2363 1963.2363
1227.909 1599.091
402.88733 262.59155
1843.1765 389.83823
1227.4127 1132.5793
19.511627 1758.907
333.09525 1820.6381
1896.091 1196.909
846.625 1181.4375
1842.579 1918.6578
1731.9326 543.11237
201.09756 1566.4716
1219.4791 442.27084
533.881 892.381
677.2414 1212.5172
661.97644 1053.5177
1224.2839 1969.3827
1212.9878 102.63415
1747.7416 48.83146
705.4872 763.2308
1618.5692 197.86154
1067.0238 342.2262
551.71875 1976.2916
909.44446 1083.1389
66.268295 1462.2927
696.94354 658.9355
452.27777 1780.6444
437.512 1234.152
1328.18 772.56
68.22222 1367.2222
1971.5555 1306.6074
1586.6865 1647.791
914.0 1821.826
1411.9803 1456.9412
563.49335 1770.0934
141.04688 1765.5625
1583.1846 1976.7693
1067.6487 1240.973
1182.4147 409.97562
956.9184 1763.1428
1033.76 1053.32
1593.0344 217.27586
1717.1428 1941.619
766.0156 477.54688
1483.5 1013.8571
1933.0875 137.3875
1212.0575 610.1839
122.815384 1841.0
1115.0847 338.32202
1224.1562 1620.2812
865.74115 75.82353
1029.6931 1208.1287
222.41322 424.86777
580.03894 903.5974
1302.9615 1071.0769
1571.93 1378.1237
1751.1058 1665.9764
848.21875 589.3281
1221.0546 385.54544
1638.3652 1258.6348
1151.1506 413.0274
1483.5 1013.8571
943.625 1323.4688
102.27536 1322.6812
1915.3846 275.78845
1620.297 143.89108
849.39655 1511.2931
626.9186 829.47675
1995.303 937.50507
1602.7222 1935.7778
1844.2346 1757.0741
749.7018 1062.6492
1525.5 1121.0
1595.8118 1816.2
1585.2727 691.6727
1698.2897 661.4953
1334.5 1030.6632
1007.24 1150.96
1871.8405 212.54256
808.84753 379.67075
1702.3334 1331.1528
628.2526 1347.4315
366.30304 148.75757
414.46667 1620.2
1331.21 339.76794
734.95715 725.0857
240.0 1535.6608
1863.3469 669.8571
1310.9469 1061.6814
1281.8125 924.9
1357.1803 936.1967
929.2069 1406.1724
1372.7246 368.3623
1323.0116 1103.3954
770.51514 1072.8334
1126.2417 179.325
1269.117 1425.1299
1265.491 1498.4182
1651.1904 131.7619
881.8261 116.17391
1368.0 422.87878
1209.7354 182.0
1620.9822 650.8036
1426.2106 1276.3158
1062.5488 487.12195
1307.1111 943.8611
598.8209 921.4627
345.3793 1989.5518
129.83908 667.8161
1013.6857 451.57144
1317.1953 116.734375
943.09 8.35
1118.6884 1330.5325
659.3 774.68
1046.5424 55.33051
1058.0 1155.9025
1692.097 414.44775
1474.6938 427.7551
1251.7925 614.7925
1630.5 1990.5
919.4034 1039.3025
1502.9512 173.80487
1854.9491 893.5593
77.136986 606.46576
563.49335 1770.0934
504.46915 1148.7778
867.55884 117.47059
1926.8689 1488.8853
372.21832 398.46478
1280.9701 1348.8433
1428.5067 195.01334
158.25641 939.6923
1655.6957 1643.2898
29.166666 1819.3823
1990.2128 525.3936
1907.7084 1265.5
983.8068 1989.4432
351.26086 1536.1086
70.223305 1920.1748
1191.5818 334.69092
583.56305 59.184875
156.58333 1612.5667
1378.3928 501.35715
1135.9714 284.3143
1991.8788 1092.1515
836.78125 343.84375
1652.0244 64.68293
531.46344 1823.2439
1491.1384 1007.1539
1622.2653 1446.7755
90.166664 104.71212
1727.4385 118.1
42.592594 1854.9259
1393.5227 439.61365
930.28723 26.69149
201.65218 410.47827
445.2439 1795.3903
1872.8474 64.28814
835.5769 768.9231
1482.36 428.24
403.57895 1567.5526
1125.1372 1323.9608
606.8851 990.67816
840.07794 1721.6364
1223.1754 1756.1578
690.9231 603.9808
616.3542 96.0625
1564.6865 408.74594
462.8046 1476.2299
1616.5657 1522.0707
517.6905 1042.738
1442.8334 1767.803
1109.8452 1101.0238
930.26733 1838.3861
427.82455 1330.3158
383.80264 1069.421
17.282608 1824.8478
643.1593 1299.7168
1234.3617 1616.7446
1106.6493 1213.5195
1688.85 611.36664
1474.6938 427.7551
771.8378 1602.3243
1136.129 524.4032
745.25 596.6818
30.916666 860.9537
53.98969 582.92786
1016.4737 1603.421
314.1846 1634.0
1213.3036 253.25
1578.1428 693.6667
1660.3606 1754.7869
831.74194 1451.3549
1567.7246 1793.4492
1573.2527 659.5579
1062.2142 452.77142
730.0345 888.6724
1428.3143 950.4857
451.23077 227.15384
1537.2185 1004.5462
297.77777 92.05983
1419.4506 1415.022
616.8889 1399.8889
723.4759 1325.9932
1136.0476 274.8095
1313.8096 150.85715
1757.381 1684.762
137.20833 242.125
1922.735 118.86747
118.79825 1931.965
1277.1279 601.8023
1926.4656 583.0517
1095.9445 1640.8518
1034.1731 1856.8846
694.01447 288.3913
985.1918 507.0548
1101.0834 614.4286
1703.6692 412.62405
1899.1904 1917.6508
1726.2407 445.5926
669.0 1922.081
785.53204 1169.6025
704.0909 1542.909
499.01962 1205.2549
1483.3694 840.0991
705.10974 1081.939
606.2542 1504.9323
711.19354 1699.8064
1284.2941 1086.125
770.58826 436.52942
554.63794 1395.0172
751.2083 1647.1666
1504.772 1808.193
196.82979 581.70215
371.86365 420.04544
235.65384 910.3461
1457.7715 474.01904
629.1818 136.21591
1739.0117 629.0941
464.91763 1269.8
1118.2941 1181.7843
1023.61816 369.43637
1354.6666 431.27274
1395.2947 284.50894
649.0 537.5
1845.4426 233.70493
254.51111 1096.7333
1195.2617 1705.3826
1421.1288 1132.0306
230.58 1120.32
740.0175 1062.5264
1630.13 1902.8
64.189186 579.8018
975.10767 1310.8
1562.1698 1587.415
1032.8073 267.74698
1076.5 459.5
610.35297 1307.7206
1119.2388 431.1045
1454.463 1275.8148
658.3158 871.6842
830.7273 123.59091
1481.573 587.6573
452.65518 1321.5862
159.27586 1667.3103
1121.7778 225.31746
206.8158 218.85088
815.80725 1632.6145
1010.1404 1036.9824
1276.7858 991.0268
659.0625 1215.6125
912.48193 346.68674
794.8544 1757.6699
1697.711 182.02222
1574.2972 1753.1351
747.337 1427.5326
1997.093 1516.3256
1537.3125 124.375
1155.4819 573.1325
1394.5128 182.1282
629.82355 1817.5
1700.6586 1191.5853
1801.378 517.53656
778.9852 407.99014
937.9178 363.80823
1943.0416 1116.5209
1215.2734 378.71094
1364.7573 929.8641
1428.5067 195.01334
1542.7969 400.0625
933.4146 1203.8292
844.1857 1221.7142
1074.3276 333.27585
562.8929 1607.8214
260.04 100.4
286.8875 1683.1875
933.5273 1401.6182
675.2875 615.3125
772.56946 502.20834
556.52545 1409.5763
949.67145 1358.4
783.14 987.02
1949.2222 415.0476
855.40594 309.48514
848.21875 589.3281
1375.5278 998.0833
771.25 297.28125
1440.4719 120.8427
1106.5652 584.087
379.55884 1550.3088
1940.0526 1590.5088
1215.8356 1264.6986
862.119 1364.631
1653.7838 201.16216
908.57574 447.54544
578.902 1152.1569
1405.1014 1507.942
1839.579 1004.3684
1259.5476 616.2381
989.12305 1101.9308
519.9643 1287.8928
409.04 698.56
360.97437 1260.0641
1308.625 1364.5834
556.7431 1215.367
1262.597 1583.9254
1827.3055 645.7639
1447.9375 1140.9861
901.4046 322.7252
1395.2836 747.98505
1374.1548 221.4762
117.597565 1907.5853
511.6579 1523.3948
1547.1487 1327.3513
1926.7108 1218.8073
1493.69 1576.34
1574.5254 1312.1526
1149.5853 113.39024
1721.7544 996.193
1912.9292 1734.1239
1145.7307 945.89746
1101.4058 1723.6666
1519.4419 1266.5814
1640.9178 1849.9452
1024.2759 1958.3103
527.8551 1454.8695
1204.0435 1580.2174
618.28125 1700.5
1747.7416 48.83146
1374.4124 494.1134
788.65674 1620.6567
345.8 635.8
1951.32 505.13333
1171.4375 441.2396
954.17334 634.68
1906.0779 527.5195
335.26 754.18
873.0597 480.83582
862.8738 53.485435
107.121216 1991.2727
692.3913 717.95654
1451.6161 121.78571
1066.6549 441.23895
189.32744 244.04425
230.3671 709.9747
1929.6888 1643.2556
374.30136 1280.4247
655.22894 1059.4097
940.8739 641.04504
1387.0938 1965.9375
632.23254 1877.7906
1432.1023 991.2273
1825.6052 1471.9606
409.84314 1375.8431
1265.5972 585.31946
375.03278 1102.4918
1966.5 1295.96
1053.1123 623.67346
1733.5375 181.425
1926.7108 1218.8073
608.39746 924.03845
1938.1082 1737.973
1857.3411 1356.1085
1821.638 350.81033
1483.1464 1006.3171
1738.409 169.81818
1502.3256 778.6279
587.8333 1664.9048
1613.7256 1146.2805
1856.7374 675.9495
74.102806 583.8879
253.34375 66.28125
424.2 813.81177
541.7027 1409.6757
31.215385 1828.6769
138.24167 1748.65
1811.025 1607.1
1025.3108 334.04053
584.9167 998.9167
934.89923 406.14728
722.9434 582.67926
1226.8455 214.03636
505.85367 1455.683
4.2444444 1090.5111
903.98114 1449.849
783.125 1039.3334
988.2871 987.2376
1419.4506 1415.022
519.9643 1287.8928
1310.54 1040.46
1205.25 245.125
1403.9537 1215.6573
1870.7106 237.73685
333.25 1787.9773
323.5921 1201.1974
797.0862 1718.7931
1046.4482 1525.2413
1103.4706 399.82352
369.66217 1079.8513
635.32355 557.0294
1719.241 1628.6385
716.0 1087.0
799.53656 1582.7073
1104.3636 1280.6818
1185.8136 1318.4407
1323.2279 532.0633
898.8571 434.75323
860.0909 1072.875
1257.6733 207.32666
1048.8334 1787.875
453.60938 1135.0781
341.74075 124.388885
678.18 1100.16
1843.1897 1299.5344
221.46753 450.84415
142.1 265.03333
1276.3167 1102.0333
1817.06 393.2623
932.807 161.58772
578.08826 634.0
1108.5 1200.5968
1492.2128 999.31915
810.9365 1509.6666
663.5684 910.12634
1538.0714 880.8036
514.9 1374.525
1742.4253 1881.9656
1006.0111 513.44446
1492.0264 54.92105
1136.9032 143.08064
982.8125 310.82812
1320.5596 549.619
617.1458 219.6875
1195.36 573.55
1668.0743 762.22974
1282.2142 1379.7041
311.24326 45.612614
1904.641 534.5641
657.54456 959.53467
155.77142 946.7
85.31507 316.9589
764.8672 96.97656
786.4071 1279.5929
1484.3529 950.0695
257.7097 691.1129
686.09375 1460.375
499.8111 1504.0222
1279.4949 533.0103
556.8182 1631.7273
1564.8828 431.03906
466.89285 1723.0358
1402.5122 1986.5244
1699.5714 70.2381
1806.1034 1594.5344
1286.1163 1571.8837
134.54762 645.4286
1108.5 1200.5968
895.4 1501.9333
1394.5693 217.11679
468.47272 1509.4364
1611.1428 1746.5892
1907.7283 1207.7826
1667.2527 1588.7789
1455.9259 1834.7593
984.65576 1559.0164
1707.3374 1615.4698
1063.3485 1247.303
834.9861 1219.8889
886.6308 1070.4308
1622.0543 706.6124
446.1846 1860.6307
1069.9663 1293.7977
# COVID_SAMPLE_17_ROI_1
111.31293 712.3469
214.91112 1215.711
475.9826 1280.6086
1688.6383 153.40425
1994.7864 1392.0171
1470.3969 484.1746
586.62 511.9
1595.2958 1403.7792
175.9375 241.20833
748.8077 629.1827
1982.8075 1305.9155
378.92474 656.7634
144.17346 191.29591
1478.9636 732.194
1830.44 898.98
1669.9823 1087.9823
1493.2709 731.2917
4.071429 134.35715
48.886074 366.03796
862.1803 259.42624
1282.9131 536.2174
1063.3928 902.0179
538.1818 631.5
1709.6666 1004.0
1415.5778 598.55554
456.97873 231.61702
674.5217 670.31885
172.80556 946.5
1181.75 1269.2084
482.7658 889.481
46.307693 896.88464
1792.9796 832.6326
393.86792 1081.9056
120.81507 697.5548
1278.7881 217.23729
1122.3577 872.77374
389.87112 749.0222
1048.517 464.62585
506.7 1351.8
1762.3541 1237.3541
240.61386 195.9307
1367.6171 15.319149
1275.44 776.12
1640.8096 1074.3334
191.85715 779.82855
1493.156 396.76147
1120.0758 1336.6666
231.90265 85.486725
437.1698 758.0377
1396.661 880.8305
1036.8695 702.3333
1634.6993 55.88112
892.0769 548.61536
1267.7576 730.48486
82.70492 790.2951
1731.14 1424.7
794.8108 630.1892
361.4634 1385.9147
1768.8334 1186.5278
1854.823 818.30975
1842.2605 640.5546
1009.9787 231.91489
668.4386 1338.7192
243.59091 958.6705
313.09784 782.25
931.1727 1371.4546
1805.8405 852.71277
1567.6354 1128.3125
1669.5737 839.8197
1410.3226 300.2903
808.0486 458.84723
677.9418 1085.6699
1102.1562 1425.125
1171.569 783.3276
1578.3688 1031.1489
1480.0543 1401.1957
981.75 1248.7024
1560.3423 778.09393
557.7299 1163.3138
655.70734 1422.9594
1299.5714 1063.0476
1997.1951 900.87805
1993.0901 991.71173
1238.7312 769.9355
640.7083 356.29166
1426.7059 664.95294
895.2742 427.41934
858.81036 145.58621
63.276596 1202.2766
1462.6892 1204.8243
842.0111 245.7
357.1375 199.43124
534.4681 936.2553
1396.3469 107.67347
1741.3048 1143.4191
398.4079 675.0789
1608.5312 542.57294
1095.4546 1104.909
810.9251 741.6631
1306.1615 957.7846
733.4205 252.29546
989.8788 968.51514
1249.5658 11.013158
916.25 853.1177
1160.6354 671.1667
1573.8572 283.1654
1805.3656 586.785
157.38345 1192.6616
54.66082 822.15204
481.57407 1269.537
1437.4513 1242.4779
73.195656 393.63043
847.91 126.87
905.0 969.2692
151.4183 455.4379
747.1047 733.3605
1091.3684 1005.4737
809.13635 1332.5325
980.66974 764.66974
1692.5333 1237.8
1896.5424 873.6949
495.5 636.1667
1055.2963 1236.5309
1297.5758 944.75757
385.36365 208.37662
1616.375 829.0
1653.4022 1135.4457
1879.9818 1058.9454
244.83661 274.09805
396.82758 378.6293
1428.4066 613.94
1170.0933 1094.0509
595.40424 1095.5
609.2712 619.47455
628.2662 532.55396
1291.3823 246.52942
635.6984 196.65079
1971.0555 1240.6
681.493 567.3451
1580.8572 89.416664
1321.1666 381.5119
653.48254 1405.5035
446.0 537.0
1076.825 1201.05
1825.2028 636.2432
200.45454 402.29092
494.3623 753.2029
541.1694 71.08871
1596.5823 415.18988
1357.9883 786.72943
545.53845 883.67694
1592.9125 713.425
192.97647 662.18823
1237.2151 1045.301
1318.5322 718.371
1305.6666 262.39505
767.5045 845.2613
1383.7767 412.13593
1148.0292 731.06793
599.93335 1367.96
618.3937 1362.3071
239.16455 983.77216
432.83963 384.75473
43.472973 1174.919
1395.2417 248.74725
1099.4036 260.66666
1494.9122 1372.9824
30.369566 1074.9565
218.09677 422.2258
201.05556 184.80952
751.76666 48.633335
332.85715 33.857143
1112.5063 970.35443
832.86957 230.47826
1731.4833 1202.1
906.6 1224.6857
1224.5294 1253.7843
775.0645 808.0
1120.0 1391.826
546.7059 547.1412
1588.7826 643.99133
1839.027 386.9189
324.94736 313.54385
402.29413 1090.5588
88.12245 9.387755
1274.7693 959.2692
1801.2941 296.5
1036.4534 208.96
1949.1694 479.84744
1741.2314 313.6389
1798.3281 1422.0938
1607.9048 555.1905
237.72826 1268.1848
1063.2188 339.375
666.69385 429.37756
1000.9804 1219.9706
1105.6024 645.4578
463.49167 804.06665
930.2692 739.47437
939.4423 626.99036
1382.3093 446.1151
1313.5172 803.68964
1051.8511 390.89362
1669.5737 839.8197
1850.7222 880.7222
1363.006 82.63856
1.4642857 1313.75
1132.4814 919.8889
398.4079 675.0789
786.34784 987.8261
429.0194 1156.5437
647.43835 546.8767
465.6383 110.723404
1157.0769 226.07692
606.9231 813.10254
427.60715 513.9286
1840.9226 431.49677
1609.22 721.39
1124.939 199.03659
1659.125 878.2692
1073.9098 168.77443
1880.174 949.92755
1063.2188 339.375
1689.381 527.5714
16.39 123.95
363.8626 1262.5115
290.68695 1236.3218
1771.9508 1332.7705
308.06384 680.5319
1078.1718 449.14142
968.07 804.52
1283.3334 479.66666
820.8101 450.07596
1083.7125 348.0125
479.54544 440.47726
735.5 1056.1428
191.03125 1234.625
444.06668 754.8333
652.0227 879.13635
1245.1111 292.76923
583.9474 1218.2368
1152.9344 761.40985
1006.90247 1196.1708
1186.1282 281.05127
1982.4158 64.91011
1143.1028 921.2804
858.1954 695.7816
1053.94 893.28
1087.826 622.43475
1050.9877 883.2963
1138.1613 1412.4517
159.37114 840.2783
1455.2812 139.875
1328.0 1133.1904
1166.484 617.7606
1436.6957 59.876812
150.25 1301.5962
351.63635 1253.1455
241.36719 617.0078
865.2469 1292.6543
624.07275 19.0
411.4074 911.7778
1000.5529 938.38824
798.71814 1220.5973
30.74074 795.91974
1773.8182 424.78787
1274.7693 959.2692
412.4468 999.8936
51.577465 1197.8591
384.12 1107.44
882.5714 674.67346
1307.6875 1287.3438
716.85297 985.32355
1253.6774 804.14514
1501.22 1355.54
1814.4054 1214.6487
1155.5 1288.5
1953.1586 1373.3292
1545.7214 1099.2214
1986.0392 1276.8235
949.7808 749.3014
674.53546 1252.5984
618.94934 918.6709
1608.5312 542.57294
1643.5714 291.1381
595.5733 1303.9066
759.3816 913.0
109.3735 1182.9036
1753.1072 1362.8214
1425.1965 389.9829
882.6981 528.68866
1754.7102 535.07245
666.1705 353.22726
1523.8182 1212.909
794.68964 1260.7241
1335.5491 1412.6666
1997.174 167.0
416.80392 468.2353
1825.3256 1406.7441
1286.975 1004.325
1245.8726 979.2549
1982.8075 1305.9155
1177.459 1398.5574
1928.2428 175.98572
40.82353 993.35297
1136.2953 467.50476
1854.6404 68.12281
43.017857 1136.0536
668.3778 565.1259
680.3051 1402.7457
944.2692 158.13846
586.01447 177.40579
856.5949 810.2152
486.24445 776.56665
1778.1613 223.83871
1343.805 291.25424
880.9268 1230.3292
999.4643 1379.4524
1919.0 1409.187
1189.0889 132.76666
1351.1818 1243.5454
1176.75 240.25
1624.5438 1417.4562
1362.0879 489.26373
1901.3153 753.0443
521.9153 1148.2034
1665.171 1398.0829
1374.3871 945.4516
1007.5789 245.4079
724.4531 960.75
442.3411 1206.1938
978.9853 417.30884
1665.171 1398.0829
1031.5 965.6818
366.87878 662.36365
362.1154 1162.8462
1678.115 486.18585
1132.1494 1347.2988
1990.8806 195.01492
268.55334 1050.1133
184.42308 1225.3334
1292.3693 6.292308
643.87805 1033.7886
427.5625 1164.5781
468.1095 705.48175
1994.9341 1337.033
209.23636 698.3091
1979.5869 958.587
1358.4463 838.314
1319.025 594.6
225.55612 563.0051
263.27274 605.7879
813.2273 843.5909
668.1031 1292.0515
582.05334 1077.72
1775.6268 1095.0597
1842.3462 1420.5385
1958.7462 644.8358
1759.8776 1253.2041
196.97368 1157.2106
268.57144 1310.1632
1213.1204 1107.1945
1993.7609 911.45654
171.61842 456.1579
1571.762 1407.5238
446.4625 1365.925
1961.359 1001.2564
223.232 1224.768
851.625 1174.625
456.2017 495.2353
521.6 1113.6267
562.407 815.8023
363.8626 1262.5115
1029.0 1077.2603
1263.7333 560.36664
1370.2812 579.5417
571.12964 1136.7037
81.902954 996.57806
28.642857 355.4107
1886.3113 347.3302
1930.7374 612.2121
1124.1625 242.83125
1794.512 1317.224
1241.188 422.35898
1147.339 686.11865
581.3735 519.1566
499.92105 1228.2764
64.45283 1374.9434
1597.2203 302.89832
840.2353 1371.4706
1434.6941 553.48236
1219.1282 1229.2565
1197.2 915.25
1125.0588 207.61765
1165.0454 454.9091
721.4394 1084.5454
685.66223 442.30463
678.18866 831.60376
1946.495 711.7624
39.74074 225.96297
1518.0299 454.17163
378.1 461.23334
1757.6904 630.9524
222.19048 916.9048
1666.3871 880.4516
1815.5758 1014.75757
1575.0952 655.6429
178.82243 852.48596
467.87234 1022.5319
174.85715 1233.4
731.67566 886.4054
1202.275 654.825
630.5395 476.03946
1181.5244 467.87805
649.913 1298.7826
1721.1569 1062.2354
1722.6644 1088.375
1844.8334 961.6528
1151.5625 791.55
1572.2188 40.572918
41.945946 1049.6757
1445.9604 426.0792
968.07 804.52
186.69643 1203.8036
69.6 1425.2572
398.7211 258.19727
74.545456 548.30304
44.42105 183.49123
354.13794 108.08046
1804.6428 963.6786
1981.625 46.21875
1650.0 1054.6569
818.8333 335.16666
1053.6327 47.67347
168.875 840.125
1600.6489 717.43616
1227.9354 608.85486
1199.0555 1222.25
563.8214 1173.6072
218.16394 520.16394
1540.4117 762.5
1157.3303 745.6607
885.47675 311.7907
1335.5491 1412.6666
1650.0 1054.6569
1519.7632 412.33334
1966.1698 943.43396
1772.8572 466.1111
1004.3125 1169.4062
224.31532 620.3514
25.01923 978.25
865.08 1250.44
215.45454 854.0364
1920.7892 119.47591
149.64647 1148.1212
631.40967 208.80724
436.73077 1069.1538
1760.7322 1285.4108
1247.9131 671.7826
1412.9056 786.6415
814.8315 217.26967
1741.562 72.86777
268.57144 1310.1632
391.33334 1300.9778
1091.36 759.5
1672.919 1197.4595
1437.0944 1361.8113
1126.5962 85.38461
1497.8544 1117.4271
1813.371 1328.4517
1260.966 388.25
1285.1333 288.46667
1718.1918 505.64383
1521.2927 428.76828
1756.2073 451.36584
1545.8518 769.7407
327.12195 226.34146
1138.1613 1412.4517
2.2954545 1387.2954
1796.7932 35.526318
1672.5424 1239.6102
799.3222 1018.74445
908.3182 214.95454
1598.8818 548.1811
49.93 137.89
541.59375 983.21875
380.11703 958.40424
94.411766 790.79083
1544.4777 306.95523
1618.2424 68.757576
189.3146 1001.14606
751.76666 48.633335
902.6308 594.4231
1650.6666 842.1539
538.0 880.90125
597.32294 1171.9791
1721.6052 1114.3816
1228.125 129.75
357.13593 1395.2719
1032.5555 1017.4722
225.47475 544.9394
437.33334 728.0
1594.4839 951.0645
1186.1282 281.05127
443.5098 990.6177
1679.6372 422.61765
1179.297 343.47525
133.82 572.04
1593.0869 1362.6086
1719.5 1263.5
1263.0748 263.9882
1376.1593 1274.7699
962.1778 1281.5333
1425.2 1379.1333
1025.9108 1085.7858
1132.4348 760.1739
695.1429 1418.5065
250.75397 720.10315
28.923077 1412.8462
587.6353 1374.2588
693.3333 357.1316
755.1905 846.7619
777.0182 195.05455
1267.6805 929.7083
353.4375 188.53125
19.105263 1262.2456
1509.7407 766.5926
1099.0066 924.34436
634.8148 1032.5927
775.0645 808.0
605.0 908.5
1804.0286 1382.8286
1649.0825 1067.1835
1176.2122 757.51514
522.07794 1380.987
1839.3455 154.41818
1620.7778 63.48148
1179.297 343.47525
1427.1031 478.72165
241.60448 137.17537
56.22222 513.9722
426.64 939.5733
1616.4667 1410.5333
1314.863 402.32877
921.4301 638.1613
379.68604 1047.4302
53.157894 1043.3948
1718.875 1318.375
217.20634 1008.2857
1493.2709 731.2917
1947.8661 385.8819
645.1129 457.59677
1411.1698 1401.1887
1613.5358 91.9881
1810.8966 1277.8046
1930.3658 698.1545
1557.9365 702.65875
1487.6604 451.6887
614.4769 1329.6923
877.0857 1152.9714
1362.6586 854.5122
117.0274 861.8699
1330.8229 821.58856
552.871 166.74193
1307.775 664.5375
1251.9 796.36664
1384.2152 975.2025
533.9286 1313.2715
1108.0752 1285.782
354.59525 554.1905
1765.9712 1406.3557
7.891892 719.7568
127.64445 1053.9111
1581.8235 214.62354
404.81818 992.0
1367.8759 1411.8497
182.61314 752.22626
1254.1571 671.0143
182.42 1169.5
612.7037 932.2963
947.5542 1191.5181
1827.8536 1036.2683
1817.6625 602.5125
1770.32 1368.8267
200.45454 402.29092
566.8 1350.7715
1944.6061 1079.2727
89.91111 894.1778
140.4909 153.43637
1777.5104 40.229168
1102.7084 273.1111
521.77106 649.9036
1398.8384 866.6869
1659.2944 694.69446
1073.6559 680.46234
744.0364 1105.909
1937.2595 218.40506
1810.0638 1353.8723
750.6977 494.83722
298.3871 110.03226
267.28302 570.2138
1686.7021 1227.0426
1111.8699 593.6781
972.6308 1204.1692
1612.5547 685.49634
840.17145 647.0
418.4138 786.7586
490.46667 137.23334
1356.4054 607.97296
156.59116 26.287292
206.98413 432.96826
319.7143 1377.4796
462.7436 526.47437
792.8947 697.2105
1319.025 594.6
268.72 313.72
1726.0754 734.01886
487.31506 720.43835
433.45715 1419.0228
1541.0 754.9545
8.358025 435.24692
1287.8462 366.56412
201.02702 1001.5405
1067.8572 1404.0714
196.11765 861.98694
843.44147 735.0721
1708.5648 1317.6111
1398.8384 866.6869
1782.6666 1235.2273
432.34653 405.43564
1010.43616 52.70213
133.07195 699.8057
518.7143 1178.1428
1532.4661 458.97458
1648.5048 762.1619
820.8101 450.07596
139.68182 45.670456
1676.8483 152.76785
1659.125 878.2692
913.10126 901.2025
840.38574 998.54285
1564.8833 534.98334
858.3158 1004.0702
177.9658 979.8632
1989.0526 847.4035
1358.3081 395.88953
912.1 1003.3214
1793.2307 904.75214
702.06305 9.477477
1504.4 1167.68
845.0909 301.35355
1535.2709 1393.3959
201.75641 1110.7693
1238.7312 769.9355
706.9872 447.47437
1934.1957 417.82608
309.1207 977.7241
824.42426 195.93939
486.0 1327.6154
375.5702 889.6228
1391.9111 456.35556
1309.174 272.971
298.81818 1235.1818
632.26135 997.25
1626.6522 163.04347
1683.5385 404.15384
1555.3103 726.68964
975.92615 319.51007
1435.9048 397.9762
1460.8616 482.6
290.23685 264.76315
1282.8916 1083.735
1496.7126 1364.9081
612.8586 1323.4445
1608.5312 542.57294
248.44681 285.27658
339.5263 983.9737
1207.8246 890.7836
377.36783 613.12646
275.67212 747.60657
1031.814 577.67444
563.1111 646.4762
1385.9901 244.83168
1027.3636 1259.3334
81.63768 1270.9711
1857.1666 577.1071
339.11 683.97
503.7931 504.7701
1981.2612 1198.8018
1467.3108 1373.0541
1852.9474 36.701756
1343.6437 1417.7012
1304.7524 768.0
1407.3903 577.7561
1186.1735 1291.0693
1704.5859 189.59375
44.534653 539.9109
477.11475 1038.7295
907.5774 642.2857
1246.4067 1043.1864
238.19719 281.40845
1395.3969 1424.4921
1203.3256 881.23254
1013.1539 984.61536
1258.2188 1147.0312
364.82104 810.0421
1381.2941 945.64703
881.46576 788.9726
764.7364 513.2909
1437.0944 1361.8113
640.43225 972.4129
853.7744 1311.3308
389.7097 1202.3064
1772.2417 1083.3077
83.57692 249.42308
1931.2177 544.95917
979.28143 1359.1677
547.83624 746.7427
197.0196 1233.7451
178.81818 232.03896
1977.3914 70.91304
1458.9889 558.56665
1009.8261 1233.1305
271.82 1266.36
878.3973 1162.4247
1437.5416 596.5417
1684.1898 1249.557
135.36667 159.83333
1971.7898 452.11594
949.4651 1224.907
1905.949 31.561224
687.4262 1119.7213
1822.6372 875.15045
36.20741 961.0296
1002.01447 1290.6812
1236.8842 8.347368
701.49274 486.14493
1940.0 929.3291
451.72726 104.545456
46.26744 1214.9767
586.283 1383.0
805.479 1066.5883
656.5926 20.925926
1896.554 355.23022
1085.641 806.46155
1187.967 203.6923
1681.7797 1231.5424
1314.7372 1361.5449
1802.7606 1102.5211
1692.5111 879.9778
1816.0339 106.52542
901.4737 650.54736
1893.0667 1065.1
632.0 449.9703
174.85715 1233.4
370.58252 671.9903
601.0 609.2195
1994.7864 1392.0171
289.39395 753.55554
597.1591 603.4091
56.0 202.5
1112.1471 952.85297
1422.7042 1386.0422
768.5439 710.8596
791.4107 445.98215
373.8643 747.84283
1591.8572 1106.0
1977.5161 977.4839
171.95238 390.1905
955.9375 421.975
888.2982 1183.1578
1433.7812 136.125
944.1214 118.08572
1064.8368 1390.4286
89.85714 168.84285
218.48485 643.69696
1724.8158 67.89474
1211.8291 360.23077
1069.4354 1142.3387
1774.7285 836.1286
527.0 1307.2688
573.3333 1316.8551
1554.5 908.86365
1065.7723 790.38214
1225.883 452.9091
1806.1666 1019.36273
122.40625 1345.0469
1227.9667 77.683334
1393.4333 1224.2
1240.7435 1035.9487
686.1395 529.9535
553.2317 39.682926
735.32477 442.04272
20.8125 143.34375
1482.129 373.90323
348.075 469.2375
196.975 838.275
961.99524 713.60187
168.17526 22.896908
1804.7537 910.95654
1567.168 1112.728
204.12643 994.092
1773.2 725.1
1689.5209 1121.0209
211.76271 385.4322
1777.9131 916.4783
116.081635 430.5102
1111.871 1376.3226
169.0991 1197.973
656.5926 20.925926
1099.0066 924.34436
682.5051 714.5464
1043.8966 995.5172
645.1129 457.59677
671.3007 1023.6923
1024.3667 801.63336
1160.3438 351.71875
617.8182 1253.697
274.5 1113.7858
1457.3187 697.0
360.4 131.16667
1391.2783 999.6087
1446.6 1380.9143
895.2742 427.41934
860.34546 756.5182
229.33333 598.5175
1.7272727 1019.75757
1045.7701 4.9195404
1876.0 943.1774
1891.7778 754.8222
446.05682 650.9659
1717.5494 885.9011
1692.5333 1237.8
1994.9341 1337.033
698.17566 1010.2027
1694.12 1003.4
1558.81 580.39
1315.3914 322.22827
1608.069 779.10345
1307.9124 253.65694
665.875 943.2679
167.95122 1210.9025
847.0 872.19354
1946.425 794.2
1978.5413 141.3578
992.1125 802.4375
1410.1008 406.2857
1261.1177 707.6667
176.59859 217.66902
451.72726 104.545456
1370.2783 1014.45215
128.54762 1294.9404
1598.5773 361.28867
1135.9823 713.4438
1505.6666 748.07776
157.38345 1192.6616
1769.6061 1192.3636
258.8305 1163.3898
843.30334 532.17975
364.94937 652.89874
1113.2 669.02356
1077.3334 1158.9474
1077.2 906.8
1152.9584 424.70834
213.84048 125.54601
133.82 572.04
53.211113 1314.6666
1311.0819 568.5738
413.9355 972.871
564.9506 853.03705
1063.95 482.4
732.3983 557.12714
948.90625 381.15625
160.7848 1167.1266
195.7683 570.7439
404.88287 5.828829
1856.1807 1037.3855
724.7238 815.98096
836.8202 1097.8552
104.07937 1400.5873
1373.9678 903.20966
1262.7894 976.5088
517.7778 1340.6389
92.58462 1024.6923
1936.6208 822.67584
1414.5238 1351.9048
1163.9117 911.0
1848.6495 228.37607
331.67648 875.32355
1858.5116 150.90698
1167.174 1077.0
1807.7444 741.5111
64.56566 1083.0
616.84 174.28
1379.9183 844.1429
1187.967 203.6923
416.6111 655.1389
176.03279 1140.7542
604.0857 1408.2762
189.20895 160.1194
1519.8613 784.37225
1581.7179 227.07692
249.19853 537.1323
36.47761 1277.5671
1509.7407 766.5926
451.72726 104.545456
602.7857 469.41428
1759.1685 1314.7158
575.86664 604.194
1204.5116 433.86047
1792.1 77.32
1640.8096 1074.3334
1278.7881 217.23729
391.24 393.77335
1995.14 884.4
203.23302 275.7573
1719.5 1263.5
905.4286 1170.7699
1593.8918 704.7568
1743.0515 36.398624
1977.578 435.22937
1367.9603 363.90475
1952.55 1173.3
1111.2632 772.8
841.7353 523.44116
1970.7142 607.5974
1600.909 851.5909
995.73334 1104.9556
1010.2889 834.17035
928.519 1362.3418
684.2374 1325.1439
92.33064 1353.5887
1575.4556 865.7222
156.15277 764.2361
1778.6373 233.35165
1438.5493 497.33804
1593.0737 332.8737
1361.6986 989.64386
1202.2927 404.12195
1414.4592 866.53064
# COVID_SAMPLE_17_ROI_2
1459.928 541.64
1067.048 230.23973
880.4091 319.93182
423.53845 70.9359
2141.081 18.18919
1038.9762 906.6905
1027.0747 286.70114
1720.4875 87.9375
333.2903 865.129
1181.3673 77.5102
1150.8975 729.8205
515.28424 743.62103
761.68964 877.9425
1901.0154 489.06924
2028.7407 3.7407408
1829.8948 484.0301
2164.7815 223.08609
615.0 698.0
2216.2131 278.2426
236.25743 241.34653
1352.2163 17.925531
231.93506 905.4156
1572.7 274.93332
1891.7073 503.39026
1265.0774 359.15485
1100.1279 480.59302
2747.0417 749.6458
1986.683 448.95123
2496.4834 804.04395
16.733946 768.66974
9.227273 621.5909
996.2083 289.29166
2038.7778 3.0185184
2290.5732 761.35364
2272.1963 723.7799
2256.7576 124.666664
912.477 287.92886
650.3171 690.6585
2250.8125 391.46875
2650.6377 786.1181
954.4126 640.035
240.54286 407.08572
880.00806 209.54033
1877.0153 813.30536
1779.0673 44.739494
690.28 638.4
469.34744 509.19492
873.9865 342.72974
186.20749 851.8912
2740.795 373.8718
1040.8154 609.44617
2744.3098 846.823
2220.8157 48.860336
909.5 598.5
1725.972 23.797203
800.0192 912.0
1886.885 603.8506
2612.375 820.2411
1296.7465 109.50704
1385.404 541.4315
2471.7515 411.48486
2523.3171 398.95123
1779.0555 433.97223
1101.3636 171.36363
167.11111 738.8222
2531.0967 275.80646
890.7778 438.85858
1079.7963 443.07407
2612.2627 495.05933
542.0274 366.0
1660.4016 366.29922
508.0877 198.70175
1191.322 168.40678
595.2823 639.04034
2600.785 519.52686
1892.835 425.53397
1215.3708 775.5208
767.97675 921.4186
1274.1895 204.24211
2078.8235 477.51962
2171.1785 731.6429
2303.1804 600.3771
2232.6804 429.81442
166.2619 781.9524
1996.2354 623.8823
2191.5151 775.3939
720.12427 568.06213
531.1734 241.22177
1266.8082 20.342466
1542.8889 491.80246
432.96155 928.0769
692.82794 696.0538
644.0789 440.78946
540.2035 262.62338
2034.2881 381.9661
1290.5177 113.96471
1446.7858 756.119
1910.4506 544.1539
107.7 289.68
997.73334 626.1778
2026.1052 592.3684
1772.0476 276.5238
1744.5569 401.37125
1715.5454 245.38182
998.10236 427.44095
2230.6345 901.74036
459.82693 298.48077
1836.3784 548.5541
2735.3647 205.90541
1618.6177 507.69116
864.21875 738.125
2012.8103 810.5
107.7 289.68
815.2778 821.2593
1204.0859 235.42969
229.16327 639.2755
482.54285 297.9
2273.123 713.5846
402.09723 598.31946
1484.0696 522.34784
1938.0758 158.68182
1542.9147 889.1951
1764.6072 573.5
133.01819 279.18182
1495.4403 401.89908
937.4167 363.47916
1562.5375 480.99374
2009.4706 275.82352
2308.3975 44.721855
2087.7932 217.2931
2603.7363 775.4396
167.04839 842.629
357.3248 655.91455
1381.6072 405.5
1135.8167 350.71667
1046.829 391.48685
766.7968 836.8725
1112.3529 402.01178
409.76923 681.9
340.95746 636.95746
1332.0131 484.46405
821.8192 642.8644
499.55435 567.0543
2496.4834 804.04395
1950.7892 610.0973
1036.7018 237.94737
1153.3103 106.48276
2681.1333 384.2963
1858.0964 504.99124
1493.9048 533.6667
2724.6272 695.6497
1799.4667 103.88
2052.24 905.85333
2101.2922 925.61536
2421.8562 547.4452
1446.7858 756.119
890.06665 695.43335
2251.2432 131.58559
1385.6964 807.8393
1644.6842 345.22806
918.0 652.7586
844.53064 449.7551
1044.2538 488.38806
4.4545455 292.13635
1084.6588 385.8941
2396.704 464.7755
1781.3851 25.970371
1707.6093 896.19867
1184.9803 567.7157
583.4706 424.85294
443.75757 280.30304
1409.6774 347.8387
1385.404 541.4315
526.6585 194.10976
1857.3214 802.3036
1146.4546 381.14395
1341.0555 581.94446
677.16364 409.8
2742.236 869.67084
917.431 276.4138
2635.0 769.75256
1412.882 527.9097
2642.9412 721.2206
186.02803 892.5327
1246.993 397.65036
1107.6842 652.8947
1565.9623 511.07547
1189.2363 491.34546
2119.0842 121.0
2242.2368 245.39473
1379.39 16.3
2017.2043 576.9355
1571.8732 314.6567
2264.389 617.2639
1178.9457 367.87598
1188.762 749.0476
86.46429 639.0
1226.2455 86.25455
1122.8214 311.75
1347.0638 445.21277
287.75925 270.39352
2015.4098 386.96722
1797.3704 438.23456
327.649 854.8571
2705.1428 828.1905
1462.1951 815.7683
1961.6216 435.3243
468.45 697.7
1026.284 236.60228
1441.113 334.54782
1965.1384 291.03076
1409.6774 347.8387
2062.8115 417.94202
272.73734 182.70506
1593.5125 201.175
2027.3784 464.51352
1084.6588 385.8941
2270.9 274.06363
540.1429 566.8
2452.2783 473.81738
1134.2987 379.51947
2252.889 384.24075
1349.4656 605.25
1533.8387 442.69354
1744.7737 431.07895
870.4059 552.4017
458.93637 569.7727
618.96075 397.11765
1553.2963 321.14816
1161.1666 570.62964
2006.4912 884.386
1236.8986 489.72464
1011.6712 277.1507
1975.1613 657.9032
1618.6177 507.69116
1210.6265 524.747
648.4032 538.35486
2359.2139 139.64706
2129.2761 238.45714
1184.8806 84.98508
1571.8732 314.6567
2141.081 18.18919
618.96075 397.11765
1977.725 429.625
1722.142 496.74194
1802.25 277.83823
7.3781514 805.38654
783.7705 895.63934
360.31677 838.4286
1554.3154 273.02686
1874.8462 398.73077
2451.6792 707.67926
168.82828 854.9596
1455.5372 447.33884
873.9865 342.72974
992.1628 412.51163
2003.7875 29.2375
1799.1693 382.78226
1126.849 395.8113
1007.025 792.0
3.0217392 195.23914
2280.011 641.7283
478.05356 542.0714
2501.5461 22.22689
1882.5 284.35443
571.14636 351.5366
1114.5867 440.25333
965.0541 815.32434
2142.5781 847.66144
339.7596 200.4327
1211.86 494.68
1997.2914 871.22046
2170.125 346.7763
486.63635 359.73636
96.24345 300.43073
919.9418 744.6796
2006.4546 814.3182
1021.13934 719.418
2050.7856 521.5
1191.9344 585.79236
943.582 782.0574
2426.318 559.1212
2391.1384 762.0154
430.0476 888.8095
954.381 194.95238
706.63336 864.36664
677.8077 372.8846
1269.9071 372.1947
1850.6466 850.09485
2439.2966 907.25275
568.7143 768.449
2452.2048 494.06558
2355.4062 894.0
2007.5968 64.3871
1512.2458 877.39343
1168.1799 233.9947
381.6154 928.38464
899.43677 432.44827
1296.537 705.8951
499.44873 36.431625
1897.633 438.9908
1213.2433 711.97296
1148.4062 497.95312
1650.4103 102.166664
53.690475 818.5952
1266.8082 20.342466
1328.3248 739.9487
278.21875 437.875
339.82242 861.64484
1944.2538 533.34326
1635.365 17.240875
919.3077 254.21979
132.80292 615.60583
694.25745 533.63367
867.5 380.14285
1489.5454 607.9697
2331.7017 79.008064
2136.168 380.416
473.9836 609.4262
179.3063 915.9099
833.2193 487.33334
2018.1757 641.3919
1903.4419 306.86978
1784.8 99.933334
2731.3591 740.1972
1245.5731 534.4146
2230.6345 901.74036
266.07843 807.17645
796.8214 919.6071
246.37816 572.0252
1708.3116 374.4156
866.75836 361.08725
1247.2771 495.6747
94.46988 636.1325
2665.9714 660.82855
133.01819 279.18182
629.9207 563.8354
1867.3922 543.6667
2537.8928 620.0536
2083.9534 648.1589
2723.593 672.8584
2391.1384 762.0154
1053.5676 221.3108
976.91895 610.5405
2545.2058 448.2647
509.96323 223.46324
2156.2136 483.90292
881.3951 378.60495
2400.472 539.4157
2007.8761 54.62832
1597.0588 224.57353
1309.5775 258.29578
889.4872 687.35895
400.45715 509.08572
133.77272 599.5227
277.3256 226.53488
2401.3977 772.07227
1864.4131 826.4457
2537.9248 276.90323
1175.5597 401.8433
1949.5706 42.192307
284.79517 191.83133
168.82828 854.9596
1068.9333 436.3111
838.28125 843.875
1097.6666 714.3333
479.44644 831.1429
2172.0073 386.14706
2552.5173 469.12643
2356.459 496.7213
909.3482 752.8304
1123.7073 798.53656
1687.5652 512.1957
2024.3055 820.6111
1990.6538 510.44232
929.7043 305.17206
903.38666 389.62668
2014.9534 595.06665
2119.0842 121.0
2250.186 744.32556
703.3129 802.43536
1528.14 381.88
1898.3563 792.8161
1525.5657 401.32324
1278.6666 434.2
1925.7451 323.20587
723.55817 462.4341
2316.2046 777.61365
2363.7144 766.9286
1005.7959 304.29593
2108.0098 466.55884
1439.35 474.44168
949.78723 426.42554
1671.551 462.09183
2471.5898 486.80768
2062.889 926.75555
2315.1133 908.98114
1400.6471 443.62354
669.0 844.0
1526.0605 429.33334
976.9839 577.4032
1959.7678 422.5357
1074.0408 243.20409
1112.4294 191.51923
2120.2 755.4667
456.51282 312.57693
786.86664 525.1667
1263.1111 268.89816
388.59183 850.2177
961.98303 524.71185
1672.4 376.04
585.4091 654.8788
1905.23 895.63
1526.3611 336.0
153.22728 202.87878
1928.5068 769.71234
# COVID_SAMPLE_17_ROI_3
1710.4286 498.68253
674.53687 190.50526
1908.6886 393.28143
333.94254 200.96552
1797.7922 177.66234
1755.2462 563.73883
2562.6716 73.62687
567.7339 342.9355
1239.0244 21.634146
1314.5393 532.4719
125.312 266.552
2700.074 510.68518
459.0137 3.4657533
2716.2036 478.7037
2063.966 216.67796
2710.4856 43.914288
2501.0535 30.291666
1675.4138 551.37933
2395.563 394.68875
1805.9482 277.7931
824.93207 206.43689
474.9189 254.10811
2048.0256 38.615383
2744.9614 493.92307
1690.3495 553.0388
1556.0 69.61539
88.264366 400.2414
2350.5166 347.93405
606.21716 428.04
615.8472 349.0
2571.0085 503.9914
425.92856 51.95238
1597.8252 29.097088
1955.4419 262.8721
168.24503 278.98676
668.063 449.07086
1994.6105 197.09474
169.16162 412.54544
995.09375 523.8333
2664.1145 206.875
378.08334 357.47223
494.2845 163.34483
2031.7024 4.7619047
637.2253 439.16483
2633.4167 543.67426
585.5 431.5548
903.2268 345.76288
1360.5 263.9896
614.3333 111.114944
1862.603 346.80917
376.75555 20.4
2697.4656 482.4655
2000.5634 413.53522
1587.9872 52.628204
2690.7 166.38
125.312 266.552
1883.0486 130.40776
1962.0878 419.4386
2548.6562 312.625
962.15955 366.06384
291.5625 295.40625
1599.9565 98.04348
2732.7144 424.44446
2425.2666 437.7
2626.6086 472.26086
1891.5421 136.43373
2246.7683 503.6
794.5955 189.91011
746.5678 22.932203
1229.0714 416.4643
620.5714 365.61905
2534.4426 81.40851
1737.6957 69.78261
2582.5784 542.72546
1904.8605 452.7721
99.346664 282.10666
2557.1648 513.4176
2099.0 574.32965
109.84722 457.7639
264.36264 300.3846
337.84763 323.13333
846.872 394.32
1641.8046 147.68965
2486.331 90.49641
168.62135 150.72815
1993.0244 360.68292
160.04651 252.8217
221.77272 131.81818
650.63635 383.48486
1009.8681 528.0659
821.86365 481.34848
118.42609 238.51305
810.39325 333.7528
2461.6736 498.73685
88.264366 400.2414
210.07143 176.95238
2687.2246 197.21014
1634.0092 572.8532
2299.3894 501.8053
1047.1628 566.6512
2584.9048 354.20636
388.38135 187.00847
2285.318 29.59091
193.86232 143.94203
1928.3564 423.78217
1747.77 67.62
2596.593 6.5575223
94.00926 450.62036
139.95555 54.833332
1273.6923 515.0
285.18182 169.01299
245.34782 204.29347
591.75 290.75
1802.4978 429.32315
434.21375 76.44275
2737.0127 456.31012
1851.8146 349.8145
193.87755 200.57823
428.86746 216.26506
1862.5193 574.9039
1717.9839 13.83871
978.125 371.35416
93.083336 418.16666
2224.0974 286.97345
711.6389 231.22223
1977.977 539.8506
299.60825 250.5567
28.5 570.2174
2270.4573 360.0305
2150.3855 230.75
109.57895 412.49124
1760.1666 280.06946
597.9091 417.81818
115.13971 169.31618
32.87742 481.68387
2233.092 489.3421
2052.5 421.5
361.9661 86.27119
1952.7142 330.7976
738.10126 427.88608
98.14286 292.03897
1847.6904 214.40475
2197.3162 561.42645
521.79034 412.5
491.3433 95.23881
2032.0 573.19354
2469.6306 19.700638
443.8 280.88235
1882.6552 155.51724
1213.693 523.6754
2736.5442 486.0633
1312.1666 561.4
249.0 275.0
1920.2632 164.23685
82.34066 490.26373
1772.8351 459.30927
854.0612 526.9388
2643.2407 105.51852
1936.9868 563.0132
1909.375 223.15625
1254.2789 488.2381
1631.064 545.8953
1237.4595 48.662163
312.9091 266.75
615.8472 349.0
524.20337 44.135593
215.544 70.416
1845.595 162.34177
579.04456 377.19745
683.69727 340.5321
1737.6957 69.78261
299.8909 163.96364
1357.3334 251.07692
1669.6034 263.8793
1294.6666 379.1905
2428.6313 390.16876
299.60825 250.5567
2329.3247 455.67532
1313.9269 254.28049
566.46295 351.12964
2063.8777 387.8351
2017.1014 237.84058
1899.2609 520.1739
1277.5 4.5
295.40625 191.21875
321.13635 359.0
1397.1428 59.666668
591.6892 93.13513
2452.964 31.81295
1325.3276 489.4138
490.0303 420.42426
470.00885 200.62831
2513.0535 457.01785
1142.1195 22.054348
2249.4023 32.817074
953.04443 207.35556
1862.69 533.95
189.97368 383.7237
2270.4285 440.9881
1314.0 470.0
2630.913 228.0
1915.3934 298.57376
1277.6216 501.93243
870.94934 307.78482
321.94168 523.4083
150.72414 310.86206
2653.0227 88.181816
190.91429 276.3143
624.30365 225.76964
2441.1648 404.13068
609.1405 283.59503
357.74603 327.8254
953.04443 207.35556
643.43475 82.843475
239.19266 95.25688
2015.02 37.6
2270.9175 431.0
1254.8588 331.71765
953.5 465.0
145.33755 107.51477
1837.2 415.86667
1223.5217 5.130435
949.823 570.8053
244.59091 302.0
43.847458 381.3729
677.7976 382.7024
1862.1326 427.01205
1139.5333 133.15555
595.40985 429.32788
715.32556 522.05817
729.9867 165.74667
299.92648 224.61765
1882.0327 490.26144
89.90756 114.21008
145.33333 473.17392
1681.875 553.775
1758.5555 345.8889
2300.0 372.76086
1290.1404 468.57895
1450.7821 14.551282
2513.0535 457.01785
2687.9617 505.3206
747.2549 4.7352943
1883.0757 166.78151
1941.2858 422.31818
719.74713 52.91954
1946.9395 561.4545
2545.277 344.38553
2467.0322 408.74194
132.33908 441.6839
145.33333 473.17392
486.34375 75.75
2609.722 528.5695
1915.8536 492.0122
478.4127 98.90476
1029.3636 439.5
2213.9583 540.2917
1280.009 268.46362
772.6892 218.08109
1043.4043 536.42554
412.23077 122.20513
1565.779 25.45349
634.3913 364.47827
1906.2805 124.47561
216.44186 147.54651
1789.7678 282.5357
624.9464 441.19644
54.39496 350.08405
2044.3647 313.4647
2336.1575 328.55554
2479.4343 13.934211
# COVID_SAMPLE_17_ROI_4
93.15476 119.5119
1199.4678 108.1129
1529.4519 307.80768
1721.12 209.3
581.6803 66.53278
551.4802 274.50284
1563.8506 88.39081
1254.86 87.26
1830.6902 311.05634
593.66235 88.77922
1772.2643 5.364286
1691.75 33.25
544.7951 172.59836
1396.7544 87.450294
188.13559 302.22034
578.46155 57.48718
706.81396 25.83721
1332.8889 220.42424
592.4844 63.953125
1067.9775 65.11236
160.57143 12.028571
528.5102 278.06122
589.68616 252.84671
545.1132 25.5
745.10767 229.50769
965.60297 107.30882
169.0 270.23712
1823.8541 181.33333
612.15 101.46667
1279.3846 34.935898
1623.8904 123.0
221.85715 268.25714
424.31818 204.40909
596.0 128.90244
309.2258 91.5
174.38095 170.7619
125.95954 295.0867
1546.0 69.5
1380.5581 141.46512
294.92648 21.014706
752.28766 222.23288
911.0077 113.41538
1282.0465 197.55814
766.3909 46.118183
426.0792 284.94058
452.65036 51.265736
93.15476 119.5119
1071.6387 109.270966
1548.2325 129.44186
1441.7778 27.814816
1673.2195 175.65854
777.0921 38.82895
281.33334 192.125
633.5357 119.10714
1752.1754 31.368422
1090.24 177.14
932.11816 115.70909
440.51547 239.30928
1919.421 12.407895
1563.7073 189.37805
756.5537 98.05785
147.28572 21.598639
1450.8918 262.3243
1668.5685 52.91579
631.2153 307.8889
340.1389 241.47223
735.6374 107.17583
1643.0696 23.695652
1959.675 248.85834
32.666668 304.875
734.4828 30.137932
837.5 4.0
1597.4359 68.51282
895.26227 151.2705
296.0291 81.96117
295.5 158.5577
1658.6666 248.51852
200.46297 280.64816
1300.3334 281.90475
559.18054 117.138885
1275.3458 45.28972
1004.8493 63.123287
444.38297 266.2553
659.79486 109.29487
142.26923 79.26923
612.0 61.67073
153.78462 39.620514
1597.4359 68.51282
1919.421 12.407895
838.25 136.63333
321.91263 186.59224
618.0137 34.27397
1186.5941 42.51485
1743.4265 19.794117
543.36633 291.45544
1624.425 297.0
1672.976 122.98795
429.34616 16.903847
617.41095 95.58904
331.14285 104.63636
551.73334 29.95
1318.0792 83.73267
235.24348 130.93913
1660.3867 145.85333
1668.5685 52.91579
1175.0706 96.25883
1955.2119 24.067797
1725.75 215.20833
258.48322 143.93289
1297.8197 256.8884
409.0431 20.336206
589.6957 273.73914
1421.4 255.91429
559.86365 143.54546
127.36364 7.890909
130.23215 56.25
223.97531 56.4321
289.79166 160.70833
420.95 44.27778
359.73215 33.660713
# COVID_SAMPLE_16_ROI_3
299.54544 350.34546
1138.7333 1058.1
1577.18 1186.12
676.125 1301.3334
895.4355 1065.7903
272.4563 676.69904
1470.1913 701.3391
1122.5769 580.8077
1834.2273 1502.5
347.93332 1578.3778
97.541664 18.541666
718.60156 1300.2734
1302.5204 28.55102
1192.8206 859.89746
282.2549 1221.6666
1723.1487 1320.1892
623.28864 1124.7938
1349.4445 282.1111
1502.14 1643.4
987.7833 946.2167
1281.3962 1088.1887
823.39026 700.09753
1135.5287 406.44827
305.31818 1642.4546
1532.4563 1281.8252
114.64384 1095.8767
1720.6364 820.1818
1172.4509 1436.2832
1502.5 1457.4062
1649.3667 943.5
1252.0938 1644.4062
1169.3508 936.6842
1233.8269 1312.8269
202.08434 1357.4819
1939.92 436.2
772.1515 6.3030305
13.181159 292.9203
578.47455 96.694916
617.69385 1341.8776
1226.7805 1549.9918
421.66 987.4
1674.3226 1789.5646
610.3239 1164.8591
502.1966 1020.3675
1194.7142 374.8393
161.09616 1130.8654
189.91837 1781.3877
317.38553 1233.7711
1539.4849 1835.303
327.78082 1826.863
974.5128 194.05128
1235.3959 1285.0521
1134.517 55.525425
1275.94 522.59
771.4423 937.9808
813.1691 1300.2721
884.0244 1659.6097
112.35 908.74
1527.4675 823.8182
172.10638 491.52127
1186.2131 1283.7295
332.2716 1617.9382
1383.3556 1826.4445
1500.5593 1686.0509
1632.0774 1128.4774
666.425 848.45
1182.443 1088.8987
25.679245 598.15094
613.7692 1964.359
1560.3729 198.76271
1810.7849 1392.1075
1491.6637 416.85455
1027.0464 852.7881
497.55295 1525.2471
1866.8064 867.27954
1326.8871 736.8387
1573.2885 127.44231
1190.2067 1751.3636
1133.3263 1048.6526
671.09875 9.613169
936.5806 932.4516
161.45563 225.24852
1611.742 760.25806
1275.94 522.59
427.98306 729.62714
222.57692 554.96155
1443.5555 794.9365
1536.909 944.1023
1272.2858 1007.0952
706.3461 1200.3077
1726.2623 114.44262
903.95 1236.2
974.76086 976.2826
95.79592 1757.9183
951.9464 754.8929
19.217949 195.17949
1022.0465 437.18604
648.6489 1559.9362
1882.6129 929.6129
1147.0583 942.3
194.27907 436.4535
792.0 1532.2972
737.4762 1181.6666
1951.088 742.2917
1815.1052 673.3421
624.2143 169.2619
1618.7031 489.25
239.91429 259.6857
1660.2028 83.87838
1308.164 80.62295
1500.5593 1686.0509
904.5185 1780.0494
1528.7725 76.246445
1141.3077 801.5128
957.0879 283.05493
540.7162 1146.3649
1634.009 1096.027
1195.8 764.4429
1151.2028 499.25674
1038.909 1231.091
715.65515 133.83908
1948.4286 1291.3572
911.084 1494.7252
1700.0161 131.30646
332.2716 1617.9382
1236.6495 1767.906
431.43137 789.5294
1041.8174 1667.4261
771.7236 16.886179
1155.4054 7.108108
616.129 69.03226
312.29886 1397.2413
1618.7031 489.25
1505.5555 1604.8778
1772.466 1222.2046
1716.3778 358.15555
1139.2241 1363.2328
968.06665 503.29333
391.5 967.6
1468.2747 450.92746
165.04167 199.85417
253.2738 220.34525
1688.7059 948.0441
823.9257 408.46857
1247.875 568.1875
979.43 1462.8
1886.9535 816.3488
1459.2 1292.15
1324.2451 1024.2255
581.458 966.78625
200.28723 1416.0532
514.22974 1794.7838
563.7826 1419.9131
953.6486 1332.4054
1085.0303 1373.9773
173.15218 668.7826
1702.638 122.56896
268.8046 20.448277
883.4023 1995.0575
309.42426 1866.4242
1511.6 1171.289
1339.5176 1951.2018
225.86559 1118.4839
1102.5156 1825.6875
650.21875 204.35417
1859.2413 2.3448277
453.82224 1358.8667
685.7925 721.26416
903.95 1236.2
66.9703 1675.8119
1167.6333 1458.6333
1511.3556 774.3111
808.9074 1671.2407
1276.725 1669.425
85.944 43.656
1083.32 632.8
1130.566 1061.5566
169.4 302.22
421.7586 1257.569
690.8461 1546.1923
1134.1522 969.63043
1660.7959 99.30612
222.5678 27.084745
1947.9385 1522.2924
233.09016 1735.4098
976.8761 868.92035
1401.6769 744.87695
1140.963 1793.8889
159.01888 326.1887
1247.2437 1224.2689
1697.0 834.7143
353.95 51.65
203.22 1638.62
1114.2222 385.18054
1381.0303 273.13635
1527.4773 483.92044
740.69476 864.4316
359.80768 1341.2153
1729.6212 289.78787
221.4375 1812.4375
793.15625 968.625
1302.8478 1214.0652
1444.5312 990.3594
856.59827 1865.8889
873.7568 1654.7838
1994.7407 412.5926
1031.1082 949.97296
1800.6428 653.5357
1184.3617 846.7553
715.65515 133.83908
1015.0806 839.70966
1571.5 340.2931
1833.0 17.824741
1578.1714 1935.1714
147.32353 342.11765
1772.3707 1171.3103
1377.0278 1543.7778
1740.3948 1045.3158
884.24286 613.9286
921.32074 813.4717
120.54902 1091.6274
190.16216 1404.6487
445.2483 1461.9104
1764.3636 323.37662
1621.179 599.4815
1750.9375 790.7708
1258.447 455.1894
1266.4694 1217.7653
1672.5857 201.37143
666.06665 1583.8667
56.111843 1327.375
1307.1948 1997.3247
728.6095 270.00952
1924.2273 1262.8182
1416.253 300.6747
531.92725 1289.1273
806.12823 822.53845
1385.0547 536.28906
694.54285 983.65717
98.96667 959.4667
21.125748 277.9042
417.40323 58.33871
895.6486 655.7432
368.88235 1934.2549
1298.5116 1688.3024
1301.2285 1108.5714
1614.6807 1399.1145
1251.9736 1269.7894
1284.7916 1204.5625
213.82353 1860.3628
1744.9587 592.6598
774.2771 365.80722
1756.8695 639.7826
1569.9175 284.86597
1340.2826 999.8261
1323.8975 303.51282
1259.82 1710.6
1748.2614 318.70456
1007.1184 1039.2172
1094.4777 1097.6567
383.01666 1012.11664
1787.3513 914.8919
1049.4417 507.425
1027.0464 852.7881
1847.8422 60.55263
1565.7301 684.7143
179.97469 1367.9873
1396.75 250.16072
449.9 1887.625
1872.2661 1200.2844
1111.3015 397.99265
1857.3572 1525.7
705.6 57.8
820.4078 1338.1456
835.2319 579.34784
603.5333 887.7778
606.1696 1090.6697
252.18182 1854.2727
1489.9474 666.8421
819.16437 1637.9315
938.9123 1106.6492
721.35486 1632.4032
590.7288 247.25424
1352.3846 1756.5385
349.2927 1537.0
1471.262 1590.5238
408.8052 315.5844
49.26126 694.7568
1782.9048 318.63095
1029.679 20.944954
251.7 967.7
341.5 69.5
874.08105 578.5405
1743.7677 710.24243
1464.6082 810.9298
965.4337 1797.5302
1696.5588 1308.0588
1563.0385 1619.5
725.5115 339.69467
330.09375 1288.0625
304.19843 1816.0397
341.5 69.5
927.63336 540.3381
1458.8928 628.6786
614.7619 310.42856
1508.4933 1318.7067
1282.8064 1489.758
601.9424 733.7737
1750.75 1196.3334
314.7931 599.2414
968.23865 1463.409
1734.1041 1478.8854
650.10767 136.3077
82.543686 1590.0388
1123.0 1178.9584
405.05884 12.235294
1784.0254 350.18643
1285.6598 1034.1649
578.47455 96.694916
1418.2 59.705883
1238.535 1629.1404
411.2564 415.7265
331.26828 1939.5853
1589.881 1313.238
1181.184 1124.776
1310.8654 1817.6538
821.4752 370.51486
1730.2285 441.8857
1333.9788 171.36171
1577.1881 669.3762
116.729164 87.802086
883.4865 1280.1892
143.35715 321.89285
275.82693 444.53845
1271.296 509.46054
1616.2548 498.586
631.6489 924.21277
1476.3405 834.1489
293.80597 170.91045
760.0267 1958.8667
1240.8643 1416.9382
352.95834 1638.7916
1840.8148 133.0
300.97778 1551.7333
1405.8317 37.455444
1190.8308 295.2923
578.9048 1410.6476
1184.6666 626.125
1594.6182 1616.8818
1119.4706 2.8823528
1600.0 636.8571
1704.5057 729.3333
889.06836 386.04272
1665.0807 499.03226
726.94855 1879.9191
439.38947 1580.2527
1886.3064 1323.0
566.78314 80.93976
952.25 398.55768
400.17188 1759.5469
1615.4131 520.0
1910.3148 954.05554
549.65625 1616.3125
988.4889 803.4889
561.0769 1081.8462
1278.258 344.87097
1510.3356 1289.8859
304.63635 70.69697
581.825 1761.025
155.83116 557.62335
1183.2549 1201.902
1182.0247 1506.0123
1085.0303 1373.9773
627.5875 55.925
648.0 173.21053
514.5243 263.50485
1480.8712 1113.409
654.21014 328.6232
223.33333 16.357143
164.47656 1739.9141
190.3125 427.875
209.01724 1600.0948
1872.3334 376.09375
1264.9375 1831.4733
1524.5366 677.29266
650.55206 336.9375
1225.153 1206.8118
375.6868 1161.2858
434.02942 1187.3823
277.92523 570.99066
308.15152 1578.091
1151.3269 1322.7307
1513.641 1366.6923
1005.2222 422.37036
1421.8252 551.6699
1181.3529 544.0
1882.2075 936.39624
40.34694 883.7755
281.5 1172.4286
874.08105 578.5405
611.0115 1730.2184
1899.5664 979.1119
250.77707 1214.3121
322.60715 1327.9286
202.63889 1027.6389
91.27513 1710.7566
1149.8136 276.67798
561.6582 953.4051
1975.2931 961.6667
1681.125 544.25
163.31395 1181.6744
561.1628 1122.4186
1551.2413 701.2845
620.01886 234.66037
1435.5862 733.3362
1066.2556 39.1
154.52 539.32
1390.547 167.5983
1955.6449 68.42056
860.61365 1247.6818
873.1667 820.1
1284.9678 259.2903
1224.2377 1439.5347
145.27907 1978.2325
630.9405 903.7024
170.35 144.6
392.1129 1456.5968
1397.3556 94.35555
1476.8983 533.9322
1098.9296 791.21124
1238.0505 1474.9596
159.69412 300.3294
112.46512 175.30232
1176.2368 556.3289
433.87012 1168.4935
808.7341 345.28723
1523.4166 1167.2916
889.7386 1565.4641
1188.1505 1697.1398
1721.48 1384.36
643.0448 1796.0448
1051.8986 637.029
1741.956 1449.1538
966.0769 681.4231
770.15576 29.032787
908.4423 397.73077
370.0357 383.84525
667.9756 1379.691
1062.3933 887.9551
487.24692 1541.7284
277.9298 1849.3508
1265.1484 1327.1875
667.9756 1379.691
507.625 1130.8438
1269.6727 779.7818
1369.5869 1007.8913
1627.125 1427.3334
1660.5834 1432.3572
1474.3387 594.2742
658.3725 891.8664
327.22223 1334.3223
884.2987 532.75323
1579.2593 1072.4814
1149.4242 1628.4242
686.03845 1581.4519
896.25323 535.7143
222.38948 1661.0526
417.5 245.29688
361.98666 27.106667
576.4828 242.10345
1797.5818 1488.5272
397.3889 822.86664
643.8493 341.67123
1224.84 194.00667
1224.5897 803.9103
1401.6769 744.87695
1239.5454 916.8182
1909.1277 677.383
1736.2683 162.68292
495.63217 1693.5747
838.375 786.0469
1910.3334 625.4286
302.55554 460.77777
1691.4506 607.0659
1841.8732 86.00746
422.54868 858.1593
1490.325 1881.35
1255.3334 184.10606
756.15094 1637.8868
778.2857 1150.0286
1152.1428 722.9107
1140.3726 771.4314
1931.5 111.82353
266.9508 433.4836
1178.75 51.25
1476.3647 1337.4353
123.38983 1035.7288
912.6863 1300.3431
1656.0 148.375
881.6 1085.5714
847.9048 1597.9445
519.4429 890.7286
1568.4954 328.38318
1043.4615 474.94232
1135.3433 1642.3433
1832.5366 1160.5366
231.1282 178.64102
369.20618 876.71136
1212.3636 793.4091
1556.075 608.2
1827.6086 543.23914
844.23956 457.9479
1876.4681 1402.7234
1160.2258 916.5484
664.44354 1388.121
1157.048 553.192
1145.75 856.7917
1650.075 558.6
1763.2122 1807.5454
10.454545 249.93506
562.60657 178.19672
361.98666 27.106667
75.72973 1288.3334
553.96704 1903.4176
274.71875 834.25
1452.7305 218.05673
898.91754 547.40204
1224.5483 441.2903
927.63336 540.3381
265.26828 1685.1708
1705.4062 21.59375
309.7604 1560.8125
1928.934 372.6415
39.136906 1685.637
873.1667 820.1
1370.5581 651.55817
778.0 213.375
780.4815 481.7963
1185.05 1190.075
1144.4059 1742.495
1903.9956 995.77875
375.78262 1985.8695
904.9139 816.2914
133.19719 160.9155
1366.9524 622.0714
892.4314 1998.1569
801.9903 711.75726
1666.1163 490.11627
879.3853 743.69727
1152.4567 290.04724
873.789 835.1468
1538.8298 1322.3617
1370.7627 606.22034
1633.7438 851.19836
325.52173 1553.1305
1271.0555 70.94444
220.11163 54.869766
500.6842 1830.3158
130.77083 1554.2916
1002.81885 887.7246
1689.3625 320.1
1339.0792 1584.6534
1125.6086 503.23914
746.9318 1827.3296
836.7213 409.7377
1476.3647 1337.4353
587.1119 237.55244
628.0654 588.4673
346.80554 804.6389
1892.8085 722.65955
1363.9714 1207.1714
101.210526 1035.8948
62.072727 527.3879
1806.1794 1236.859
1851.6812 1530.4637
1194.3529 594.60785
1170.75 1335.7954
1399.9183 405.4898
1014.8372 1604.2094
1380.125 1637.875
1627.8356 1360.6438
519.8426 1832.3055
403.2043 947.1613
1910.2439 898.4146
35.53731 423.85074
1064.9459 51.87838
234.74667 1474.8667
1542.44 1349.08
842.0323 497.67743
1916.5035 863.705
33.057972 357.34784
617.46234 1834.7312
289.48148 1259.3643
1414.262 616.42065
1823.0476 148.25714
1527.95 1216.72
1582.0796 135.36363
816.6539 218.65384
1444.6759 20.481482
1203.6428 429.94287
1939.1111 927.2593
844.2727 1317.9395
99.72277 1145.0693
380.4 1948.3539
165.67827 1777.826
634.38776 1307.698
1075.8304 1213.8187
1426.3334 522.37036
354.14285 793.0
1090.6165 1414.6438
186.23729 848.6949
1484.5245 1856.2623
1722.8152 28.902174
334.3 526.475
1961.884 1006.2029
1246.8591 1733.5211
550.67346 1545.0613
1781.2328 1269.6638
1361.6909 529.16364
878.13696 467.9863
895.4355 1065.7903
1241.2307 1022.6795
1520.4681 1219.7234
180.93878 126.42857
1294.3513 646.964
1925.3334 456.32053
1656.534 907.5568
903.19727 1040.8231
1664.7683 1886.9147
1342.2609 535.01086
115.18978 1038.8759
1696.0 1340.5333
1713.6818 827.4318
647.1905 117.14286
1175.2632 597.6579
1404.8539 494.0077
913.8 1749.1143
407.6182 37.763638
1146.1111 1528.25
616.29126 106.281555
143.35715 1950.4286
977.67816 1659.6781
439.41666 1378.25
284.66666 1429.3334
409.65384 1814.5865
1114.4849 151.51515
316.8421 612.5789
774.13464 1166.3269
634.48 911.18665
139.26315 915.7456
698.4074 1015.9259
1913.326 609.1087
1788.3871 921.6774
1420.3846 517.7692
712.8 695.5692
604.4706 538.4902
911.85297 1046.3235
124.768295 14.536586
187.53165 1925.1519
1752.6962 1354.557
1216.375 807.875
569.36957 1418.5217
1890.14 364.24
1036.2329 1510.0822
1502.1102 389.22882
1617.8358 641.61194
55.873417 257.16455
1166.3064 1135.9354
1531.7261 407.137
666.30865 912.5432
482.64368 423.82758
1821.5111 891.5111
998.10974 1527.0731
940.71875 1599.6562
96.39344 616.1475
1957.4073 958.1235
1244.6986 167.58904
329.92783 1588.701
473.2143 338.3143
815.96405 1890.59
829.01166 1498.3721
1693.2727 354.0
1800.6842 1243.3684
1688.8102 451.25317
460.45764 36.559322
1459.1848 441.01086
335.94873 897.9829
1597.125 1375.8541
1498.1562 877.78125
1950.1744 798.1628
1356.7976 1443.0358
1942.8837 72.24419
725.25 926.05
484.57608 1047.6414
1619.8441 204.1039
594.96875 366.0104
686.03845 1581.4519
1398.1039 1073.7792
1296.2396 1309.0496
1383.6041 243.39583
1458.4419 1828.4186
1248.3182 1558.5454
1023.7263 589.9895
498.30554 892.80554
851.4167 1477.7709
637.0 431.5
1690.0658 567.1447
877.5 1930.9667
632.22974 358.02704
886.7045 956.3409
1194.258 307.7097
1889.2299 1202.816
1951.088 742.2917
1724.9678 75.58064
721.7541 238.04099
80.741806 1602.0737
1151.4142 314.25253
1976.7869 281.40985
1825.1136 1391.6364
875.78125 318.95312
407.75 1321.4062
1356.8816 1916.3026
1887.8046 1028.0919
1920.7693 296.71796
1791.2051 55.064102
1813.1512 1531.0253
52.611763 567.48236
1768.6508 282.4762
1961.884 1006.2029
238.07692 597.7692
1174.8975 1395.1025
496.97778 65.111115
1959.7283 1474.1849
1297.2417 576.011
1696.4805 1508.8441
855.7537 1765.2761
1720.6052 787.5263
1150.2903 73.19355
721.7273 1167.5605
408.34784 338.78262
202.82654 1901.8776
1568.3478 745.3913
290.46155 1048.2051
30.060606 272.63635
1761.5294 118.76471
1196.8788 744.1414
702.6157 878.14874
1547.8429 315.64285
1514.6666 330.85333
1277.1215 431.69287
414.3012 1698.3374
1575.2966 494.6356
1560.1111 1071.7902
757.0294 667.2941
174.76404 1785.7528
756.9081 4.675676
604.5714 1671.2285
126.40625 55.760418
1340.2826 999.8261
1488.6471 708.2235
167.80646 650.5161
115.805084 1198.7119
1151.0 2.3333333
1744.7858 1275.5
1144.3462 1353.5577
865.36145 428.28915
876.0417 1761.925
888.902 414.30392
1944.0496 1206.091
1264.8096 1528.238
317.7843 519.64703
295.2258 1555.1613
1170.5581 578.5349
1650.2333 426.06668
384.77777 946.0926
1305.1644 72.73972
721.7273 1167.5605
624.4 924.12
1685.9305 711.0833
559.4951 1870.9708
1559.3954 326.51163
1031.7368 772.5
148.31068 1131.8932
432.54443 1257.2333
87.859375 203.09375
906.9605 1113.4606
1834.5667 91.0
308.54 668.92
316.64285 1749.5
1294.431 535.2241
904.23914 688.1957
1495.215 860.21497
432.38983 470.25424
270.63235 236.25
1409.3077 330.64102
1279.3623 1675.9131
889.9826 760.66956
1668.7747 994.7324
895.5417 1371.7084
545.2754 1383.4783
1424.2625 266.55
570.56384 281.0532
827.9405 881.2143
1747.5562 984.05615
1767.9491 1204.305
1129.0 301.4
1593.0776 1915.0
992.5 1411.9904
1500.9688 474.28125
1723.5834 826.80554
1502.2072 785.07855
1828.6566 1279.2727
26.27381 1686.5
856.59827 1865.8889
835.4595 948.2162
104.1579 659.4079
1171.8103 706.931
1003.46234 974.10754
704.3 367.6375
77.08 1423.9333
133.65765 171.58559
1928.1724 404.7069
1157.048 553.192
168.09259 1267.6852
372.69492 221.66101
1481.0 292.0
1464.9192 1301.505
508.63934 1050.9016
327.51923 595.5961
634.9677 1637.6854
298.0 1093.2152
1502.0536 1324.1608
1688.8102 451.25317
17.645454 1377.6818
1398.0648 1724.0
873.7838 354.2973
1460.2142 571.0179
1847.7902 479.8395
1439.5659 198.6124
1572.2222 541.35803
238.54839 1742.6129
1168.0375 1163.175
327.5306 859.3674
1231.6538 411.42307
714.4603 1204.7858
1139.2241 1363.2328
532.7867 1764.2
311.92 530.12
70.558334 929.23334
1741.4667 459.3
842.8182 1163.5
130.77083 1554.2916
1066.2482 1809.9646
1400.9528 1739.8188
1862.6461 1231.8923
434.36783 1399.7816
157.0 1708.6923
270.5435 579.2464
883.4023 1995.0575
260.13043 538.7174
1388.6078 1273.8889
1920.2593 352.4074
1944.2982 495.807
1821.6824 21.941177
786.6014 444.64337
309.7604 1560.8125
1555.7155 772.6748
329.0702 520.6667
1006.9375 704.375
1082.5 964.6071
1896.4662 855.2707
531.11365 1152.0852
661.9477 798.2558
204.47826 1861.2826
1609.04 863.06
1845.3286 1154.3357
290.95557 91.755554
542.2632 1208.4562
1603.431 1434.1724
714.73334 318.55554
580.0 418.5
1645.0322 1898.5807
282.3718 616.88464
448.33142 339.37714
295.94287 1064.1072
386.4156 1852.0779
454.07812 1669.5156
380.4 1948.3539
1271.7587 1278.4828
738.4138 390.72415
1134.375 559.3125
557.8077 1369.5385
1743.5682 609.875
271.94202 993.53625
516.8427 1440.6854
1141.3077 801.5128
847.8837 1443.9767
250.36508 1023.8307
622.9039 412.35577
545.63635 274.5
1735.3784 1377.0541
1523.4166 1167.2916
1515.968 806.44
719.6104 117.1039
46.85 1063.0834
1163.2164 354.78357
1104.1084 1083.1807
702.6157 878.14874
76.680855 746.0
116.729164 87.802086
1136.746 1512.9207
522.17145 235.55714
391.10083 974.8992
980.5 1016.44
1774.6888 323.78888
841.338 3.7464788
984.618 672.69666
1808.5903 1558.976
1351.1917 811.56665
1330.1395 161.67442
1011.5789 1868.1578
417.08572 1822.0714
1475.4698 859.1687
906.5625 1806.6459
540.7162 1146.3649
193.46341 1426.9105
1597.125 1375.8541
281.97223 96.958336
1621.3959 716.15625
1709.7815 554.2119
1310.7727 581.9545
1796.1389 68.69444
1892.909 351.9091
1250.4043 1415.3617
1217.0896 675.7761
1460.3588 488.40457
172.10638 491.52127
599.9 1496.375
1465.4429 1230.9429
791.9821 862.75
998.8677 1609.5735
68.71795 1816.7435
334.5484 1571.2903
719.4 1963.14
1297.7273 797.7879
238.96053 467.57895
1452.7305 218.05673
1785.6333 304.53333
712.3889 919.1222
847.39825 1833.4602
1030.0385 1257.3077
348.32 24.78
1145.1945 1369.8334
37.703705 1223.2222
1232.4028 421.56946
1555.7646 1376.6177
818.3613 755.38654
783.9722 329.25
620.96924 570.96155
1196.5734 1608.5067
1137.975 1078.925
205.16049 667.14813
1364.9333 1251.0667
1467.217 1263.2736
297.10464 1846.0233
886.05554 925.2778
1648.4047 601.9907
860.61365 1247.6818
64.07143 898.631
1084.3715 304.91428
674.77167 1230.2599
212.32076 840.5849
1449.1382 398.626
148.22917 306.08334
1318.1333 100.888885
1632.3606 493.62296
95.79592 1757.9183
417.1111 465.96732
1191.8156 1364.5243
288.94446 287.41666
1682.2667 104.333336
314.25 1818.0385
683.43634 257.6182
1518.186 1596.2094
1110.9615 99.69231
854.1058 351.59616
1903.0172 437.6638
1855.6685 12.149733
195.48215 1760.0803
1833.0 17.824741
898.3953 1976.3721
1669.8667 302.04443
1879.5636 420.30908
298.83673 1943.7347
1483.3982 320.83334
1772.5763 1270.8983
1209.2391 770.1087
556.9583 147.75
610.371 1332.4193
1880.7391 1206.4058
676.0 912.7037
1814.0364 305.36365
760.0 662.09375
851.1395 1557.9767
1498.2881 1928.7797
1693.5294 1264.196
973.1429 306.0
1191.1013 1562.6202
1361.5151 1065.2273
743.61536 1962.1077
569.0625 1090.875
56.609756 88.71951
731.3333 1995.7681
116.729164 87.802086
213.14142 1213.1111
1058.3914 478.86957
918.0482 1034.5903
791.3043 1341.7029
728.22095 323.68604
832.4595 923.32434
110.26316 1328.6016
874.44446 407.5111
161.93651 950.3333
1625.129 904.5806
1901.8955 1326.9701
1377.0278 1543.7778
1556.8182 1969.5454
1550.5518 941.36206
1511.3556 774.3111
1621.6552 1113.9828
474.0926 12.777778
1786.4615 693.2923
746.328 1393.552
1234.4286 213.28572
238.80702 517.5088
325.52173 1553.1305
343.37036 1486.3148
620.0968 11.935484
1166.0739 1269.651
1107.6666 92.433334
853.549 393.37256
1128.6864 1108.856
790.9815 1049.8148
375.68967 1564.0
1740.2037 4.7222223
521.5289 1066.1443
1269.6727 779.7818
1769.0488 6.5731707
292.7857 890.2143
60.171974 920.9363
1471.262 1590.5238
1144.9615 1573.0385
274.82977 216.42554
536.97296 1323.4324
218.66 399.1
370.72308 974.3538
547.14813 66.888885
1184.7922 866.8701
1429.6456 1672.9368
45.327274 772.1818
661.39795 1594.9592
233.12088 157.03297
944.5 973.5
1333.9788 171.36171
1191.7251 1381.4679
808.9167 474.41666
873.789 835.1468
705.84314 239.7451
1697.2634 1919.4829
279.5532 563.4894
702.6863 1138.8235
1552.5591 1623.0322
1404.7241 1127.5747
1595.0337 1935.809
420.2842 1611.9053
323.17242 870.9655
1489.871 1627.5968
1827.8823 1235.3334
1243.9625 80.1125
498.64285 1312.9592
266.07217 1234.3505
466.0 1053.1428
872.5192 450.28845
702.6863 1138.8235
1078.0308 1068.2
160.5493 513.78876
433.21127 73.323944
415.7097 726.5484
1072.5 986.17645
1808.5538 1287.5692
826.03125 502.53125
1652.909 1590.8182
1700.6774 356.48386
1721.46 1373.28
960.97394 410.6261
81.38202 1432.2697
1954.9467 379.57333
1419.0186 499.68518
1010.1807 9.915663
1107.409 898.7955
1281.44 216.94
1452.7858 245.5238
1523.4166 1167.2916
454.44446 25.666666
761.3871 1493.8387
1330.8636 828.8182
817.9192 1561.9495
111.91892 79.10811
693.2878 137.44604
1168.631 697.4643
940.71875 1599.6562
1496.2644 807.25287
76.680855 746.0
420.0 793.08826
1627.186 1937.4264
130.77083 1554.2916
473.2787 133.19672
1955.6449 68.42056
266.16922 1223.7693
1575.4445 647.5926
1031.3103 970.4483
1928.5555 614.26666
757.0294 667.2941
1715.909 1465.909
1213.931 1517.5518
702.22 1021.76
1824.5646 1417.4678
1898.8485 487.57574
1247.2437 1224.2689
1098.3385 1091.7847
1150.7567 1970.7567
1475.4445 1923.1852
551.80554 329.27777
1671.6825 1597.1587
1488.6471 708.2235
947.5505 1030.3578
625.7321 1273.0178
882.2273 1110.0605
779.73425 1895.6014
1974.3517 170.79121
993.1227 912.8098
592.9846 1413.8923
255.94737 1180.9591
608.745 302.02014
903.19727 1040.8231
218.9 1752.5571
1089.36 323.66
51.9 425.7625
913.85333 802.6
260.88095 670.0119
307.76437 631.7759
1033.7778 515.7111
1236.037 1375.2815
898.3684 726.1579
1374.5227 557.3409
1785.129 1321.3549
573.25 961.0714
158.48781 1795.317
1215.2222 507.4568
832.18646 1147.7797
1091.4667 497.23334
23.266666 28.05
1292.7474 396.53534
1596.2094 1236.1163
1910.8611 1364.6945
969.2341 785.59576
1768.6805 1086.6736
1125.181 1140.3448
# COVID_SAMPLE_19_ROI_1
2009.6213 439.5534
2983.0164 43.42623
2877.9048 540.9048
3307.9883 191.82558
2946.6304 544.1087
22.565218 15.043478
1522.0476 50.47619
2036.058 967.71014
400.04443 710.08887
1268.7059 513.3039
1437.9144 483.38504
369.76273 189.1695
3024.96 831.78
2825.0 325.486
2835.5833 450.20834
2554.7454 116.58182
3364.4854 478.20587
3170.5576 978.30975
1776.64 396.57333
1207.2413 284.0
1038.1031 851.5051
1104.3529 706.05884
89.734695 488.32654
3584.2278 546.8713
3855.169 613.23376
1463.6384 25.23077
1644.6476 582.49524
1568.2545 621.2364
2333.1184 939.7105
229.1077 449.8154
2620.6807 631.125
2805.9663 118.134834
2014.3223 449.13333
3101.7568 713.0541
3506.8809 131.4762
1151.6038 118.07547
1109.1714 876.6
1952.8 733.04614
1711.2578 480.96094
824.11957 145.90218
1251.0875 273.7875
3478.8604 138.2093
3355.074 940.85187
3423.2678 40.642857
1452.7627 192.0339
2582.6086 2.4347825
3866.4026 340.57144
1130.3715 307.17142
3907.4285 34.964287
2358.125 984.84375
1115.5 443.30768
2028.9423 436.42307
3307.5637 474.52728
1572.5294 329.14706
460.5926 186.07408
3035.1614 401.62903
3366.2942 80.20588
3671.3022 170.62791
1167.0869 335.21738
3797.8296 475.64774
2530.6162 825.6395
2186.359 42.76923
3014.4695 110.22449
1126.6588 421.31766
3335.2144 569.3333
347.15094 900.1321
919.01044 846.11456
882.0222 761.08887
1713.3036 3.857143
2286.2856 956.23376
2792.8333 14.066667
2233.3171 656.7561
1317.9868 338.6316
2001.2559 978.5814
893.1642 431.92538
1448.4117 129.95589
2216.8718 379.1282
1931.119 231.81746
814.44305 446.0886
3281.4197 809.1111
2700.7344 647.4297
1138.5238 510.38095
274.04544 524.5606
1422.2 735.2
1759.4073 438.92593
926.1875 270.85416
3452.0977 597.8293
2931.0789 501.6842
2008.4445 82.92929
466.6706 363.69412
3987.1765 946.64703
3364.4854 478.20587
934.45 497.05
3182.4348 672.34784
2805.1157 83.6
1448.8235 13.323529
419.30087 190.41592
1722.125 314.6875
1146.9329 242.91045
228.6923 651.5846
543.2879 867.19696
3704.1714 261.85715
2752.2144 239.82143
209.87097 107.20968
1497.4186 46.581394
3061.3462 850.3461
2141.1345 16.173077
1665.635 547.854
1106.0952 808.2381
3801.1973 132.25352
3461.4783 800.9826
1465.8334 39.9
2452.0476 790.3333
2949.9688 755.03125
1038.1031 851.5051
1287.963 376.25925
1015.05884 41.14706
2854.875 14.135417
2336.1428 404.7143
3480.2263 919.3585
3995.6667 921.2222
1602.6981 321.75473
1310.0421 273.34738
1477.3658 106.45122
1871.2125 37.3875
548.38 431.04
3840.0984 308.14755
3096.7812 370.90625
2868.4644 986.6429
994.4778 638.4667
3489.0 210.71428
3438.6562 514.75
2928.446 905.32434
1259.3667 215.73334
1253.725 857.9
228.6923 651.5846
3132.4348 846.3913
3348.4814 783.1667
3153.6584 779.36584
453.20514 186.28206
1689.7866 211.46666
3600.481 617.0633
248.44263 765.8197
3172.4827 252.51724
3163.4424 457.1154
3764.547 699.1539
3200.4814 880.2963
3504.8718 607.12823
3666.1326 344.96387
869.35 538.925
3168.4575 445.67798
213.44643 507.39285
2207.2278 28.025316
1047.8667 863.43335
2743.1538 77.128204
3550.2466 362.17123
1720.9623 990.43396
2464.0776 271.2403
1916.8649 183.55405
3898.7844 299.7843
3902.6511 997.93024
2627.5715 835.38776
979.4286 168.0238
2049.359 478.30768
924.125 460.32812
3889.488 360.7857
316.57144 657.2321
1450.7407 148.68518
1379.0952 55.238094
2641.5918 813.17346
1590.7761 555.55225
1808.7097 750.9677
2255.9487 180.71794
2465.7815 37.24138
2147.0425 371.12766
2681.0977 108.48781
396.93332 166.0
282.07144 672.75
3976.1782 632.7228
2672.9482 512.81036
1376.1852 23.19753
1686.6171 515.06384
3309.6296 623.14813
3761.5 160.4375
3027.886 815.83545
1534.7106 4.9473686
2607.9546 618.8409
3195.8704 790.5926
782.4272 232.84467
251.41861 790.3721
791.53076 339.2923
2439.325 132.5
2540.7368 863.8421
1305.7653 515.2261
3432.4324 226.22522
1574.8545 598.4
3348.889 618.1111
3641.7144 411.60715
486.39438 695.5211
1630.2433 876.0135
3235.9333 256.76666
2792.8333 14.066667
1089.0889 5.977778
3982.0984 654.1967
1441.6471 536.6177
2815.4707 985.2353
2527.3508 212.50877
1522.875 179.46153
3063.4695 178.81633
3964.64 364.24
3637.9177 378.21918
572.6316 467.66666
1010.7586 908.931
2669.3845 606.7308
552.33765 525.4286
126.87755 264.06122
1765.2 439.4
2622.0 57.6
1883.8096 801.0476
2358.8 27.08
3348.682 31.045454
1252.2142 208.5
3712.0144 565.11597
1411.8306 585.70337
2863.4426 592.8525
2848.7124 626.6125
3152.9333 445.13333
1973.2307 2.5
999.0 726.7286
3352.2964 337.83334
2181.0952 831.6667
924.451 504.29413
3584.1404 392.99124
2176.7144 467.98215
2636.6667 534.2222
1443.2037 103.166664
2830.2 512.0
3329.6765 822.35297
945.06384 225.12766
2578.6667 931.63635
2.235294 488.17648
1187.456 279.12
1645.4023 186.17241
549.28204 533.9872
819.8333 795.9872
3977.1938 516.0204
2967.611 694.0833
1821.5555 846.80554
706.0702 387.45615
483.75555 405.2
1015.23376 721.013
974.8571 290.1143
1505.9104 194.68657
3640.6162 42.034885
2321.9421 992.07245
3973.9565 709.65216
3115.9104 756.86566
1454.2644 9.678161
3745.7195 567.4146
2323.6843 420.6579
397.64 494.73334
3236.3403 204.90973
1428.1266 594.88605
158.22223 354.0
2941.098 809.13043
3430.9744 677.02563
2421.139 841.2778
1813.4188 504.69232
3218.111 517.8642
3220.889 885.7407
2646.2615 39.584614
300.78 56.06
1501.7667 29.633333
3166.07 702.1053
1071.5846 385.93076
2585.1282 978.9231
984.6395 625.3488
850.3585 275.54718
1384.4198 642.09875
3580.5151 353.33334
3898.7844 299.7843
746.1091 193.03636
3321.0 578.5455
3645.3928 578.6607
2170.8438 135.25
1302.0674 20.022472
900.2308 783.8461
1015.87805 905.6585
1641.8529 261.88235
947.2105 495.89474
2497.244 747.60974
851.3333 332.55554
1384.4198 642.09875
1366.1904 840.0476
3910.2437 904.8333
2978.25 442.975
2216.9216 525.4314
2070.8367 420.87756
3251.647 234.64706
2201.75 464.58334
1846.6578 787.5
1279.2623 239.13934
2718.1702 892.8936
504.2973 358.45947
3465.6326 680.59186
361.38 783.0
2293.877 713.96924
2634.06 620.76
563.9114 717.1266
1290.2539 147.34616
924.28357 704.0597
2772.0264 863.5132
3208.9285 818.7143
959.0 213.21428
2497.985 810.0597
3740.5544 833.91815
2383.9614 980.11536
3064.0908 778.75757
2221.6892 940.82434
1390.6552 193.34483
2104.225 638.975
1697.8594 871.1875
1101.3445 167.23334
1332.6333 145.03334
1105.2565 306.48718
3403.8594 928.9531
3424.425 457.4375
2356.0845 949.6761
391.7027 643.37836
2205.5522 562.56714
3964.6338 872.8451
344.45456 39.011364
2749.6614 960.1613
2097.825 809.975
2288.652 72.08696
2635.4517 687.80646
2825.0 325.486
3364.1304 576.5217
71.882355 201.19328
2920.673 565.46155
174.08333 778.15
1204.2667 422.3
1461.9131 245.64131
775.3205 636.14105
2680.9333 880.88336
2079.1167 685.26666
1983.5 688.5
1044.1936 68.29032
1580.56 287.52
3665.682 169.77272
3623.0327 583.2295
2614.377 103.934425
770.65955 528.95746
3663.1167 242.8
625.7083 456.89584
3685.3333 305.43588
1288.0308 687.83075
909.55817 571.6047
3537.0 327.0
429.44775 508.72388
106.741936 798.69354
333.56863 271.7255
779.6087 386.73914
746.0 239.92857
3071.4138 82.534485
109.73684 891.7193
456.14816 970.0
3952.56 234.76
331.14166 867.275
2219.7554 363.22342
2186.037 867.2407
991.97455 438.72034
1089.7028 240.97298
747.5714 696.63495
1146.8254 30.555555
3260.5493 291.50705
2415.2874 414.49426
2243.353 658.64703
275.5 89.91936
715.46155 188.66667
628.40424 804.65955
1876.8134 831.7867
3373.0322 934.129
1561.465 537.4298
2208.7285 511.01236
1700.6794 505.79388
895.1739 304.47827
3.1052632 900.3158
57.347828 566.087
382.7097 450.5484
2410.3914 949.0
227.64865 152.54054
2259.862 799.9138
2568.02 600.03
3546.3787 307.95145
3442.7722 916.6709
407.56097 469.85367
669.7105 155.55263
2269.7778 784.5222
1312.55 604.15
3316.9136 851.5432
258.3243 684.0541
2175.7932 570.10345
234.83562 381.9589
2534.6365 473.0
2000.0714 784.4143
3203.255 876.0
3517.0881 398.02942
3331.2778 386.8889
1767.3182 286.72726
3134.9092 550.23376
1172.5769 79.81731
565.65814 511.9316
531.8039 611.6863
2254.1765 681.3823
3859.2856 565.0571
531.1707 650.3415
333.33334 122.52778
3492.182 200.68182
3110.2441 741.7093
850.2632 598.2368
2356.93 462.54385
412.35385 707.2308
2271.08 735.84
3704.139 458.09723
992.5 291.60715
786.77966 523.8983
2360.0188 768.84906
2511.257 240.26666
1653.2646 616.60297
3808.2026 709.08105
387.97726 382.31818
2389.8618 299.84042
3615.3635 376.26263
2158.3103 901.71265
609.5128 391.92307
2667.2456 800.6491
1800.6526 318.9579
2706.6956 927.54346
2323.6843 420.6579
3288.4517 850.5806
682.02704 211.24324
2413.9368 132.12631
1450.7407 148.68518
1281.0677 900.54236
2577.524 268.0
2867.6667 114.666664
2265.926 415.2963
1826.871 231.8629
2599.7798 119.944954
976.3077 74.57692
2280.4604 886.7338
3244.7778 437.77777
1924.1637 183.83636
2287.8306 643.47455
3716.216 606.96
1460.4891 167.88043
3237.3125 145.70312
2359.3076 923.2308
3913.4211 24.657894
3856.4219 345.40625
2601.84 133.68
2237.7744 400.049
711.4 180.36
2063.4 899.61176
82.78261 529.913
3614.6606 550.6429
111.303925 632.951
1220.2098 92.5679
3757.1667 632.3571
3350.6443 270.10577
3714.386 60.7193
1213.6666 6.8
3664.8362 576.4426
2345.8064 908.2258
3222.925 786.4875
420.36 81.0
1660.3594 203.17188
1479.7089 175.74684
969.9091 102.90909
2650.232 944.98553
1016.76 237.96
2191.7798 466.7523
1072.5775 866.23944
3481.3635 848.5606
337.9643 619.5893
1304.5454 666.20776
782.2281 938.6491
2709.1626 57.825
939.475 589.275
488.69724 62.550457
2181.6538 490.89743
2593.15 542.8
564.339 251.45763
3666.1326 344.96387
1806.55 868.65
3483.6272 703.0847
3036.1538 83.48718
2740.0637 848.3617
985.30646 619.20966
100.85366 803.6829
2186.239 528.3261
2802.863 209.13684
2785.5715 23.584415
372.5 147.5
1760.2174 480.13043
1340.9246 637.60376
368.51852 773.1111
1502.8096 41.47619
2161.9841 554.2222
69.95 888.8
606.4815 965.8889
3148.3333 767.7778
718.17645 285.64706
3906.9312 833.22986
1998.909 434.5909
3667.32 63.946667
889.96155 148.1923
333.60294 43.02941
242.98508 33.044777
2573.1462 680.60974
767.3939 691.1818
2629.423 103.76923
3188.0 967.3158
1460.5588 638.55884
3814.8845 60.173077
1844.322 893.38983
2426.7532 609.96295
3637.1975 388.2963
2737.2126 103.12766
3970.0312 678.78125
2882.5605 267.10605
3795.9429 627.67145
2079.1365 637.2045
248.51898 937.4177
2896.3 785.36664
2021.3625 924.9125
2668.658 443.89474
2379.2327 274.23254
2361.8596 356.76035
2775.2646 26.617647
2149.9033 16.758064
2600.0698 720.6628
3813.0 649.2195
251.41861 790.3721
3720.7073 99.17073
1241.8889 440.84445
3373.5942 79.521736
645.7805 935.6829
1148.0566 479.8113
786.1667 397.74075
1785.5942 819.8406
1291.2782 254.1203
335.0 694.9059
339.2857 794.20776
1155.0613 670.46936
3734.6096 52.87619
3949.1428 860.50793
3071.037 934.7222
3524.9849 558.51514
3750.5168 108.404495
172.49474 331.8
1192.4615 871.5577
1339.9656 278.68967
2963.0488 67.268295
3767.32 994.16
3088.718 318.80768
1558.4117 490.43137
2475.0 213.425
3073.8452 225.40475
422.84 443.98666
3687.8333 348.44446
2188.2666 476.06668
3484.7324 749.7042
2227.652 604.9783
2795.2124 260.225
332.30487 35.682926
3148.3333 767.7778
1797.7792 780.4805
3328.5151 462.22726
3438.6562 514.75
2458.4175 133.28156
589.4815 593.5926
1803.6531 307.7755
3130.394 782.92426
605.52136 161.99146
1668.8445 228.3
1409.6511 729.72095
3729.4314 548.27454
2741.3823 110.30882
184.13252 341.51807
1938.0667 243.77333
365.79453 876.2055
767.3939 691.1818
1574.7344 655.2969
1359.5 405.0
2336.8594 790.0469
3482.8333 605.8889
1527.7869 91.03278
933.32074 670.4151
2396.2 757.6
2436.6812 89.072464
3571.1904 79.07937
133.45 368.575
3378.3704 286.74075
3190.0908 783.69696
3041.5715 836.881
2343.1758 818.82416
2506.9832 785.88135
1.3809524 412.09525
1853.359 151.89743
920.4074 972.0741
1656.4667 566.74664
1245.9791 867.1042
2823.528 858.0899
3429.7334 870.0095
3765.0393 606.17645
3210.1396 797.8605
3534.4688 997.7031
186.34831 906.7416
2963.5806 457.5484
3763.0 473.4486
577.6087 743.5217
3875.8064 731.9677
1032.0344 886.4483
2110.8555 621.1205
3940.0989 840.9121
3718.791 596.403
886.73334 214.88333
1810.6198 516.1831
849.87177 142.38461
1065.4286 589.2857
1129.0 791.5
2719.5806 136.54839
1910.7142 753.26984
1118.3462 422.84616
3755.7144 927.0714
3378.3704 286.74075
1342.2572 728.5714
3915.4917 890.3771
2461.3547 966.9032
2687.6882 17.324675
338.43903 556.8171
895.01886 260.0
2689.3506 122.63636
429.57693 370.92307
1582.3472 326.7639
35.225 709.15
3035.4546 644.4935
1769.8823 219.09804
2408.0889 123.10371
992.49335 767.7733
114.98734 422.03796
2157.1165 972.4757
985.1603 634.084
3090.7927 875.5854
3234.1077 635.40717
900.18665 465.81332
3778.932 960.13635
3314.6304 352.94928
3446.8865 203.20454
2717.3828 640.6049
2458.4175 133.28156
3959.5 12.14
1740.8679 69.86793
3542.3696 635.0761
2063.4 899.61176
1373.738 103.71429
2321.549 385.41177
1484.0869 515.65216
645.7805 935.6829
2989.4084 825.40845
1440.7709 122.645836
3249.9666 425.9
2292.7197 410.45224
2750.6711 408.1644
55.166668 337.88095
3874.2415 227.56322
1173.0714 910.6905
1497.7167 564.56665
2655.5762 317.7966
3503.1804 198.4918
3653.7637 649.83636
2534.8215 550.4286
646.05084 224.5339
2357.9268 613.1707
3498.9355 145.64516
444.75757 589.0909
1800.6774 43.112904
818.65955 820.1277
1032.6771 231.09448
999.3929 404.5893
203.40384 410.59616
1857.4835 157.5934
983.2174 28.304348
3417.9355 684.4516
2359.0977 833.2683
2985.8948 910.7895
162.63889 41.22222
3023.1548 672.7857
3285.3894 687.9895
3942.0981 975.0
3639.2 301.96
2532.1353 694.86487
432.76724 70.98276
2577.1128 340.29578
933.5965 842.386
1349.5518 557.5402
560.4545 580.9091
2481.4722 817.7963
841.71796 150.21794
3291.5974 704.8442
2237.7744 400.049
3104.1538 381.57693
3191.4666 451.47778
2407.5283 884.8679
2234.2827 430.2207
3523.1646 526.96204
848.0566 257.36792
1759.829 12.5
2519.7021 84.0
2678.041 65.479454
3537.6287 262.17142
492.6 24.9
1055.4359 779.71796
2061.04 461.52
3087.682 900.11365
2920.6416 931.8302
3957.457 657.4286
3242.5 651.3788
2362.9883 790.1294
512.74603 285.09525
217.30952 679.5714
2019.9 397.35
2225.9775 846.22473
3161.8948 904.193
330.2 27.04
3984.2886 882.78845
3517.8708 126.29032
2690.383 133.60638
436.375 865.0833
2779.6118 34.10588
995.125 557.6667
342.89706 270.39706
999.3929 404.5893
509.84375 523.4844
3291.8 475.06152
2404.0386 667.3077
3186.3381 461.47058
3487.0557 455.5
3996.5933 408.98306
237.59756 679.6707
2059.0312 453.75
2706.6392 47.72165
11.0 244.0
3515.139 757.9028
3116.6 617.15
2764.4517 862.5806
1402.5 349.2857
1090.2317 234.13414
39.066666 514.06665
499.56 335.92
1133.7573 701.68933
827.8929 383.92856
274.04544 524.5606
1206.3011 871.9759
3966.9106 412.625
3069.1702 207.82979
2792.8333 14.066667
2062.9678 285.48386
2363.0 865.1957
3695.7256 262.68628
3864.8215 435.10715
1582.5 499.6154
3082.291 676.6909
2617.7551 893.7755
2895.6667 902.9286
2000.9381 945.6185
2431.0 785.0
1174.0364 710.6909
308.58334 989.2262
120.638885 415.47223
1948.9296 827.22534
330.0 976.7283
2750.2603 84.23288
3757.175 365.575
3806.0242 696.08435
2321.3723 270.70212
1679.5 94.0
1258.0358 713.9643
1606.8541 213.39583
3095.1428 459.4762
911.96295 352.57407
1759.3556 445.26666
214.60759 341.11392
634.125 868.125
2506.6191 948.7619
308.58334 989.2262
884.89624 301.3113
594.9375 549.0469
1135.8368 55.316326
2708.6165 851.28766
1146.75 639.4259
721.7468 700.1519
3522.258 306.35483
1422.2169 266.39758
2429.4324 444.78378
2161.9841 554.2222
83.156624 824.93976
389.08643 769.0
1380.5416 527.43054
763.9655 678.09485
3075.2444 202.75555
3961.125 26.375
3968.4639 880.62317
3791.2415 884.3276
65.645164 857.4839
389.45947 841.91895
3258.4443 86.53086
3565.1262 62.894737
3866.2415 3.7068965
477.6757 630.0135
773.13794 536.4138
3218.3867 680.0267
3862.77 657.62067
352.69812 568.5472
213.40964 387.59036
3795.0857 373.6
1059.663 440.86517
972.05554 274.83334
2271.08 735.84
1013.54346 469.28262
1896.1919 991.0
1174.2808 664.0526
1965.9431 713.4959
971.8387 462.15054
1806.55 868.65
1022.0417 907.4583
2519.5 916.0
711.693 379.73685
3023.9106 36.447155
1142.0667 395.26666
524.8095 159.12698
1126.0244 103.02439
980.2 232.36667
2612.0173 54.74138
2217.5833 739.0
2297.4307 4.0153847
366.45456 885.2121
1286.0695 699.5833
1360.6538 795.75
553.1795 591.21796
895.5395 343.76315
2041.0428 941.4857
1913.561 969.14636
581.4231 740.7692
2323.8875 255.075
1424.0238 53.642857
3791.2415 884.3276
525.439 565.2195
1084.5146 66.92647
182.58025 600.17285
1838.4419 960.18604
3851.923 667.73846
3395.524 202.14285
1284.7778 22.648148
1363.7375 18.15
3308.8035 913.1071
1631.5193 522.86536
2735.0 336.17392
3359.9614 577.3461
675.67694 485.2154
3609.121 672.8283
1118.3462 422.84616
386.75757 223.09091
1228.7931 9.724138
3801.1973 132.25352
3962.6382 683.3723
317.02063 783.47424
3172.7727 789.13635
3815.7605 770.96875
3183.8381 699.94116
437.69565 205.68478
1363.2253 872.2676
3851.923 667.73846
2397.6765 447.79413
1769.5 401.1875
3480.2122 330.18182
3941.1804 911.31146
42.5 428.06668
2369.1187 66.71186
3644.7273 204.5
2800.8838 232.01291
3681.5925 70.03704
3093.56 810.6
2612.3223 955.6556
3498.8242 381.1978
2997.875 77.486115
3834.7234 495.1915
2841.644 914.5763
2281.0247 454.20987
423.0 452.4
1045.3066 308.88
907.67694 359.47693
1073.7347 2.9795918
2464.3547 197.0215
760.1519 807.44305
579.0755 552.2453
1378.0513 86.64103
1359.6666 744.8095
159.30612 905.04083
1618.5283 195.33963
3326.1162 127.76744
3364.585 299.92453
2109.6428 344.35715
2859.8035 968.375
2005.2325 800.6977
2275.879 177.52525
5.4428573 323.94287
614.8395 941.2963
213.40964 387.59036
742.6667 717.5714
2625.9697 237.95454
3521.25 979.225
2675.9622 685.5985
3102.451 505.549
943.5041 46.918697
250.74039 692.7211
669.7105 155.55263
1719.7432 606.86237
2714.4604 11.539474
2833.8528 417.63565
1309.1316 458.6579
3412.1184 292.57895
645.8421 360.78946
2210.9443 389.1389
3307.8147 418.58026
992.12244 244.2653
2935.7827 345.08694
1982.3235 704.44116
2132.889 907.80554
2700.723 225.3253
3480.3274 795.9636
2902.0754 600.90564
1348.1754 13.736842
2341.1775 756.371
2788.6858 96.328575
3448.465 377.06976
1487.6809 449.57446
48.805557 326.56946
2193.0386 62.692307
1549.6377 224.15942
844.043 456.07526
1.8 858.24
1107.2063 320.44446
3066.8872 611.4516
711.8205 280.0
1703.3226 851.129
154.76923 401.03845
1305.8235 224.93137
393.0 483.5
1830.9445 212.12962
1005.63293 41.6962
3337.4692 739.3827
962.129 519.5323
2158.25 949.7857
3118.2568 565.65137
2190.524 450.90475
467.56818 736.36365
212.7541 450.12296
3025.4219 72.671875
52.7 299.4
2064.2942 468.30884
2364.6938 309.0
3976.673 873.7308
1449.2742 242.95161
3089.4 654.23157
1586.1 541.85
1810.7462 377.38806
3913.6099 324.04877
444.96667 213.63333
1711.2578 480.96094
935.65576 158.93443
2.235294 488.17648
1454.5946 21.243244
2606.5 913.7
681.82416 200.04396
3714.5254 687.5763
2043.7258 700.3226
2276.034 710.22034
321.74286 988.82855
260.14706 232.41176
1475.1333 168.48
3694.9036 84.92105
3242.5 651.3788
2445.12 658.50665
918.551 497.06122
2430.72 816.68
2522.5815 235.18367
754.92 232.56
3274.75 4.0555553
668.35895 848.4359
3232.818 688.9091
1045.419 762.87836
796.02704 158.01352
3144.8086 461.93912
2627.9895 585.77893
1558.585 755.39624
190.44681 505.57446
853.942 470.69565
853.4769 450.46155
1339.8135 47.22388
308.36264 444.7912
1433.1273 273.65454
313.91666 803.19446
3172.3774 460.54718
1381.8889 500.03333
2350.1077 423.53845
1128.375 440.34723
3088.9824 401.9298
942.8 296.95334
366.3111 160.2
2439.3037 983.4684
3306.4307 784.2154
2395.9019 638.62744
3394.9385 298.6491
1300.75 299.10715
2919.81 382.02
2920.6416 931.8302
3533.7407 396.37036
2210.9443 389.1389
3008.6223 109.6
2560.7407 720.1358
490.2742 647.0645
754.63336 674.88336
788.1707 529.63416
2523.543 907.4286
1806.8955 778.61194
2919.7058 74.02941
3709.1782 266.7624
1904.6428 595.2321
2033.6364 956.5303
414.92728 796.7273
2896.7727 848.9091
3423.8037 503.7757
2413.0 886.03845
3434.158 833.9474
556.6579 488.3816
827.8929 383.92856
2513.74 712.06
3974.2727 895.3182
211.19513 641.39026
3391.1042 758.8542
3238.0981 437.47058
1293.3438 31.46875
276.81818 909.7273
2323.8875 255.075
2270.7415 168.2472
824.10345 660.4483
586.7593 583.7037
3076.89 450.11
3557.8594 184.1875
2309.3845 440.8846
154.8158 672.8158
2186.2144 368.75
1210.9387 464.44897
1141.5294 65.37255
2160.3845 464.69232
2196.2 55.466667
109.203125 338.73438
3129.5676 353.16217
1167.6097 760.45123
3486.4026 674.33765
471.4507 342.1831
3316.3098 621.6338
3950.1667 221.88889
903.95557 289.8
1277.6448 909.6711
3423.7878 758.5
3136.1904 598.619
3879.2063 427.09525
394.03125 235.59375
690.5333 818.75555
2943.5576 993.0577
2556.883 136.25533
3171.6184 689.8684
3376.4875 810.775
1320.7273 378.95456
3115.9104 756.86566
3660.1604 920.5309
3969.2202 309.88074
3780.8 651.44
2338.0 72.0
3484.1428 85.21429
95.58696 383.26086
3332.6304 652.8043
3724.9333 110.933334
3486.4026 674.33765
2629.9275 996.5217
363.01514 902.4697
362.15475 730.369
1876.8134 831.7867
3073.8452 225.40475
1848.4397 364.60284
436.375 865.0833
3055.7908 758.1395
1299.697 813.7071
3366.2756 540.0551
2348.854 441.3146
3284.6807 835.9722
3836.8953 457.5465
938.3238 889.0762
1478.9286 502.38095
2829.5312 568.9375
2693.3943 713.88464
758.86957 797.8261
2463.55 207.15
450.35483 871.3387
2395.926 363.72223
3238.8125 938.125
71.882355 201.19328
1550.9265 215.67647
1659.9535 400.80234
2682.1094 887.8125
3511.9375 715.2292
2550.9788 771.0851
146.48837 860.3721
2623.7163 350.49252
3073.762 330.66666
384.85107 59.87234
3161.8948 904.193
3941.0479 874.5274
615.2381 376.0635
3717.6636 368.35455
480.77966 354.76273
3508.1714 619.3143
3005.132 654.283
366.43903 641.12195
243.41667 489.95834
1347.9714 372.7143
3496.5693 682.87695
2533.8293 751.85364
2426.0557 323.80554
3238.8125 938.125
2743.7097 486.6129
3086.1304 622.2174
2086.955 336.4382
3917.6 126.16
3158.1428 665.80615
57.90625 262.41666
2257.6868 481.08435
378.80283 391.02817
1221.5 356.2143
71.882355 201.19328
2357.14 36.02
600.31195 523.13763
2498.9114 167.25316
2564.7207 774.2432
350.97195 661.27106
2913.2693 387.92307
3843.9 260.2
2006.561 55.82927
3027.886 815.83545
1472.3962 625.98114
2327.843 951.3137
1652.5 498.2
1107.1818 682.6818
1449.2742 242.95161
2623.3333 138.38597
3721.58 969.6
2652.38 125.98
516.1163 522.2093
2188.2666 476.06668
1719.7432 606.86237
957.3043 222.17392
1335.7291 155.29167
1254.45 392.35
1520.7667 99.63333
3210.9312 485.35632
2464.741 809.7338
1409.3143 516.45715
2104.0 409.94595
3089.139 481.34723
349.43332 50.116665
2306.4917 332.03278
3284.4922 779.87695
2024.7291 307.9375
2199.7583 475.2198
3302.6667 335.6508
1310.8658 877.2317
2828.3125 3.53125
2194.6875 993.6875
3636.175 3.45
2011.7632 495.3421
3761.4062 148.59375
1682.5814 226.51938
1282.8954 131.51163
3109.5112 761.06665
929.12726 15.4
1126.9546 632.2727
3764.61 910.5763
601.35297 805.9216
451.61404 360.0702
3185.2432 165.21622
2159.13 8.98
2585.5 117.882355
3048.1519 885.2658
3690.3484 62.22472
3917.3684 168.55263
3356.8523 458.875
1215.1184 242.1842
3073.6619 719.60297
2598.6292 353.87097
553.7436 575.2564
1830.9445 212.12962
3024.3403 958.6277
2569.8076 25.211538
865.5172 669.7931
2102.4666 617.9667
503.7143 369.4107
3249.3027 634.2368
3234.0981 803.7679
2859.8035 968.375
1639.6377 279.89856
2159.13 8.98
166.92592 920.7037
3490.3865 727.7955
856.4545 401.9091
1315.6061 366.36365
3352.2964 337.83334
3059.7554 446.18085
556.0 753.0
1813.0509 266.88135
3685.12 559.9
2877.4268 606.68
1533.026 263.03897
3155.6333 632.86664
2942.9832 56.322033
898.79224 441.7922
2519.7812 246.14583
3441.4902 849.0196
3186.0571 282.2857
1089.0555 200.38889
900.5132 473.71054
306.07693 53.73077
3845.3096 337.8095
1342.2 876.24
2130.0576 670.8461
3536.125 563.1667
156.91072 605.1429
2748.4211 62.55263
2140.193 600.73865
1795.3367 309.1386
1268.7059 513.3039
417.7027 557.86487
3549.5312 119.395836
3462.9167 440.04166
1260.9181 242.88524
3829.4167 453.80554
3403.689 211.9
843.9365 175.71428
332.3111 997.73334
2560.432 596.86365
477.32608 998.087
2956.0266 956.25665
709.0103 876.6185
2552.8333 147.92857
1387.0 678.1053
2415.6824 439.49326
937.4179 613.403
275.5 89.91936
3841.239 985.087
3894.1333 970.9733
2907.0 888.91547
2169.2856 581.9365
2661.5254 767.4237
710.7805 888.2195
1165.96 121.38
1335.7291 155.29167
201.93878 124.16327
3388.4836 284.68033
486.55 994.85
790.625 358.625
2661.0334 400.6
264.04544 798.7273
833.0 628.5
2745.6 584.3692
3917.6 126.16
3086.0344 628.069
1236.4894 489.9149
2495.1572 782.5955
2779.9314 44.156864
3309.5593 51.372883
2119.4917 539.60657
3433.009 728.3153
1591.625 323.9375
494.8421 683.2368
3594.111 539.7917
3406.4 189.825
3414.879 915.3939
2602.951 947.3771
2449.8064 817.64514
3361.318 2.3636363
687.4286 391.61905
3258.4443 86.53086
1242.3529 330.2353
1195.3422 903.9474
2215.6667 945.8958
1106.4231 230.23077
1414.8022 641.5824
410.4091 780.9318
529.76135 642.5909
3291.8 475.06152
2827.4038 86.01923
9.384615 58.25641
3742.6172 16.061728
1078.3489 245.44186
1840.8448 120.43965
1146.25 773.125
3154.1765 59.588234
238.42574 4.970297
1209.081 765.4595
926.1358 420.23456
387.09708 53.15534
2870.875 732.05
2454.5 597.7273
3498.736 805.4028
2206.1829 624.3049
2550.8977 407.14774
3538.6072 268.32144
2908.7341 704.05066
3295.2083 796.1528
2119.6 895.9778
2741.5925 992.7593
2551.9524 125.333336
2800.5955 548.7939
1424.0238 53.642857
778.4231 930.62823
2547.2222 802.5238
925.3492 37.444443
752.6667 817.6905
2770.3225 940.29034
516.85 175.975
2593.4146 143.65854
3466.1943 939.44446
2600.9053 842.66315
3500.4429 553.4286
3447.717 745.8868
479.26028 179.9315
5.4428573 323.94287
320.92307 871.7692
2380.946 589.3108
2147.0425 371.12766
3030.2932 450.0752
1037.9318 342.61365
2989.4075 730.7037
3557.9382 66.049385
1181.9375 194.2375
498.66666 118.486115
2182.94 512.08
1685.5491 919.451
1880.4565 253.54347
2847.1177 620.07355
847.0333 898.43335
3943.7144 279.38095
# COVID_SAMPLE_16_ROI_1
781.7006 779.5478
1627.1628 752.1977
316.64444 1212.6
678.4068 924.18646
152.21666 1423.6
836.4231 1873.7307
575.6229 1907.9263
803.0857 1613.7715
1182.1842 1958.6842
334.5634 1930.014
1638.2833 640.88336
1273.9344 1750.0819
1407.7 1783.9143
1198.1904 896.8571
1865.0625 1823.6459
1687.7142 1594.619
1502.183 180.67073
1353.5385 315.23077
1340.2 584.6625
1549.4463 899.8475
949.7568 1924.419
1455.5054 1508.6774
380.53934 342.91013
662.84906 895.2075
119.67273 1436.9454
1644.6139 954.2277
1453.7544 1405.386
878.12164 863.8919
926.4889 1800.3556
477.67368 1009.23157
811.77637 1712.7081
335.57144 1814.3429
640.70105 1150.5979
940.15424 325.0851
536.2471 933.9647
1485.7941 427.79413
1162.56 305.29333
73.00667 233.92
104.208336 1845.0
1972.1714 1911.4
1500.4851 1168.0198
492.0 1003.5
279.82074 1712.934
1319.3923 292.65384
742.0862 530.2586
391.39682 900.7381
850.79346 318.75
1463.9375 719.5625
593.4828 509.8046
18.985916 115.211266
1325.1323 1499.0146
660.9535 649.9535
483.87036 1549.7037
1822.0 222.54033
560.3333 1516.5111
313.651 461.16107
37.916668 1604.6833
711.717 399.65094
835.4805 224.74026
1960.1428 1493.3445
1994.125 589.0
873.9787 443.51065
274.70834 224.125
1249.1608 1814.2678
1326.8413 1773.2699
540.9605 952.7105
966.5179 1338.1608
603.5263 853.6667
641.2738 386.7262
1196.381 1971.7142
1133.5 1983.0
178.25807 1525.758
1115.6211 1470.1368
723.3026 1607.1974
264.09756 1923.2439
1734.6111 1614.9259
655.3077 1459.3385
1523.4814 1525.2778
720.013 1807.6104
769.76135 859.38635
1018.59357 1236.6451
1829.9531 1245.4688
1587.7467 539.9733
1921.9102 285.01123
966.3919 1897.0676
1023.8384 1051.0201
1550.4928 18.927536
1793.5133 1712.0708
318.93616 1756.5532
178.8091 1603.4364
1043.2106 731.1316
937.03125 1654.75
1821.8649 1098.2972
536.0732 1819.0
411.0792 1411.7822
141.11765 341.0
1906.1666 1542.3833
465.95312 1191.9115
543.75 137.4
732.73737 1139.3232
395.0909 78.98788
545.8358 766.0
731.0283 943.717
530.45715 516.73334
1849.3898 1134.518
1328.7142 691.82855
1348.2424 96.42424
1287.4037 84.36646
638.37646 923.8823
190.27103 1496.1495
1822.5614 1493.3334
868.75 702.625
1590.0808 1615.3738
69.315315 565.8919
689.2985 804.56714
441.58667 766.0
173.83098 487.00705
1309.7043 4.1823897
1425.809 51.33708
1528.4255 1765.5745
1812.7899 1250.1344
1832.4435 728.11304
1054.8456 710.2353
1672.1791 1171.3135
1623.3103 15.25
1154.7428 364.85715
293.9565 346.76086
230.34117 527.6706
1963.766 1763.9574
1954.2277 1892.9838
1992.2339 1471.3801
1680.1321 181.16982
660.1923 838.6731
248.3353 96.3353
792.193 829.8947
1380.037 905.4815
1595.6333 186.73334
244.125 1908.6666
48.708332 1730.1111
439.83118 748.4545
999.2045 1407.1136
1542.0244 1979.0
1086.819 147.17241
1660.5294 413.57144
122.989365 1355.8298
1205.5055 256.63736
1497.1372 952.2353
1356.2056 1433.6636
1034.9844 659.21875
906.5 1487.7273
389.97778 1967.2667
896.7727 1520.8485
1217.7667 869.56665
1363.862 1612.1724
1430.3536 289.60974
310.18054 314.59723
1712.1794 1359.0769
1511.8607 1513.557
1793.6165 1971.3151
1109.9744 1183.7179
633.0455 853.9091
1210.9697 958.69696
72.738464 597.75385
153.21277 1682.0638
1492.9818 434.87274
489.40475 661.0
1129.5476 1930.6786
994.6789 1504.6146
1554.7826 1497.1305
174.08861 1457.4304
186.85898 1746.9487
1329.5869 1336.6305
1851.3158 585.5414
140.13637 1858.9546
226.63934 1376.4918
359.87234 409.59573
1757.2885 195.88461
61.714287 1738.0
919.5833 1655.8541
1167.6396 671.6036
41.585365 1635.6586
1383.2593 1351.8518
974.63336 1677.3667
580.64514 1336.5483
649.2687 1307.5374
394.5921 1895.6052
307.11765 1214.4706
131.87878 1518.0
1252.6095 493.62857
410.12036 1806.6945
194.66101 1774.7288
1620.5883 546.17645
1117.8334 1641.4445
1639.2927 978.561
35.666668 1632.875
1863.0 262.18604
1111.1809 1451.2872
1943.6837 355.83673
213.51428 1219.3286
346.96 437.4
914.93335 515.24
172.81355 43.932205
558.382 1460.5393
1472.8529 1879.4265
1758.8462 1291.6307
1752.4546 1283.7576
1425.8744 1165.5577
106.75194 354.72867
1860.0571 339.82858
354.5965 1911.4386
1674.9178 57.0137
590.5446 1086.2053
1495.9368 1042.1772
630.58655 882.11536
1355.1879 1448.5302
1979.5778 1896.0222
1853.2181 242.8091
582.80554 530.0278
210.92308 1226.7693
422.74683 1478.2911
909.27203 625.1323
1826.1082 1113.6487
633.2742 1378.629
1222.0685 1347.0137
1946.6263 479.32968
949.7568 1924.419
106.4 373.13333
689.46155 1674.9744
1851.3158 585.5414
1669.1724 622.5
678.17114 375.13513
1434.0 1301.0
1504.8162 741.2941
562.7311 522.8992
37.055557 1751.4584
829.44946 435.78653
1967.1443 1557.237
538.26746 508.11627
1930.2947 200.4579
517.4675 684.73376
764.608 186.4375
828.5 1599.7073
1560.1759 1097.7222
897.3929 2.4642856
1530.4722 926.6389
1912.9708 1834.8058
535.0303 279.18182
1748.5393 1188.2247
635.17285 670.1975
412.1413 1037.5109
1311.2693 1627.0
1518.2565 442.58975
1470.2391 1309.174
1252.7738 878.9286
794.2733 595.85333
773.5089 319.1607
787.2826 1853.674
1247.7968 900.3496
1587.0778 246.95555
344.6154 1494.4872
1305.6123 21.632652
404.0 1226.0
1906.551 438.94897
1326.3208 1029.7358
1805.1865 1695.8284
1287.4648 1039.0564
1859.6666 174.77777
823.9279 1735.027
1301.1428 657.4898
970.64703 1630.5735
1977.6 1555.7765
1804.46 599.86
152.97675 1669.4419
1321.5103 1306.898
1968.6765 146.38235
413.96155 1960.0769
1476.2609 1303.2283
648.9623 1840.0944
1175.2646 358.0
878.90625 1245.9271
187.04347 1432.0435
1631.579 1061.2368
1031.5421 1085.1927
1062.0 1649.1771
98.960526 1728.7236
1872.4756 314.97562
779.4 691.85
740.9297 414.78125
1860.5284 384.3252
715.58765 1126.6598
1261.6316 1054.807
1321.2721 260.31973
1152.7975 743.77216
1329.5869 1336.6305
1815.9423 1595.4423
427.3617 1469.6595
1740.5536 242.625
1729.0385 219.92308
1900.9755 338.82822
1199.9506 1984.0247
1257.6735 1739.3469
1592.2034 1575.2712
231.74713 1458.4023
303.66666 220.46666
790.05225 574.2239
1232.7838 1809.5405
1043.0204 344.5408
1911.9788 509.85107
1891.4895 1830.2168
542.5733 425.93332
409.625 1920.25
1156.2162 193.87387
1729.5636 662.0909
807.407 45.930233
204.25 1547.8334
1079.5597 281.5
665.36365 1192.2222
842.0161 290.01614
1256.6086 1803.4783
1648.525 569.15
552.2206 395.83823
226.98413 515.9524
1631.3871 921.4677
1552.1904 1840.0476
1828.676 1568.9014
658.0989 1597.1538
612.2281 621.1842
1715.381 1945.6111
806.01245 1081.7205
1810.4943 1798.7241
1815.1111 202.82222
1180.4823 1396.553
1671.1034 1479.2988
1645.9656 591.5172
1562.638 1827.1552
1333.1936 1426.3549
280.63934 1195.8032
584.337 1669.2174
1008.35895 1465.6794
1446.1981 807.72644
253.0685 1655.7534
1104.3522 1987.3098
1461.3334 59.9
401.31946 714.7083
1853.6897 1753.5344
1107.5186 1471.8334
1509.6377 266.05798
1892.9714 1790.7142
814.6061 1876.3636
1287.8198 1605.4504
823.8977 442.60226
994.7341 675.9787
1894.0747 1970.2991
324.82758 190.48276
60.157234 195.15723
880.6923 1036.0256
1125.1177 1370.3823
1673.6141 488.1181
1141.3235 1501.2059
501.3625 1454.175
726.4815 1559.2963
561.9167 1089.75
877.38654 696.9832
1728.7185 1246.6407
473.53043 171.82608
530.27905 1011.44183
370.5634 1391.4225
1383.321 1032.679
604.12964 971.94446
1195.7941 95.47549
1079.5597 281.5
591.07916 296.05756
1298.301 1976.5437
1344.6923 965.1966
1690.3049 423.70212
1010.9259 1832.2778
1263.909 901.69696
642.629 1992.7742
1161.589 1457.6576
891.3674 479.87756
1742.3542 182.67712
1993.0068 347.0
897.6061 1687.4849
1113.7212 1352.4327
1710.491 460.0303
798.34485 428.7069
1976.9326 1465.2135
1636.1389 766.0
608.2442 354.90698
1791.31 128.8062
1655.6863 1507.4509
300.10526 170.02632
1788.23 368.01
595.8788 1429.7424
860.60657 219.2623
1047.5209 1507.6459
1193.2941 996.2647
1089.7812 1226.0938
111.34884 1469.4535
1151.0181 1193.6666
1080.5492 230.0
764.6754 1248.3334
461.51352 1896.4459
897.57776 1331.3334
315.38824 1221.3176
1430.8368 478.4898
1305.081 1301.1082
512.0849 1085.3773
1846.069 1349.4138
1934.5 1834.36
522.7945 674.3973
1796.6364 1839.2898
1013.8 1984.4572
1022.3214 1689.75
1398.0571 1674.4286
1911.9656 1547.6552
1312.8654 1224.9615
926.62994 1339.2834
862.40497 1381.157
1405.2023 29.674158
316.64444 1212.6
369.5357 1500.4642
1064.8462 370.98077
441.91666 1130.1167
233.48718 1587.1154
318.09677 1944.4517
335.7027 1779.081
1859.8518 707.5926
628.5631 934.9126
1275.9022 588.15216
946.129 31.064516
1287.0986 407.07043
528.5946 376.2027
230.60284 1802.8937
548.54443 596.1667
1362.59 764.04
1260.16 972.73334
1503.1852 1745.6852
1897.3802 611.3099
1084.7273 1362.284
69.09615 284.42307
1605.8032 1935.0492
527.0732 1849.2927
1517.6538 1703.2693
46.64935 1832.1428
1257.6735 1739.3469
1145.297 1622.2178
410.68182 682.06366
560.6953 1945.2188
1374.5211 1309.7747
42.10606 244.15152
1941.3085 230.14894
702.34436 855.17883
682.4231 1580.3462
1538.3256 402.23254
1747.9073 703.19446
859.0132 367.6579
1343.9756 1402.0488
1136.6451 214.41936
1361.7736 349.59433
1936.3265 300.36734
553.2727 1848.1818
1680.1321 181.16982
1732.9149 626.9149
268.9091 662.30304
1955.32 1874.064
1337.659 1068.0114
641.1061 854.48486
968.5278 403.75
1420.9333 1507.0266
1427.1578 1519.6842
1535.9176 777.64703
1857.0093 1674.3518
75.94444 1427.0834
261.2639 498.6111
786.63727 1606.7549
1189.16 1762.04
1765.625 529.1125
1630.6392 1682.9587
299.09836 1498.0656
1647.7693 1113.6923
790.05225 574.2239
602.7823 886.9194
531.4065 266.22763
803.1696 435.6875
1857.3077 1724.2821
584.29333 1641.24
1480.705 930.6721
878.9186 1531.1395
544.087 693.34784
192.8372 503.1744
1687.1593 706.22565
1556.8547 862.2222
494.66278 1567.407
576.36 1156.88
1790.7317 1182.8049
1963.2333 778.44446
1117.5802 330.74808
748.8889 437.34445
104.7377 1792.5574
1630.3689 1331.9708
293.84064 161.36653
653.1111 1045.1709
1774.8864 1943.7954
1142.1025 218.64102
104.61078 1106.6228
697.80975 1257.3407
51.77193 1447.8596
1718.909 1394.2424
1493.6637 1710.3091
870.0 553.71796
361.4138 1817.9656
1730.5 608.0
1355.809 894.04456
819.1119 1179.5315
1703.2606 1172.6788
1197.6857 640.25714
90.13913 192.22609
1231.13 366.62
908.6786 1866.6428
1135.7262 1668.6428
1762.0 1284.6774
909.1413 1100.0978
1093.251 1025.6573
132.95192 148.38461
676.5857 1242.6714
872.35895 1412.5641
102.707695 310.03845
1306.4117 1985.5294
1520.8727 4.909091
789.90125 1596.7902
1274.7759 1298.362
851.0455 868.2727
562.8393 968.1518
401.76 64.81333
1399.8862 895.62604
375.1613 987.1774
254.75949 23.341772
354.83517 1412.7472
472.61008 1577.5872
481.45456 1701.2727
1044.3226 1942.3871
986.30646 239.69354
1609.1267 624.1972
1688.8572 305.1875
1385.7037 1118.8148
1620.8456 1603.094
310.3095 1525.512
1641.4849 458.74747
1685.9225 581.2713
1456.5714 263.7802
1614.6265 1792.3795
1144.7847 1363.9514
1920.0154 944.87695
1633.579 283.25
875.3525 1174.2377
56.324326 1890.3784
827.375 205.875
1917.4779 144.92035
417.95386 67.33846
1087.5 310.9375
1979.6464 266.2439
1899.0682 1441.2273
1321.5103 1306.898
686.59155 1585.676
357.5 1780.3788
1253.8527 167.28421
1454.4222 1698.7556
1989.609 398.55768
1736.8235 828.74115
1127.5834 1608.5
1395.0322 1324.0646
1284.6511 1959.907
58.72973 1405.7838
940.15424 325.0851
589.9854 1341.9708
1718.5 1283.7916
1296.012 1610.4048
1488.8276 1408.1638
556.7016 1471.5807
810.5952 1168.7778
1356.0454 1775.8182
1360.1316 378.3684
1107.0952 1975.5079
1552.8235 151.55295
1659.975 786.675
1980.9476 596.343
1303.2821 527.02563
773.5089 319.1607
1662.4921 533.79364
1543.8 1300.5177
1475.7751 876.5659
781.4769 1351.1846
1982.7258 166.32259
1091.5927 1003.363
273.44232 555.5
518.61816 973.6
691.7143 847.4524
1470.3059 59.294117
313.28394 1736.5186
330.13043 522.6609
1040.6613 312.48386
137.33963 1529.2452
647.9423 1581.9423
1295.0989 1024.4286
772.71155 361.3846
1774.8864 1943.7954
18.240385 73.58654
1040.8043 1056.2826
1160.5366 1499.1951
343.41025 1486.0641
1105.875 1892.1375
640.02704 1586.5541
995.48334 1960.85
52.288136 1587.4067
1095.7885 387.5096
76.59091 1558.8636
1006.63464 477.8846
108.40426 322.14893
23.479452 218.9452
701.0833 212.95833
354.83334 1596.6666
770.86456 1785.4062
1849.0818 1234.0454
1266.5873 1985.9365
1372.8562 802.3187
1734.234 1687.3617
1628.4058 1856.4348
490.38373 1365.4651
771.9194 191.69354
1864.7317 1694.0731
1353.4468 1129.1489
1694.3608 1164.701
239.86487 1720.6487
1543.3494 408.44577
1508.3442 595.84424
1871.8856 222.97015
1619.3474 241.73685
1214.4857 1197.7428
66.873566 347.45978
622.0 832.3871
1474.4534 301.84
788.3043 825.7826
103.019516 1775.1854
1393.915 762.10376
1849.7377 1360.7213
1727.1765 1351.5
1540.2842 1472.1685
1028.548 480.36987
1165.9445 1006.3333
119.588234 1496.1765
1975.3055 910.7222
1454.0178 1372.4464
1738.4131 663.1739
1681.3036 1519.8036
300.10526 170.02632
1277.0625 199.5875
1127.5834 1608.5
141.23438 1413.125
1031.9048 664.9048
715.58765 1126.6598
1247.5155 418.71133
1488.3431 1919.1471
1617.5122 1100.6097
1631.34 1718.84
567.5886 883.9557
1549.1714 1536.4572
1857.6545 858.7364
363.65714 1640.9
1682.091 1580.091
1529.2545 167.38182
1202.0769 1332.3462
1034.9844 659.21875
1861.7675 1472.5116
1534.8596 1879.7368
296.33847 1212.4308
1181.3741 284.45325
1473.277 1116.5231
1957.6794 951.07635
129.93478 1443.9022
691.0495 794.8614
1549.4463 899.8475
587.5986 1872.7887
1947.0 393.84784
1415.0 311.01514
1404.9108 1580.6964
919.5833 1655.8541
1979.5778 1896.0222
1412.6697 183.0
885.65717 1489.3715
1442.3143 656.0
1092.0145 1943.4492
1634.75 1002.75
1793.826 538.1957
1656.0114 114.35227
1852.5361 1743.2577
818.3228 222.8819
817.2469 232.93828
1013.5972 1226.9722
1303.2821 527.02563
1588.2808 613.8158
1887.6666 1410.4215
930.0388 1351.1068
1201.7142 724.7857
850.79346 318.75
1073.6765 770.08826
689.46155 1674.9744
288.10526 1922.6842
1847.2 1251.0461
117.5364 380.94254
596.8842 939.6842
1592.2034 1575.2712
1014.91046 959.88806
1548.6154 479.0077
1426.0536 1655.3928
711.31744 1340.127
1127.2941 1985.5
904.8506 528.0345
1872.6316 1489.1052
1873.9512 40.82927
1242.5781 854.1094
368.05127 51.23077
803.6279 482.18604
928.8049 1396.9756
1248.48 237.18
1399.9519 849.4039
88.17911 1377.6716
204.26506 1603.9277
1693.037 1624.2222
221.63333 525.63336
908.5161 1951.2043
819.1119 1179.5315
383.97195 405.04672
1337.5748 1279.8898
1396.8438 1936.7188
528.4912 363.22806
970.4 1680.36
1397.6735 450.0408
1368.3715 62.52381
1013.77924 559.76624
836.8532 1808.8348
348.12964 1966.3334
316.8684 1203.1842
1425.8744 1165.5577
1761.2059 1497.4412
572.52747 940.52747
202.07793 1860.2987
1615.3866 812.9916
525.88403 329.28986
584.4459 1914.3379
494.91934 1705.1613
258.02942 1513.6029
1588.3551 1436.3551
1361.8 597.3333
931.5648 244.41667
1421.8889 867.2778
1852.35 1387.4875
1780.5619 81.8381
234.04587 1111.6605
1331.5 1040.5
1296.4166 1635.5596
1849.5308 382.2077
862.40497 1381.157
450.2586 1256.931
1542.1305 977.0543
740.87354 700.5402
1768.9241 355.83545
1548.7377 1515.0328
1962.7656 61.6875
1294.2903 606.3226
463.63025 497.09244
1212.6438 1020.64386
1363.8195 1398.6528
1558.2609 1159.9855
1023.9029 1307.9418
1146.2686 906.37964
1727.2609 694.76086
1029.7441 1138.5698
1195.7693 424.46155
1257.9459 159.0
268.76 253.64
1358.0339 390.0339
75.734375 1409.4688
30.653847 1835.2693
103.019516 1775.1854
1133.5 1983.0
320.375 1924.1964
1354.371 1750.3871
1852.7434 714.6637
1809.3059 1895.6353
1638.2833 640.88336
831.2895 1615.0132
1031.7721 544.2152
1358.0339 390.0339
1241.0541 463.74326
1272.262 1715.4524
1081.7858 1157.7301
989.35156 1355.4141
1989.0 1793.1364
51.285713 1594.9796
967.7042 1073.9014
1734.821 110.210526
853.29663 1976.3813
1007.50586 1696.8942
390.48685 160.3421
393.57895 1029.1578
923.5 1998.6
111.30666 164.32
1180.8107 108.16568
1083.9153 922.678
85.97143 1399.0
1828.6428 737.5714
1648.3665 297.1832
1399.8862 895.62604
771.11426 838.59283
1778.8158 452.7434
1904.6947 1401.1263
1175.1471 1462.8823
1320.5446 650.1089
1608.0745 646.3936
312.75674 285.13513
284.46747 1724.5858
1147.8572 797.4286
1016.2766 663.1277
437.96362 27.709091
945.7819 837.5053
1838.0582 742.5825
595.1389 312.91666
944.77026 630.63513
1108.847 1463.1058
102.5 1543.4131
758.9091 387.0909
604.92535 860.98505
1567.3572 1353.5454
1322.4904 1419.6827
795.625 1602.375
76.98 1384.04
1329.7623 523.21783
52.714287 1748.5358
1755.4393 71.93063
1469.5504 920.1101
794.97296 737.8514
1639.3038 1761.0253
986.35486 1578.529
508.82608 1222.0
166.91176 1386.1765
1548.5807 641.8495
1638.3446 37.39189
1655.1573 1782.8334
48.431374 1684.5686
1628.4058 1856.4348
668.3714 1782.7428
729.5625 1464.7322
1335.7792 982.4675
1564.7567 1634.081
1252.237 33.350517
1100.1414 159.08696
655.7234 1772.7234
397.08334 1526.25
1391.762 1735.9048
1187.8334 1923.762
727.7451 194.17647
1490.0723 790.747
585.19354 954.5484
1883.4504 185.26126
1789.0483 1687.871
668.5926 1669.0741
1264.8695 1837.826
269.375 1608.8959
296.46155 1386.956
78.882355 1417.1569
1098.456 222.2
1487.7693 1010.4154
439.71054 2.9210527
1652.1184 357.98685
1404.9531 681.2344
1083.2253 1638.1691
614.2105 1256.2368
1289.748 1009.3937
127.60465 1806.9767
1914.8334 1577.25
255.4127 1921.0159
1111.8024 1192.593
1179.7778 1611.605
1233.7192 1295.6492
310.18054 314.59723
103.82258 31.161291
1553.8096 429.36734
915.67926 735.0377
1049.0807 1658.8387
1966.2858 327.14285
1074.772 1949.772
1394.638 609.1092
335.57144 1814.3429
1878.4324 1538.045
1866.5189 395.28302
451.9717 4.245283
372.92554 210.38298
763.0238 1047.9286
178.25807 1525.758
1018.3203 450.46094
1322.4789 1886.8169
1308.6666 1724.5333
1592.4131 685.86957
1941.9642 1511.125
259.54544 1874.2273
1606.7778 1827.1482
828.5 1599.7073
1760.8422 1382.7894
649.3182 1156.1932
70.40909 1416.9849
945.8318 719.3364
1743.9412 1613.8677
1519.6074 102.85981
121.75 1849.2812
688.63635 611.0273
525.7077 1018.75385
163.94872 1563.1794
452.8718 374.56412
1523.1628 1012.2907
1845.3141 1219.3397
171.28572 1832.8928
1826.3334 193.64815
1979.6464 266.2439
1847.1781 17.643835
1508.1266 1625.2659
1181.0172 573.39655
699.04126 1336.7526
1036.0428 1814.8857
1179.0444 336.5778
1394.638 609.1092
631.4796 251.67346
45.5 1616.3055
290.07874 1477.7086
758.75 1908.0568
1478.9412 1050.3647
1689.3356 436.78766
987.2545 12.490909
1032.0 1856.8823
1499.4747 1287.5253
714.5278 992.5278
1503.4524 1318.9048
839.3333 1830.125
452.8718 374.56412
1847.1837 349.26532
1322.9111 1408.8556
1397.6735 450.0408
1521.96 1307.6
1214.591 230.93182
311.57574 556.9697
1907.4752 1001.41583
545.65424 149.743
933.3206 1988.3512
756.18646 1303.0847
232.19719 1511.3098
1190.597 731.2985
1699.2941 512.10297
1256.4043 433.4468
531.28 58.786667
47.0 163.5
1804.6506 700.5542
217.875 1406.9791
301.1081 1226.1351
1859.3383 151.58824
1313.4375 1739.6041
414.54855 1328.4369
1609.9108 168.65178
450.18088 1366.9113
841.1111 1932.0159
1552.1333 397.325
1454.7446 1498.5319
901.4375 1701.6875
819.8571 939.6286
1474.4886 1536.0796
724.7826 824.20654
1630.1 1922.711
436.37863 1679.699
41.585365 1635.6586
1248.48 237.18
813.8952 547.1441
391.3125 626.59375
1001.25 1748.9762
557.72644 1989.3679
940.0 1787.0
1312.8049 1981.1464
1794.1086 318.1087
986.48 21.26
1308.6666 1724.5333
1686.2583 1942.0583
1642.5841 1864.8761
151.0 1712.0
1385.7037 1118.8148
361.34 1954.8
846.957 443.8925
1531.2858 174.2381
70.268295 1501.0731
1031.4274 733.10486
1464.1305 1240.9565
1600.2329 478.61642
269.66232 1928.8701
1113.5652 683.1739
7.8125 2.8541667
1224.3549 333.64517
545.5848 383.54385
399.80255 547.64966
1996.7322 1592.0
1838.2307 625.1868
590.32556 1886.9302
1959.1094 1445.7344
699.38336 1109.0111
1311.7285 1133.6093
190.16667 1339.125
475.36584 1463.2927
1973.1125 95.075
1836.804 1449.5294
696.18866 1347.0754
791.4483 313.27585
838.1745 368.7181
1103.4218 1433.3365
1163.5 1393.1041
1347.9814 1232.3241
538.34784 943.4674
639.1279 1614.1279
688.0522 1640.7043
1731.0546 137.83636
1417.6163 490.9535
1891.4811 620.9434
1399.8862 895.62604
1435.0513 1341.8718
995.14813 633.87036
1047.6066 1373.4098
102.52409 397.6446
993.4308 37.546154
1081.079 478.1579
746.375 537.0
1565.9711 178.76811
726.63043 1720.8695
623.0968 902.0
554.7132 708.0155
744.5481 782.3077
27.362206 423.29922
842.3958 752.1875
558.41174 699.84314
1478.5922 795.2237
1822.5614 1493.3334
315.9138 1335.5518
1744.4193 1764.2097
1370.7097 299.13977
46.404762 1531.9524
1578.65 1666.775
1030.1482 443.2963
1745.4796 620.88776
1093.0299 1267.1045
1644.3334 1295.2354
572.52747 940.52747
311.64 1341.44
65.61702 367.5851
1035.4366 1941.5352
622.89703 1389.7059
1053.7654 1953.605
168.32143 1847.75
658.2478 1218.0531
1220.5844 853.89154
994.6789 1504.6146
1718.0358 594.7857
288.013 146.8961
1847.8909 1548.3636
749.6889 613.3778
259.86606 10.223214
637.23456 1396.2593
321.3919 426.85135
702.9583 320.7604
779.4151 1798.151
1611.527 656.8378
1129.1261 342.3063
1820.5918 615.8469
368.8889 1903.9166
1055.8485 1665.7273
722.3426 1292.2222
931.06287 948.044
1248.0 350.48624
1331.5 1040.5
1622.4642 1506.7678
1071.6528 1965.3472
1002.6087 1948.3695
481.4088 1198.2264
473.1416 370.69913
867.3333 1339.6437
1775.8228 1368.8228
32.05634 279.831
1839.9038 34.96154
1408.8813 320.1695
1925.4552 19.432837
1037.2766 462.89893
717.5 394.03638
430.82828 649.7879
448.24194 1765.4678
888.0645 1483.4839
425.89157 998.2771
503.34964 433.3147
1442.1464 788.7561
714.89655 663.0
1165.3182 927.4697
403.59494 20.215189
1163.8632 1665.3158
1389.7273 373.30682
1001.4474 1882.6316
1293.6307 1651.5231
311.5435 1751.8914
1775.2167 1379.575
1157.2969 983.5625
423.20834 312.25
47.38298 1550.3405
1805.3729 392.1695
1870.1404 1522.6666
385.73685 179.07895
722.3426 1292.2222
561.9091 1937.909
1521.919 1545.7028
1702.4242 1391.303
382.957 1176.6022
1424.9592 351.14285
1378.6118 763.2
477.67368 1009.23157
1373.0344 348.48276
1513.4231 43.679485
391.98114 1902.566
467.5926 1134.9259
1225.45 1818.1833
817.9524 1387.1904
1267.6818 1529.2954
595.3906 531.2969
1069.5048 1869.1143
311.875 60.275
1404.9474 1178.579
97.48 1833.12
117.566666 1590.8334
234.20192 1829.4712
1509.2981 484.31732
1686.0273 560.952
1938.6936 333.3387
424.62384 718.1101
1995.6023 1835.3182
1353.0 882.9231
766.1045 326.2985
1630.6742 1839.6967
790.907 754.56976
1637.8934 750.26227
1496.5686 1429.8235
558.36707 789.1392
940.15424 325.0851
1721.5248 1309.7524
577.3269 547.74036
1216.1777 425.63333
1683.928 1536.208
269.4 1378.8667
630.03705 1338.679
638.5 1703.0
1680.125 65.03125
1587.1025 893.4872
991.20795 1338.8317
323.28 1972.0266
553.81134 56.622643
892.4902 979.4804
1871.0571 477.57144
339.05884 1953.804
1098.5143 1465.8762
1067.3206 680.87177
1286.2205 600.45667
1090.7103 1411.8691
1388.0261 772.00653
1158.3768 1710.4928
1936.5333 242.88333
1644.6139 954.2277
1954.3846 836.3077
426.94873 1104.8206
293.29486 1850.3718
194.35538 344.5537
1087.4098 1113.1147
1589.7368 606.6711
650.0326 1983.3152
1877.146 742.365
1721.762 1433.381
695.02203 1754.8456
228.66667 1712.1333
1268.8241 1287.5
569.8381 1875.2
1445.2709 1957.2291
622.2839 1085.4
627.8983 925.18646
1245.841 1403.091
91.33696 31.652174
887.5407 1029.3112
642.5593 1983.1187
1513.5243 1959.5631
186.28494 1164.7957
378.4944 1275.6405
1449.3191 965.59576
375.8716 674.5473
1111.027 1538.4459
73.00667 233.92
191.65454 276.63635
322.1 1939.6
615.7262 955.7262
626.37915 226.61539
662.4528 1373.1132
1632.5741 731.9753
553.2727 1848.1818
1557.7426 879.4257
1591.2241 1173.0
618.54285 1957.0143
1229.2307 849.5128
1333.9302 1867.3024
1198.1508 1364.0793
1321.5103 1306.898
594.3973 1539.0137
1789.9231 12.807693
600.6667 1568.8572
52.634617 56.307693
454.29523 1165.3619
1573.7858 245.4762
526.2167 1438.9833
1051.3552 1630.1184
997.8906 410.8047
432.3585 18.490566
1904.1936 1762.258
1620.091 621.34344
1047.4073 539.5185
466.91742 564.54126
156.47368 1260.2106
643.9091 1679.909
271.90768 1640.7539
107.30303 1766.6515
309.1375 1081.1
176.23334 164.04445
1782.6732 1885.1287
39.53125 1678.125
1399.8862 895.62604
335.7027 1779.081
1356.0454 1775.8182
1779.525 228.75
819.8571 939.6286
180.232 146.768
561.77014 504.13794
1728.225 1121.45
651.2014 695.03595
751.9899 497.22223
1856.1489 1843.6595
1246.3235 1336.1765
312.2647 1801.3971
780.3393 1696.1072
1175.6182 665.94543
1136.1794 71.878204
663.4637 1324.866
708.1687 1581.8434
1538.4875 1460.35
1137.0526 1407.0978
1098.9886 639.73865
1593.8953 650.8476
585.4516 1079.4193
710.4035 687.0175
1480.0667 628.49335
261.15662 1399.6747
1910.766 446.8085
1456.9546 1266.6023
264.09756 1923.2439
1523.925 627.05
12.464286 1765.3572
1923.1111 1618.7654
1187.9048 78.95238
1655.1573 1782.8334
1743.9412 1613.8677
1374.7046 374.93182
1150.76 454.8
417.5606 1504.591
1144.5747 827.71265
140.39815 317.73148
1788.9286 1078.9714
416.4694 247.05103
1874.2123 438.8771
691.9823 1868.5929
11.170855 209.43718
1802.9183 1353.1769
487.56668 296.13333
228.66667 1712.1333
846.5122 1128.5
1564.8344 1134.0956
757.22095 1108.1163
1797.7439 120.65854
1849.5508 195.31885
1984.4783 474.71738
850.61426 1094.7
634.7917 906.5208
1083.8286 994.9429
503.9298 980.6316
1301.1428 657.4898
1836.2609 1828.9565
# COVID_SAMPLE_10_ROI_2
552.525 1353.6375
169.47675 1804.8954
1936.6786 1758.6786
522.1905 1581.0952
961.1494 999.86206
857.0417 1933.125
1013.8333 16.229166
1639.3108 675.5946
135.39285 729.9286
709.93475 651.95654
432.8242 1187.5714
367.44 1840.3
1143.619 1635.381
597.83563 720.0548
1204.1354 141.625
252.35417 1197.5521
1038.4 602.14545
1619.7727 1327.3182
108.181816 725.3333
294.05264 363.07895
1410.3667 689.36664
278.4 1080.5818
1983.2162 1644.4054
1011.94543 548.4545
1563.5 1592.5
1890.7213 1477.0984
1663.6177 1486.9412
121.177216 1733.6962
893.1446 1957.024
706.619 109.7619
1117.1683 389.50494
342.20636 500.57144
161.22 1401.24
1607.3805 315.97827
1387.0135 659.27026
1440.875 1516.45
147.04396 680.1319
1569.8572 343.26532
1161.6154 1618.6154
731.80853 74.92553
1038.4 602.14545
448.32727 250.43637
1987.9589 276.08218
1036.7931 1388.138
528.86707 1272.8038
1089.4445 557.9074
550.90247 1362.3414
1055.5363 327.31885
57.705883 145.38235
108.181816 725.3333
170.38667 323.25333
1798.0769 1435.4359
158.25 1090.78
965.3117 1707.5065
159.19608 924.549
577.0 1310.5
884.4598 192.49425
1494.9886 197.52272
625.9882 293.85883
1401.324 430.0
1747.1 116.2
592.5 270.5
276.24615 417.75385
1064.3823 445.08823
103.05556 723.8611
1498.5114 545.36365
598.62244 398.5102
884.4598 192.49425
379.53333 164.88
46.98387 1972.2097
1335.1781 24.780823
1944.6094 27.84375
1629.1727 979.37274
1363.597 534.92535
1437.4 458.72858
228.74359 981.4487
1836.4364 1620.1273
934.94794 880.4792
1397.4916 844.5763
1638.3617 385.70212
1682.7556 132.73334
1100.9565 1642.4783
601.791 1992.1642
1042.9429 24.571428
939.34424 325.70493
1991.0869 1343.7826
82.81967 1325.3442
719.59827 1288.5726
980.6901 1746.4929
864.3077 385.2
1880.8649 1390.7028
1937.0 191.12245
1622.2 1808.0889
1168.1687 244.61874
589.913 51.985508
170.89473 1476.6316
1356.8375 732.2625
399.8 58.225
339.26923 1941.8654
1906.4861 824.4028
1880.8 1887.15
1645.0 1879.9032
468.77777 705.4
24.53125 1469.2812
1203.0182 832.61816
1032.0741 38.88889
388.33823 124.161766
1605.8405 1318.8405
1282.9344 476.18854
1377.9359 911.1667
1674.56 1510.28
555.0 886.15717
1676.909 1584.4728
8.09375 1537.25
673.2586 1349.9138
759.7692 1532.7693
904.5357 197.32143
1646.9333 1073.4933
758.775 750.45
263.30554 1606.3195
1485.0847 1601.1694
1598.017 949.22034
33.803032 1858.8182
1423.2174 128.57971
56.9 1833.7091
1083.2188 1013.7344
964.4079 1634.7368
13.08 820.85333
206.39706 796.5441
1352.3167 1228.1167
1831.909 1487.1515
1231.6809 1855.2128
1457.7812 1819.0625
618.80884 839.14703
65.22857 564.4286
1225.5312 176.59375
2.767857 1995.2322
1483.174 425.84784
106.27778 234.72223
903.7407 1421.2222
1735.9193 1563.2742
1326.3191 975.3936
472.6 435.61
1964.9131 1027.0435
23.402597 866.63635
1785.4193 1447.5483
330.33334 882.7564
1197.6964 950.5714
584.8182 259.72726
668.94 667.48
1341.8572 1442.8572
644.8372 135.76744
379.2857 1229.0857
1031.2128 245.68085
245.09091 1740.6545
1124.629 1947.4517
1099.6643 488.16083
230.83636 1263.9454
677.7714 1384.6857
52.0 214.80435
1238.1207 1250.9224
504.45834 810.3958
1709.3474 1531.821
649.0 871.3958
190.01471 1358.4265
94.0274 1932.452
97.83784 305.02704
476.85333 232.09334
555.1316 796.6053
582.89655 230.41379
1125.5143 1905.4143
397.24445 1406.6444
1752.1364 42.060608
367.42105 838.1053
853.89795 1089.6938
315.4405 1038.9286
555.7143 559.73016
1744.3788 54.583332
1920.747 1191.2169
1184.3949 130.84033
1402.1948 243.35065
8.09375 1537.25
789.32 891.3
1224.4667 120.155556
1258.9 1030.9667
99.95238 936.03174
1355.1404 188.9649
867.6981 348.88678
1941.9493 1649.6962
1217.4878 1222.7317
986.17145 1983.4286
1166.5 1976.0
68.725 622.5375
1093.3279 478.96722
1309.4038 884.4808
626.15 159.95
949.1622 61.756756
94.1875 1808.6875
585.39685 1920.4127
42.941177 676.0294
1412.2903 697.3226
571.1622 1314.919
998.54285 169.08571
181.63637 1163.3788
250.30435 565.07245
63.068966 228.5
1779.7808 1454.9727
449.34482 1164.4828
1194.1311 1042.8689
366.09836 1322.2623
80.775 1298.325
364.78653 1736.4944
298.36206 222.13792
285.32837 33.074627
58.148148 1009.7407
43.04762 1828.5555
232.29 1324.52
807.5536 1564.375
38.65306 299.83673
106.63333 28.633333
1403.3226 745.871
715.9861 635.3611
822.08954 373.7015
1832.9344 730.65576
1489.0 597.5
126.888885 929.7778
209.87878 646.51514
362.70798 482.67258
976.6667 1405.2407
1106.1428 267.65714
384.69724 187.5688
1647.7188 1657.3125
1373.8082 370.9726
495.3587 194.46739
1550.3695 1356.8914
988.46155 135.17583
1317.4642 1581.8214
1093.9166 1417.5555
159.19608 924.549
834.12726 585.2909
617.1486 564.06757
789.32 891.3
1055.7925 1422.6415
370.5 721.5
1317.3914 833.0
1819.6327 1899.9592
460.03845 880.4231
893.37933 1452.2069
1029.4166 816.2917
695.45654 1385.0543
1696.2181 1513.4546
1630.5454 1870.3247
1333.8064 74.77419
204.19388 1443.2959
341.61627 1706.0233
1321.0135 1639.6216
1490.3948 767.5526
1837.2051 128.25641
1688.3617 38.17021
1110.4891 473.3913
346.5 753.90625
546.74286 229.71428
1733.1389 1892.2639
1971.3414 843.6707
1410.091 401.6182
345.6316 1425.2632
541.96 192.64
628.64935 1997.2858
1992.5182 1052.5272
1237.6833 989.5
136.5431 1029.0862
1122.8873 879.831
773.5926 692.9259
820.375 1671.125
1039.2778 1092.4722
1866.7065 1785.2283
1842.9783 717.56525
1436.7355 1401.7225
1527.3721 401.76746
1163.56 1898.6
1806.6915 1730.6729
1787.8649 1920.9459
380.8163 1066.3877
332.6 1144.0286
87.21154 1810.0769
389.5125 1098.3875
758.775 750.45
1669.9218 131.07826
726.9747 662.9747
22.803572 1366.6964
1046.8667 30.88889
434.6837 1380.0204
101.15909 894.86365
204.65573 1684.9836
95.18056 1665.2084
1922.0 1748.46
715.9861 635.3611
3.3921568 330.31372
945.87836 543.5
1255.3939 1690.5605
709.93475 651.95654
1387.0135 659.27026
331.92593 224.2963
408.44232 308.44232
1165.3986 1043.7537
56.103447 78.206894
428.10345 1231.138
1057.0605 165.57576
1477.8334 1246.125
232.7 5.5625
242.63829 1276.2021
457.9818 1114.4364
1432.68 746.48
1255.2279 848.8228
140.2906 949.52136
551.5 1593.3914
1949.8524 1821.9672
735.9268 1123.5366
1756.1305 1225.5217
1606.2122 1507.7424
1791.7028 279.14865
1710.7612 1678.5149
1616.3818 1550.0546
1404.9459 407.4054
1332.9546 1363.9318
449.0909 146.24243
1996.7391 1025.7391
1912.7317 1753.4147
576.9853 249.48529
1361.4269 133.87805
252.35417 1197.5521
1166.3959 525.3958
438.12195 601.64636
1322.303 126.90909
863.8333 309.7143
1055.735 226.62651
950.3662 45.915493
961.88464 1008.4231
640.67346 910.61224
246.03448 894.4828
1256.8986 585.28986
1446.5797 1090.116
1869.3214 920.0119
763.2295 1820.6229
873.10205 505.83673
1968.975 1790.825
307.7604 540.69794
750.2105 1704.1052
1066.6471 659.5294
773.1194 789.597
1780.4043 162.91489
152.57143 1429.9375
1777.1964 896.125
1154.5769 1284.9231
1439.0 429.92307
1259.4923 157.29231
1343.1923 1269.8654
1545.9658 132.2735
198.91011 935.57306
1026.939 541.3171
1012.5192 112.28846
868.97144 1423.4
420.62 837.5
1109.5769 1335.1154
367.24243 659.74243
1476.8088 919.17645
1067.5748 1227.1654
1127.473 1924.8784
1204.4 2.911111
1683.9479 1898.8854
1175.7032 1993.8352
1370.2554 608.8298
1838.56 708.08
1728.0682 1527.2046
835.6818 1574.3636
44.517647 1765.1058
358.71155 893.9039
1539.0656 431.36066
1035.0217 487.32608
544.9643 284.23215
861.3889 136.54167
313.3818 399.05453
848.1323 1505.1029
13.08 820.85333
920.78845 1314.0865
602.2069 536.0862
1154.9131 1032.8986
1420.0454 966.7273
1766.137 1204.589
1479.4766 872.3915
696.51044 1354.1979
174.5625 810.3125
607.19403 1025.5223
1846.738 1778.1666
1978.878 849.1707
1418.5536 741.8571
1598.4524 1522.3334
246.57895 1607.3895
246.03448 894.4828
622.9375 996.5781
1978.0555 1776.9814
491.5926 1620.0297
35.307693 1152.2051
396.74576 1318.678
468.14667 107.77333
1480.2307 541.8077
500.71185 153.35593
1174.5 1260.2
1192.9395 58.727272
547.2024 1272.0238
261.85294 129.32353
1830.7125 1227.1
1132.0178 831.375
978.26666 1062.32
1738.1569 1358.3334
1305.2084 1926.9584
452.10715 1173.0358
612.50726 1191.2754
887.5319 270.40427
139.37038 454.0
1874.2245 1266.4694
1225.6538 1895.6154
271.10605 144.40909
513.5 306.16666
387.13043 215.42392
395.7375 1334.125
1254.7646 1022.5294
962.675 1958.525
494.5493 1389.8873
1974.228 128.32455
1078.4329 1365.1642
8.68 1947.98
805.7045 895.7045
1424.6735 1993.9592
102.11579 610.4737
1005.13635 268.52274
997.8929 272.0
1104.2134 1291.9066
328.33334 837.3333
1106.1111 4.875
1044.5 487.75
888.07446 1940.6489
397.9375 1848.6339
698.5649 69.938934
513.43335 1379.7333
502.58026 767.49384
1424.1489 1746.9362
626.55 1225.15
359.83334 1291.625
1658.0728 3.1818182
955.6795 889.4487
757.4706 1362.7059
114.163795 1521.7931
414.26315 1563.3684
570.2055 135.27397
652.72974 1980.4459
1645.0 1879.9032
1407.6857 1588.8286
1466.575 713.95
1649.8358 625.9552
254.18056 1649.6389
1641.8296 1537.3068
967.5854 1006.0
220.97437 717.2564
93.4375 1175.8125
820.375 1671.125
543.0 1849.0416
1507.8103 1388.6207
1205.0769 1057.5641
598.62244 398.5102
634.5 141.5
1925.6881 1226.6055
1515.4117 922.5294
1364.5895 431.5263
1685.573 918.93256
830.9516 1312.242
1957.6273 1423.7
410.5042 1297.7395
1494.0654 953.6729
962.7037 367.4074
1591.4067 1340.661
275.3409 1000.5227
1173.2 1628.877
893.37115 867.6701
1717.8918 1942.7297
1133.0 1735.2588
282.16278 1228.2325
1306.9423 981.36536
1391.2069 531.0
421.0 1893.9354
1982.0 1376.16
1600.1578 832.9737
1466.3667 170.36667
589.7234 1828.0426
839.3409 297.4909
1515.0127 183.96202
178.81133 314.54718
110.80899 669.94385
246.104 922.048
1362.0878 1423.5964
1225.75 1848.3611
299.94595 1207.5676
296.68628 1012.902
1765.8102 1922.3925
352.7451 686.598
1692.7128 1521.9255
912.60297 15.808824
1190.9066 1646.3334
1475.2963 450.65433
331.21667 692.15
1063.7637 626.83636
323.96295 424.37036
1060.4342 1096.3158
766.31036 736.89655
1127.473 1924.8784
253.51852 1736.9259
577.2941 1824.7059
1025.8813 1965.9746
1677.2 1681.52
873.4667 881.74664
207.53334 308.93332
1447.3489 852.8953
1126.5161 1106.9032
924.83606 7.442623
1924.6072 1159.6072
1678.7167 656.7833
876.52057 236.26027
930.8039 1388.6078
1127.1866 429.04
1638.4 1290.86
1031.6171 683.7234
426.30234 42.17442
383.40277 1209.6389
779.07574 1605.4622
1416.1866 682.94666
1121.7307 1756.4231
433.39758 316.7229
1967.102 78.938774
1464.0256 674.8461
1732.3182 1510.0682
620.9885 1400.138
584.918 147.81967
1179.5063 215.32912
619.5857 4.4142857
1655.9524 586.9365
1375.5 1754.6548
625.9655 951.62067
740.3077 830.55383
1151.8495 1957.4409
1085.48 214.12
1094.3654 1639.0193
1786.475 758.975
525.36365 205.57143
340.38095 1422.7142
818.69354 1854.5646
779.58826 939.27454
1995.4305 1598.3334
1407.3784 314.64865
367.18332 1173.6833
904.0164 1297.1147
1710.46 576.58
1416.1866 682.94666
1543.0952 638.36505
401.32394 484.5634
1395.5 1107.5
190.77142 949.25714
111.89474 1683.8948
1966.5862 667.2759
1886.4 1644.8833
941.23376 42.79221
904.4078 263.50485
1708.0 1898.5814
1638.157 511.23965
293.74075 1034.7407
432.4386 299.21054
104.6579 918.6842
1930.3466 1706.6832
1963.3953 65.41916
647.3947 252.5351
983.18665 541.50665
1859.3478 588.058
114.0 722.65216
979.5909 532.6932
379.06946 1085.5555
1529.195 1132.7457
258.14893 1966.3191
311.39584 769.6458
1154.1842 1024.6842
1533.7477 444.21497
592.4839 1645.2742
322.0 1050.5
294.7561 816.0
1763.1409 1422.2253
1123.0238 169.33333
908.1489 1584.8298
636.0492 1905.6885
748.18866 13.528302
364.5 72.90909
1169.6428 217.76785
970.82355 169.19118
1088.2222 361.0635
1081.9014 703.60565
255.40816 426.56122
1706.9518 1495.0
464.06 268.88
482.02777 1370.2916
1970.6666 1780.4584
242.7415 934.1088
278.4 1080.5818
353.44 1707.4
1197.5283 1323.3208
1417.957 535.2043
874.7971 1626.174
526.7895 1693.9736
884.4598 192.49425
1020.5098 1375.6471
1748.4103 1282.7179
498.4138 292.72415
969.0244 176.43903
595.5484 750.5806
1852.5312 1819.125
1588.9565 1833.4565
920.05084 642.3051
712.7381 65.833336
1913.6165 1573.2877
1533.2727 1826.6364
1094.909 1991.909
823.4762 874.619
1241.6406 1009.7656
1080.5209 1276.1875
315.82178 1977.3367
1326.2118 1417.8588
1863.0615 713.95386
1027.2894 1093.9474
408.91803 1724.8853
122.942856 1383.2858
340.0 682.1094
279.47272 954.63635
1899.0947 1525.1578
300.14893 994.8723
119.054054 1150.7297
1578.3414 1330.317
1404.7368 1777.9474
1527.25 1117.4891
329.4 178.775
1094.979 349.53683
1613.875 670.425
1433.2188 1617.5312
116.75325 898.22076
426.7957 1340.8602
572.2295 257.11475
1758.0 465.07245
1444.625 888.325
305.65933 98.53846
844.275 262.2125
1503.0714 508.92856
379.8125 729.5625
1093.9166 1417.5555
585.431 329.60345
649.625 1549.0416
222.05263 688.3026
1936.7391 29.043478
10.642858 1498.5358
136.47273 1215.2
1544.9918 1421.0984
875.31464 1747.6517
1794.2142 1256.9524
796.1905 134.0
1215.8667 1201.3833
1763.7317 1242.683
864.88605 1281.1139
842.2152 197.39241
1642.3529 266.82352
411.59677 934.2258
467.72726 91.34344
48.68868 586.5
973.2174 217.91304
129.32654 1912.3469
515.78674 1292.7427
563.94116 4.0392156
480.59183 1436.1428
1094.8116 1816.5072
1687.9839 405.48386
1936.4565 737.01086
972.0732 1002.09753
1250.0886 53.651897
1965.8889 1189.5657
413.92438 489.24368
1941.3334 1819.619
938.6429 266.6607
281.9091 869.63635
1901.6072 120.21429
87.166664 848.5952
1661.8545 1871.8
1257.5714 124.2
116.367645 629.92645
1433.2188 1617.5312
1668.0682 1891.9773
1343.5807 622.9355
1885.5385 1453.7307
1380.1915 472.3617
825.0714 720.3929
984.0 242.31313
433.0353 778.2
1128.6072 30.821428
844.275 262.2125
663.8025 1417.5927
617.0 1487.0
853.89795 1089.6938
1281.5667 1011.4
1995.4305 1598.3334
1161.9915 453.4017
952.4545 1331.034
1174.566 21.584906
1481.9056 1580.1321
1328.0 1998.6154
665.2195 1841.3658
862.9375 1681.9166
1860.4263 1017.3279
1322.6031 777.3492
415.5821 1202.6268
1391.9108 707.0
1671.3494 85.30121
817.6094 933.9531
989.1829 1213.9512
1937.0161 1671.629
1035.5 1660.1818
558.8182 1298.2273
1919.6904 1315.6428
522.25806 1370.6129
1330.566 1527.8302
761.30664 532.93335
324.83783 1806.5135
84.303795 1249.3544
1831.1777 1217.8667
297.41818 1141.8727
60.765957 177.87234
1709.3474 1531.821
1811.75 1752.2858
177.80556 875.6111
1933.9565 1144.5363
38.792793 589.93695
1347.8381 519.7714
1115.0724 609.2237
999.5467 1668.1067
968.2 1028.2
1486.3962 1615.6415
642.96875 42.3125
1369.32 1481.48
236.0 1697.753
1272.4138 1929.0344
494.5366 131.43903
1159.7435 1223.3846
1165.9762 55.095238
798.3555 1543.2556
1027.723 116.09231
1206.9032 578.9355
959.91174 1587.2646
408.44232 308.44232
695.0548 1325.9863
1117.0 1713.0
1408.3729 282.27118
1865.3513 1032.4054
1967.0266 1753.0133
490.38028 1118.9296
1758.0 465.07245
381.46826 256.1905
628.36365 943.0909
170.64516 726.80646
1632.6517 634.64044
1149.8448 840.9828
703.46875 1335.7291
410.5042 1297.7395
320.35898 1951.0
1676.9359 663.4487
1101.7158 1462.9053
942.4167 1407.0952
1955.5714 706.6429
539.0 819.92065
1686.7391 127.0
709.42 1401.68
245.04 848.6
1705.0 1516.7858
366.36987 768.9315
1907.0883 1489.9706
113.98412 289.36508
1621.1309 1830.757
1464.1976 200.75581
1992.5182 1052.5272
68.88636 1887.8864
1366.8644 712.88135
256.15872 805.79364
282.14774 715.7955
1179.013 1959.8052
1784.9077 1050.1846
1878.865 660.73004
1352.4474 1649.2106
1662.5469 1846.2109
1045.2314 529.46295
1487.8026 455.67105
863.61224 1427.3877
1233.6704 1580.5
1636.7623 1728.2476
158.25 1090.78
1721.1625 1390.2125
232.63333 1484.6833
884.71277 310.65958
693.42426 1829.5758
1083.6938 21.34694
825.43616 795.2659
700.31036 1369.8391
1974.3773 1548.6227
1877.2941 781.64703
1861.9767 631.5814
1375.5 1754.6548
613.56 637.25336
358.8923 861.5231
644.375 1475.5625
21.506172 94.45679
1042.488 113.78571
986.4 98.35833
1104.4747 617.6667
610.54016 968.4744
381.6889 1377.0444
577.6458 134.72917
1899.5869 1361.1086
1758.0 465.07245
1217.0331 259.19833
1184.6094 1990.0469
1927.125 1140.2084
330.7353 254.16176
1100.8813 265.22034
1004.2951 179.30328
1906.1464 157.64635
387.2 1746.9385
672.816 274.28
1244.1464 88.51219
684.3333 337.36365
1673.4626 1296.6418
333.0 362.0
1578.8354 23.670887
93.73913 1375.3914
1231.5 67.541664
1514.6111 1391.5927
909.17145 929.74286
1153.4219 1458.8906
1746.9166 210.20833
1381.525 707.1125
167.26437 1876.0344
774.79224 206.07793
84.96722 1136.9508
1968.975 1790.825
1397.6207 1821.5287
1794.0 1911.5
1306.5778 836.1667
1123.4386 1524.1052
1679.6744 1925.6163
258.0909 1191.5454
943.9184 933.7755
1848.7821 950.6603
945.1325 12.0
1385.75 634.78125
1921.7297 1800.6757
1841.9231 1806.0
1525.96 444.76
946.9867 890.5733
1803.4235 1904.6036
1023.54877 1356.9878
817.24 384.68
1446.0674 467.92136
1472.7428 838.0762
368.34314 66.12745
205.31915 774.9787
848.1323 1505.1029
947.6622 535.1486
888.9375 1541.9197
458.25674 1817.7703
918.22546 1652.6274
104.388885 1841.2639
237.15218 1121.0435
1183.1559 94.55844
342.81818 526.7013
1421.8657 257.08954
849.59796 1207.5464
1621.42 1334.64
1148.8551 1470.2029
210.13637 1245.3636
194.0827 613.7068
1979.0656 143.5246
1200.3448 1235.1207
1233.3175 873.4603
1583.7241 50.66379
532.6667 646.6326
1709.5 1438.8334
1063.6881 338.91742
713.85187 1988.5
1558.921 1877.3684
207.42372 370.32202
680.38654 1320.1344
1238.6101 1506.5409
1950.1228 330.82455
257.1875 440.51785
209.175 657.425
761.53467 1348.6139
1481.1327 1390.4387
819.3571 965.3304
650.14545 675.3091
1984.8572 1665.0714
1049.6857 1005.74286
11.5 606.5
362.70798 482.67258
893.62744 1370.5883
725.23914 842.65216
1354.2759 724.4138
1634.0714 1517.8096
370.5 721.5
1596.7234 125.95744
213.17647 1100.2157
1510.871 1661.758
366.69766 1427.5
601.791 1992.1642
1932.4857 1463.3286
1049.7816 1382.5632
765.69446 180.19444
1830.2543 1633.9323
99.954544 1020.11365
1475.7561 1250.9512
332.97778 1950.4556
515.9643 83.82143
817.07227 123.289154
765.64703 1308.6824
916.5769 1067.75
1364.7241 157.18965
1934.7441 1649.9767
595.5625 958.59375
403.01205 333.63855
1413.0326 272.46738
797.7794 825.2353
635.08435 738.48193
1661.6 69.62857
146.61818 1688.6727
1721.4822 1432.1072
1354.2759 724.4138
1186.9531 1451.1719
354.10205 668.9184
1873.7947 1565.1875
1444.7565 1409.6025
1215.7084 327.8889
106.27778 234.72223
1268.1628 10.023255
1771.935 393.32468
326.64178 281.55225
1903.94 656.16
1960.5283 1300.6792
732.775 548.35
1778.6823 1426.7664
1510.871 1661.758
207.62 1263.46
310.91428 725.3143
1099.6578 384.76315
1837.5 1331.58
1153.1515 986.7879
1385.5172 411.05173
346.11267 1045.5493
978.0857 638.29285
365.83 718.1
1401.75 1589.3462
133.89706 1726.1029
1111.8739 358.74774
154.6 941.52
1584.0769 642.00854
667.04254 1277.234
1803.4235 1904.6036
1012.1774 556.6774
681.8485 844.7475
608.3016 1553.4445
679.9516 709.9516
652.2093 946.5814
1029.0625 315.875
342.60605 659.8939
162.55405 223.16216
813.913 1423.2174
108.809525 229.09525
50.424244 1798.4242
1722.7084 1553.5416
95.55 229.36667
1635.4467 1773.2039
1383.1818 300.18182
1091.5695 1848.6528
967.70966 1833.4678
918.22546 1652.6274
388.28888 39.355556
809.8571 393.7619
907.96295 1365.7593
1661.2982 1597.3334
549.6071 1972.6072
431.40625 411.8854
1628.1364 311.88635
976.6667 1405.2407
1555.8125 355.5625
239.65433 1713.7407
1126.3948 1737.0
1681.6267 1505.56
1757.1608 1491.4464
805.05457 937.1818
243.73438 1615.1875
1414.7858 484.5
1937.0 191.12245
728.4667 288.16666
1693.8551 1304.0289
106.92308 1491.2307
1452.2174 1591.9131
1821.3258 1472.3033
1160.3823 430.04413
1450.8158 564.0
131.08571 1673.6
1169.4902 166.32353
1511.3802 600.91547
766.5965 777.5439
1117.2433 1308.1082
1898.4574 168.64894
153.78688 106.22951
1385.3448 129.72414
330.33334 882.7564
701.73584 454.6415
1992.3928 801.6429
258.14893 1966.3191
1416.8793 1826.5344
1322.6838 1352.4191
699.3182 1968.7273
452.1757 438.35135
1144.9016 493.19672
242.88235 1325.6666
642.56366 84.44546
785.5231 700.9077
299.12677 1197.2394
1780.8657 92.80597
829.6316 715.2281
1373.1333 820.1
1028.3823 231.35294
834.9551 1989.9888
589.913 51.985508
491.65384 1164.0
1078.2289 1593.9156
713.85187 1988.5
588.03705 431.94446
1632.1945 1312.9722
464.3611 134.13889
1733.1161 1502.6608
792.94385 1285.5955
767.4 1727.1857
696.96155 1246.9231
474.3919 918.12164
1401.9546 1102.8788
765.7907 877.6279
442.60376 71.603775
956.9259 1719.4073
1645.1409 1443.2958
723.375 1986.5714
295.96667 675.73334
1663.9219 101.125
1066.6471 659.5294
759.72 1715.9
762.13464 700.9231
1218.0 1258.0
1620.3334 1406.619
729.1875 1341.125
1281.8636 1287.0
1548.8572 1847.6571
1713.2979 1792.9362
43.47826 317.08694
1159.6538 972.6539
1065.1111 479.44446
1524.9425 189.66667
1071.8 894.24445
646.2833 148.5
1263.424 591.4783
532.3043 353.93478
1395.6383 1113.1277
1949.8524 1821.9672
79.95238 1839.2858
254.19481 1371.1428
1359.6666 72.833336
1563.9 374.38
291.29413 1607.5588
1536.967 1352.2638
1829.625 1171.8833
1841.8843 1032.1736
190.61617 238.9798
267.14102 1302.7307
1062.7444 178.56667
258.14893 1966.3191
1626.1875 1527.8281
360.6125 1110.35
1918.9818 844.58185
1200.122 48.69512
158.875 1713.625
754.2154 894.53845
944.6829 1470.7195
1742.7579 1975.0947
819.3571 965.3304
1966.4381 835.89526
1952.5 26.75
1452.6482 745.94446
1784.6923 1462.4615
1138.3549 830.74194
582.175 1232.05
284.10345 167.3793
1651.8654 912.8558
333.8172 787.92474
182.76471 1098.3383
1515.4117 922.5294
722.88574 651.25714
1429.3284 480.16418
590.2381 200.58333
1336.0769 396.3846
238.85 991.025
887.0899 1713.0337
1889.6836 161.49367
958.9213 1650.1235
347.5747 1980.2413
1461.3597 1634.878
1333.375 949.94116
1647.5 106.5
1463.4445 1736.6666
255.83464 1944.3937
1195.0975 1878.878
1397.5178 445.375
52.941177 1224.098
1729.0 54.514286
1345.3334 1437.2424
871.9595 1400.6216
211.02197 789.26373
97.01695 929.8475
153.21739 947.73914
1595.4 1464.6375
1307.1794 94.30769
360.92307 848.0
772.8313 748.1325
254.38889 512.6111
421.0522 874.13916
839.55554 634.9596
111.89474 1683.8948
1171.9706 49.382355
321.35483 1225.129
1403.8601 1375.4615
243.14706 1215.1765
1439.1086 1413.7826
1439.2941 739.5
902.3939 1434.197
1231.8182 1848.0454
696.9545 916.24243
729.1404 1844.3684
1475.2963 450.65433
843.35297 1248.1765
958.0417 1416.6041
778.1429 1463.9822
523.9537 128.81482
999.5467 1668.1067
541.7541 892.2787
1675.3226 534.69354
970.253 1328.2289
1252.8032 42.393444
148.52747 410.45056
1603.1282 1460.0513
152.69565 1358.3914
246.68236 440.11765
648.661 66.9661
1401.4678 1094.5968
1474.0182 1829.4182
1581.3334 1975.1212
1804.4546 593.0303
502.89832 1583.8136
567.36145 243.0241
781.0185 951.2222
7.7727275 897.3788
1508.3906 1823.2656
730.75 1376.9348
383.94644 771.6071
1394.8 816.23157
402.63635 1331.1818
887.875 1351.3334
145.50793 16.261906
943.41907 1639.0857
1747.3959 1203.6666
252.35417 1197.5521
201.63158 829.9158
1324.4474 1258.6052
1172.909 1874.909
107.76667 625.63336
1433.2188 1617.5312
608.15 1878.4625
482.37625 753.54456
735.60767 619.53076
1710.0197 536.6863
1342.1282 1237.7949
1001.64703 1352.1617
1473.5078 66.92969
1996.7391 1025.7391
73.844154 1269.5845
144.31915 1959.3191
16.04878 84.96342
771.73914 835.01447
855.8596 1053.9474
314.0102 884.03064
885.21875 339.28125
471.78333 1172.3667
203.4625 988.8
834.12726 585.2909
1978.2283 741.087
395.19696 1348.1061
1958.6428 1370.738
1420.5518 1850.362
1497.7322 1358.9642
106.27778 234.72223
322.0 430.81482
34.090908 1756.4675
144.55295 1565.8942
162.50877 654.0702
783.6842 813.1447
335.7886 1352.6097
586.21576 1415.2684
1499.3091 468.87274
571.7347 1798.6327
992.5897 106.948715
997.2593 1172.5927
366.8409 572.6818
1472.8276 662.89655
1477.1354 475.8797
1893.4642 129.51785
1424.5714 808.4898
888.9375 1541.9197
759.7692 1532.7693
1310.3334 1556.4286
20.37647 146.25882
1511.3802 600.91547
175.41379 1756.0344
12.921053 1906.8684
1840.8193 1485.3735
1329.3572 993.3571
356.53488 1754.279
42.219513 829.561
1601.4166 1870.25
141.36734 1426.6938
1813.6945 1637.5555
1439.6094 1680.6406
1048.7656 561.65625
400.1111 461.5
656.425 1246.6125
688.6 55.6
232.63333 1484.6833
1350.9796 1433.0817
1631.1 1740.1
571.52545 1481.5254
891.22974 878.63513
1092.6897 1222.2069
886.4483 1961.4138
578.5325 1670.0
111.68657 1423.5374
859.0303 877.3939
331.72 404.98
630.01886 1247.0377
1200.7142 230.95604
1905.043 1269.43
1016.66266 1105.3494
1154.6377 1016.6957
307.2 1885.7819
741.6 286.11667
615.1667 1237.6459
29.446154 1671.123
137.81818 1635.5758
1630.1143 144.85715
252.43037 831.4051
974.0541 1678.0
1415.7767 131.84822
1793.2142 1720.4524
1228.3636 1299.7727
1739.8718 1467.0598
630.4667 1553.6555
1711.6951 482.02838
700.875 1924.6
570.05206 8.760417
139.41379 902.023
233.89285 492.94644
123.51961 60.431374
1738.3864 1625.6136
597.2308 1539.9146
191.78947 973.0
997.4778 671.76666
1029.44 1906.92
360.56522 1944.174
407.46155 1049.1538
18.384615 1767.0769
722.9375 1378.6666
1039.2778 1092.4722
1022.8969 1348.2681
8.68 1947.98
1994.9656 733.4655
487.8125 1437.2084
1217.3928 1462.2858
1402.5897 679.6667
1799.45 770.975
1410.4193 615.01074
1356.4562 155.47368
165.90955 948.5729
1645.289 1892.3334
1116.8839 377.14285
1478.2405 568.55695
1319.5625 951.8958
89.1 1962.3334
936.73334 1905.44
1554.2727 126.045456
1833.24 236.22
894.8116 481.26086
853.22 92.12
1932.5625 633.75
1137.7468 1031.3671
269.0 275.83334
1192.2572 1288.7572
219.56976 1878.5465
1982.7727 1338.659
802.18665 1400.56
451.5 1082.6296
20.37647 146.25882
1921.6046 638.3953
223.97058 781.0
1833.8472 1421.2084
26.918034 1401.9836
353.6588 375.37646
436.274 195.46576
1644.8422 1821.8422
1109.68 698.68
1050.7212 1071.7115
771.6279 900.7442
592.5 1440.0682
172.86487 1178.7028
561.0968 195.54839
1342.129 632.4516
319.85617 203.9452
1131.3175 1171.254
238.95454 985.2727
423.9189 166.42567
108.181816 725.3333
1562.1548 66.86905
1127.2267 952.64
1637.9784 357.05756
1594.1158 1752.5579
392.65384 237.23077
697.4815 1430.5927
245.04256 1662.0212
222.48648 1232.1351
310.93024 60.88372
883.2737 18.031578
1379.8102 1035.7975
1836.2262 1638.9642
882.3889 1473.9722
1188.0411 245.72603
1060.5358 961.0
353.25 464.2143
1561.9231 1762.1154
1254.2439 1670.0488
1875.254 1687.873
405.68918 1392.9459
839.24 1667.2
1411.277 1930.2307
951.1964 914.8929
399.22665 215.85333
101.15909 894.86365
985.7727 1788.75
1876.8518 626.2593
273.0 628.1667
933.4138 311.5862
773.9394 1411.1515
295.6491 804.9825
10.104348 374.6261
842.55 1626.9667
1378.3182 1560.7727
1686.721 1626.907
672.816 274.28
1383.1818 300.18182
# COVID_SAMPLE_10_ROI_3
399.73135 1559.1343
1793.7273 1664.7614
1331.9111 360.86667
760.96155 324.80768
1301.6868 1975.2892
1757.6716 1547.7462
635.75 1412.2222
364.3253 1126.2771
949.85 1420.325
496.46155 326.02197
1303.6067 497.28088
636.7196 577.82245
380.02222 1758.289
1872.2142 587.25
1929.75 1563.2812
410.69232 1284.359
1964.76 1851.4133
1716.9017 1826.2053
1921.8524 1432.6229
422.5934 626.7143
1889.9767 1576.186
1028.7882 1668.4
1047.1555 1582.7778
1931.0385 1604.7693
442.69016 485.2676
1048.6111 1033.1666
1774.5764 630.71765
1325.5494 977.34064
766.3 639.4667
1010.58826 448.67648
1462.4 896.92
579.13043 1656.4565
492.83783 1061.7162
51.957893 515.8316
1205.4482 1681.8966
1766.983 109.27119
1043.6533 198.56
286.09525 1214.0238
1262.6666 1798.4368
256.86487 1006.32434
958.4828 1223.1034
1263.3334 185.875
716.625 1987.1136
643.7865 813.9663
971.9211 1905.579
425.65475 530.5119
1388.1837 465.2449
1508.6709 984.43036
1612.8452 1703.4166
1313.7322 595.1429
179.75 1001.6528
1039.55 247.36667
1657.8948 949.3158
1758.0256 482.78204
1904.0541 139.45946
233.18666 342.77335
474.175 979.35
1886.3823 1953.2354
1011.6786 1823.5
1457.174 103.36957
207.27536 13.637681
1830.5374 1206.6567
205.67308 457.30768
1765.151 997.6226
899.45123 795.5244
549.81036 1390.1552
1927.6517 1412.4832
1134.6792 1774.8113
1971.9078 875.4474
499.88 1305.5734
1756.8833 1624.8667
226.56818 408.10605
1891.2794 1103.7794
1692.4678 1123.7903
1990.9697 736.42426
1980.1786 1475.4286
1802.4642 1802.6072
415.14633 1578.0244
813.90436 975.63477
758.0143 1165.3572
436.5658 1477.3552
411.71765 184.3647
1867.8966 1514.5518
503.9565 1976.7246
530.67816 1238.7012
132.09259 1338.3334
1830.5834 115.854164
1774.4595 1136.7297
1020.8246 1860.1754
843.8068 129.76137
858.69525 650.8476
1373.125 987.775
540.08887 665.6222
1239.6072 255.5
423.72726 1564.4415
908.7234 759.0
1991.7759 810.81036
1077.1904 246.59525
470.95 16.783333
968.6 1466.96
622.20514 546.5641
728.4138 1188.2759
1718.7778 1134.1349
227.0 886.0
924.7727 1203.9546
729.42426 918.7121
673.10345 1251.3793
403.03076 1930.2
1282.7021 520.8723
1785.2 1178.5
831.08453 1628.3944
1368.2778 657.44446
1993.1522 329.78262
1762.7675 469.43024
1436.2523 312.88785
375.5484 1154.5968
1.3103448 431.13794
1906.8667 820.4
1305.3265 1688.6938
536.29785 1645.1063
435.7742 1538.871
1770.15 1286.1625
413.30927 1302.4434
948.58905 274.36987
339.0435 857.087
1720.75 30.375
1446.4592 570.1778
850.9756 611.4146
151.71428 258.3143
860.3287 203.92308
234.2 956.0
1747.1915 1960.7234
1295.1818 496.18182
398.5909 1948.409
1922.0546 825.92725
369.22058 189.64706
17.080809 81.19192
891.5 1916.5
969.0 257.22726
1636.8765 1264.1011
395.78946 330.89474
1396.4783 597.06525
988.6667 165.125
747.63336 939.36664
19.711111 1744.9778
316.40277 700.8889
922.03705 1886.7037
286.27908 1525.907
427.53192 13.085107
861.2 820.5455
1199.025 1185.575
711.0568 1095.0682
877.0 1271.4814
1792.052 1960.7142
1694.326 197.04347
1173.5281 424.17978
1581.1704 41.06818
918.72546 1296.7646
94.50633 1830.7468
1746.359 651.28204
1918.7084 528.7083
230.39131 1904.0435
1095.875 1103.3334
625.7692 562.3205
553.73206 348.40524
318.92648 167.30882
585.098 129.47058
1976.2858 728.8571
1799.3611 1494.9166
412.46915 379.03705
1418.8085 680.19147
760.1294 597.4706
319.9074 790.1667
376.74075 1490.9814
1353.5555 755.5926
1247.3662 1661.4789
1631.6268 1723.0149
153.61111 938.3333
1454.5652 461.82608
1960.3684 637.75
396.40244 65.5
899.45123 795.5244
1336.9286 1930.2858
1036.0209 1646.8959
1714.3704 1112.963
183.74138 1903.8046
527.9059 257.82352
1246.5161 256.8387
1210.3055 913.62964
432.85526 1372.9474
1046.5151 1025.7424
98.14085 1037.4507
685.0847 1216.4916
1031.4412 1484.0
1292.8667 408.93332
258.99124 1674.5176
965.56433 904.0891
166.63792 1621.862
1781.9183 551.7551
58.885418 268.91666
1449.4615 1007.8615
1983.0869 765.4058
273.36 601.34
355.71112 1043.0667
836.0357 1864.25
1372.5128 35.102566
230.0 752.0278
346.29578 1617.3944
1497.075 45.7
1541.9183 99.46939
906.8 1842.2
1706.3024 1125.6279
1051.2273 98.59091
1990.0157 1323.0472
845.0449 603.1348
1661.5416 1813.2709
1096.9166 1264.2291
1422.125 295.9
1923.9636 1560.3818
420.8481 980.1266
651.3 1558.8223
382.42697 866.9101
229.45946 483.48648
1760.8644 608.322
385.46268 63.55224
145.44444 526.8
1794.909 611.0909
428.77048 725.73773
15.790123 1923.6666
361.7619 1617.9841
1535.4904 1382.5962
1789.5413 1889.7523
1223.9452 1110.7123
37.694443 1905.8055
433.0404 687.46466
1730.5454 639.76135
426.9111 1532.1111
502.5238 1584.262
1731.8806 248.59702
1728.4056 1259.0377
169.17046 83.78409
203.62962 321.07407
1715.119 16.0
1915.7354 1343.4265
580.36584 605.29266
251.40741 1947.0741
1059.9362 89.893616
704.2523 280.29907
1684.9257 1537.9257
972.2414 1618.862
267.8022 179.46153
1395.9756 110.70731
950.36536 1708.4038
661.2281 1512.9474
649.2955 545.26135
1737.6072 626.8393
751.1404 281.1228
565.4839 1100.742
923.9323 1096.5573
1219.1901 387.68594
869.2414 446.0862
1548.8 163.07692
1862.4961 662.20154
90.586205 838.1724
879.5604 1259.8352
1500.7345 640.60175
1627.8776 142.77551
543.1667 1252.9584
3.344086 278.48386
1519.68 827.72
1240.72 216.64
1854.1538 1940.1794
886.5625 661.4844
695.8983 1209.8136
886.9167 1910.5555
1280.6229 629.1967
1840.7833 489.75833
1674.6786 390.32144
506.10257 700.2564
302.5 1382.738
994.7732 520.0
1912.2084 1780.4166
1477.8276 976.34485
205.6 464.44
321.13727 13.421569
1346.5 263.05405
1034.6818 19.257576
1043.3334 1016.9667
41.5 472.5
935.3387 336.90323
272.95 998.1
1346.878 475.56097
481.64706 487.7353
304.96396 215.32433
237.70589 412.38235
536.8 1419.6666
545.2347 830.3571
1784.3552 984.8289
1726.8318 1873.8131
888.16 767.856
888.5714 1929.3334
1370.96 439.46667
61.064285 301.54285
1169.1389 543.3889
169.5514 54.242992
510.89795 1660.9796
1709.619 1563.9207
1775.7391 546.04346
1855.2456 1991.4736
1779.3077 922.8077
1986.2727 717.9318
1449.409 938.11365
700.8625 253.9625
410.0353 1032.1882
461.69812 1062.8302
352.0 374.57318
984.2371 1845.2783
224.68376 257.48718
216.56717 1786.6865
837.9259 799.5185
1070.8167 431.48334
344.81442 185.18556
19.676924 1876.9385
34.488373 792.17444
668.5571 1978.8857
1737.84 1475.82
1919.017 855.47455
113.28571 1446.7142
414.5366 1006.7317
171.12857 1323.0857
1868.8025 916.1358
141.21687 1121.1807
1105.7742 38.5
194.4359 829.64105
1427.7646 984.3412
882.6667 1050.6923
1312.9254 1419.1194
324.73334 1364.65
1703.5916 126.15493
640.15216 596.1413
672.46155 1445.4103
105.34091 1802.9773
1881.881 1787.0714
1488.566 987.90564
1767.6538 1108.0
1141.641 127.90598
587.5 315.0
1185.0 1214.0
911.4466 455.7573
950.78314 1007.2771
962.9125 1127.0625
1210.0625 245.40625
449.03125 1680.8438
687.2286 630.6857
227.45801 972.87024
148.41026 1103.2821
921.25 1739.25
1989.1666 19.6
184.70149 110.462685
416.77777 168.95238
426.8 1033.3112
204.50603 948.49396
459.02325 403.75583
693.0526 589.6053
1746.12 481.3
1728.9286 303.07144
987.81635 150.2449
1794.4143 1536.8572
1381.1666 1283.4524
393.46033 1294.0476
1445.0 1358.0
1932.0496 596.30695
1582.122 851.85364
1661.3759 1337.8981
148.30392 48.294117
914.08 1875.16
410.0 1624.4117
727.9506 971.3827
1567.9857 352.91428
779.4314 1206.7255
850.9756 611.4146
1652.9824 682.8246
1311.8644 708.0
1300.3695 1551.1086
1889.7021 394.1915
4.9148936 402.02127
364.41748 313.36893
1243.6818 1176.7954
1085.0 1160.9025
1235.4127 784.9286
299.98 399.28
1462.0714 663.0
829.38654 1104.1848
1032.8667 1500.4333
135.78947 973.1579
1870.622 602.0122
369.22058 189.64706
1093.3143 14.571428
1600.432 812.44
425.91345 958.9327
171.62746 1370.1765
1486.7808 971.8767
762.7246 3.7391305
1048.0 440.0
811.2193 1899.4386
972.6989 1610.0753
1773.0085 610.3162
1467.48 160.88
1112.4429 240.58571
4.5934067 515.6044
1463.1549 569.1268
1243.1111 425.5111
572.2137 318.00854
1837.2106 129.8421
980.91547 1442.2253
1821.6578 135.63158
1543.7188 874.125
528.0961 1203.3077
1853.481 111.177216
475.0101 701.44446
1254.9436 606.4789
1199.9753 1220.8766
979.1442 1973.1731
1491.3971 160.82353
1175.6786 198.64285
1869.8596 956.0877
1729.817 925.6707
384.68332 1305.5834
584.4375 665.125
1644.5 1244.3055
1574.8737 1228.3053
369.14706 403.04413
582.7551 464.80612
716.5 673.13513
1864.8524 1896.2458
843.2 1088.925
388.12766 482.34042
567.3664 184.58778
459.69388 241.63266
954.2373 386.9661
870.6804 1855.2681
1504.5104 296.14584
1885.9701 897.0448
1704.0103 146.40207
1455.5454 1335.3334
138.69333 504.73334
977.5526 259.6316
498.32468 1096.4546
852.4039 1671.4615
1620.03 414.1278
1996.2373 804.339
1755.4923 585.1308
1070.125 78.16071
574.2055 472.82193
1744.0957 1513.8937
1585.9854 327.61765
1828.0 1854.5405
1589.5974 796.76624
1693.375 801.84375
724.65576 1168.8197
803.7681 1226.3334
396.65216 1763.6522
469.84705 1612.8
84.97647 1164.5647
1404.0303 690.2727
1919.1129 1163.7742
52.85882 1896.9647
506.0341 1423.6364
195.26414 56.83019
103.32758 1771.069
414.3889 1038.4166
55.02174 1244.924
145.44444 526.8
961.2143 188.92857
1959.8481 79.139244
326.33646 908.6916
445.05884 497.7451
1785.0 1443.0
390.39682 1031.3492
589.0964 1427.1566
1431.0762 884.74286
1068.5605 1017.0303
1031.5312 489.8125
856.7761 756.91046
1989.2991 280.78503
336.60495 396.77777
1949.2706 833.0118
1101.1864 1140.4491
1663.9807 312.23077
1986.993 1299.5834
884.129 443.35483
589.413 909.1739
1474.6849 1181.452
1401.6714 726.1286
1790.9143 1267.2572
1819.5264 152.44737
1722.25 744.78125
465.4386 1413.228
1008.6055 1339.2477
1859.9429 1933.9143
1076.8684 934.0263
1533.716 458.5341
1147.7794 394.32352
1092.2676 159.66197
1011.7143 938.10474
13.415384 325.6769
1810.1875 1534.25
171.57317 1667.7195
1155.5634 492.4507
1304.4791 416.47916
230.93204 1333.7961
1028.4302 99.83721
1513.3 522.98
567.3664 184.58778
809.3736 1171.4615
1881.3529 1393.0117
90.938774 613.04083
1229.3077 1707.9744
719.6984 1643.5238
1803.2566 425.4934
349.56897 1755.1724
249.95946 409.7973
259.7875 668.725
565.34045 424.42554
1105.4597 1358.138
1469.8116 965.2174
234.01755 1792.4036
1307.5676 487.94595
1484.4563 334.59708
1039.3707 1579.0674
1939.7622 658.0061
549.88525 676.6721
1880.7091 1095.5818
1548.123 825.8
133.9 1143.0333
879.08246 302.13403
1639.3704 1041.0
747.63336 939.36664
453.77142 1670.8286
192.39189 967.56757
868.9286 802.881
257.5 339.8718
128.69812 1914.3208
1849.3253 439.01205
1298.88 1543.1866
1.34375 422.21875
424.4 290.55554
1845.25 893.3889
750.9114 145.74051
1201.9506 1610.1605
36.142857 1244.5397
829.0 1250.0
412.625 1106.5416
190.03847 2.0
480.87878 735.3333
1551.7236 1031.421
938.07043 1871.9436
372.7143 1700.9286
1354.2621 1061.2621
894.049 1200.1372
1360.4445 703.8889
1723.625 1865.625
1012.5854 1697.1951
367.86862 70.85401
1904.34 1499.92
101.28571 1323.6531
1933.0095 1708.6952
1762.1923 916.96155
453.61038 1278.5714
1684.8182 1833.0364
1628.6842 1349.8158
19.822222 1864.7556
1602.1444 384.7
920.3333 133.31313
851.22095 418.6744
1287.5283 634.9245
1479.5428 650.9143
1267.56 1670.26
6.909091 132.78787
1354.909 1942.8788
458.39252 1965.3832
145.88733 262.88733
74.75676 211.59459
581.0714 1483.8214
1940.8309 1978.4929
170.94846 1802.0515
469.09677 929.3226
1693.9143 1161.5857
1674.6786 390.32144
397.5077 1317.723
2.875 1978.75
419.87097 1007.0323
1948.0 127.3871
591.1818 1105.3182
916.1053 1590.7894
930.8889 1938.6666
1510.0741 47.351852
1720.0361 435.28915
1767.2063 596.03174
1915.7216 1362.9873
300.5403 1846.1854
34.488373 792.17444
836.8485 1614.7878
1881.3529 1393.0117
1086.7472 1374.4286
887.8214 306.39285
1059.1357 192.22223
1120.7142 1596.5103
1288.7808 658.0548
1482.9727 1295.7808
838.7286 440.54285
739.7083 1096.0
360.9913 962.6
450.5 426.69318
1159.4615 1419.8462
546.0806 214.45161
1789.7361 1615.9305
1579.7778 820.8333
1784.9595 132.41891
336.53165 772.1899
1164.0714 10.946428
420.72 1784.44
1720.561 394.73172
1710.6 117.61667
736.0294 985.7059
345.7973 697.6081
1176.7258 179.29033
1560.216 312.20456
1341.7291 218.125
180.54839 1782.3871
407.848 872.744
1314.7368 1264.7764
1746.359 651.28204
1296.0 88.962265
418.0 254.79245
1357.6 951.94666
1955.0079 1863.0159
1662.2549 683.9216
1734.4 1104.9714
318.69116 439.30884
1817.2142 1969.1428
930.5106 1849.6383
127.18421 701.0
1474.0845 251.22536
84.975 289.075
570.17566 1444.2567
203.09616 1086.9807
1469.9877 1868.9012
1682.6415 1629.9056
1319.3572 337.625
485.78845 529.2308
1758.3715 694.6
412.34042 1619.1915
209.45334 1295.3733
1272.8684 193.3421
1499.8901 676.10986
1427.5695 304.06946
845.68365 15.77551
1449.4615 1007.8615
1775.6407 1905.5145
1781.3582 637.1791
1869.6154 1576.0769
1410.5116 1994.3721
30.0 1938.4419
1803.0978 499.80435
1809.3334 1539.875
1430.5698 1085.7559
821.9524 401.09525
1896.0 1442.1428
80.68387 334.49677
1392.5128 760.1539
415.51562 1686.5469
1959.3663 1375.8713
44.5 1683.0
1128.5254 254.4661
343.42017 1136.437
1774.9445 655.05554
506.72308 1591.6769
338.32053 1611.8334
1129.3208 1550.1132
381.63635 802.8409
212.19698 1716.8485
1990.9697 736.42426
501.69028 341.46902
955.2941 438.82352
811.8077 1227.3462
879.49274 634.2319
1465.98 316.26
1917.409 1511.2122
218.7619 975.2143
1973.746 387.84128
530.67816 1238.7012
994.67444 1692.593
1940.9482 150.56897
1871.0286 530.2286
103.01905 1407.5809
1861.738 1673.5
355.3793 1611.7471
1882.0294 994.6961
521.8906 1083.2812
859.3 309.6143
1858.6327 581.4898
349.8095 1235.3334
737.7912 1201.2968
855.1429 526.6964
102.965515 1809.138
179.40475 983.13495
1445.9479 461.91666
515.1429 751.66235
1187.0139 242.18056
1089.9368 1201.1139
4.9268293 54.73171
1203.0278 385.27777
1412.5116 74.674416
621.9875 1714.5375
339.08237 781.35297
1670.6333 411.63333
901.8 1691.9111
21.875 1378.5714
1662.0721 939.6804
248.8923 205.67693
1482.5321 487.84402
1036.6301 505.1233
497.74713 1077.8276
458.28 17.12
453.5375 1630.675
1237.0 1153.0834
887.71875 1253.2188
1027.8182 465.0909
1872.2954 1777.091
1762.9111 1907.0
396.92062 644.36505
1794.4143 1536.8572
1482.88 422.68
1026.8928 1494.2858
1013.637 1108.4592
439.78723 1841.1277
1911.7928 1521.4504
404.39053 352.98816
1198.7894 921.0421
430.32202 1941.5763
261.93332 74.96667
547.2895 1473.5
252.98851 1521.862
1179.811 1650.937
972.86206 1023.63794
801.2857 1242.0714
1805.9706 1153.0588
1902.8055 1851.3055
1918.7084 528.7083
676.9375 1770.2812
1745.3678 510.73563
1741.7441 108.65116
379.225 674.875
1094.5193 1161.1538
566.4138 1468.7241
1568.9667 313.93332
501.66666 379.2564
1432.8438 572.6406
1313.5 1701.2142
815.7286 1101.6
569.8393 521.7857
769.8033 1923.2295
1333.7368 728.2105
442.74158 433.35956
1041.56 1038.4534
1485.7954 648.61365
384.68332 1305.5834
1750.4154 213.56923
218.92 1638.58
1486.8889 717.1111
1.0952381 1251.9524
498.78815 83.868645
523.7647 171.54903
816.0597 560.2687
924.90625 1946.9375
109.11628 1167.7559
1745.4865 1638.027
385.98038 1022.9804
954.8261 396.86957
1676.795 1720.8524
511.49548 1024.6577
1748.8235 724.2647
1806.12 438.16
304.73914 1656.8914
897.8571 433.93878
303.10388 1475.1428
286.08823 1640.1177
479.36667 1407.7667
716.06494 335.4935
554.5192 496.81732
918.6071 1418.5178
708.4079 937.5921
110.2 1101.6
1613.0 1279.0975
961.3333 400.125
1085.0922 1114.3158
758.37964 959.5185
1889.8556 1944.9222
420.17075 12.97561
1744.3684 569.2368
1760.4084 700.8028
1036.0209 1646.8959
1742.55 729.725
1553.4546 50.242424
392.71277 922.5851
21.294872 1723.3077
318.92648 167.30882
1055.2517 911.4106
984.0986 1463.662
1428.193 1239.965
1461.3636 75.73737
261.2376 909.6634
757.4245 772.1321
1893.5972 996.25
1410.8163 667.53064
411.26086 1043.5652
406.1695 1850.7966
1377.1333 1960.3
905.2069 622.0517
357.01123 1217.4045
788.0682 1094.409
1034.6818 19.257576
1674.6786 390.32144
655.2917 1988.9166
1760.83 1789.09
725.32184 1020.13794
8.925926 1071.3334
625.56 1649.72
242.15625 277.3125
1325.5494 977.34064
1975.4807 1242.5577
1294.2435 505.94873
198.93103 457.7586
260.8857 323.3143
347.10715 1628.5
1817.9214 469.03372
1615.1464 1713.6464
1488.7736 137.07547
707.19385 641.88776
393.24545 956.94543
1676.795 1720.8524
414.5366 1006.7317
1234.5231 1145.5846
1491.3971 160.82353
931.8475 544.45764
247.48889 1862.1333
97.70874 503.35922
1762.2821 1013.64105
386.925 1656.05
294.6 1908.8445
503.45834 328.79166
1176.1559 1253.4675
743.05554 1667.1852
499.88 1305.5734
1312.9302 422.72092
500.98438 1063.1875
1916.6111 464.55554
378.79166 1985.125
195.62195 329.37805
1091.742 1039.0646
442.69016 485.2676
1987.3055 1445.3334
67.6 1856.22
936.58386 557.32886
323.79593 209.20409
1696.1794 1833.7051
35.408165 156.28572
746.34283 1959.3572
1980.1786 1475.4286
30.9375 394.39285
1290.6721 619.6229
146.21568 1777.5883
356.3433 1023.61194
1981.5758 1963.2122
1408.8096 105.88095
346.97437 777.5897
1727.5876 536.1134
1482.5321 487.84402
1971.9879 1383.2892
347.5977 690.47125
440.58334 1556.3334
237.64844 1159.9609
1417.2329 149.75342
629.8143 462.55713
1558.4607 1307.573
959.4308 1942.6769
998.0 1462.125
1479.5428 650.9143
150.51949 591.8831
880.549 829.2549
415.51562 1686.5469
1636.8765 1264.1011
1445.9479 461.91666
1740.4509 1027.8431
1280.875 1686.125
948.8684 267.6316
387.88763 402.6292
1753.0483 1685.742
961.81537 879.6923
198.02942 141.91176
909.0244 159.78049
767.6111 755.7778
526.77966 424.50848
203.77777 869.55554
1839.258 619.6613
69.82539 1248.8254
994.7442 90.51163
9.172414 896.1724
458.39252 1965.3832
159.48 1109.76
353.26785 904.875
453.0 888.61664
531.3289 166.01315
494.53397 411.27185
796.38336 1600.05
1461.2 96.56
659.9211 1041.3158
1412.5116 74.674416
1269.0746 492.68655
536.8625 1344.125
1763.9482 720.4655
884.94806 1273.4935
1689.138 1295.931
1803.2029 1842.174
170.64835 1745.1538
745.8421 1095.6052
1186.9246 1566.9246
1444.425 725.25
489.11017 1033.1017
916.5942 1835.3623
247.42308 1004.03845
726.4 990.619
917.46155 1221.1538
4.5934067 515.6044
934.9429 1933.6857
151.27434 1536.5487
1384.7059 681.84314
1912.5581 1141.7906
690.61475 1091.6394
330.7625 1543.575
1866.9362 1668.0638
1980.7812 353.625
1480.3906 525.7656
318.04 1181.88
1719.625 1759.8068
755.56335 301.50705
416.06766 1865.1804
1814.3948 544.8158
1731.625 649.1429
236.85965 1887.6492
1005.0323 1510.914
307.23215 1180.8392
149.36363 1326.4546
903.65955 1821.7554
868.5571 1901.0428
1006.45715 945.6857
794.05334 659.5867
764.5294 954.4314
1289.1666 523.4286
100.0 301.13794
1114.1927 1008.08435
446.64474 698.9474
368.7016 1872.2339
1971.619 1820.7858
1740.8088 476.32352
937.5 1126.1125
1373.6207 581.4483
1964.9482 1971.6552
1843.7358 1581.4906
375.7143 66.2987
440.0303 672.3788
576.9239 1451.0217
1272.7805 1679.622
1923.4767 69.66355
1623.1842 837.4868
879.70667 731.4533
1835.5667 1659.0834
897.8571 433.93878
1118.3055 270.72223
144.86 1009.2
1880.742 385.48386
1941.3424 1477.0273
526.7778 490.46033
447.30527 922.29474
946.2763 1025.7632
959.48236 372.9647
1934.4305 1181.0555
463.0 1032.0
1008.9524 27.27381
727.32855 981.67145
1701.2473 1790.9247
1491.825 790.525
521.15 763.5
143.51515 927.2727
1473.3284 923.7761
1661.0652 1724.3695
941.1667 1139.8334
53.386665 882.92
1731.4263 347.10657
972.2414 1618.862
111.44643 1854.0358
1851.9193 161.58064
1505.6364 1054.9546
475.0101 701.44446
156.7347 1619.6531
126.478264 1889.3914
330.34375 1893.4688
1879.0822 1909.2329
513.9231 489.28845
1135.6666 118.875
37.73494 298.44577
47.258823 996.0118
509.87656 1303.8395
855.18 1035.4
41.203705 1360.6111
1275.9375 1635.5938
1120.0189 362.30188
25.77612 906.61194
951.80646 1349.4032
493.9608 1251.804
607.1754 1444.5964
236.85965 1887.6492
459.02325 403.75583
293.75 745.0625
745.8421 1095.6052
80.22642 1254.1321
381.95 1748.775
427.66666 1323.5758
1824.3158 474.8684
145.4023 1820.0
1822.5834 1271.1666
1929.375 1609.825
1733.4286 413.88776
192.80682 859.7841
931.3684 427.82455
1485.7954 648.61365
1533.5764 917.81177
489.3111 614.3259
1160.9077 28.164103
22.777779 996.7778
1559.6447 1048.0496
1298.2051 880.53845
867.95917 244.20409
1651.909 209.94545
1513.5 442.10526
349.8095 1235.3334
279.06976 710.76746
1836.8875 1974.6625
1199.025 1185.575
994.67444 1692.593
693.8571 1034.262
1019.38464 1306.7307
78.807014 1224.0702
173.78049 1686.1464
431.06 700.98
464.74667 557.08
1338.1428 683.3571
974.1622 1377.7567
1952.8906 1756.2031
69.316666 1996.8
1546.6111 952.6111
482.39343 857.34424
1683.0807 704.5161
349.5811 610.0405
1452.0618 542.1543
1403.375 364.78125
904.8525 1376.1968
1194.6125 1701.925
327.89655 1841.8103
1896.186 1331.5581
796.5536 1247.7858
179.18571 914.32855
1322.317 75.666664
252.68182 997.2273
1888.4127 450.50793
417.60748 291.5701
1907.3077 1591.7307
1497.5 101.5
1388.2727 606.6818
272.2 1908.35
534.90247 654.3171
952.4737 1697.0
352.4 1899.3429
1675.1154 1689.1154
1754.5294 1010.8677
13.77647 988.6
1914.0693 1623.6139
319.28394 35.864197
429.30188 1054.3585
156.93939 319.24243
1287.9403 500.13434
602.75 295.3816
1336.907 689.72095
1741.557 367.3924
159.25 1404.7941
1766.375 1035.5834
413.86566 1613.0746
1893.2709 874.7292
631.6406 155.04688
779.3333 1178.303
1543.443 271.94937
528.3721 1606.814
1809.3334 1539.875
1852.5283 1957.3585
530.6 1672.6666
725.96 626.82
380.2553 1703.6171
1961.9474 631.5526
1503.6489 977.3723
244.02803 379.66354
603.4068 1585.0847
1249.9375 208.625
669.2375 524.1125
139.32143 520.5893
582.7551 464.80612
1383.3823 469.02942
396.05 357.21667
1638.75 1669.75
1750.9506 684.1852
511.34427 1258.2787
355.70706 744.0101
789.4516 1466.0646
1512.2549 155.62746
1298.88 1543.1866
1703.95 77.1
1667.2208 1730.2598
431.06 700.98
1864.2742 1521.129
641.06665 1710.4667
1663.4814 991.4074
656.6842 1257.3816
979.4643 609.6429
1476.4103 430.20514
590.69446 300.02777
831.08453 1628.3944
410.61765 864.91174
1251.125 1681.8572
1157.4546 215.71428
1208.434 1151.2452
179.33333 957.81946
832.9192 240.06061
464.74667 557.08
581.8182 1421.7637
105.34091 1802.9773
1838.2289 1806.3615
507.65216 335.8913
1159.7327 208.43564
881.9839 1109.9354
124.43956 1384.8242
879.08246 302.13403
1638.75 1669.75
1301.6868 1975.2892
177.45312 1314.2344
1099.7168 54.743362
47.258823 996.0118
378.5691 1241.8374
851.22095 418.6744
1067.9215 220.23529
1920.0862 1812.1207
113.583336 1373.9833
1811.32 1886.6
498.64285 1085.8928
1670.2153 557.2308
305.0 543.85
784.5926 626.7407
376.5926 2.4444444
896.0893 1120.0892
1133.5238 229.5238
334.9697 1833.3334
556.8625 452.9
71.71429 1526.1428
872.7805 471.85367
1612.723 188.95384
788.5657 466.32324
250.96552 1340.0344
961.39624 1742.5283
1109.1 316.65
726.7863 1009.6068
1223.409 354.95456
1599.0 182.22641
940.1724 279.6207
734.3692 665.10767
30.9375 394.39285
1558.4176 168.4945
1011.6786 1823.5
522.75 1136.5209
1029.5397 1280.6825
93.07143 919.9524
1783.5532 1278.5532
1997.5143 794.9429
1863.56 576.08
1101.4861 1201.6666
1533.5 250.76923
1918.4736 1527.3684
410.91025 1773.8334
1336.7031 402.70312
190.45033 623.03973
1154.4684 1638.1393
1482.88 422.68
369.85245 529.21313
768.1119 366.03497
1200.0167 1674.2333
173.65117 340.0465
1015.0 1723.3478
556.6316 858.7594
540.25714 1006.9429
883.6727 272.56363
631.38666 1491.0667
639.7317 1481.561
1640.9714 1775.8857
1800.7333 694.0333
1727.0758 236.24243
162.31429 638.2
295.06946 1189.875
1444.425 725.25
1100.0702 925.4737
525.875 1049.0875
1201.828 1629.6129
83.17857 297.35715
209.5204 578.89795
1875.3784 1168.7567
167.62105 798.0632
194.4359 829.64105
496.46155 326.02197
590.69446 300.02777
75.77358 1353.7736
435.7742 1538.871
309.97726 1831.6136
1880.1711 1918.991
13.75 1574.4807
1744.719 230.15703
1284.2787 536.082
176.19354 1119.0322
312.7755 667.40814
1871.5814 539.4535
286.1519 779.0253
1896.5067 1949.1466
1918.4736 1527.3684
702.2222 622.81195
930.4286 1855.25
1863.1818 1559.5454
370.35294 1505.153
# COVID_SAMPLE_5_ROI_3
699.0909 211.58182
2047.2222 1107.6296
3483.353 223.41176
2629.6 507.4
3337.48 840.37335
477.78906 226.60938
238.168 195.824
27.54386 1164.9591
411.21213 1160.4849
1097.2812 54.59375
1858.6125 33.98125
306.2361 1177.4861
1266.6552 817.8276
1322.5 191.06757
1135.1212 417.48486
1332.85 510.6
1532.969 761.31006
2479.8958 1160.7084
819.2917 363.04166
198.48334 237.4
125.375 847.9028
1149.2307 344.15384
2143.0618 542.49384
1043.8718 472.82907
368.33334 422.5
2418.974 339.25974
1184.6721 77.04918
1005.3674 351.20407
407.7093 619.1977
1049.1321 180.79245
640.15643 260.11172
2490.0334 652.1
2211.5334 694.63336
1085.6923 625.5641
298.4737 273.39474
315.20987 62.71605
2532.372 939.47675
1074.3977 581.2045
1563.2477 785.211
213.07793 258.0779
3084.1965 447.55356
960.8823 138.32353
2102.5 793.0
464.43588 369.79486
537.9016 263.0492
735.72974 359.8919
2726.0847 720.3051
2555.7651 450.06958
396.92682 878.9268
2961.1487 838.0946
2510.9575 1247.8298
1380.4253 289.0115
1211.816 658.3678
2057.9465 808.375
271.464 924.352
1492.242 713.74194
2412.8572 835.1429
2424.0 348.0
3166.343 415.69342
2964.7954 400.38635
139.90625 7.34375
524.5543 493.68478
223.94737 1098.7894
1057.098 950.5098
1739.4263 421.31146
1734.0454 442.80682
1353.4117 558.3137
200.27849 65.26582
1282.4495 534.06744
2312.6453 678.6774
1879.0 788.65
236.65384 101.96154
1086.6111 572.5278
146.77026 701.86487
1191.5597 575.3578
3095.6724 1094.2185
2943.878 431.12195
2070.4375 1108.375
702.7167 539.11664
1214.3043 50.347828
1153.027 244.32433
3494.9697 610.9394
550.6343 801.9257
1257.6923 267.71155
2277.3857 185.14174
1049.8041 202.03093
2469.7703 875.97296
2950.56 414.32
895.5198 168.52542
1206.5729 362.53125
1769.2684 998.28186
1659.421 410.85526
2486.46 1057.98
1905.5167 292.23334
981.56 483.70667
245.88889 900.8889
1383.5 528.6905
2697.25 348.66666
1492.644 1188.2034
1686.4023 558.5402
387.7033 159.87912
1022.5849 358.67926
154.5238 271.42856
215.83116 766.35065
1541.8137 22.911764
3461.4443 151.51389
3414.0 433.86075
893.0156 127.390625
1149.2307 344.15384
2666.5642 885.35895
33.412697 641.9365
2520.8953 137.75238
2944.4465 774.5357
519.4101 1064.3877
2639.0066 534.25323
2232.2222 785.5679
483.58536 57.32927
945.0769 52.346153
928.75903 179.24097
1914.3884 615.8843
119.671234 667.8493
995.5806 501.90323
904.06665 238.84445
1631.8864 647.76135
1430.6154 624.20514
168.0274 330.91782
239.82796 1092.2688
1520.6932 1091.8296
1849.803 685.6515
1470.0 1104.1791
467.69232 225.18803
352.41934 858.957
789.8182 372.27274
1938.0 800.63416
937.88464 336.65384
1142.9836 99.86885
2950.56 414.32
787.561 1150.122
1125.1187 330.77966
867.75 260.0625
1786.7273 42.159092
926.0909 128.09091
126.57971 70.028984
469.76 553.16
2257.8823 162.92157
1434.8846 401.80768
285.51163 17.523256
258.1 163.12
2738.2058 565.049
1539.1316 1163.4474
1322.5 191.06757
956.02985 817.209
1273.4736 402.3158
393.1 122.281815
3221.946 363.96622
1398.7428 74.457146
2840.0 1206.0
2624.9592 603.30615
291.42856 962.4286
3399.2727 985.2955
665.9091 858.94543
2682.639 621.2778
421.2353 16.117647
2369.2727 1247.0728
811.2432 389.1081
331.83722 79.25581
1494.6493 1167.3247
1043.7587 418.18967
1058.2609 73.04348
2193.5293 261.58823
983.3469 315.12244
894.2315 111.546295
937.575 61.7
1666.7354 560.8823
1179.1023 847.86365
179.85715 689.8571
2081.7437 694.14105
808.3378 1128.8108
220.89189 1136.1351
1273.6406 69.1875
1006.75555 375.02222
1002.12726 273.12726
2420.2563 833.97437
3493.1353 420.2973
1104.3164 47.93671
1784.2 595.6286
3264.7378 969.9612
2509.111 136.22223
1231.8816 859.3553
1059.04 361.4
1125.1187 330.77966
2808.2837 775.3134
2594.8381 473.72058
195.6282 34.884617
2827.5942 926.8116
1469.4713 407.33334
2867.5422 1125.6747
70.53521 513.1549
2492.5186 969.4074
1304.4584 580.7083
1925.0403 463.7097
2813.5918 959.38776
814.80164 205.30579
1153.0 296.5
2487.279 762.093
779.0645 905.19354
1542.9166 309.73334
1234.1357 1121.5555
377.15384 128.29231
1226.5264 488.0
2025.0 1045.381
940.6445 331.4222
1143.1666 367.63333
1054.6936 323.3387
190.13637 1129.8636
473.69305 427.0
1744.6666 571.0606
1312.4783 40.144928
2460.4565 638.587
300.18073 57.650604
640.0 329.0
559.59015 770.7541
516.9048 491.2619
829.79364 349.14285
454.45947 390.2973
2299.8723 777.55316
1538.0154 418.01538
984.79816 448.20184
2644.6392 963.9484
298.00793 24.428572
222.60527 199.60527
3249.621 1002.8788
200.82608 40.347828
1090.0521 144.58333
1011.18097 188.94286
2032.5 1179.0
811.16 438.18
2502.1292 174.6129
80.0 1196.717
1191.5128 90.10256
593.0377 789.22644
1528.0344 63.12069
2301.75 900.25
803.35 346.88333
2480.75 766.1667
186.88461 85.59615
2055.8096 566.2381
3082.4236 517.6824
1401.4456 292.29703
2.5428572 770.1429
923.9103 72.910255
1188.4634 131.92683
1089.1927 645.40967
153.89583 500.1875
1290.3173 255.6827
1037.0 127.0
409.79745 1137.5696
1261.225 150.675
1578.8572 129.88889
1243.95 477.33334
3461.3125 954.41406
1131.6111 440.1389
1378.3296 834.9205
893.68085 992.6702
699.5224 1144.5223
2257.8823 162.92157
2591.2642 717.4623
3132.1272 96.06358
2717.7693 1154.2565
618.6901 809.1972
2746.4177 949.84247
1022.13794 861.37933
1017.61536 84.0
1060.303 546.8182
2282.4688 211.6875
1025.6976 140.60464
389.7324 309.2676
1925.0403 463.7097
2224.1462 739.6829
2092.4517 683.35486
2642.9507 707.2963
2347.0232 914.72095
1.3846154 599.0
420.73077 1167.2693
1324.3143 836.2286
2841.029 940.6087
122.975 31.675
954.8451 40.94366
2738.2058 565.049
314.79166 1248.7084
1194.5942 308.0
3494.9697 610.9394
975.95654 170.67392
2033.8572 752.9643
1485.7693 1190.7693
2896.1067 1207.2267
2510.16 542.94
1233.5686 1195.8235
2651.9531 949.4375
1095.9265 254.5
1709.3647 596.25885
47.82558 868.1512
2394.8823 1167.7255
1041.3969 283.87302
865.69135 514.0741
1026.16 401.56
1084.5 323.5
1244.3636 186.90909
2649.7896 369.10526
1256.4814 607.2037
1094.2245 246.22449
3494.4648 276.28168
3132.9355 669.4194
2191.9412 911.7059
2689.147 286.91177
3004.4712 1189.5632
223.525 1224.4875
1629.4692 153.7
3283.1716 779.9697
1898.0104 473.53125
958.74194 176.74193
199.63014 1097.137
2105.5605 848.38464
1225.3256 493.97675
1093.1904 97.14286
629.54 252.54
172.44615 1108.877
2796.0 724.8333
670.5714 1174.6476
2320.1277 707.1702
2469.437 696.5563
1214.5869 34.065216
143.65306 656.0612
1440.5758 1111.9192
1107.9873 868.2152
3442.3508 381.9298
1338.7683 382.87805
3011.9167 703.5278
173.5 723.5
2803.1355 787.7627
1832.9207 947.1111
1108.0222 205.51111
2695.0 412.5
825.25336 262.53333
2949.5386 453.94232
655.8734 958.3924
1008.2373 460.42374
2741.12 928.62
1300.6552 3.5402298
1783.7358 638.5283
1125.3103 277.52875
596.7 1012.5333
2245.8364 131.47116
2726.9907 797.9352
1447.0176 559.2632
907.8261 669.43475
883.4483 135.58621
1941.4722 817.1389
2591.764 830.3472
2599.7292 567.3333
2461.3157 616.2105
2101.2666 785.24445
1344.8766 596.321
407.14124 117.38983
2475.1738 1145.4348
1510.8334 511.0476
2994.2554 1246.2234
1439.983 288.0
963.325 449.625
229.93878 59.377552
160.65 169.65
683.0476 1072.8096
1386.1482 104.53704
1569.9231 185.03076
2500.879 1173.7273
1162.5333 1180.7556
1297.3442 72.827866
1821.0807 976.8387
2803.1355 787.7627
764.6053 923.6579
1114.5426 187.08511
232.23529 297.18823
2494.6616 1158.2556
1240.2073 218.37805
2593.919 505.04053
1095.7084 290.02084
2595.1052 1094.5614
956.02985 817.209
2507.842 731.8947
1541.4445 932.6852
442.73334 994.8333
1350.8718 943.53845
1867.8306 1235.8136
2852.5715 484.67856
1104.7073 948.12195
869.7395 473.41177
550.45044 1049.3513
953.13794 136.74713
2610.2183 527.1818
1234.1357 1121.5555
1791.2084 1092.4166
2851.0352 1194.5088
3202.3098 748.0
2836.375 447.875
2834.2466 914.1918
1939.5151 779.51514
1024.725 84.1625
527.4107 66.38393
1530.9639 1227.8795
2330.4539 1104.8794
1001.5625 463.33334
1004.03625 115.934784
2054.24 820.36
735.3939 962.57574
396.92682 878.9268
386.30984 1192.6902
2620.6406 577.7656
3341.139 387.6111
2961.1035 1117.8103
290.92856 954.4857
1156.8021 10.71875
918.9506 1096.8766
2598.7834 399.96667
1235.75 746.0125
2452.1323 419.41177
267.35715 564.6786
2693.9846 1105.7384
3155.3662 482.5493
1230.5 416.5909
1458.5946 387.0
1264.2023 1111.5505
150.87038 1120.2407
2439.457 1113.9143
834.4 811.96
801.0923 1146.0308
803.73254 439.97675
2814.3137 953.3333
1206.091 1118.7576
3286.5146 639.2647
1428.9117 97.85294
2957.7715 295.57144
134.05376 61.215054
1615.0448 792.7015
51.585712 452.25714
1100.2213 104.36066
830.4722 510.19446
492.8718 289.7436
1012.1558 343.03897
279.50705 134.5493
2924.121 827.51514
2712.8655 472.30768
2301.75 900.25
186.88461 85.59615
1630.4706 487.43137
2373.4456 1008.31683
1257.7021 62.255318
1069.5454 221.26137
97.25 782.86365
2646.5286 101.91428
1276.362 102.22414
1307.0181 313.03604
2192.5205 39.97661
3035.8145 815.2268
189.48718 867.0
2832.7856 596.3571
150.04546 88.34091
1024.0605 471.72726
733.33734 510.48193
931.47125 599.5517
1201.1428 88.95238
2684.2542 1200.0
2601.4614 997.4103
2644.5938 395.79688
2262.4358 169.10257
2785.6025 934.0641
1002.507 12.802817
1783.1017 1093.2373
220.89189 1136.1351
1649.0834 572.2917
1615.0448 792.7015
1980.2449 260.02042
1082.695 111.59322
759.0 382.52307
2684.1462 779.09753
154.69643 1126.8214
351.9881 1052.9404
578.73773 772.1475
1480.5416 1180.25
300.18073 57.650604
111.26724 50.13793
1411.4818 573.9091
3307.8484 96.28788
617.328 1108.064
3384.5867 419.16528
195.33742 532.8896
2826.1133 1117.8969
2667.2795 930.7742
2398.4783 344.72464
1981.5349 322.93024
1230.2273 186.97728
979.05554 34.444443
2176.0588 539.91174
60.51613 165.67741
1080.0217 9.097826
51.789474 840.1053
2245.577 194.42308
1566.2222 460.1389
1289.8298 321.27658
65.289856 1071.0145
914.4727 118.90909
2714.5 508.5
2118.9927 161.57246
1166.9 838.5833
1253.6354 155.90625
1184.6991 839.2478
1055.2295 120.18033
159.98611 253.875
1233.1 1131.4833
181.92683 1100.2927
2147.9539 501.44617
1438.5526 990.6842
1301.862 384.4138
1831.1945 495.90277
2623.935 1057.3766
1503.9354 709.0806
2603.2168 797.747
747.1458 420.625
3024.8208 503.74628
3010.0476 989.1905
3332.907 226.77907
2822.1968 505.19672
421.79208 883.4257
1322.2727 423.16364
1326.1138 951.2195
1153.8718 148.1282
275.66306 17.282608
526.1556 949.73334
793.5789 321.1579
2586.45 633.725
670.2683 571.39026
2714.5 508.5
1550.8214 365.32144
391.5619 958.5714
2047.2222 1107.6296
1210.2759 43.149426
701.24 510.8
990.0213 208.7234
1026.4 214.96
1197.5938 54.421875
687.6667 329.64706
2446.7317 212.43903
133.35715 200.42857
3379.188 371.27274
1901.6045 512.47015
1109.683 388.17075
76.46154 1069.2051
465.5 1043.5
228.32857 74.057144
2996.4119 953.53925
2102.5 793.0
583.5972 100.791664
930.42426 73.969696
3242.309 913.9091
1241.6478 386.0141
2717.764 573.31946
161.875 644.5833
1173.3422 158.38158
2951.5356 432.14285
747.59155 587.3099
1679.1167 162.0
777.9722 881.4722
2708.7632 552.4474
3309.244 515.03656
1276.2812 274.0
3275.7407 998.6667
2758.0364 806.63635
612.55554 1045.6666
1021.5 297.8846
884.36957 349.8913
141.975 527.325
1551.3969 933.3492
2570.8635 1221.9318
391.62122 1002.5909
825.9741 530.181
2891.4 1020.5111
2868.589 1211.0
218.38383 877.2222
1087.3667 187.5
2392.6226 1005.4151
1510.6757 526.8919
402.83722 902.8372
155.44 530.08
71.111115 798.82715
1037.4606 73.0
1665.6123 783.2245
1842.0367 902.7615
999.7632 159.72368
1939.0303 824.13635
1111.3195 1002.5833
3370.2432 345.47296
140.96774 681.29034
206.84416 45.64935
430.65167 15.426967
3015.2478 511.70798
1433.7091 813.38184
618.5926 1117.2593
104.979164 11.666667
1500.9902 450.36273
2520.7866 628.36
2275.3142 647.4
993.4865 223.37837
860.86664 437.7
1186.8607 52.810127
1306.7397 134.19179
1119.7322 8.839286
556.94684 288.5532
355.86487 1171.3649
801.0923 1146.0308
176.73027 90.95395
556.94684 288.5532
1515.2727 77.69091
1497.6774 429.35483
2831.0 1160.0
350.0103 144.7732
1063.174 328.66666
2721.4844 715.4375
862.2593 133.40741
575.4 556.96
2276.8333 240.27777
182.68085 19.148935
2696.7634 612.74194
2776.5078 651.16925
1864.2954 591.0568
2958.1135 1056.25
1868.7383 791.99066
1106.3414 251.2439
2863.4062 819.84375
2348.0 742.8293
1424.2212 1235.4519
2679.0469 677.1094
2500.879 1173.7273
1775.5667 733.8
1045.1923 861.63464
1250.9 40.12857
1575.7428 213.72858
1721.6531 538.04083
84.31481 779.0926
919.0333 1137.8334
2473.9092 514.5
2293.8604 935.97675
1139.6951 69.85366
97.25 782.86365
649.4853 286.88235
2724.924 286.81012
584.525 982.6
2702.8975 1051.6923
2951.5532 945.57446
1332.8214 40.642857
2732.5386 582.9231
2907.913 1184.2029
1420.5652 1248.6957
84.31481 779.0926
2599.7412 424.02353
2079.838 184.71622
1843.8846 467.94873
1406.4231 801.4327
1558.013 624.8312
1149.4615 909.53845
2798.4805 396.57144
891.1613 663.5
2851.1162 834.2558
510.28735 126.28735
1860.5 867.5122
234.0991 1113.6757
1110.9857 165.0
746.875 599.125
201.07259 74.6129
1124.0851 408.72342
1107.091 606.63635
1045.1971 997.04224
502.5618 615.8652
134.72464 889.2174
2982.7 978.95
2961.5076 1197.2388
3241.679 1151.4568
1835.5638 927.15955
679.11957 307.36957
3322.5132 596.4737
373.7154 907.7154
2494.9048 538.619
1898.0104 473.53125
2111.5715 632.619
1099.5526 596.3947
360.79166 1086.2916
2423.9465 263.23215
1775.9359 17.47436
60.234375 453.51562
1793.2279 169.8481
70.8806 135.47762
1792.7 1236.54
2232.4067 509.77966
1970.0714 379.60715
572.98303 1246.9491
525.3871 614.3226
128.5965 604.9123
1070.6212 129.66667
772.4531 517.8281
1114.4 235.57777
1066.2554 1242.3511
2744.0732 862.14636
1124.5227 223.77272
949.1177 470.11765
1821.0807 976.8387
2739.21 256.81482
779.71295 942.5741
2686.9539 1172.9692
2858.4412 1214.3823
1419.6406 241.82812
3326.6375 1014.025
1049.3448 169.24138
928.75903 179.24097
1486.5394 277.5658
2479.8958 1160.7084
1118.6 226.28
941.7794 442.11765
1127.5902 755.65576
1758.8417 1031.5972
2018.862 1052.0804
2515.7473 1234.8527
2585.195 613.8293
1475.1666 88.083336
2529.1177 1044.5883
407.7093 619.1977
2601.457 146.08571
2048.7036 496.0
1832.5892 460.8393
370.82257 478.37097
370.06668 1004.06665
1214.0 189.0
212.625 760.7083
871.83655 1104.6538
2702.05 340.81668
1558.8024 161.93024
2600.658 840.4474
1286.8529 131.5
3372.6667 796.3171
1837.04 735.28
1936.9615 612.82306
1024.8667 304.08334
542.3214 541.7857
2701.875 950.6667
1191.9529 289.25473
2480.4368 1190.816
2473.506 1056.3374
394.26373 915.03296
1831.3934 765.9016
677.7647 1076.5294
1.8125 929.0625
2327.375 806.8333
1030.9175 135.93578
2603.1807 519.125
2708.7632 552.4474
1688.0435 723.8261
3398.7273 787.0
2907.3726 1167.1569
2858.4412 1214.3823
466.73914 314.11957
2401.1155 437.69232
2291.8474 224.84746
752.14703 594.66174
2141.923 108.377625
173.87097 5.709677
# COVID_SAMPLE_5_ROI_1
100.2809 102.66292
17.325 1602.8583
350.4918 1218.0656
305.8387 1515.5161
378.38 1018.44666
779.58185 1758.4364
1877.7407 912.55554
779.6957 1723.2971
759.73914 1492.1414
705.29034 1581.4517
517.0606 1614.6666
1128.3235 1794.6177
1504.4386 1560.965
792.83655 1683.2019
312.28946 1818.4342
1401.84 528.4
803.6923 1554.723
842.05 1362.925
1279.0392 287.2353
966.53125 1961.2188
232.75 799.17706
1369.7954 1000.2045
606.9881 890.631
1426.2125 1814.9
240.39062 797.0469
516.2308 1501.1978
1281.4172 374.98563
1739.3334 1755.1515
516.1009 1935.4679
1878.4795 1568.8767
1447.6765 5.7941175
477.90384 1388.4231
1119.9117 1879.2941
1397.5658 1041.4342
771.92 1531.32
1059.7858 987.4143
1747.2031 561.5469
69.42105 1577.9122
1449.7646 1840.8118
1331.9578 1698.5352
1892.0986 1391.4225
1811.1526 365.54236
1132.45 1539.5834
996.96844 1959.6316
21.552238 220.17911
1836.6086 262.32608
1583.9209 1185.8633
533.5 1545.3857
1611.2482 43.593987
1480.51 1203.38
854.73016 1644.8889
613.2154 1801.0154
1061.1648 1266.6813
493.75 1640.25
1336.3226 835.4194
1741.5186 448.0
167.54167 1555.2709
447.32654 697.5714
1492.4667 1205.6111
307.92105 1883.9474
251.52174 1925.9565
774.68085 1047.0
1795.4637 740.8551
1007.9286 1332.7858
894.31036 1575.5747
1824.4359 158.92308
1345.925 520.95
1547.7778 1881.1852
362.5 817.0465
1548.3917 892.08246
725.2472 142.66292
1149.7727 745.63635
809.87836 99.58108
1157.66 478.15
1610.4193 1339.5483
464.39536 720.1628
885.9545 1467.1818
1688.8918 157.04054
1257.5933 531.0847
1865.174 1294.5217
1478.3228 33.5
124.90588 865.6941
1020.9531 1815.9531
658.07446 1387.0532
1961.9286 1415.1428
631.7273 1570.1818
1320.4242 1796.3939
1264.3191 1534.9574
1437.2212 911.4711
1652.0667 775.8889
1870.8214 1204.6964
226.32143 1927.0
1459.3304 1383.4521
233.35938 149.98438
1884.5643 1783.6139
668.7288 1552.5254
1609.4 1357.3334
901.632 1012.36
683.06555 1603.459
725.38666 1691.9467
1890.5518 977.5862
368.54688 1781.6875
500.72 1895.7067
230.91045 1390.7015
1521.7123 154.34247
1299.2753 751.79816
1620.5918 1503.0
1948.4265 144.85294
1417.8788 1125.697
826.2381 1299.9524
334.6744 1883.7675
867.13696 1259.2603
1437.81 1859.74
1066.6061 724.51514
967.79486 856.4103
23.514286 948.2476
942.01447 1424.6086
437.5 818.0
1128.78 1873.84
963.89655 1555.115
834.64636 1608.5
1446.8679 719.99054
1483.0151 1429.2727
1835.5778 256.22223
471.0 1530.3025
952.38464 1329.0769
1289.4468 977.42554
780.6923 1266.4056
1416.3043 648.95654
362.8421 1801.6184
1470.8387 1029.0968
1950.2151 1022.17206
153.24051 854.5949
247.84445 1920.6222
1975.4419 1456.3024
1700.4333 1825.0
1647.701 974.7732
494.04 976.5467
1169.9259 902.2037
1538.4246 798.8585
1603.0851 1287.9149
759.1695 1426.4746
419.30865 1586.8025
1479.979 1285.3895
1028.8096 1788.1428
1956.909 245.45454
1981.7167 831.8333
140.93163 1890.9231
484.8818 1591.2091
1376.8229 1654.3021
1575.6875 221.55208
1130.6 1216.75
1281.0605 1140.2424
1061.1648 1266.6813
924.0612 1849.6938
1372.6765 1924.8088
1544.875 177.71875
1935.2858 164.94643
1438.8624 291.55045
194.74107 1288.875
103.01471 1958.8383
130.4 1895.1333
198.86111 1923.5278
282.57376 1709.8032
1731.1223 1587.1595
1788.7412 1085.8942
1505.6293 905.02246
1134.2875 1286.625
1802.8116 411.30435
49.71642 497.61194
1502.6588 1587.5177
302.80884 1809.1177
1814.1724 309.5862
1690.2739 27.69863
371.62024 1182.8102
1640.0435 746.7536
1808.0548 1724.5343
1694.0667 395.3524
155.0625 82.6125
10.679245 38.584908
1188.238 1367.4642
1984.091 409.9091
1331.5532 819.06384
1599.1562 673.0156
1638.8585 896.09436
764.95654 1568.5652
1349.7172 1280.3334
96.17347 180.93878
422.4 1868.3419
295.1087 1507.5652
124.04348 1988.4928
1490.721 206.60464
1101.0635 1969.762
1448.9348 1236.3478
1016.3505 1299.6392
1651.6268 618.76117
1377.9354 1179.258
1161.625 1564.7941
204.42592 1992.0648
1311.7441 450.62015
685.2778 1806.1389
46.27551 1608.2551
282.4186 986.4651
767.08826 1408.7354
335.28262 647.0543
1105.9586 1313.7852
826.81396 1654.0233
811.51184 1568.6221
1080.7727 929.75757
1193.5 750.5
608.73865 50.659092
826.7215 22.367088
1065.0127 920.1392
1539.9706 1468.7059
1624.0244 1703.0975
342.41666 1191.7037
125.490906 1981.6
1286.4974 1302.3129
1065.0952 904.8095
1358.1559 798.5585
1311.7441 450.62015
359.04254 1770.6383
513.87787 1913.855
816.7531 1280.5802
814.0247 1991.4445
741.6129 1511.4086
675.0 333.41025
1334.7657 1028.1658
1408.0471 809.58826
1941.3972 1927.3287
540.7197 1212.9873
976.9276 391.1908
990.4426 1432.1147
1624.0244 1703.0975
889.9655 1454.7931
37.75714 1476.7428
1555.1562 1873.7812
863.28815 1599.9323
1900.0695 1004.44446
819.97437 14.059829
901.1525 1546.7288
1591.5 61.0
1025.0328 1591.7377
1289.8055 1000.1389
541.5542 1827.0361
1854.7875 1323.0625
1416.3043 648.95654
388.4303 857.0
1003.3026 763.8421
1102.9025 695.5
1473.8611 795.7222
104.072464 1014.7826
1329.9082 874.83673
7.1904764 708.0476
1002.68964 1349.8103
1063.8777 452.55396
879.11536 1549.9615
126.292305 1888.6307
767.94116 1751.0336
1563.6438 1153.1506
848.48 350.36
1848.0461 351.41537
1961.4259 618.7963
1805.7898 1154.5869
1772.4459 738.58105
1499.6989 1369.3374
424.33673 1417.449
832.9067 1114.64
1435.8 974.8
582.1184 1462.421
861.011 90.68132
868.2381 1578.5238
771.7317 1349.2195
841.61224 336.59183
213.36633 1985.4456
76.296875 798.9297
60.05128 1569.3718
809.9506 867.2099
330.01587 1361.7937
1280.3276 260.39655
1847.4259 1373.3889
1653.7693 218.64102
1799.0834 138.85417
1750.7037 397.7963
1189.3374 1823.6265
1952.091 601.48486
1956.2297 158.7027
191.48979 1937.1224
1174.0 1572.1923
1366.4215 1737.9608
1785.1957 1551.1305
1548.3917 892.08246
391.46155 1612.5385
1100.4154 1063.4923
1626.459 558.2295
1938.6857 12.0
1850.9395 542.36365
1612.4458 1930.0602
1835.5778 256.22223
347.31747 1397.3492
740.5248 394.94058
1730.5186 997.03705
626.68964 1453.1034
1494.0613 1297.449
1828.1323 1720.3677
671.5821 829.76117
136.67105 1031.6842
843.4259 71.80556
1164.9639 1331.2771
1837.2069 671.65515
463.3889 1141.0741
1292.591 579.5909
1956.6713 1069.3151
1429.6809 1551.8723
1423.24 763.18665
1247.862 1121.3448
1588.4193 1228.5968
1618.1208 1403.9231
1284.6279 877.8721
1590.75 1194.5962
649.12244 1342.8572
905.6875 1450.3125
332.38028 1799.2113
157.94444 1852.5278
1100.2839 1286.2222
1937.9608 128.56863
1634.8572 1311.6327
1943.7244 364.67715
1956.6713 1069.3151
1187.3448 119.27586
327.53488 1322.0
1802.262 1718.119
814.3043 440.78262
1219.4937 744.0253
832.7639 1397.3055
490.0 1715.3611
1860.1094 1672.0781
1439.7858 1503.5
891.7544 1792.228
1646.1404 1398.8596
225.16902 1591.2394
745.3571 1404.3572
1855.8246 1626.3508
1270.2439 1176.561
1253.5526 1143.8552
441.4 1542.8223
63.65625 1120.625
1836.2075 1400.0754
126.818184 1865.409
1083.0461 998.81537
1539.1372 1462.3726
1284.0869 763.56525
1544.8148 215.96297
833.3043 1391.7826
1065.8667 359.23334
275.0263 1892.8422
1497.325 374.375
514.686 1541.3884
649.12244 1342.8572
626.0714 1540.0714
351.60416 1522.5
649.12244 1342.8572
1469.9125 724.125
653.1445 1849.789
264.35645 69.0099
1706.4657 1504.0
334.89157 788.8313
1898.0509 1485.695
1283.826 1276.9565
916.37836 1531.6216
1529.2527 1018.97894
829.6184 1272.4868
1227.0822 1324.8494
1466.0426 1141.5745
1414.4694 111.18367
849.54285 1392.6285
908.2941 1376.3235
244.0 1281.742
732.0857 438.42856
1531.5883 4.882353
1882.0632 399.20255
330.2 1226.2
1338.0944 113.92453
75.628204 817.1923
15.626985 173.0
1729.3182 830.1212
1289.8055 1000.1389
1805.0303 770.0606
616.8293 1523.8049
1686.579 1012.1754
1342.6451 1194.9354
391.44296 526.5705
1208.6666 1888.125
1256.9546 1456.1364
1780.3 1237.225
1825.4536 473.14432
1602.0322 57.346775
533.675 1637.4083
1638.4 943.0
1856.0104 1535.3021
1118.7222 1342.4352
1500.039 1346.8052
504.59723 1699.4305
733.7059 1602.9803
1911.7206 990.6177
1998.0385 916.1539
142.36539 695.3173
98.22 1927.84
867.5909 1408.75
1373.07 1132.26
77.73684 142.36842
712.77527 1176.9326
1542.4736 1348.3684
1249.3948 1170.1316
653.1445 1849.789
947.15 1476.7333
931.7534 1344.6438
1504.8286 222.02856
672.5926 1469.8518
1454.9814 1072.8889
1821.8677 75.05882
1272.409 280.8409
1611.2482 43.593987
1638.8452 1192.4048
1801.1698 232.83018
1108.4906 1588.1887
176.7317 1236.561
81.22656 1438.2266
773.5942 345.6377
249.58824 1561.6765
889.31146 1950.7869
1281.8939 969.30304
529.475 709.45
176.4954 1806.5138
1938.602 1568.7653
1985.1698 928.98114
1046.2037 1713.5927
1068.4231 1779.6282
1047.24 1874.74
837.5574 1369.3934
1320.8049 1618.4147
1474.0 787.3
460.21796 1880.859
1140.1428 1258.6104
510.84 851.0
679.9211 108.02631
306.0 729.25
1508.9867 1545.2
1288.9362 1282.5426
1734.8572 437.2619
1985.2 1246.92
1406.2787 1954.5082
1813.8534 232.01334
1406.2222 488.24445
1048.6765 1722.1765
1836.0656 461.86887
1121.5343 181.32877
321.52325 1363.7906
146.2375 165.175
1850.758 911.35486
208.93333 152.53334
828.81635 1296.0
1437.9867 160.92
1548.3917 892.08246
1481.7059 1883.8235
1081.4329 883.5224
1674.4333 559.1
326.59702 862.13434
694.64 1457.8
817.4706 49.0
1980.0978 546.81525
156.05035 1789.2446
1903.5238 666.6667
1545.7778 1277.8959
1026.5671 725.6269
1087.0 1005.34375
1636.1052 1075.9036
1496.8105 1356.5052
836.64 1501.06
1233.174 409.0
257.25974 1806.8961
1477.0745 768.0319
890.4407 1527.0677
1262.4736 1177.7894
1915.9246 1317.566
883.275 1521.55
124.90588 865.6941
1564.72 1412.2
1211.5272 1914.5636
1334.8088 981.2941
1321.24 1270.4667
69.42105 1577.9122
453.9091 1615.909
1604.026 991.1818
332.38028 1799.2113
1301.0 1030.25
1081.4329 883.5224
1805.0303 770.0606
6.353846 1214.3539
1254.183 1753.3903
750.85913 1623.1549
349.54166 1003.3542
1565.5065 691.4156
131.51282 98.89744
564.8571 1363.0613
9.768116 598.4541
163.40741 1883.0741
679.2619 1356.1428
675.64923 1852.7173
1523.9592 1324.4286
586.9643 553.5893
1338.0944 113.92453
128.22891 224.93976
1433.1923 1813.4615
1782.0769 1650.5
1670.9412 1465.0441
1509.0 1678.9432
1180.8507 920.43286
1366.4215 1737.9608
1896.6 638.56
1681.4419 661.9186
30.38961 271.84415
235.0989 936.7802
1899.2167 896.36664
1744.4857 1303.2715
1083.8727 1310.9454
1675.177 796.7699
1992.2084 1401.1459
1134.375 1856.2812
1424.1621 1792.4595
721.7778 887.28705
436.33334 1722.7333
75.628204 817.1923
1433.6727 1200.8273
1666.8704 336.48148
1515.2771 963.6024
783.03094 1551.4434
291.31766 1102.0236
1207.5696 1525.7975
1563.8435 269.89566
1621.1578 1689.7106
776.31036 1213.138
951.8919 1335.4324
865.7714 1570.9143
1486.0596 1297.1786
197.02985 1555.9701
905.0 1411.4478
880.4828 428.18967
369.9855 1230.9565
1552.5385 1379.7435
1835.5778 256.22223
1204.3467 246.49333
152.05952 690.3452
1139.9503 426.0993
1167.1755 84.72519
1421.4941 644.4
1287.0095 253.69524
1894.4482 372.0
1126.2593 1248.0864
1943.7244 364.67715
446.3857 1971.4
1524.8689 737.1475
1125.3956 1517.5612
791.629 1809.7097
308.68628 1863.2354
828.81635 1296.0
784.2075 1506.2642
560.7407 1509.5927
789.04706 1242.7588
770.1818 959.93506
1938.49 457.19
89.47458 819.9322
1523.7108 1817.8795
671.2 313.43332
272.06976 990.97675
1479.0781 385.21875
1598.3762 705.1238
784.2075 1506.2642
208.93333 774.1778
1438.5312 723.6875
784.61176 1412.9764
997.5 1566.5
1526.6238 420.41583
210.34694 1864.3469
1506.8438 1079.9375
1630.5846 1617.8923
1001.4231 1281.2693
1488.7925 316.97485
772.1071 769.1607
1624.9204 1326.8296
1354.277 1192.2
850.8485 1449.7878
501.58 132.34
1525.6857 1276.9143
1284.594 200.07272
1230.7646 920.2157
490.24835 1822.8431
911.8677 1572.6177
947.2315 1915.287
967.78314 1414.4458
1784.9552 1397.403
76.296875 798.9297
1502.6461 1072.0923
1019.7692 1964.4445
1534.6522 14.543478
253.2381 1168.25
568.43243 4.9459457
1511.9506 1414.2963
791.59753 1523.0975
84.481926 1795.1445
1342.2982 586.0
1686.3091 375.12726
786.5102 724.0816
1667.9333 1385.4667
116.41818 793.2182
365.274 1447.1781
1327.0769 1934.3077
610.0 1554.0
1437.7755 1369.7755
370.54285 1150.3143
1641.4019 175.48598
1139.5858 1308.7172
1830.5593 1111.9661
1978.5238 1436.3452
1651.0952 726.2857
1249.1129 1061.7742
1992.1233 227.50685
176.4954 1806.5138
1885.7864 534.9806
1025.8387 299.7258
1957.9429 1256.4857
284.2 1803.8889
1005.9636 1565.9818
318.504 1681.984
1352.7894 1883.0947
1812.8654 1777.6923
1663.091 1630.909
1690.2338 1478.987
1952.091 601.48486
431.12244 872.2857
725.38666 1691.9467
240.46358 1962.0729
1520.8334 1158.3223
779.8333 1461.2333
353.21506 1442.0
1441.7042 1644.2535
776.3261 1649.8695
153.0 1073.1163
209.87878 810.24243
1759.8302 8.81132
1176.5385 1089.8462
1783.05 735.675
1853.9872 304.19232
288.43137 1937.5294
449.60605 1905.5454
1065.8667 359.23334
909.2692 1442.4038
858.8077 1499.3269
908.0 1601.1428
979.85297 872.4706
1837.2273 585.9205
1409.7368 1128.3948
1709.7925 1940.3585
1187.5625 1778.3625
253.2381 1168.25
1298.2202 692.26605
1517.8 312.6
1129.5834 779.6574
366.34512 1595.4779
1190.3185 140.94905
1291.1428 375.09525
1877.7407 912.55554
1865.174 1294.5217
975.13513 1609.1892
914.60364 1339.061
1997.5135 1101.2972
365.274 1447.1781
834.64636 1608.5
361.06668 1252.1777
869.6829 1517.8536
984.43335 1483.6333
683.3594 1041.9141
1608.5974 1515.4546
1768.3857 1387.5857
815.4138 521.8851
265.0 285.44644
1209.6735 1203.2653
1924.5128 704.4359
22.320755 1175.5283
1325.4696 886.8348
455.2213 696.83606
1259.6744 1434.9186
1924.4688 570.875
1944.0233 324.69766
1914.38 1759.9
1741.5438 659.0526
992.3623 1631.6232
97.55844 1493.1039
1878.4795 1568.8767
475.14285 1415.6428
19.38889 976.3889
1403.9147 1099.2325
1482.1086 1157.3695
807.9487 693.547
1424.9546 1191.6818
1908.4777 229.29851
1439.7858 1503.5
1490.721 206.60464
841.75806 1601.4032
1377.3131 234.37373
1003.3026 763.8421
618.9091 12.5
909.85486 15.919354
543.3889 1157.2037
1989.1163 632.3488
391.3243 1521.919
1156.0 1466.1464
1051.6625 747.075
493.71 1808.98
1874.0289 1021.2754
1536.0189 1035.6792
947.8358 814.8209
1552.2084 23.604166
196.03125 1201.5625
1591.5231 1730.1846
1392.26 1276.08
1314.7778 851.1111
640.3647 1493.447
945.1911 1344.3185
862.61 1476.25
163.625 192.83333
863.5 1639.46
497.0877 1066.6666
502.00812 1802.3903
1269.8605 1102.907
1615.2025 1725.0507
1878.4795 1568.8767
1318.0647 924.45294
1609.4 1357.3334
831.12067 1231.138
489.5 1621.5
8.175 1453.4
1423.7561 670.2439
1985.1698 928.98114
1539.5 1155.7858
857.11426 1206.9857
69.22727 1769.1023
1840.2544 614.7018
448.62903 841.0806
1534.7637 1117.6545
# COVID_SAMPLE_5_ROI_2
925.2288 1340.9916
187.6207 1066.862
605.9905 926.44763
1713.0363 1625.0797
355.35385 1348.4462
577.31744 862.7143
236.05556 283.12964
1321.8611 761.56946
252.0673 877.13464
656.21277 581.5106
1004.65955 1601.2482
731.3571 1140.5358
154.0241 357.2771
80.03797 729.8481
1599.3226 1000.9462
1754.7303 605.55054
421.0 1481.7354
130.56462 1233.238
1011.7143 1057.2
1374.4757 122.864075
1147.4375 1448.6875
578.72 407.97714
1686.642 1731.5679
439.4321 1807.1111
1141.15 1971.275
514.20654 1426.8914
895.4595 1857.4324
1078.8182 1518.2273
454.80392 1480.8628
175.36111 1008.2222
1484.4242 816.42426
1689.752 50.224
1656.4038 1472.6154
93.78571 414.5357
1593.8772 1520.579
613.39215 682.03925
702.51666 722.3333
62.850746 1223.0149
31.928572 864.0714
918.4103 194.0
1426.64 1430.74
1358.1041 1441.6875
289.41934 1653.4517
1592.091 1217.909
834.6605 1782.6881
1219.9341 571.1539
31.70103 32.041237
408.79166 1512.6666
810.4821 233.55357
1164.3131 1476.899
1896.8206 1680.6282
737.9167 269.48334
549.77106 903.2771
315.3 1580.7667
1109.3939 1247.4546
1731.6448 593.6579
1043.2759 1696.4713
1001.53845 1327.1025
1225.3037 1600.4297
383.71832 1161.5493
1440.0975 196.26219
1982.3932 629.5641
1350.5 1711.875
923.8132 1011.022
693.2632 1564.6492
1465.7037 331.85184
1892.079 267.19736
429.88495 48.876106
50.72864 1177.1256
56.04286 832.7286
1645.75 1172.0326
844.7778 1757.463
1573.013 1509.6234
387.22806 1395.2982
1541.72 1887.04
1438.704 81.3421
396.41464 1724.1708
912.39655 852.9569
1112.4688 1131.0
1438.8923 1826.8154
379.04254 1625.1489
1448.4103 339.26923
1680.8846 1672.1731
729.5846 1549.2461
473.07895 53.526318
1360.7006 1035.5868
745.4294 1335.9823
1992.8413 1105.5397
367.2447 1781.3937
1670.9048 364.10715
1545.3505 298.7436
1954.3049 1676.939
1595.2262 848.7857
105.58197 1970.8934
211.0196 95.94118
1247.1052 1802.5188
985.1957 1592.2174
667.0 5.097826
690.0 1136.7142
1982.4634 649.59753
1186.7682 993.6689
1917.899 937.3578
655.3354 451.43292
355.35385 1348.4462
843.6389 796.94446
807.3723 1096.8191
1430.0117 1654.0471
1381.6859 1973.5125
1304.9902 964.3495
396.1875 1064.7812
671.8293 888.1382
563.5472 178.65094
966.388 22.273224
1231.8055 534.7778
1276.6173 937.4691
187.14102 1730.6154
1080.8942 1274.1765
1947.3448 526.87933
558.4231 1652.8846
252.94286 1446.4381
1315.3711 1658.2681
156.01266 743.1266
1406.0 1232.6
1332.0605 1463.0
1668.2787 1645.664
995.9123 1465.035
1894.1014 529.7971
1744.8365 1956.8077
778.0732 848.63416
1760.4467 1525.0582
312.9861 15.583333
1365.4923 691.38464
643.0 455.11185
211.69698 1318.091
1198.9662 1333.2609
407.9189 159.75676
1022.2 1742.9857
1854.9286 1496.2858
32.064518 802.4839
1825.9546 810.3523
1791.7539 1533.6307
221.1017 1709.339
613.90826 620.5321
726.1923 1519.0577
1498.0079 1517.4841
1212.7812 859.0
1280.4404 866.0952
1320.1305 1313.2174
1036.0632 1858.519
632.55914 1537.0322
385.18854 1249.664
297.9759 1513.1445
1242.5441 670.7941
1034.616 984.48553
678.31866 569.96704
1493.7778 329.06668
1825.9546 810.3523
340.52875 616.12646
1029.6825 1102.2858
737.8732 1328.5634
547.67346 1229.4082
995.9123 1465.035
1066.1724 473.54022
1442.5714 1103.1428
972.95746 795.42554
1164.8877 71.29214
1193.0 1813.7084
1949.7882 1634.9647
1449.1356 692.54236
1979.753 1834.1234
858.87805 1158.7073
219.38211 1115.5122
245.10909 1395.5636
209.4697 1705.2576
1677.2 1801.75
1193.0903 466.51205
583.73334 1824.3667
183.01086 72.41304
707.8195 1209.436
1473.902 964.6863
1112.5769 1885.5
1679.0857 1313.1571
237.79167 1808.9822
31.492064 785.4762
619.15955 670.18085
389.76416 1809.0944
1032.325 1427.775
1247.963 596.55554
909.0645 1894.742
390.89706 1549.9559
1120.9803 884.35297
1058.6884 1336.7142
118.46835 10.3924055
1176.5238 249.53572
347.12082 1116.8724
223.9 1944.3223
1144.0555 143.13333
266.63635 1322.3455
1214.8298 1637.6525
1416.2084 314.70834
367.9156 1254.6364
667.0 5.097826
1677.3258 1071.1123
1708.531 1860.5656
1646.0 1411.0444
389.53845 738.6923
80.03797 729.8481
1457.33 1370.763
1360.1526 1956.678
853.76086 1458.674
73.14035 820.4912
367.90384 1496.8654
1939.7616 662.29803
258.8421 1873.921
1901.8269 223.51923
934.6937 1035.8
1518.37 303.39307
1210.9556 1518.4222
1143.4542 86.93407
1343.4111 1612.4889
3.3763442 814.086
338.48044 1882.4805
1119.8 891.44446
1863.0883 145.92647
1480.4166 1195.488
991.3102 50.593582
419.8993 1444.4893
739.4756 1584.817
722.34784 1232.8768
1172.6285 34.25714
356.73077 1512.9615
1569.7778 1078.1357
1203.2858 1688.0
1473.1351 772.0135
696.2286 1074.2858
224.92392 326.28262
1423.9316 1347.9744
373.0909 70.854546
1465.8474 1310.322
169.58064 1081.5483
1101.1852 1621.5555
1672.909 1371.5
1364.5686 1404.0686
1707.1111 797.3611
1103.3864 47.56818
1038.7015 1383.8955
362.88608 1896.5063
255.24 1812.72
55.326923 167.17308
1803.67 525.36084
1604.0361 1386.9639
1546.2084 1100.0
1412.6 100.39024
1996.7246 1169.0289
1053.2025 1422.0
1386.5773 135.67479
690.95557 1548.6666
1635.9916 1038.6864
1752.2662 767.7857
1736.3789 555.92633
1321.8182 1448.7273
1598.4073 669.9259
1212.7812 859.0
1744.0549 1071.2528
250.30371 1651.5408
567.7456 1966.3422
415.29285 774.5357
1969.9298 1586.4562
1681.9899 246.24748
1842.4651 315.18604
384.27274 524.9394
203.62163 989.1081
1555.469 1498.538
1051.6056 1569.0422
1980.4584 584.5417
1651.5043 1676.8376
1699.04 1854.7
202.69768 1191.721
1556.6034 1369.0344
1403.5244 223.2317
1230.8167 450.98334
994.34 1056.56
1245.0564 1933.4084
1062.3276 1030.2759
559.98834 815.81396
1618.6727 983.8909
764.5051 1467.567
230.38095 7.009524
395.0145 1074.0217
392.54544 40.863636
530.0 162.50981
1656.0133 380.96027
715.9161 253.35664
448.12048 304.0
584.6429 1204.0358
1916.5 1131.44
36.11111 483.5778
1643.0564 1162.1127
968.17413 1625.8877
397.4342 143.46053
416.42105 148.89473
276.1695 1415.9153
734.0568 49.465908
1983.609 1858.3234
403.73016 1043.4762
1354.289 1852.711
1048.5441 283.69852
161.90973 1071.7153
654.09436 1105.585
1272.7363 576.7455
155.89772 99.568184
27.448277 223.02873
667.16095 637.50574
320.0606 1574.8788
1722.3846 1971.5385
1218.1339 404.9732
1154.717 1190.5283
1125.6364 878.63635
486.32584 768.8652
205.37704 1337.3934
1051.1547 1087.8557
102.450264 1924.4869
1561.4546 1074.159
1039.6277 1068.3212
262.26562 257.14844
1616.6747 975.48193
362.88608 1896.5063
1334.6299 1625.3386
202.18355 1005.6392
761.975 1640.4
47.22449 1314.4082
1421.711 703.94073
78.48837 1973.5504
1707.1111 797.3611
387.5 1737.6364
1120.9226 39.291668
1381.6859 1973.5125
901.093 1602.279
519.2683 1880.9756
1343.1932 636.2273
39.09655 475.0069
1620.3334 1312.6204
338.4 1665.5
1423.9316 1347.9744
394.95483 623.43225
601.0278 1026.0834
1928.2142 510.8857
1488.2 651.32855
897.0909 1782.039
1687.2727 1648.591
1635.1694 1460.5593
865.56525 730.04346
1888.6578 1071.9606
295.9762 1167.7142
1196.3197 921.39453
497.7535 1431.0352
548.39655 1133.4482
42.641026 1139.3505
394.9697 1564.6515
1312.8667 959.54443
274.4138 692.34485
1044.8643 1563.5143
692.5405 1533.7838
938.4948 1348.3594
192.3077 817.9385
1625.3226 1323.4409
1270.044 1849.0
738.8378 1609.8649
1006.8111 385.56668
177.75 1191.1072
1922.1666 1407.0625
299.97174 138.61017
343.27274 1333.5
315.66666 1592.1067
1238.6842 1815.7632
463.03775 1634.1604
219.10938 567.35156
1617.125 825.6071
406.77127 1741.5851
227.67857 1522.0089
1789.2046 843.0909
810.4821 233.55357
867.0952 405.58334
503.375 562.5625
601.0278 1026.0834
1532.0 1337.6538
35.99 171.84
1313.6072 1913.75
1610.7307 1483.3654
1212.2059 951.72546
432.09375 1545.8125
434.0 700.0
25.48276 1010.10345
1870.0968 583.1774
1337.4857 1857.1714
649.1404 1079.6492
1042.7279 1195.7975
392.30884 175.58824
1820.4631 1502.2316
1047.07 1122.445
1585.4713 815.40125
680.9192 1111.7172
1639.0225 1214.9438
1974.721 1145.6744
98.08889 327.86667
326.89474 1767.5922
1949.9143 314.5643
1760.4467 1525.0582
1048.562 1919.8182
1889.9474 1490.8422
830.12964 784.5741
548.38635 1435.25
322.73685 1661.2894
49.61111 1472.0278
597.7143 731.8052
1630.8363 1551.7363
1066.0625 256.7604
995.5 1626.8387
31.928572 864.0714
1986.6 1767.6666
772.1127 576.0
689.2941 1998.7354
651.5789 573.6842
611.58405 654.5221
598.913 791.2174
527.34784 235.5
1901.8269 223.51923
905.2157 174.52942
1078.2828 116.121216
1368.675 183.875
1668.254 1882.9841
1724.884 237.82608
1319.1875 1776.7812
61.7973 165.86487
613.4039 631.8077
1133.0 1162.8064
1070.4341 1915.5969
313.82956 1685.2727
1450.527 1800.027
1786.1493 802.1045
646.1092 616.74713
585.5605 195.3758
429.83334 1468.1222
443.75473 1916.9811
1621.1399 254.83217
1786.25 1997.3654
131.12613 332.81082
864.8108 517.08105
1605.4674 1161.0217
1992.2706 1470.7294
1775.2897 558.64484
1178.9242 1667.591
298.1157 231.50414
1462.5 963.32
631.069 1321.431
1628.1089 298.21783
1978.9783 200.63768
839.97235 1272.685
355.3143 1623.7285
772.0349 1640.7094
1373.06 1681.14
835.9452 1602.4932
1198.175 1668.8
718.40216 1506.8043
1887.0482 821.03613
1978.0 1807.8064
1219.9341 571.1539
568.9167 1598.9166
1511.3793 742.2241
1967.3281 1689.0156
599.8409 838.5303
681.0729 985.22516
359.4138 1574.7241
789.9596 1057.6869
1053.369 217.82143
1113.5664 1415.9912
1070.6973 687.2477
708.4963 882.71484
1168.8148 1469.2037
1369.9823 93.52663
1172.1228 1620.5176
1547.3827 1068.1482
1137.1544 568.71545
691.7857 975.7143
152.53044 405.88696
510.24298 149.14954
1897.9459 1574.8918
1688.0 1489.0
1844.321 863.55554
1166.5834 1743.0834
1335.2963 978.2815
1868.9678 223.25807
1522.8804 836.87177
1908.4403 644.66974
1703.829 1449.8552
1027.3077 1284.2924
228.69662 1019.1573
1326.2826 1704.5652
1790.9454 885.0364
831.13336 1355.8667
1076.0966 1956.3296
693.47705 991.2294
1170.9783 4.7934785
1591.1143 1043.6285
1126.2 1843.9
272.82858 1554.0286
1145.9778 205.57777
945.5906 1028.0787
656.21277 581.5106
529.6909 1208.0182
764.5307 1619.5419
985.1957 1592.2174
58.43182 903.6818
435.3413 1842.7246
718.4575 1067.8301
1982.3932 629.5641
1651.738 661.4524
566.155 880.9225
1955.0488 1603.9269
388.04706 132.43529
726.0303 505.42426
925.7778 1485.2963
1812.6 217.56667
1843.6666 1427.875
598.5161 745.871
739.4756 1584.817
749.06976 1537.907
180.63095 1646.9108
1186.5111 1825.8667
1024.4546 1951.3561
1109.3939 1247.4546
358.1154 1630.5
1957.44 564.24
1367.9073 26.685184
837.3393 803.3125
1642.8928 1237.9286
74.46296 1487.1852
1966.0353 1877.6941
517.9663 1266.4045
884.0612 1212.6735
50.72864 1177.1256
1216.1936 1903.2903
1355.875 1458.9773
85.541176 1958.9176
1406.0 1232.6
562.9 1493.44
941.4415 1513.3766
301.0147 1718.4706
1733.2291 1078.0834
121.25 1857.0264
1192.6666 1474.8829
841.0714 1114.1428
