# HEALTHY_SAMPLE_1_ROI_2
864.2432 1025.2433
804.0 1447.5
107.12727 1860.5636
737.0455 1219.409
1993.7192 1627.8422
978.0 1616.9032
997.7442 3.139535
1746.7754 471.9119
1138.5385 341.3846
1909.303 813.36365
795.25 1450.75
919.0851 160.2766
368.05737 1935.9016
1528.625 1476.5625
1200.7097 514.29034
1764.8452 769.3095
826.5526 329.3421
757.4405 291.07144
1202.5577 125.53846
1169.5 268.91934
1020.84784 1962.0217
1655.3478 1662.3478
1122.4642 1775.7858
711.8049 1998.3903
640.3953 981.32556
1119.5491 32.941177
1929.3954 1967.5581
440.28357 219.38806
1532.4857 1602.9714
24.238462 1487.6154
727.5833 1483.7084
867.0227 1404.0682
1189.987 105.07792
439.22415 97.586205
652.4872 1525.3718
991.63635 449.57574
1101.0143 1699.4572
1748.8167 975.75
1392.782 1059.1654
841.89746 1937.4744
726.5 222.33333
1554.6571 717.0571
729.48334 604.1
1386.4429 1276.4
1032.0677 1501.7966
1128.9574 1373.5532
372.78082 1485.0411
633.9844 1124.4844
740.93134 534.25323
1662.6428 443.35715
1783.3667 1948.5333
540.3953 1714.0
1012.92725 1705.7091
887.19446 887.25
1660.7032 235.47253
1870.4952 841.8571
1157.2115 994.5192
754.3905 347.69525
659.36584 1433.3658
685.49335 1030.32
1957.2593 1912.2593
1395.6268 84.95522
1130.1 403.45
1448.9546 33.090908
1048.5747 730.08044
1726.7657 904.7387
1096.7035 1524.0758
737.0455 1219.409
881.1039 397.2987
964.3333 1702.641
1269.8636 943.0455
1043.3889 420.97223
601.03644 1359.162
1101.0 1082.0
1180.4694 643.4898
89.0 1767.3948
598.53845 1088.0427
920.55554 77.91919
1437.7285 670.7857
1026.3115 426.19672
111.89091 678.7818
953.7714 1725.0
573.6712 1430.2192
1559.0 1722.5
1396.425 1400.9875
818.0326 1264.2065
1122.196 1555.1177
1557.7963 1784.0
666.98376 1235.9105
834.381 132.42857
769.0164 265.7213
1075.4375 459.3875
817.6667 10.435898
387.0 1839.3778
1556.3301 1266.9708
1585.6666 1703.6111
1224.9807 121.48077
722.1884 1096.9275
71.44643 610.1429
503.14816 886.0741
1584.553 1924.5353
1475.44 789.92
1535.0834 1991.7833
531.5844 1709.6234
1619.2826 1845.6086
1783.5428 488.4
1240.5 975.0
1499.9231 1547.3077
1681.3572 244.14285
1005.4732 1446.8214
1006.3043 1133.1957
1034.127 820.4762
1546.7587 845.5
430.04132 248.93388
701.9677 142.75269
600.9931 1332.0276
578.2 50.666668
1024.9231 1548.0641
132.89552 1845.2687
698.92 111.12
520.8214 916.625
1128.1936 1652.5483
471.27585 1053.4397
614.86 556.32
18.0 1458.1387
768.08594 930.78906
1878.4265 392.30884
1034.1754 1073.2808
1651.0424 1741.8983
1157.2115 994.5192
805.4286 920.0238
1130.4036 336.5965
310.7876 537.3938
1265.5897 1054.6666
596.93506 54.51948
873.022 1854.0549
1448.5321 16.908257
1994.5883 405.7647
1874.6154 1785.0769
1657.3214 15.6875
1731.1136 637.23865
1650.1052 1503.614
1783.5222 425.75555
2.4 452.8
1152.661 581.1525
1810.4839 1809.0322
33.333332 1701.3922
706.0091 952.2182
1021.8207 1639.3793
562.11475 1602.3279
482.60785 831.3333
1948.4067 35.033897
782.9487 1948.7949
1322.58 1020.0
1820.3077 734.9011
1237.5 1046.1765
112.21839 1887.9656
409.46268 465.08954
1872.875 305.04166
1775.5883 892.07355
663.0536 1499.1786
785.34784 610.00867
1869.3623 1800.7102
1201.7518 470.0219
1144.2727 144.63637
1007.96 1736.06
936.5 156.4423
1253.579 1373.4315
1538.656 609.616
451.38028 1007.9014
1568.8298 1772.5674
872.94446 141.63889
733.9459 185.2973
744.59576 1690.9788
695.4697 782.5909
809.1667 1690.1505
1258.3 472.225
1571.7241 1760.5862
1482.3334 891.6667
348.96054 480.8816
1007.6588 1366.5059
835.5728 1598.5923
536.6111 824.08887
333.05405 506.0
1596.6364 191.36363
114.17242 645.2414
889.6667 867.04443
1383.234 1021.5106
1954.24 1985.96
397.5625 174.4375
1592.1923 1705.5
883.0 371.32257
452.39725 1319.096
1935.1478 546.56525
1990.1971 78.97183
915.48456 1290.8351
710.61365 1274.159
1963.9546 703.62726
1238.3549 282.5484
1429.7028 691.32434
1814.8823 1117.5588
992.5888 895.972
1531.5068 1205.8767
1564.9753 821.1975
611.0 808.0732
1571.7241 1760.5862
610.3396 75.13207
966.9885 1203.3563
88.223404 739.8617
1632.3043 120.021736
850.1842 1664.2894
451.5729 68.229164
459.11237 31.337078
895.7917 970.5
1520.5 684.2955
606.4737 930.5789
1138.4246 1228.8019
1465.8788 326.4091
508.9608 341.70587
1203.475 361.9
1574.5 6.5
1232.3462 54.76923
511.20456 740.9545
540.0899 903.89886
821.15625 1983.7031
1797.5857 649.0714
1145.4066 40.527473
1875.7805 310.65854
805.87823 1230.6025
276.66666 563.4167
974.6269 1154.209
1806.1122 1686.2523
376.06818 57.795456
146.41539 1832.6615
1034.127 820.4762
708.02704 1220.7567
549.4667 1664.6
1236.3948 970.9079
244.38637 1537.125
1304.0566 876.8302
1995.5588 73.04412
753.6875 1476.4062
845.125 1650.8125
568.12 88.56
858.4032 359.12903
1747.3818 1556.4728
698.1404 941.2281
1317.8431 408.92157
1649.0682 387.70456
1836.9861 122.986115
851.1177 123.411766
1995.4387 513.4184
1012.69916 1622.0813
1122.9215 715.1667
1605.098 1772.0785
396.0476 1474.0635
863.1852 1365.8148
1334.56 543.92
1623.3229 825.875
1638.4811 1971.7452
848.8947 1640.9078
97.856064 602.07574
1015.08105 883.86487
423.7586 1787.2069
114.57692 863.5961
948.2125 735.6625
1047.2979 847.0
1951.2941 326.57843
328.07318 516.439
821.9722 119.416664
1653.9117 1689.2941
1148.7059 1664.25
912.3 887.2364
422.2193 907.1491
1931.3442 73.491806
638.3019 1037.8679
675.0 1466.96
874.8571 1638.6428
618.5714 1395.25
605.34485 834.1724
308.18332 1397.4333
592.3605 342.60464
1379.25 1049.7693
448.75363 642.4058
509.75385 1005.73846
1900.7375 619.9375
1162.4814 219.7037
766.011 1074.6483
1304.0566 876.8302
973.6892 1554.7297
398.57608 1435.174
485.0 1274.4557
1428.3315 1104.0884
653.2716 784.03705
1842.2151 725.72046
1494.2632 747.3947
1951.2941 326.57843
1799.9485 1671.8763
906.5303 1268.197
690.5 124.166664
702.5536 186.75
1178.3182 1148.4546
1141.5476 1558.4762
1813.4634 1139.5853
377.35294 527.28235
399.42856 234.28572
1861.5435 824.36957
98.666664 823.1818
1159.6364 133.0
1198.5491 1063.7646
1147.0975 1357.2927
1000.0 10.307693
809.27057 1995.1765
510.08475 272.69492
1035.409 1967.9697
1380.1383 1328.3723
553.0 681.0597
896.6667 1474.9333
1430.0 248.60564
1902.7755 442.67346
616.32355 715.91174
1939.7 794.7286
905.3626 1276.9451
381.9405 305.7381
1530.8203 346.72656
415.69492 236.0339
806.91113 107.73333
740.0952 1168.238
1140.2222 330.58334
1150.3939 258.54544
619.68085 839.70215
984.61365 11.659091
1530.5405 1238.081
1989.7609 1841.0217
649.34375 120.03125
1150.3939 258.54544
848.65625 1107.2969
770.44293 1933.4967
889.2055 763.3699
1076.8214 1955.0437
825.7077 308.33847
604.1667 1426.3959
1382.5775 1378.4789
543.98114 919.8868
1244.6 1126.6571
896.6667 1474.9333
1627.871 852.3306
821.8823 1659.6177
1783.5428 488.4
982.0526 113.289474
1695.129 233.24193
655.1286 758.15717
1544.4375 875.4792
684.15454 687.7
552.98 489.88
1626.4166 110.77778
936.2159 367.97726
841.0984 788.1803
891.4865 937.37836
144.31506 851.1507
368.32608 1998.0652
1093.8064 1986.6451
247.84 1925.96
503.81552 169.6699
1932.1 513.65717
841.1957 839.8913
802.2849 1368.3837
445.5042 250.94118
1058.9362 1607.7872
1948.8422 626.81055
1128.679 1644.3457
1066.6724 1280.3103
1240.5 975.0
1317.8431 408.92157
1501.3334 744.4667
435.46512 164.37598
65.265625 1625.6953
1956.0 33.085712
279.18268 554.7019
215.27586 597.7845
1650.6182 1789.509
439.75214 805.7436
1212.6666 105.07843
1071.0444 955.55554
1935.1478 546.56525
1335.3235 1132.0883
1909.0941 317.7294
1781.0 1669.0146
1834.1321 1065.434
1739.1395 1859.0
349.56757 20.283783
1578.1136 804.0909
1660.6609 1534.546
467.81708 1720.622
728.70215 1668.8298
387.37894 1643.2316
1752.138 1603.1897
1264.4667 191.51111
1165.0 190.44579
738.79266 1680.878
280.66116 1328.3141
712.5 233.5
959.5 1107.0
754.3905 347.69525
55.566666 578.73334
498.675 394.625
1115.6038 1984.9434
610.12964 593.5741
1186.9117 1574.5588
1092.466 1496.6364
1159.8379 1375.0
1210.1598 1490.9053
1156.2433 1646.0
333.05405 506.0
998.34656 1417.1881
1586.75 1900.8276
1045.8372 825.44183
1057.1951 971.8049
196.71153 656.0577
1304.5 894.0
1148.2424 326.25757
1391.2858 1355.238
1810.0656 1160.9836
1929.1414 119.98913
722.05884 151.11765
605.56 324.72
1862.0377 833.93396
1103.8986 1674.0942
821.8571 1940.3334
1302.2181 176.5
1763.4178 1640.8014
1132.7059 668.9706
382.05173 296.2931
1977.4584 1866.125
1019.82666 1095.2667
987.68085 1566.2128
1117.02 1768.4
939.14105 1254.2179
163.104 1930.592
419.86508 801.119
1075.9387 762.67346
1800.5858 561.8889
1297.9565 694.45654
1133.5753 1987.0137
1616.5077 603.0615
1228.2778 163.77777
1603.6104 1787.4026
767.3778 1450.8223
657.6667 720.0278
1721.1818 959.8788
69.18889 1761.9889
598.62646 358.52875
608.8571 722.5325
787.13513 1304.2972
159.58974 1989.7435
677.12 1127.82
1249.6052 659.2544
1190.24 1540.8
1862.5231 969.89233
1290.862 869.2414
1103.7858 1692.4048
129.51515 738.19696
842.4321 64.08642
556.5833 1562.7084
1282.5 932.95
1766.4681 988.57446
560.06665 71.45
1060.2375 1335.5
535.5537 595.4793
1079.2727 1095.0
1009.16364 1237.7637
915.48456 1290.8351
865.5705 1583.3691
105.666664 660.21906
865.5705 1583.3691
1221.0825 86.642204
1180.6621 652.58105
1177.897 1676.8069
1588.758 1406.0646
1562.3544 894.44305
1643.3448 1984.5747
1821.2264 794.7925
1766.1111 743.2037
1371.7561 1135.4634
1034.7872 1494.3829
853.8095 323.07144
1033.8235 1546.8726
1118.0093 1356.4445
1596.6364 191.36363
1294.8163 91.02041
114.97619 1783.238
1378.3788 1165.197
969.3889 1229.5555
728.7111 1813.7778
1435.1489 646.9787
1449.4906 677.1132
660.0789 1085.0526
122.06329 649.62024
1167.4828 243.65517
1617.2322 1863.9286
1421.7028 198.83784
1595.0204 1690.7245
970.88574 981.25714
179.7 1786.76
503.44513 737.0122
820.7 1963.15
651.0357 932.6786
1222.0991 646.47107
1870.4952 841.8571
1963.3177 1878.6589
1318.4364 732.55457
1765.5416 478.54166
353.5098 1978.6274
1286.5778 670.7111
125.254906 814.64703
1085.835 1109.5049
283.44302 1916.0759
1936.2041 109.418365
299.1507 464.23288
1053.052 1643.3507
1991.4277 1956.5549
1844.1321 381.15094
1462.0476 874.4762
1138.2772 1677.8119
305.08694 1625.7391
728.7111 1813.7778
1273.3673 960.2041
1391.2858 1355.238
789.0582 1416.3495
1796.725 1724.025
1663.5555 162.40741
535.55554 1702.3492
1771.8368 1638.7347
1368.283 365.5283
1948.8572 1957.5
595.8023 1343.0465
593.51514 336.37878
1447.0605 1477.6061
1824.85 716.13
752.1951 1268.683
782.8475 1481.9323
1276.9642 1035.2589
124.70755 726.01886
799.7838 1265.6487
1115.6038 1984.9434
1856.7858 1733.6072
1033.6072 1129.8392
686.4 921.84
1447.0605 1477.6061
790.2632 878.9649
950.91895 1556.2433
796.6442 1219.2019
# HEALTHY_SAMPLE_2_ROI_1
1050.1156 70.51445
1477.05 1418.575
913.6977 849.0465
50.605263 649.6842
381.26 187.82
441.43283 988.76117
1238.7843 775.37256
1353.5 968.0
1756.42 1970.01
1363.4237 970.11865
498.1746 367.46033
889.90564 841.4717
1.7887324 707.7324
1478.2697 337.22473
1457.64 1110.76
918.40985 1479.4755
1896.688 970.896
118.75 1082.3667
711.59186 700.6326
1250.4271 431.60416
1765.0725 375.4058
1094.1091 315.3818
1382.0919 266.2299
1207.7356 559.89655
247.39507 660.49384
1868.5385 1728.9385
1780.9667 872.1
1252.1428 372.75
1900.2572 1031.2285
796.53705 1617.6666
1017.7619 1534.2858
900.35 501.85
1935.7042 1829.2394
56.74074 395.07407
1892.0286 1150.4
547.92645 279.91177
670.6964 1996.3572
1195.8055 1120.5741
1222.8308 248.23077
1608.585 1360.0189
913.57574 1681.6364
108.27119 736.47455
391.8 1825.1637
1686.44 1603.76
10.836364 303.8909
322.02777 241.91667
906.5682 1498.3864
927.1695 1313.2712
564.10767 910.67694
134.22728 832.86365
604.2683 736.9756
304.04938 510.67902
833.8116 372.84058
414.80487 690.2439
635.6974 112.26316
1222.0 386.82352
1301.122 1305.1708
1763.1052 1225.5614
1948.7451 1453.4509
864.0263 1182.75
46.94366 815.6197
252.54839 897.70966
1820.2264 1528.717
203.77193 1908.772
1803.6617 1102.1912
1496.3513 444.22974
1353.5 968.0
1742.0857 618.0
1119.0754 1338.6604
341.9091 1009.5455
56.589287 551.4821
108.27119 736.47455
1422.7324 1953.9014
234.5 1318.625
198.8 158.5
353.4091 990.2727
146.3 768.93335
701.37646 1085.0
460.75674 1969.6216
1175.9429 54.42857
1754.8462 1138.6538
1456.5526 571.3684
1090.2778 587.7222
27.56962 1018.96204
1940.3462 828.0
1339.0 1640.0
24.385965 820.3684
1238.7843 775.37256
1604.1139 1975.8481
1540.1111 1070.0667
527.0417 1173.1389
1105.381 645.9762
1200.44 1426.08
141.0274 613.6027
344.27585 1861.1034
176.36363 144.36363
1979.2759 402.05173
1234.651 1262.1321
244.86111 838.6111
1417.7142 1757.5238
1416.0869 396.78262
1870.2778 1330.8334
1822.4546 635.56366
1325.0322 436.41934
765.1667 1888.1875
534.6613 166.03226
1159.1096 871.6027
104.79412 49.132355
1858.6056 764.3239
201.60257 1777.4103
1858.2858 1749.449
771.0185 81.666664
291.15384 971.11536
326.47116 266.6154
551.8214 1085.3392
1194.6552 1381.4828
1083.2433 826.37836
1.3478261 833.913
577.2273 1003.9091
830.71796 1116.4103
1185.3647 719.49414
1187.4606 477.6184
1116.3489 85.23256
1627.3572 1937.3928
21.897436 608.53845
589.28125 1489.75
1769.642 465.8889
1976.16 1793.9
806.56604 911.32074
552.9661 869.7458
1966.6552 1099.4828
511.09677 748.29034
1011.7568 1449.8108
358.4074 396.55554
670.5714 306.38095
1207.45 1342.375
148.58333 1780.375
490.48386 171.29033
543.5914 992.1613
782.53125 890.84375
820.39215 1965.7646
1264.3334 251.93333
1908.7423 1440.433
1765.1346 476.25
1985.3068 374.63635
278.33334 1629.1111
1581.2693 1347.6154
1561.619 405.7619
21.897436 608.53845
839.73016 1540.1746
865.7344 1344.875
1093.5758 1347.5758
1026.909 962.0909
604.4516 1507.129
604.4516 1507.129
1350.0234 1810.3756
761.2143 809.4286
876.3594 745.1719
1940.875 1937.3594
332.79413 1687.6471
434.93103 1681.3907
670.5714 306.38095
406.58066 805.5161
1283.4783 215.34782
1154.6364 1345.5
1017.1818 1372.2078
1121.3549 638.74194
1220.8132 735.978
1686.4269 644.54877
772.1739 495.73914
1365.9642 1050.1072
16.290323 1280.1936
1382.0919 266.2299
714.7838 1926.5405
286.67856 539.0
539.64813 1985.3427
1395.2858 1087.9286
1153.3334 666.3148
1063.8462 1516.4615
1833.0 1455.5
4.7184467 1289.9126
1328.1428 1401.9143
895.1429 79.190475
248.71165 1874.3926
1855.4265 494.97058
792.95654 1569.3914
728.1852 1953.9259
988.11365 1655.4546
1436.8 1895.44
791.0 1086.7067
408.20587 1735.3823
1436.3529 1349.3882
1332.6389 5.6944447
737.0 85.77778
955.4204 1170.9633
471.63367 447.30695
1765.7059 1395.5686
1840.8368 1777.0408
1731.7931 35.91379
1972.3334 1850.8889
542.0714 1258.5536
627.31665 1438.1666
214.45653 116.95652
1315.0154 1592.0308
560.5357 899.0714
1012.5873 634.25397
203.77193 1908.772
1901.4111 1131.6888
1373.305 1000.7627
906.7879 1095.2727
1295.1224 1576.5306
1975.585 787.5283
1159.1096 871.6027
703.4074 1051.2593
1057.4286 1918.0178
1882.6428 1508.4642
1769.642 465.8889
1809.625 1435.4
1749.5358 613.0357
1534.5652 1296.1957
1289.9131 229.60869
1036.8228 1419.8102
1753.4062 1720.0
1647.4038 1211.2693
1937.8228 617.8734
1196.0747 1148.6682
349.58823 1866.8529
612.13434 198.59702
176.06122 660.53064
412.5778 1585.5111
1407.7441 471.34885
1071.2273 113.329544
1150.0952 546.5714
1742.0857 618.0
923.4068 201.40678
574.5542 1478.1445
1190.1094 1134.5469
1462.4889 663.2
1101.4736 1918.079
1050.6825 137.04762
552.5806 914.0645
913.6977 849.0465
338.19232 1197.7435
711.59186 700.6326
844.63416 219.04878
412.5778 1585.5111
561.2963 354.7037
1820.2264 1528.717
1085.0 1155.1957
284.14667 1203.88
806.56604 911.32074
530.09375 101.739586
730.5263 1275.0526
1802.093 657.6047
1311.9117 1108.8235
275.16666 250.80952
55.02941 132.91176
1756.3684 1145.7544
1227.738 496.3095
172.07692 757.75824
134.71951 624.3171
1200.4265 524.7794
1349.762 1620.8572
1304.4736 840.2105
147.2381 1789.8334
530.0582 992.9048
393.03705 175.40741
334.51163 1182.4186
752.1964 465.69644
554.3418 1430.7595
675.7761 875.0448
1714.3793 1572.1034
1344.5714 1407.4286
1955.3646 451.9375
698.0857 394.8
1566.1923 1558.5385
1850.3103 1169.2413
1210.1389 1361.6111
788.3542 1646.0625
462.43103 172.1207
1450.8125 1240.2709
563.4516 1745.9032
885.9231 1517.8462
1106.5538 551.9231
1821.5518 1957.3793
1696.7037 1953.5555
1074.7573 1510.9224
988.5 1044.0
834.6177 1750.3529
1073.9556 371.17776
516.45 70.933334
543.2857 1820.7715
459.39474 846.3421
1412.7037 908.44446
1569.925 535.05
411.78 784.42
1751.3334 1725.7037
752.1852 633.2222
1227.762 1050.619
1110.3513 1691.1082
228.84445 1316.3112
1951.9375 1962.0938
275.32098 1154.9877
1341.0 1253.0
170.93204 1802.0194
11.632653 316.63266
1736.4684 67.21519
545.2 1663.92
1577.1 572.5
1092.7727 1531.1364
542.06555 1811.4263
1995.4237 563.98303
1252.1428 372.75
1228.6863 1126.7843
1018.6338 1585.6267
377.47958 3.6734693
1465.909 1563.091
1728.0 600.38464
505.54236 1730.5933
383.33334 653.5088
1287.7701 439.34482
106.04762 1095.4762
1417.7656 900.9531
697.7794 330.02942
1534.4667 458.9111
201.60257 1777.4103
394.95123 96.52439
830.71796 1116.4103
1392.4155 828.1688
406.19446 476.70834
547.35 688.55
77.65714 307.1143
865.7344 1344.875
1711.742 1400.129
420.0 372.0
916.54285 529.88574
396.73172 977.8293
52.632183 473.13794
570.4561 834.8596
1397.4865 66.797295
1960.4426 1959.1147
1189.9877 55.037037
316.9608 32.294117
1632.0 1543.8975
569.22076 1013.987
1405.4286 206.61905
1265.2593 1136.3259
1340.0615 1504.7693
822.8823 1033.5883
986.31036 375.55173
1767.0227 1269.4773
1649.9764 1926.0
254.40277 937.375
1178.9077 1889.9231
16.066668 1438.1666
85.655174 29.551723
1849.5 760.0
1814.7435 1531.8975
# HEALTHY_SAMPLE_2_ROI_2
1922.8 1820.3334
733.34283 38.685715
951.0 1001.56
1880.0 1702.3606
1470.6111 1677.9722
972.8421 558.7895
127.548386 101.258064
443.85883 1319.1882
328.69446 1781.25
956.2647 1131.9117
1238.1692 1795.5385
995.78 415.84
23.4 841.73334
1905.537 367.31482
1816.2 69.53333
290.5 1387.5
890.2174 697.86957
261.8387 503.67743
1237.6182 1468.7273
1735.5636 1355.8
501.32352 704.41174
1070.7413 1070.638
1391.7858 1320.2858
974.75757 1674.7576
1737.7906 1445.8605
1686.5488 679.46344
1551.95 725.45
1207.3422 311.1842
578.85 831.35
338.67856 1062.0
940.1235 645.0617
438.0909 1256.091
710.6667 1746.9667
979.7059 775.27454
866.8889 1456.1482
1253.1111 1192.9445
81.7 854.65
1488.3636 765.7273
1163.7015 1372.1493
1175.6857 792.4
1284.7792 83.88312
1897.0613 372.87756
1430.5186 1495.8889
1886.0 924.5
1629.409 1157.0682
1509.225 843.8
101.0 1366.0
411.80487 1165.878
804.4828 1752.138
864.48 272.16
319.05 1789.075
1762.5366 532.39026
1560.4814 1408.8889
1277.6957 1759.2174
1809.3256 501.18604
1124.56 1694.64
1845.8413 227.20634
84.536964 535.6809
1453.2778 759.7778
1948.3966 140.06897
506.54 833.4
1777.8246 954.8421
421.4557 1943.8481
539.9091 114.13636
81.28027 414.9377
1934.8451 855.7042
1583.0186 1772.0927
527.3026 784.3947
36.857143 1797.4286
532.45715 687.5714
1193.6923 151.47693
224.5 1595.5
181.40741 744.12964
1482.0 768.37036
1945.9354 1787.6129
1128.1702 1558.2128
532.8 474.825
1485.02 602.75
85.28261 477.76086
1418.1926 1049.679
1149.9333 1139.2444
205.57576 1106.2424
1738.9706 1590.4412
1767.8 1481.7819
431.375 1968.8906
1378.2 1692.8693
1484.4138 293.89655
746.3871 506.35483
1059.7556 108.244446
1636.24 1157.68
931.6667 958.7059
1149.2739 1311.3835
131.90909 718.0909
982.1739 425.0
630.9643 605.8214
1475.7693 1161.0615
94.625 1646.2812
502.01666 1453.8334
36.857143 897.5
951.48 1168.96
1636.1096 261.23288
1349.8889 893.93164
817.0213 824.45746
1153.6296 1873.3334
1946.4419 1427.7906
1932.0731 134.70732
1439.7693 455.6346
1619.6522 1841.7246
1200.7548 258.09433
1435.5 1227.6666
303.23584 863.1981
1792.1666 1614.6833
1413.091 1499.091
1236.825 1326.675
847.93024 1462.907
770.3214 458.64285
1268.4166 108.666664
1406.4736 757.3684
639.6667 322.27084
1060.3914 437.56522
1151.0 1513.7551
794.6588 1111.1412
1713.0405 1881.3108
1787.0646 1941.5807
1149.9333 1139.2444
1762.5366 532.39026
1163.96 1379.76
1401.6229 885.8197
1838.4736 764.2895
1182.9606 784.9605
491.50516 1705.866
153.49123 1119.9298
1756.3334 515.125
1736.0428 1239.7428
737.0 41.48649
51.485714 1308.7428
1513.0646 863.19354
1125.4286 1433.4694
893.7083 688.9167
1182.5 1219.8
1139.9807 240.1923
1215.0769 1153.2307
1360.1428 955.4143
1421.75 399.14584
14.166667 1918.4615
210.8 1715.7142
767.4167 10.833333
641.3095 1031.4048
421.9737 1229.0526
1349.8889 893.93164
483.53397 1348.9708
1568.8 990.15
416.0909 1988.091
1406.4736 757.3684
65.166664 879.5
789.7436 880.9487
1226.125 3.3333333
730.4429 1143.4714
384.78946 1874.8422
665.43243 1273.919
1619.5869 1029.8334
1432.5682 1662.659
1420.2 419.48
974.75757 1674.7576
138.31429 45.82857
72.19583 507.83334
1901.4388 1297.2662
1292.7273 52.590908
148.45946 1326.9459
1304.88 100.24
1759.9354 9.193548
72.19583 507.83334
1774.3549 428.48386
1808.6957 898.3043
975.7826 182.30435
1308.5 1555.5
817.0213 824.45746
1960.7407 935.8148
565.8254 335.12698
974.2857 1710.5714
1442.4412 794.2647
1237.6182 1468.7273
1635.9382 728.09875
1838.2554 595.3617
1777.0897 837.7847
1660.6786 542.6429
1062.3334 99.393936
141.63637 1095.6818
296.08694 1439.1305
1428.5883 1560.1471
864.6923 189.5
1458.5883 217.78432
704.2174 340.6087
308.70755 1392.7642
236.69643 1219.3572
975.7826 182.30435
516.25757 1490.0151
1724.2407 1586.0741
111.34615 1185.5
1968.0151 9.090909
428.9091 911.5909
870.375 1792.1562
922.0857 1146.6857
453.7353 1166.7059
1397.5 678.2
303.1059 1306.5059
1453.6786 1592.6428
514.913 81.608696
689.3656 1300.2795
768.22644 1569.1321
1706.2933 888.52
752.82355 412.80392
671.8 1319.0286
1015.0357 56.107143
1859.0217 622.6957
30.09091 1890.4364
1083.1864 69.98305
502.39423 555.99036
1152.0685 1530.8356
672.087 177.56522
1498.6052 437.78946
1903.537 1270.4814
1013.3333 1848.3158
528.4321 1129.7778
1415.84 386.66
1060.5326 849.913
803.5 827.3947
569.84485 238.7931
560.9624 120.62406
1099.9048 1974.0238
174.41379 1185.2759
181.38235 1329.3823
565.04254 41.68085
1831.6909 1585.4728
805.04956 1160.6942
747.2941 369.35294
122.106384 1352.7021
457.0625 1997.7188
862.4318 1580.625
1903.8975 1696.8975
1383.9298 1448.1578
81.7 854.65
1147.0938 1746.0625
1019.625 1067.3125
642.08826 1250.5294
1622.0 413.32
1869.1428 276.85715
667.13513 643.37836
1748.2439 561.46344
730.4429 1143.4714
1463.3539 1438.8462
1934.8451 855.7042
1032.3619 1035.1428
1252.575 1499.575
1535.2084 724.75
1656.625 1213.4
1784.8846 887.6539
1581.6364 916.51135
911.35895 603.5128
115.23637 1735.1091
767.625 1817.5
67.1039 1585.8312
1444.3914 1107.4637
18.952381 1524.8096
1894.7354 802.0294
328.69446 1781.25
1974.9851 500.62686
1311.8611 1898.0278
755.1591 1441.7954
1620.1187 882.5763
1459.6296 1040.963
18.693878 1866.5103
364.225 1754.3
739.3276 374.3793
1010.6667 1075.1945
98.4054 408.21622
1026.1666 1136.1167
638.79663 982.2712
1239.4138 137.41379
1764.8096 1270.238
719.2353 11.3529415
1931.6757 374.33783
574.29785 1666.6383
1838.4736 764.2895
1207.4823 285.44705
886.27203 1689.1029
1636.1096 261.23288
1106.5343 1798.0548
1568.3036 1826.125
622.43054 1125.875
610.76 140.04
877.5 382.975
101.203705 1088.9445
136.61386 1519.6633
600.0111 1812.5667
312.9403 1802.9851
453.61404 1176.9298
1645.3387 794.79034
173.13333 1306.711
943.1266 1852.519
1008.13043 1772.8695
531.24 950.96
392.94595 1186.2433
983.38 530.26
1555.3889 960.5185
248.46666 261.68332
787.4203 80.884056
1013.3333 1848.3158
210.8 1715.7142
1084.0317 462.9524
1860.1183 1665.2366
1101.75 1982.5146
540.34784 407.3913
646.2727 208.09091
1147.0938 1746.0625
1852.3585 591.09436
1030.9615 876.3077
1415.9452 744.2055
141.71153 1762.2693
1530.961 716.6104
1845.8413 227.20634
1415.7959 1002.61224
1142.5155 698.2783
1475.7693 1161.0615
1902.4286 838.5143
1274.1794 1704.6871
613.7143 555.619
# HEALTHY_SAMPLE_1_ROI_1
258.71912 1051.2247
253.23334 986.1667
363.75342 347.26028
47.196968 1497.0454
653.20795 601.1089
439.9861 301.77777
1037.4 47.666668
1231.9604 35.643566
508.04877 425.87195
798.2727 755.6909
728.9231 876.87177
1245.3608 161.13402
1055.963 552.17035
726.1404 941.7544
429.52893 306.91736
377.53845 617.3333
1204.175 24.2375
416.54544 1336.0845
347.47916 1491.0834
635.9508 538.3771
669.70245 624.57025
97.125 971.875
1115.2676 467.47888
946.49207 1360.8096
637.18964 53.12931
671.4868 1064.0394
1063.381 382.42856
347.6 371.04
1020.71014 1301.2609
642.76404 1238.0337
601.0847 1265.9153
74.26923 1249.4615
493.67346 368.57144
760.3226 577.6774
805.13635 51.090908
629.44446 290.46667
574.9091 1353.091
243.33333 406.6875
944.4074 591.9259
725.325 224.975
672.6923 366.76923
1194.5522 1156.8955
968.56665 158.55556
903.13043 660.413
820.45264 800.4842
343.7647 144.08824
12.980392 126.196075
1046.75 623.65
1166.1222 213.63333
903.16 746.72
755.989 940.47253
502.88635 396.43182
1000.2368 90.9079
259.6709 239.97469
692.8421 1020.6
825.5714 1070.4921
905.36957 668.1087
676.3611 1330.0
1203.3578 251.3945
682.9865 1476.0676
445.336 77.6
3.6551723 495.65518
1055.5045 952.8661
894.1389 809.30554
563.0 315.61905
46.230087 331.22125
706.1739 117.072464
1010.46875 417.1875
818.375 1083.6875
669.0909 58.487602
988.2025 392.18988
1081.809 1078.8314
975.617 835.9894
239.65672 96.80597
548.53705 1346.963
986.45715 1424.6571
637.0 1350.5
1022.1786 606.1964
703.04346 861.8261
1218.1368 1119.9158
484.5104 1238.75
603.2453 655.9434
412.72223 194.5463
1128.854 914.53284
133.54167 560.18054
707.4783 1393.8043
571.78687 840.88525
510.6207 1294.1897
780.15094 743.8868
783.5357 1495.7142
587.1724 821.89655
735.5 1485.5
730.1017 1394.0
309.2324 136.8169
728.88043 322.05435
135.368 377.648
1022.6898 1454.7379
189.1282 12.769231
335.04123 734.2268
1096.5941 477.52475
272.8045 135.57895
1143.8414 477.19513
355.14285 947.6857
811.04 297.76
1041.9415 1450.3567
628.375 639.55
893.2232 673.2857
1172.2931 1269.2759
1188.6544 94.25
609.9091 1301.5151
45.134327 1120.0
1171.2222 457.3889
687.5357 1424.7142
719.05035 632.4029
48.314285 468.2857
695.7054 186.6875
92.15278 258.94446
591.48 1353.4
688.70874 1488.2815
295.61972 185.02817
212.55072 688.587
481.7737 1086.9708
1147.8823 1018.1177
681.0188 1236.1221
476.95978 1311.5919
44.38095 1459.0476
1207.52 464.26
512.38165 869.5954
83.697365 773.9737
495.27692 1462.2461
48.988304 800.7193
827.94 829.08
1016.9418 434.49515
13.571428 279.84286
944.2182 1405.1637
264.83722 363.36047
843.87036 52.055557
586.85333 445.04666
703.1667 870.0439
1000.2368 90.9079
887.1525 380.661
69.796745 350.91058
31.047619 1056.8096
1164.594 390.07272
503.2 835.6889
943.5455 258.9091
559.0947 562.1684
685.86664 770.8333
691.7742 1288.6129
1044.5 457.07693
931.4 696.3
1009.7544 1186.8948
808.9844 743.8594
1188.6421 1307.6947
648.8333 722.0833
88.73684 1455.3026
395.2647 24.362745
1210.46 278.46
1020.71014 1301.2609
190.85454 484.52728
1182.919 665.0
259.6709 239.97469
1113.7576 1304.8182
1118.3077 1322.0865
318.78787 430.4394
1079.1047 89.26667
61.574802 861.3937
46.136986 1024.1096
360.08334 787.3333
1122.3077 1486.6154
491.38095 1062.6666
936.4138 297.44827
1218.6111 50.11111
1079.8242 104.357574
504.4553 384.88617
1009.85297 954.4706
383.0 836.2857
374.66666 40.25
108.00513 1076.0359
743.56525 976.56525
1191.8085 1365.0
673.0597 776.56714
307.375 967.63464
503.2 835.6889
211.08333 1460.5834
1049.7407 1246.605
79.283585 228.26866
760.3226 577.6774
1091.9081 512.977
1245.3513 640.7027
401.9565 1478.6086
300.933 430.21054
426.1236 36.011234
817.7018 76.85965
559.4545 1142.6364
1036.6769 1078.5427
388.02325 868.4186
650.22626 67.0292
861.1359 67.21359
268.24326 958.56757
438.9661 205.44916
911.675 1263.975
1030.509 953.63635
642.76404 1238.0337
671.28723 411.81915
255.49254 233.41791
413.06 314.78
13.584616 1436.2
43.791668 780.7083
1085.751 1116.4609
1101.964 457.3784
307.375 967.63464
812.71185 70.47458
377.5 45.82895
33.71287 773.73267
840.2381 773.6508
908.9315 955.8767
253.44615 279.3923
760.7659 763.383
572.0417 389.29166
439.9861 301.77777
1013.37286 1298.9491
1087.2285 1072.4572
1092.0769 1428.9615
911.675 1263.975
617.47424 288.9175
429.52893 306.91736
1085.2 1035.5
1195.116 479.46378
18.891666 1387.7916
990.8721 88.5814
1143.8414 477.19513
189.1282 12.769231
660.5763 44.788136
226.83673 231.16327
704.09924 585.771
186.77777 502.55554
513.6 1058.3
982.008 381.248
491.07407 529.0185
1069.6143 1044.1285
887.4171 183.34857
1175.8649 206.10811
1082.6227 489.79245
688.5217 95.05218
420.725 128.0375
# COVID_SAMPLE_8_ROI_3
377.25925 283.07407
692.2941 408.90195
728.8889 690.5873
365.97562 188.84146
878.75 1983.6786
1216.4603 765.4603
1573.5264 1463.1578
1115.5385 1453.0769
443.35617 271.26028
609.7846 1462.6461
1862.9246 448.4717
179.51219 966.87805
179.57576 1660.4242
1636.9718 118.53521
1736.15 344.73334
1967.1316 1345.7106
798.9875 902.4125
552.88 454.48
20.666666 657.7381
777.90826 1522.0367
1575.1818 1265.7727
1264.0 380.3818
222.46428 1778.3572
168.20833 427.04166
1743.26 133.56
1197.6097 59.951218
735.5 1416.9166
1731.6415 40.150944
269.5 440.0
983.2286 366.17142
1702.6428 1383.9642
117.7619 1017.4762
958.37036 1836.6543
1881.5278 1819.6389
1009.85297 398.67648
353.2903 78.40323
1335.174 1649.5217
128.41096 966.9041
94.97298 1263.8379
384.36667 494.83334
1995.7241 1354.5172
1386.8816 178.28947
1461.6522 1159.2174
751.6667 1651.875
903.0952 664.9048
840.56665 681.0833
1040.6923 626.5513
1097.2125 556.625
1630.4286 1598.3214
658.9268 218.65854
628.12823 1771.1282
1902.44 1115.24
1688.1298 1501.458
1492.1798 1656.5618
276.19644 790.381
1135.3308 937.05383
273.17688 709.06805
1618.2 197.3
1579.1571 952.4286
365.68292 1572.8536
365.54053 906.4054
747.04254 1398.5745
1279.1129 488.3387
8.12 1330.12
1791.4736 833.8842
704.31036 289.86206
790.4762 1617.6031
348.34427 1010.7705
1052.9423 1686.7115
1550.2439 1011.3415
1629.4865 1438.4054
409.0658 960.3289
178.76471 62.411766
1961.2559 1431.093
544.4762 1673.2262
1236.5778 165.6
453.5728 452.81552
1048.9062 774.90625
8.476191 652.7143
1086.0073 1015.66425
633.899 1044.0
1633.9592 1074.1632
1135.8096 1831.9524
155.0 1181.4736
18.333334 551.4167
1269.5 348.0811
661.5 1120.3334
1181.9286 154.04762
1041.0127 1187.8354
1295.0 833.0139
574.9483 643.60345
1520.0227 928.5909
1303.26 1789.46
815.4286 716.7262
733.1017 1855.1187
1947.3448 1433.2759
129.70149 685.9403
1945.2439 548.63416
844.3418 1681.6836
1929.5 1071.25
1127.9531 92.046875
752.8261 44.304348
785.1429 137.23376
129.70149 685.9403
1822.283 645.5849
494.17947 737.87177
291.68604 59.662792
1846.8518 1597.1482
788.8269 782.9423
883.1525 682.4407
861.925 377.2
1739.8649 406.8919
1033.0454 1312.3182
666.11865 636.9661
112.411766 768.1177
1768.7333 715.26666
1043.119 89.22619
1923.9412 191.76471
532.9434 307.60376
297.32516 1469.9141
1013.2931 1492.1207
859.6316 915.5658
1813.6302 640.7899
187.03896 234.4935
230.64383 1498.4247
1807.5 1747.5
1430.4833 1518.1833
679.4211 1994.4421
168.36363 1823.8864
36.088234 1670.8235
906.2222 1095.9166
1176.4595 996.5135
765.5625 5.1
1881.6075 1386.2279
1422.3802 1271.4225
1653.2444 75.82222
342.83636 630.61816
625.3771 898.0328
753.619 1065.2063
1579.6526 1308.2
327.54413 1675.7059
427.64444 351.2
1183.8 433.43332
1411.7587 1754.5287
1622.3695 454.91306
853.9773 1873.341
733.1017 1855.1187
1953.4138 622.7241
513.6667 770.875
1010.6491 1116.0
934.5319 1259.5106
1439.2574 905.0198
1862.7604 339.1157
1330.7931 1517.1724
332.05405 1501.2703
657.6 976.1778
1128.8529 1164.7059
1689.1818 1470.1818
920.6429 498.35715
1586.3964 1233.5496
156.02127 944.42554
1221.7317 288.58536
659.3333 1513.6945
1606.76 1382.64
573.8333 703.2778
265.07 751.15
791.24243 945.9091
1919.341 970.4773
1895.2174 568.86957
78.59524 919.9524
1579.0286 469.94287
1694.9796 1570.8776
1733.986 1403.5175
1429.6 924.5143
1953.4138 622.7241
120.508194 1428.7377
1783.6072 1425.2322
1960.0 1930.069
966.8182 247.18182
502.4 1100.2715
176.7561 781.3171
130.07272 1816.1455
1718.234 1939.2128
805.0909 1406.909
954.39435 1090.9578
709.95746 1064.3191
1362.9474 420.3421
386.77585 1630.2931
158.35556 90.08889
1420.5676 1351.4324
1507.2368 50.44737
1928.5294 564.5294
5.612903 621.3871
544.9286 118.82143
830.3226 642.29034
400.88287 1154.2162
1402.405 1344.443
1947.4746 1638.8474
1805.7843 1008.3333
1928.0 908.58826
195.15625 340.28125
186.125 641.4583
997.6957 1093.3695
1879.7142 1476.9387
381.1143 1337.9429
1109.75 1695.67
765.8 1227.76
1097.9788 283.57446
1142.9286 713.4524
500.85147 1080.3762
1636.8605 1433.7675
1316.3627 1234.8682
908.3226 1263.8387
273.375 1201.0
1628.9062 325.625
1829.8214 1247.4286
1266.1628 637.5349
1684.2593 1669.5927
565.18 1966.14
519.7 431.525
666.88525 1348.1968
711.0 183.27272
1757.0 724.6786
1106.4286 392.16327
1095.7087 1785.5631
1740.4678 885.14514
921.81354 1279.3898
713.5349 1095.7675
1009.4 644.04
1498.2565 1289.5385
737.8788 251.48485
1887.5845 1690.8312
1851.7241 1955.5862
1883.011 63.417583
569.82 455.82
1550.2439 1011.3415
1491.6666 875.0417
429.19232 961.4359
621.5278 385.72223
1824.9517 1272.1774
984.71875 1095.375
578.5862 1651.069
630.81946 516.3889
869.2778 1800.5222
1495.1757 1968.3379
405.95834 1398.875
812.2717 1275.4674
43.51613 1498.2097
88.13513 507.94595
410.7143 11.785714
470.07144 816.5357
1068.3518 653.6852
654.13513 378.7027
1927.4445 1672.4722
142.57292 262.6875
1651.5135 1063.5541
1644.2214 757.55707
312.375 331.84375
1617.7732 1911.0928
310.35 1854.4833
211.75 1475.7084
340.6857 1437.0857
222.46666 1102.0667
1602.5223 960.23883
1054.1316 798.8947
854.0125 1429.45
304.7647 181.11765
162.89423 1558.4615
1416.6825 1299.1111
1454.6415 1670.4529
1550.9791 964.1042
1161.381 449.5
1622.3695 454.91306
1596.093 1050.721
432.0 318.54718
1057.44 1084.24
1566.2598 897.8312
579.93243 7.689189
723.2973 1677.6216
1806.2712 206.52542
1997.5161 1347.5161
1348.7142 1008.2857
260.4074 86.81481
1035.9403 1172.0149
1522.3784 799.2432
1862.2593 1568.1852
1307.7609 445.02173
18.927273 1638.2
1939.4849 248.39394
1115.129 225.03226
515.79364 1976.3016
1051.826 780.43475
1340.7646 1706.8353
1876.0834 233.88889
1959.0659 492.6813
1056.8928 378.25
1266.3939 356.63635
469.94116 641.41174
1566.5385 237.41026
986.2353 1965.5294
170.85715 736.125
479.88 1298.76
1400.8536 1813.5366
680.49396 1315.9277
1276.5 1675.5
1750.3059 17.0
1775.5077 1100.0615
281.76843 540.5158
201.4 310.625
1743.26 133.56
674.12823 185.38461
1970.2142 774.5
134.71014 1247.9131
1874.9762 836.2222
611.325 1892.2
1920.2924 713.83075
1586.6936 725.7258
1776.1754 923.5965
414.2439 384.73172
1057.44 1084.24
890.0702 1508.2808
1942.3182 131.63637
1135.8096 1831.9524
531.7963 1170.2407
395.0909 102.88312
261.75473 1354.9623
1499.0 1828.7561
118.31111 1537.5778
448.63333 948.4
643.3077 367.19232
1012.8823 1628.4117
1855.5 939.89746
716.29034 866.80646
909.35895 1165.6154
633.899 1044.0
186.29033 1112.5483
231.69737 16.802631
1691.1224 548.04083
255.02817 241.88733
1185.6 531.14667
1829.8214 1247.4286
425.0909 814.5
856.4808 1756.8846
1091.4062 1380.2656
1116.8431 1105.0197
1083.6285 831.9429
1342.5 1022.6071
671.98114 1528.8113
766.3302 397.51886
674.06024 738.1807
1045.0353 1094.0941
1011.86536 1351.9807
1262.573 1430.5393
403.2381 720.9048
285.56522 748.087
448.61905 1026.4762
186.125 641.4583
232.57692 218.48077
1384.44 386.2
513.625 89.546875
1844.5 155.0
211.93549 97.956985
1612.4062 584.53125
648.7143 1698.7142
435.27585 294.98276
735.05884 5.6911764
535.5833 108.552086
1767.9131 599.3913
1330.9231 666.4231
1129.2424 1059.909
1225.25 1772.5454
969.4 853.26
67.96667 1725.0
1065.0139 1075.3055
1257.6154 1406.641
275.8684 1269.079
797.2222 358.48148
1027.5231 951.75385
990.7845 1531.8966
211.5 812.0
1102.72 425.08
1283.8148 1004.5926
1853.6383 987.383
205.7086 1068.2517
721.3889 1442.1389
1975.9121 1012.9121
1183.2821 137.02563
1188.5781 1110.9922
272.47916 904.7083
592.0267 763.0267
980.4828 526.0517
107.08475 20.59322
532.0526 778.4474
548.9109 102.13861
1639.4231 1244.2307
36.808823 616.8677
284.1791 481.2388
725.96 1252.12
1575.1818 1265.7727
1738.0857 859.8714
1531.125 1145.3334
1100.7885 1030.5577
776.6786 1342.1072
211.62857 1292.9429
702.52545 655.339
1316.921 1226.9736
1172.9697 1989.1818
1558.5696 1005.3576
877.9434 475.1887
507.64285 763.4048
360.9785 1688.6237
48.52727 205.94545
1390.2354 554.1177
1347.0613 515.2449
212.3 267.15
869.9733 390.62668
913.84 1480.8
1495.2933 1597.76
1611.9122 376.3684
1448.1364 1032.3182
708.84 384.72
1124.0 791.5
1179.375 827.7917
897.3333 333.04166
1220.037 1001.7778
1799.2821 577.9487
1492.125 148.15
841.63635 938.3333
1627.7097 1145.0322
1986.6216 1383.6757
1177.1111 510.44446
790.4516 129.2258
1977.7142 1448.7
171.63043 1163.5217
1430.662 587.6338
567.0161 1361.258
1367.184 618.08044
287.8387 1027.4193
1970.4791 1450.0209
1157.4849 231.78787
696.2778 652.2963
563.3571 598.4286
1417.862 1696.8448
1359.8 117.14
1458.6086 183.21739
715.0192 847.4423
1819.05 1696.9
38.507248 832.3333
1093.9524 1228.619
1514.069 36.896553
618.83563 911.2055
954.957 1895.3763
20.47826 871.25
1083.6285 831.9429
442.47272 876.7818
663.6 775.78
94.05 1360.3
280.22827 978.5761
1081.875 27.203125
1069.75 412.8125
175.52 1879.2
870.6667 1783.4333
730.5753 227.36986
957.2534 237.71918
718.4844 426.25
120.09091 514.0909
956.7818 1437.1818
1477.3438 763.46875
1358.7 402.95557
302.64706 1612.5
1003.6316 1486.2482
44.441177 329.7353
1084.0571 1684.2
1040.0793 169.74603
40.096775 182.87097
262.85715 343.91428
1589.961 862.4286
975.75 885.5833
497.83582 1068.3433
1422.3112 391.4222
878.2195 408.88617
98.13043 107.521736
1855.5 939.89746
312.64212 1671.579
1277.1884 217.26086
1283.3036 1393.2678
1747.3334 1007.8823
1193.2903 1754.1613
892.5 218.15152
1179.8901 798.9121
978.12964 1783.5186
244.58904 1663.4932
31.3 1654.15
450.03333 408.9
194.31708 64.07317
484.03845 1890.5769
1273.0465 535.44183
526.4483 771.31036
338.30157 1742.1746
377.25925 283.07407
182.32812 1890.6875
674.12823 185.38461
498.5224 337.46268
49.20635 53.031746
116.34042 935.29785
524.84314 366.64706
268.19513 910.2683
1045.0353 1094.0941
492.70456 917.4091
1554.4786 671.42737
1561.3462 1539.3462
622.08 361.88
1289.3077 1858.8077
444.69843 884.25397
1828.8667 1325.0
1216.6333 54.966667
1634.1777 1547.1444
1393.0422 474.0
1208.3922 146.29411
143.19565 1535.1305
698.3908 194.60919
668.8904 747.64386
76.56044 732.04395
733.1017 1855.1187
1299.5891 327.6589
328.79166 527.5278
1584.525 1995.65
1755.2 1276.72
1655.8292 323.90244
435.42374 902.47455
670.86365 199.71213
1512.8064 1338.5968
64.623375 590.96106
1362.164 913.4754
1865.2273 694.9545
1586.7241 116.344826
1630.0656 1641.2295
1190.5172 1732.5172
1862.7826 690.913
1871.8363 195.96364
685.9905 1310.0
672.3276 620.2241
814.89624 323.79245
191.69565 1090.2826
755.85297 583.85297
1846.1566 759.1325
1361.125 1939.3334
429.86 1091.1
65.836365 272.28183
1080.0883 842.85297
1537.7727 591.5909
1913.9056 445.98114
961.3333 1780.1372
1124.7428 1316.7428
1285.0 426.5
1543.0176 1692.4912
500.84058 906.8261
1841.8088 632.2647
1305.4631 1607.9474
861.06665 1647.6222
453.52942 927.5098
1018.85187 1850.1852
1129.4359 1119.7949
1663.5385 1541.4103
566.0909 1984.4546
1541.5178 1317.2858
906.2222 1095.9166
1970.1111 166.8
678.9 1321.9333
922.561 423.64633
455.6579 1324.8948
866.8217 1471.31
882.25385 574.7077
1169.5853 933.4878
56.38889 978.1389
1181.9286 154.04762
86.85714 1914.1072
374.84 847.3467
786.4474 347.3421
200.89523 1106.0667
297.8846 936.2308
1584.6 100.72
418.69446 813.75
1688.8823 1617.8118
1640.2268 197.24742
1330.9436 1768.0986
1126.2858 1331.5476
386.77585 1630.2931
345.87036 1850.9073
1142.7333 658.2
805.1818 168.97403
1400.7885 687.66345
844.5135 435.4054
1741.0952 1525.0714
1948.7264 283.4151
233.3 1482.425
1725.6222 15.222222
1548.4865 605.0541
23.526316 172.92632
714.1053 1692.6316
1590.8102 216.89241
1474.6383 130.38298
904.1739 599.34784
1342.8334 1080.2084
1010.5395 1389.2764
646.54346 541.36957
1595.421 13.368421
456.02942 1117.3823
1200.2 1183.425
897.9836 363.2623
1117.1765 1003.7647
603.66974 1073.0092
307.8889 744.2407
1646.9535 1217.9767
1070.6383 1928.5319
760.9114 992.88605
36.88889 1374.2222
1760.4083 928.475
453.40244 202.02438
312.32925 1931.2073
1272.76 1147.84
204.14285 33.333332
1844.325 1392.225
1594.9323 1306.8983
1089.8707 1624.2328
798.5 1766.8334
1694.9592 1934.2449
570.27185 1134.7961
1422.6094 1736.6562
136.83333 612.5641
868.98505 413.02985
71.70588 972.5
1960.0 1930.069
1011.5926 1595.0741
948.12823 1101.9744
40.09756 1553.9878
1177.1111 510.44446
258.40594 1339.6732
1436.0759 148.40506
1820.3281 553.21875
1299.25 889.4773
206.31818 1178.0682
429.63635 307.04544
946.21155 496.8654
233.9804 1586.0197
336.64487 398.64487
758.2778 1178.0741
973.2 360.2
600.875 666.3333
1213.3214 1761.5
876.70966 1130.4517
893.2059 518.7059
331.0 1167.875
1448.8788 1581.909
1601.7174 209.73914
1771.3695 327.73914
1369.04 458.38
435.57144 1462.381
1220.6907 1609.5155
91.90909 33.696968
1740.4678 885.14514
91.30666 1046.1067
456.11594 1056.5508
632.01086 1862.4022
1832.871 54.15054
401.1154 1487.8462
1520.2424 1248.1212
508.47827 1943.6086
859.0 1016.5
220.60869 1923.4348
1063.8422 3.4210527
1395.6346 493.6154
766.3302 397.51886
1267.196 1087.4706
413.4433 316.56702
131.44827 79.56551
637.3415 887.6585
544.875 1106.5416
779.4595 497.0901
1258.3077 913.64105
1101.2373 1125.9153
961.75 1461.7262
1349.79 756.19
1663.2916 1039.2084
1246.6964 774.0536
1534.8269 585.6923
256.1356 957.45764
1922.0 624.0
1884.3269 1220.5
1467.2927 1582.317
1978.6938 1580.9387
1247.52 153.46
1587.1945 1265.2778
1857.1578 1813.3684
1302.3226 215.87097
644.1385 1942.6923
262.4203 29.57971
618.6288 171.79546
955.64514 1802.5322
1323.2958 663.39435
1611.5773 187.16495
1162.619 211.2381
1634.931 1017.4138
945.12244 1739.3673
977.4318 614.5455
1735.6154 288.09616
951.325 1022.85
706.1064 975.19147
497.89285 1451.1072
824.12 1372.46
411.4035 251.85965
507.33334 1661.5
980.63336 98.78333
1762.7333 508.06668
583.93616 1236.3405
204.53847 261.28845
721.3889 1442.1389
724.4386 1412.7368
1901.0819 479.0246
475.625 855.5
235.90909 1964.909
878.2195 408.88617
1961.8933 1637.9467
1400.7885 687.66345
738.36365 1037.7727
131.10811 104.810814
425.36667 1197.3
1209.4706 1410.4314
25.68 201.88
563.3571 598.4286
1602.5223 960.23883
993.875 532.6477
1281.3462 434.71155
1071.0385 558.4231
1607.3557 1985.4231
1832.871 54.15054
487.0 1229.1364
359.55173 299.31033
508.47827 1943.6086
1545.4138 684.7241
1386.4409 1471.0107
1205.7876 1500.708
1871.74 520.44
998.64 501.76
295.69766 740.5349
1470.2 912.9
160.25533 744.56384
1020.9747 1927.8607
348.94736 649.3947
1534.1428 730.7273
729.4898 49.0
155.90909 416.0909
1629.3623 1291.0725
564.3125 913.1875
216.85715 215.19048
927.5405 679.2162
1933.3077 148.1282
1428.2449 1988.5918
262.25 1218.7273
428.80646 370.6129
49.42857 827.375
1763.0682 677.11365
1569.5522 1578.0746
1271.0394 843.9474
1786.6794 175.97437
925.1795 465.07693
1305.24 70.16
1507.6777 1236.4222
1109.5143 1575.6143
76.56044 732.04395
1019.19354 915.8387
1706.6624 890.62823
142.09091 907.4545
96.57143 1293.8572
1778.7833 1155.7
1856.826 1160.5652
595.9429 1692.9429
797.7213 820.4262
849.0 1856.0
828.35614 323.34247
190.85 1251.9375
908.4125 1456.3375
1449.5082 846.3771
265.07 751.15
101.54321 79.666664
468.91428 855.54285
1734.551 252.81633
102.78261 714.04346
839.9423 945.8461
447.05713 958.5571
275.2 1528.05
1614.4926 463.16418
1405.3507 388.38962
1037.8 344.5
1618.1694 18.237288
1542.8167 971.06665
245.0 841.0
1469.1136 1590.6136
1913.2916 839.1528
59.37143 665.7943
1544.5883 1927.9117
721.4516 405.3871
416.0435 298.91306
1983.0714 1062.1904
1107.0145 1094.2898
231.6129 686.3226
185.64815 189.44444
11.5172415 908.7931
1282.8 1861.7333
262.125 427.0
13.734694 1106.2041
1506.6666 418.13794
396.93024 1374.3489
888.59155 1480.4507
# COVID_SAMPLE_8_ROI_1
938.6071 1905.0358
1567.9872 908.2436
1084.9678 1156.6129
537.3333 1898.6666
786.5192 142.90384
1131.6538 710.6539
1424.0 1166.1364
1322.6936 1911.1451
85.54929 1176.5493
1112.4667 1010.6445
325.4909 541.3
33.28205 415.94873
1000.119 106.666664
218.78787 1063.2727
1513.6029 1234.7941
1469.5974 800.63635
1688.362 1023.2931
737.55554 284.1111
111.810814 93.83784
1563.2433 1460.5405
1131.7028 1666.7567
241.56 230.92
1098.6957 360.21738
1056.0763 557.9407
1151.869 50.67857
916.1212 642.4545
1167.8125 1667.7188
66.28302 373.4434
147.29851 363.22388
1782.186 668.5349
550.3571 240.17857
239.33899 935.0847
1690.7465 138.85916
1657.9429 940.65717
706.1961 202.17647
1857.0677 1032.5424
1244.8904 756.6301
679.51514 1191.4849
787.2625 831.5125
717.3511 748.59576
260.37143 201.65715
1138.3545 462.29092
1363.1666 1611.2667
726.5806 567.5806
1907.017 218.59322
1790.1875 474.52084
1131.6538 710.6539
416.88373 1070.8837
320.54718 339.92453
339.51724 203.10345
225.375 1222.25
1760.6731 1973.0577
373.3913 547.7826
1165.5555 1913.9259
1801.659 167.09091
1187.02 573.48
1735.4286 406.88095
1383.6451 569.4839
6.085366 1693.9512
1003.8019 501.07547
551.0 1153.4615
893.3095 334.11905
560.902 348.17648
1873.2153 278.95386
719.44775 577.3731
1759.0667 527.6222
321.5 1062.8334
142.65625 1903.5781
768.02106 240.61052
786.5192 142.90384
93.30769 342.76923
1978.5294 416.14706
233.62712 336.88135
236.16667 246.9697
1639.0862 513.18964
1356.8462 1204.3462
776.175 149.725
11.095238 1175.0238
1168.6129 463.5
1769.0294 1639.0294
1923.42 430.46
1791.3 697.26666
714.8542 198.20833
111.71154 1340.0193
893.5208 99.895836
1243.4524 293.8095
1105.2587 1011.7586
1807.2346 779.7778
1093.625 1831.6041
1204.1666 1541.0167
1742.3334 1258.875
1201.708 484.32742
1305.0625 426.89584
1754.6666 513.4023
735.44446 1648.4762
1425.5227 574.2045
989.96155 553.9231
1610.1451 1549.4193
363.38358 1366.3972
1199.0178 223.30357
716.2516 1788.1447
286.33334 738.6111
128.57143 1342.3928
197.42857 1531.6735
1977.9902 1795.9902
1388.8102 299.8059
330.83145 703.73035
154.91429 336.45715
1653.871 1205.9354
1148.4166 380.70834
1016.5208 186.08333
369.89655 1644.7587
681.45 461.65
1563.0 1963.721
1383.6451 569.4839
481.39395 1686.1666
724.1591 184.25
1275.36 1207.38
1408.2046 440.93182
482.0492 300.62296
838.9091 647.8182
1332.381 1247.5714
1639.2787 1364.1721
275.10715 103.935715
1880.8462 839.2692
810.0 327.5
540.0833 453.97223
409.26154 1352.5846
969.53845 1931.7032
916.1045 1189.0299
435.89285 960.9643
424.53845 238.15384
1984.0217 1131.9674
1333.2589 1703.3928
1571.184 604.32184
1594.2174 1964.0869
1269.3889 643.94446
110.325 663.275
633.0 953.4787
1888.15 156.39166
1090.4517 494.58066
882.0 839.2647
1212.9736 503.60526
307.6 620.88
1801.6227 140.98112
1098.6957 360.21738
506.08334 1430.1041
240.53703 885.0926
1303.0731 282.43903
1352.4615 291.41025
292.92 347.12
1418.8792 1140.4615
361.25583 1440.3256
1661.8572 1902.1904
1036.5 251.0
1342.3036 575.8214
897.3158 472.3684
1129.0 1945.125
1545.5927 144.74074
668.12305 1773.2
1417.9474 1159.386
1351.8529 634.05884
240.33333 385.5778
1142.7678 885.5357
1022.27905 644.407
945.20966 1709.8387
676.1905 362.77777
1504.2106 886.1579
1940.9059 152.23529
1365.6438 1136.0137
449.2449 222.0204
1085.0444 96.71111
796.72 1813.82
797.1194 708.19403
1813.9608 910.6961
540.0833 453.97223
186.0 905.871
1316.3131 1994.2122
939.5526 448.3421
298.50723 1814.9855
826.0244 880.7805
1533.8572 1511.4572
1316.3182 1433.8939
148.3125 1119.4531
381.85367 11.146341
1400.4103 1195.8462
339.6579 150.97368
1271.0 1413.3768
1906.0507 155.7152
1563.7826 1446.0869
116.42857 1234.4464
637.0119 1722.262
553.3514 385.3243
678.5155 6.689441
816.22107 544.33685
1658.3334 1197.4073
925.34 310.34
684.75 1574.6072
1363.5818 537.5455
1705.5344 331.31033
352.48077 161.25
1868.7875 1479.775
1472.3766 1340.0779
630.38464 1521.3846
991.95715 520.3714
1540.125 1752.7916
457.56668 1828.0667
481.39395 1686.1666
1348.2041 1771.0817
1561.0769 602.96155
420.42307 372.83334
535.15625 319.375
829.38556 1967.506
1433.14 844.64
757.413 1772.2391
999.2121 275.49496
460.21738 411.4203
764.5895 755.34735
1622.8551 1885.4637
1436.915 1169.7452
150.3108 329.85135
1498.3214 1921.6786
356.5283 1644.5094
463.075 1799.15
1207.6296 530.0
1583.5846 565.73846
819.27905 537.7907
581.8823 151.05882
1408.5714 1804.5714
1429.5933 1175.2881
1426.9122 1359.8948
946.9924 1407.145
1097.7015 1582.4626
1560.7273 139.09091
1155.3903 442.34146
253.42029 1670.5797
1433.582 1997.8806
979.04346 476.85507
356.3784 709.56757
1814.2153 777.4308
105.47727 541.6818
835.6667 886.1429
575.4074 240.51852
458.84744 193.76271
521.47675 119.54651
1148.4231 264.5
1875.5555 148.87038
1587.3867 1470.4933
1558.6774 1602.742
1775.8359 1223.5
1270.4667 109.30476
1658.4387 1052.1531
1905.1786 1015.0714
1067.0638 170.44681
362.95456 134.65152
1589.5358 1785.9464
650.0 473.08475
1756.32 918.08
490.07352 528.19116
498.5098 1604.6666
565.0248 595.8926
1054.0 1111.48
1284.3563 722.56323
1763.8312 1910.4286
1845.6171 1330.5957
229.2745 1216.7451
577.23254 525.1628
801.8372 186.77907
429.55 1715.8
606.65 224.3
877.9241 1782.3544
283.825 197.525
14.093023 973.51166
906.6667 167.24243
139.09677 247.2258
650.07227 1545.9277
652.07574 1060.2727
283.71265 982.9655
835.4309 661.37396
703.0 211.34616
1725.1122 973.72894
825.13434 914.1194
1748.88 694.3
1139.9718 1037.5071
1891.1449 762.68115
698.25806 790.35486
1040.2858 840.50793
855.02704 543.7568
948.92 658.22
1066.2526 906.3333
858.9149 173.2766
590.75757 147.33333
1169.3636 903.8182
1447.2407 1152.3518
1145.7808 1971.8082
769.76 1966.64
1164.909 839.9091
783.2222 172.37038
1771.8916 559.50604
257.4074 251.64815
120.55319 1204.9043
1611.2439 1255.9512
1241.2667 464.64
776.175 149.725
954.50616 1856.5679
912.92 1355.82
275.09433 1620.9056
1384.0244 923.9756
1098.625 224.27083
1797.7307 521.96155
820.8525 426.5082
1926.52 1278.02
1906.0834 175.0625
900.5179 77.05357
494.1143 130.2
611.25806 50.032257
909.8209 847.08954
959.17145 565.88574
1412.9104 68.13433
1297.3933 826.94385
376.59525 1550.9524
1283.4 1217.04
415.23853 552.00916
495.16364 1234.4728
24.7 1305.6
1365.1791 1665.8209
1883.89 1193.81
1783.6072 1066.1786
1817.2128 681.0851
1538.2115 1117.7885
1011.3947 275.5
1526.4697 1579.5
1562.0 1263.6863
85.42748 60.015266
1383.75 117.57692
306.15872 921.1905
229.98148 532.6667
1180.3771 434.32788
853.2 300.2875
865.69446 1170.7916
1328.9857 1577.8429
1353.75 1704.6875
296.66666 197.71428
1398.9524 657.6429
1419.6154 1372.9231
818.6071 128.07143
632.7037 947.55554
1687.3302 78.18868
1296.3226 1378.3064
1914.2 854.56
1405.7727 65.22727
385.07144 168.10715
1698.3103 1290.931
541.34375 1164.2188
1116.8214 1563.0358
1433.1936 589.6774
68.18868 1827.6981
1709.0215 1429.8214
455.73685 149.78947
1322.6936 1911.1451
1647.0938 1398.2812
1048.9532 346.27103
131.2125 603.075
1307.8667 1154.1777
825.7778 323.65555
680.94366 1216.1549
191.2987 399.12988
1692.1688 954.36365
1929.7457 1878.644
682.36 350.84
732.56525 1806.7174
1805.7059 1004.17645
1657.8125 454.41666
32.939392 706.4697
418.5 656.425
109.3421 1365.5526
1805.375 908.9844
1442.3704 1976.7778
1846.8792 1546.033
255.23077 1055.359
283.71265 982.9655
1290.3292 293.04877
1642.1041 1208.9166
692.5333 174.83333
1366.5254 53.16949
576.5319 186.89362
883.39435 361.07043
1184.5807 835.35486
1542.0652 479.36957
1034.125 74.666664
747.5 1422.04
1712.7 365.9
119.34615 346.34616
1023.625 1405.0312
1512.7826 1273.9131
1511.4667 1377.8334
366.05554 1343.2593
109.2 151.0
446.88235 780.91174
1578.3352 1319.8324
1890.0 725.4146
1696.6666 419.3
1194.0555 230.14815
307.30157 799.92065
706.1961 202.17647
1092.4407 1553.0339
845.4783 1998.5217
641.13043 453.34784
1105.2587 1011.7586
180.51515 310.75757
1892.8298 738.55316
779.6721 541.59015
1847.875 698.3333
807.69446 263.52777
170.56818 293.45456
1424.8628 844.4706
1194.1562 645.8594
1495.463 800.7407
420.29413 294.89706
463.17648 805.2549
1383.75 117.57692
1006.2353 1414.5883
26.953125 256.76562
907.4915 579.4915
802.28986 719.95654
417.08 683.4133
515.5405 1394.4865
848.9778 423.33334
1074.6123 291.1837
909.0431 1844.7413
1925.9811 21.924528
776.73334 1673.0667
1472.5552 1673.3346
43.142857 672.4898
378.7736 688.0566
84.244896 1237.3265
715.7863 968.52136
244.34314 572.3039
1120.381 1854.6666
1710.6892 943.6081
1194.1562 645.8594
385.01852 731.5185
1311.3715 392.05713
1225.7693 733.62823
773.3803 1171.2113
1410.5223 1772.7313
1514.5605 1008.7879
1078.7705 994.9508
1892.551 168.9796
945.20966 1709.8387
1374.4286 1886.8286
677.64386 17.39726
1344.4921 330.6508
960.7647 183.17647
1333.4546 1926.2273
86.270836 112.4375
788.0755 629.43396
1316.0273 444.71234
1343.9872 1597.2821
658.4792 1045.9514
262.0 302.68085
45.09434 1992.8113
1214.1111 1226.6349
1688.7576 479.81818
1365.3334 1555.5
1946.4354 1591.7742
292.81357 1244.339
1036.8582 1002.81757
140.14285 1028.8572
1568.1143 518.1429
577.0294 642.91174
1727.3055 800.2222
1243.2063 985.873
1589.6285 1253.1238
351.69565 1010.6957
121.14173 1897.1969
815.56714 795.28357
293.0909 304.9091
1012.1818 919.8182
1964.4651 1644.093
408.4 201.65
712.73914 215.5
1683.1224 1849.7142
1254.9678 314.51614
1365.1791 1665.8209
538.1087 1429.7174
480.12 1217.3
959.17145 565.88574
934.8 1102.78
1707.362 1465.1724
1484.0333 499.0
416.88373 1070.8837
1369.1777 874.5333
1830.4814 1494.1111
304.97778 1096.0444
1487.7931 1648.5862
1275.918 1131.2462
1563.6195 1373.0869
1735.0 946.9286
1538.5 365.3
189.5 66.86539
298.42856 906.1905
473.32925 839.2317
1581.35 1775.47
928.0789 553.0921
1801.659 167.09091
1509.1666 1361.7222
1388.6111 550.5278
373.6 112.08
1297.44 696.92
199.45 216.01666
1521.75 1965.7667
261.83722 94.48062
544.2857 355.94287
838.6719 143.46875
306.15872 921.1905
1093.6428 1215.1786
679.67444 1563.279
1915.403 1947.7462
839.13727 572.94116
979.5783 327.03613
491.81372 870.4216
506.24445 438.55554
1642.3513 741.82886
1312.4634 726.29266
1710.5466 1150.6133
1003.62665 370.57333
193.06667 1075.3
715.7863 968.52136
1590.0892 470.26785
1845.1892 647.32434
801.2895 17.68421
568.56665 1194.5167
1877.8334 1742.6666
1713.4773 898.9318
560.0 1240.5
913.3333 1019.5333
22.666666 1761.2709
960.51166 402.93024
730.92206 862.8831
1567.0233 1565.5814
475.9565 1804.7391
284.94446 173.55556
253.51219 238.92683
1645.641 59.897434
490.65854 1422.9512
454.689 594.88995
248.0303 696.74243
1317.0 636.98
1844.2483 272.71725
1022.27905 644.407
1923.8823 230.11765
617.9355 1304.3226
1371.7833 1388.5167
551.0294 593.7059
138.91304 548.9783
1486.5428 1625.9143
1075.8445 1255.4222
128.14084 1102.7324
1427.5212 1689.6809
1034.125 74.666664
491.0 683.5
1727.1451 603.0968
919.02856 467.74286
560.44116 154.70589
866.56 1184.92
1559.4054 1795.4144
667.86664 493.0889
1767.3187 1440.9812
1568.8772 1396.9474
913.3333 1019.5333
474.65854 1155.2195
419.6316 272.807
1898.0 1953.0
1446.9642 1364.1786
714.9583 340.91666
1417.6714 531.4
1328.0769 1361.3846
1436.915 1169.7452
756.0595 1098.262
443.38776 607.87756
1365.6438 1136.0137
688.7632 188.02632
1026.6989 1576.8434
839.4 627.4381
1890.0333 314.55554
1193.16 997.0
1809.2572 1520.7715
1440.0 466.0
199.45 216.01666
265.51065 1800.8937
1397.2433 131.21622
1802.7297 1667.6487
578.3205 1183.2565
1620.9661 1271.7797
530.0741 1166.5927
960.1889 1363.4889
1025.6957 1630.3478
1771.5 807.5
1194.1562 645.8594
304.5091 490.41818
677.64386 17.39726
1752.75 178.31818
911.548 1669.4247
1438.4828 742.89655
453.8904 1916.2192
1440.7678 959.6429
711.14813 1608.0
1717.5272 937.07275
809.3571 218.14285
1352.439 126.80488
485.28262 648.93475
1279.3438 971.0
182.8 1512.6666
725.4839 495.6129
423.12903 1087.2903
528.5 1556.0
1029.5927 487.22223
1201.8 426.09332
1870.6538 685.25
1874.8136 1111.9153
969.6053 931.5
1768.6471 1206.2427
634.4 1834.1333
621.7241 1254.2759
1043.625 1835.3021
1292.1177 733.4706
1571.184 604.32184
1311.0975 1406.0975
334.19354 333.09677
514.4286 1776.8928
1581.3163 1869.7551
946.9924 1407.145
330.52173 1167.0435
528.5 1556.0
338.96722 1516.336
256.4634 22.073172
444.0 438.0
1696.2524 467.81552
392.51807 1377.9036
739.64 276.32
638.4865 579.9459
266.57938 744.3889
768.5472 223.56604
1483.9539 1997.9846
542.8246 1313.614
1341.9166 526.0
498.125 195.0
1928.5862 1098.2988
244.34314 572.3039
244.9647 4.9764705
1940.9059 152.23529
1345.3625 341.6625
266.57938 744.3889
1344.211 655.7889
208.6044 738.3626
656.975 302.675
1964.3143 1422.1543
1515.9111 473.71112
464.07272 709.6909
403.9 558.15717
604.8 287.08
1057.826 316.73914
827.7528 400.89886
1177.1177 892.35297
717.2727 1653.8636
1519.9271 1654.875
372.26315 1744.6316
1421.6061 1362.1515
960.4727 168.52727
226.98529 332.7647
991.95715 520.3714
1982.5358 761.125
1757.875 332.66666
1563.9636 1026.1455
670.2432 1823.9459
1112.1052 209.8772
1740.2572 1021.7714
719.44775 577.3731
240.33333 385.5778
1064.037 477.5926
1060.3628 462.12744
1584.7916 193.72917
1826.6 1537.0308
1093.8064 1168.3871
1839.8298 919.3936
930.60657 1667.6394
1104.2319 1662.9275
690.2727 875.48486
293.10416 1619.3959
1402.3671 277.13925
1513.1111 1510.4814
1683.9783 1206.3478
179.03572 894.5357
48.61905 324.87302
1893.2646 174.91176
1175.6342 501.73172
1717.8837 1516.1395
1520.449 599.551
87.51667 1255.2667
1598.0555 965.2037
421.67242 1456.6724
1685.395 1786.9753
1853.5454 1368.5636
244.25397 1257.2858
1353.0 187.39189
615.40625 1209.2812
1690.9183 474.4694
976.95746 431.8085
1196.2759 798.2759
1311.3715 392.05713
1519.1904 1033.5
264.0 1260.8055
1738.2433 1532.919
808.319 386.60345
85.83077 350.6154
1459.0857 1606.6857
801.625 1104.1562
1290.3292 293.04877
1377.3643 1584.3245
1078.7705 994.9508
1891.1205 134.747
851.4186 1702.6511
1102.5625 1005.5
246.125 65.26838
1568.5889 789.9667
128.57143 1342.3928
1181.247 929.64197
76.51163 411.83722
8.926829 374.10974
215.64865 97.675674
158.04082 1990.2449
520.64386 1207.5068
635.70966 727.4516
815.49384 323.87656
781.0476 520.1667
821.8 741.5714
1782.186 668.5349
1039.0769 110.051285
965.3461 1667.141
1814.6216 1813.9595
702.9091 815.69696
1424.7097 1981.129
136.425 1915.425
1035.862 302.82758
1232.2188 108.625
566.7143 501.7619
1975.0194 676.4466
1491.9131 92.78261
517.69354 612.5645
786.1786 785.3929
1739.84 1045.5734
589.3137 532.0196
768.3125 674.7656
990.381 74.2381
1458.6177 92.5
1266.24 1110.9333
199.45 216.01666
809.93243 295.98648
1554.2958 1436.4789
419.42856 1354.8928
1277.8654 1839.4807
1933.1887 224.15094
765.38464 430.25
1487.2703 726.13513
1146.2433 830.67566
678.5155 6.689441
962.6429 499.3857
1417.5 1554.8959
1520.449 599.551
1125.5385 189.53847
526.1579 1250.7192
932.5 135.5
1122.8182 481.30304
855.0 1714.0
978.02985 357.14926
1292.3231 333.8154
1090.5 1065.7858
1696.6666 419.3
1748.8545 1581.9454
161.13043 1997.174
667.4286 176.22078
1542.2421 1723.8527
375.39395 1662.0605
1258.44 972.68
11.641509 1956.3208
1838.9143 717.5714
45.09434 1992.8113
230.19719 114.478874
962.32355 1207.4706
1031.3243 180.94595
65.5 1838.5
1921.3395 1416.6055
# COVID_SAMPLE_20_ROI_2
488.39047 1008.1524
1150.3036 1633.6786
1749.7949 1864.4103
292.7619 585.5833
271.50302 1752.1333
773.59015 727.2951
1834.8916 640.62067
365.62122 145.16667
298.6174 350.89566
1175.9028 1608.9584
252.96153 386.5
916.519 26.088608
1745.2197 1591.3187
1938.0618 568.55554
183.7807 1540.1492
1377.7954 767.75
1124.1957 1860.0217
1238.1515 1427.303
1845.4419 1600.721
554.63104 566.6796
232.92308 683.88464
1282.3715 1406.0476
620.3461 561.0
1402.3906 700.71875
1019.34485 461.2414
406.75757 240.0303
574.13635 961.0
191.3349 873.9623
43.65493 333.89438
490.58463 999.26154
1372.9546 1780.7273
179.69048 1790.619
888.35297 1531.7843
1.6734694 920.89795
449.20993 117.30534
834.09375 641.0625
64.882355 603.5529
1892.7843 1637.6372
1403.0385 882.11536
1606.0 1345.0
880.4808 580.28845
1730.8158 194.63158
1563.9722 1101.75
202.96666 1583.3778
596.01575 1600.7559
1461.6552 603.0
1276.51 698.31
222.45653 780.337
1698.2805 1240.878
1287.7736 1680.585
1097.8141 1666.75
1361.5701 690.3364
1194.3112 1300.9
1432.7778 1786.5397
839.84314 122.960785
756.8095 814.8571
1319.3833 746.0833
922.8591 425.36243
1165.5883 1992.4559
1693.1638 430.5862
1800.75 952.61365
1198.75 521.8036
1236.7693 767.81537
1133.7156 1866.4128
1934.7197 71.09091
685.8224 1124.1578
1799.0128 1625.0769
525.8158 614.5789
1659.9056 1833.4906
65.84091 1799.8864
777.6739 1167.5652
791.5536 274.17856
217.86842 1274.1316
202.81818 1161.091
676.2414 1040.3563
1075.3851 1133.1038
608.12964 1019.35187
476.34 1100.84
52.22034 1701.695
1143.7264 927.9528
199.34906 361.5849
1557.6875 1833.4375
1044.0 413.9655
397.9739 1532.5739
452.47272 772.8
290.62686 559.607
364.10257 1691.6538
590.37036 651.7037
211.34848 1871.9697
292.7619 585.5833
1366.0182 1086.0728
269.177 1961.4513
1041.1783 310.1744
963.08246 703.70105
304.04065 1402.0
1826.4833 431.88333
737.7167 1066.1833
1090.4878 242.07317
1558.8889 403.5
1698.2805 1240.878
768.3871 1117.4517
979.37976 1347.481
1485.3243 217.0
1704.909 1325.091
8.390244 534.5854
202.81818 1161.091
1018.3077 147.82692
1906.5428 1727.2
1027.5731 1000.4878
856.5 553.3148
1666.2333 1464.9333
775.4074 1235.9259
852.31976 1006.0872
1148.2642 1946.2264
1776.625 1320.375
965.64813 1627.9259
738.8026 1616.7894
1574.7471 1359.6207
180.54651 1834.4302
819.3461 1054.9038
442.55554 840.4815
1646.9479 369.83478
1866.375 778.5
1508.9678 1201.9678
678.8387 1264.2903
78.431656 208.1295
553.23956 167.79167
97.81633 1136.0952
1866.375 778.5
1830.13 996.77
314.01135 441.4659
1528.1351 378.45947
1711.2179 1231.1282
221.12843 1543.5138
208.09859 903.662
1377.4435 575.0696
1738.8572 15.857142
1812.3518 914.55554
302.67175 738.0305
904.3291 1185.4177
1435.16 1718.2
1890.6765 1487.3088
750.4151 1768.6038
1807.6818 418.56818
1127.1127 1506.5634
1706.9138 996.18964
1094.6123 1028.2858
1167.16 1355.64
911.8525 89.42623
484.7903 422.6613
1826.4155 609.63635
1881.2413 1963.2413
116.613205 1068.8396
21.598085 799.6124
493.97778 1668.2556
543.36194 333.8589
183.64 425.84
1062.434 877.5849
762.9655 439.10345
118.0 1205.0294
1625.1282 619.7692
1131.1041 1241.1459
1532.3738 685.3131
1388.0406 1332.4147
1158.9474 602.0526
1160.4362 1325.9681
751.1579 671.1842
532.2222 738.55554
1663.2593 1182.4445
1554.0 1383.0
1044.0 413.9655
16.821053 1938.0737
1599.3055 1104.2778
1121.24 1891.32
131.99306 226.21875
1749.1559 66.88312
1919.3566 1650.0543
1640.3403 669.7778
194.8 541.4
180.80646 855.29034
184.52293 1011.4312
1665.7971 359.32367
1079.463 1174.1296
721.21155 861.7308
1244.2113 811.1268
1069.0 1911.0952
1088.4948 1937.579
679.8232 776.061
1692.6666 1629.5
1041.0286 830.47144
1199.2593 1199.8334
1427.8674 548.9759
292.46237 1277.9247
559.1736 849.2149
1270.271 480.5327
1714.1167 1733.8833
52.366665 1677.5
391.41934 1005.5484
830.6129 1816.3226
503.0 513.0
658.1184 754.7368
1551.3232 142.1635
255.51305 1962.5913
1589.1666 482.3021
1273.0333 1299.4
1511.5167 303.575
161.59091 589.7273
940.0161 1572.4839
690.85297 125.44118
719.9655 356.83908
225.10577 1271.0865
1490.1818 1441.0364
1858.331 1627.2689
1267.2632 1933.3948
1676.7285 496.6
1711.5 513.4667
271.67328 1947.8514
1369.6666 1158.8334
551.6307 1422.1989
174.09091 1372.1364
833.2804 1771.5421
1322.0 1583.1603
406.75757 240.0303
63.509434 716.1321
1533.5344 807.2241
366.49484 1299.1753
1750.232 819.696
1957.1666 1186.4166
942.04346 1643.3914
1793.6562 638.96875
890.2286 1997.0714
1650.9562 742.8684
1103.0975 223.82927
300.35632 1455.2413
1592.7441 881.44183
1366.9592 1491.2041
181.8077 1363.4615
1535.1628 910.3876
887.7938 1728.866
1191.2102 72.55414
1709.6171 1428.3191
1036.7587 616.4655
306.28204 1788.3077
592.86664 1802.2833
524.13696 278.1507
1702.75 1075.0358
678.0645 622.1613
1624.3096 1525.4524
1156.443 91.63291
729.1667 495.14816
1834.743 1352.0795
485.86957 132.80435
32.30986 360.23944
1659.5657 1034.4849
1659.6915 1233.6915
295.66666 114.86667
509.54782 125.9913
1143.0204 1383.0613
177.38298 724.0
1897.962 319.3291
1180.8064 1873.5483
1148.6608 1261.75
117.59649 72.76316
1300.2386 268.10226
967.2143 1028.4714
1880.6964 1824.2678
1636.2424 1040.1818
586.74286 1549.5286
1410.0448 1820.0597
1525.9038 1057.0193
565.1746 154.42857
570.6916 1445.2804
1521.5714 537.4286
1112.7333 682.37335
494.50516 643.41235
1340.9763 207.76378
839.16 397.312
1708.0319 969.70215
134.48148 1906.3611
771.0303 1938.1818
557.7037 447.94446
1861.1565 1802.0609
1068.5532 1044.5426
1948.6704 1541.3636
1273.1 1460.74
913.075 1652.125
983.8333 1572.3889
233.09091 561.7727
283.15494 641.3521
754.7778 1150.8889
1322.303 438.24243
1041.1167 83.03333
1578.8125 193.3125
123.95349 598.48834
1888.9454 529.57574
1219.6268 1623.7465
1473.7434 1545.6549
875.0455 780.9091
1175.1818 1163.5636
445.85715 540.1905
1786.0583 1952.4672
545.9647 1725.6941
1186.1493 1979.6119
1455.1138 1684.8374
554.875 294.225
554.875 294.225
1871.3914 175.17392
671.3684 785.8224
1516.9678 206.6129
1891.8 569.05
1245.2338 1280.1688
923.0 456.32352
293.47272 1839.5237
567.86365 1322.7424
1151.9348 1737.4674
179.22807 1195.8246
785.42224 1569.8223
154.95699 17.376345
1507.1632 1347.4897
643.5849 178.24529
772.18604 377.09302
100.9 1472.0667
371.04877 1077.683
1371.4095 1437.1143
1203.0 1729.8022
1297.7821 1182.8462
1441.4237 759.77966
509.54782 125.9913
1517.225 882.175
1675.5055 290.83517
314.88312 1780.8441
314.88312 1780.8441
1335.7916 1634.238
52.22034 1701.695
286.53226 808.0161
1088.9579 1144.5157
1736.9231 906.38464
293.2903 108.19355
185.55173 1107.2069
823.15576 1797.2377
1048.6562 1636.9219
1035.3273 1361.2363
1498.9524 909.6905
881.73334 995.95557
1513.44 893.04
767.73914 1663.8478
95.379745 1699.038
1654.1498 1378.5989
1400.2413 269.13794
783.49316 117.91781
274.02563 1629.3077
1291.68 318.36
1129.1936 722.8226
1565.4474 935.7632
1742.3143 575.2857
977.08044 1028.8506
1668.5714 1807.381
1565.1777 1116.1888
1408.0878 625.7719
175.28 1888.28
771.5377 150.31133
844.275 1815.175
124.85714 1007.1905
736.0 3.3888888
1317.2307 689.9077
580.82666 414.26666
1366.5634 1808.5071
554.0247 782.1111
1325.317 1527.1586
96.29412 650.85297
984.52844 1898.0082
360.21817 1142.8455
864.60297 785.5147
759.1028 964.17755
129.61655 181.5564
110.525925 1510.7852
889.30304 1002.9091
878.92725 1840.9272
1302.6608 1262.7589
1562.9143 874.4286
1676.2826 1048.5
282.1111 1949.3889
724.3333 1383.7778
1752.2881 1649.9323
544.185 42.734104
149.70338 1200.8644
1940.5161 674.3306
1204.2903 1276.5161
200.57576 1116.4849
725.1818 102.375755
20.097403 1299.3961
179.80992 910.15704
702.2414 118.56896
1358.6277 1039.0957
1080.66 836.24
1851.0682 22.613636
419.35938 1913.5938
864.7436 3.5641026
541.871 799.07526
1251.3846 736.0769
1610.591 425.4091
605.3945 1427.7432
1284.8934 448.96722
1616.2683 528.1951
1907.0685 348.0137
1975.6611 659.4215
1358.9346 1293.1869
570.25775 732.71136
1885.0769 1692.7019
1134.2874 462.9885
615.9167 1395.6389
954.025 1071.875
1096.5 1713.0
252.20833 852.75836
319.20618 1798.634
1359.0 926.0597
1277.0194 1073.4271
626.375 871.6328
100.706894 842.9483
278.77777 1129.2778
1416.075 1757.7625
1899.805 1026.9153
126.49412 1630.8353
625.5 1978.4166
1129.1936 722.8226
1228.5264 371.28946
212.98676 651.03973
628.625 841.625
1975.96 306.48
43.65493 333.89438
65.95238 721.1905
1276.3707 1390.4224
39.0 894.91895
1101.8096 1104.2858
1110.6046 522.3372
1752.631 1744.0476
1020.40955 837.2181
349.58984 795.2383
989.2613 1803.7838
496.2819 1635.8859
1336.9824 853.5789
1025.7606 1790.1691
166.66667 95.50667
170.09279 584.63916
1921.4681 1660.766
1284.8934 448.96722
1267.2632 1933.3948
1941.8534 1425.0266
336.41025 1775.8462
1172.3064 616.5242
608.4 1710.1555
1793.6289 159.5849
579.3796 229.62773
429.07608 1385.9457
815.7619 1764.9524
1846.9333 924.2889
768.7561 972.4146
1394.5217 1154.0217
653.7959 1376.1837
1048.1172 484.10156
872.6308 271.4
902.06805 365.7755
1030.25 937.8214
1115.1666 452.2024
737.5143 268.7619
1805.3265 121.9864
291.125 367.40625
718.1913 112.252174
74.11688 1208.1428
1146.0 1406.0
664.3978 1370.8925
1807.4 1979.2533
1315.3885 1248.7708
1853.1265 862.95404
1546.2032 1163.8292
51.6 1733.06
1100.2258 1067.7097
1992.6464 1151.0
319.09375 1144.0625
433.5269 1576.7634
1111.3663 1817.604
899.169 1419.1971
874.9375 1753.3875
1331.5883 1207.5441
1459.9081 1718.4138
394.4762 1824.8191
748.9815 652.0463
811.1053 664.5
1861.5309 1572.0988
1566.7532 136.08861
340.5 1553.5
847.17444 1622.868
474.0 1765.0
1131.2354 1636.1647
558.0 492.59036
1498.1364 1591.7122
1873.3115 1784.3442
287.52112 1074.0704
639.5455 537.0909
834.26154 617.2923
370.08 1695.96
977.451 1188.6569
276.48697 927.4609
171.56923 553.2923
1897.9279 1284.8351
74.14493 1903.0435
115.935486 1876.5807
182.20952 887.78094
172.06667 799.93335
558.90564 401.30188
1574.4097 1221.9879
1920.439 1515.9756
1384.6538 731.0
1606.7333 396.6
1264.5 1212.5
833.2167 672.8333
1847.206 416.21375
1223.2812 513.75
1334.2709 1868.7396
1058.6842 1736.7764
553.45 265.08334
526.8625 775.8125
430.98795 1534.0482
752.4533 589.36
1290.5776 407.31897
174.45615 692.4211
140.57777 1935.6444
569.6049 1586.8643
646.2708 1985.7916
200.57576 1116.4849
1218.9524 820.381
1299.8182 405.9697
1357.371 725.5
240.90909 1984.3182
1542.742 170.3871
982.3182 1117.75
1915.3593 660.62134
1540.0796 551.36365
1110.6046 522.3372
886.1053 1021.0263
1588.091 1308.8182
716.9706 883.7647
397.35 1713.875
1878.4873 438.52707
569.81537 855.2769
221.12843 1543.5138
1751.625 150.60228
652.80835 1976.425
1134.9231 768.7077
1976.8308 86.90769
1016.4559 559.64703
1944.9056 614.8679
167.15152 601.13635
1706.9138 996.18964
1559.1305 1092.9348
1132.262 1551.6786
1451.8269 1247.1731
253.32558 1807.279
472.05 1699.925
1624.1729 1155.3827
1358.1082 1883.0743
1674.55 1214.3812
1323.4546 522.2364
787.51514 1693.091
123.208336 87.875
1424.4795 373.49316
1288.5625 689.125
367.9646 1284.1593
1052.5491 1995.9608
927.00916 877.2385
1590.8462 170.87692
129.08696 1317.7826
1422.3518 1418.0834
1793.6289 159.5849
1579.381 1215.1714
579.3796 229.62773
974.0714 662.8571
530.587 532.59564
1345.2808 901.386
814.9815 985.6852
884.8778 1293.8556
344.1282 1300.1282
179.25533 326.04254
135.09589 813.9315
909.0952 79.666664
1372.84 1699.08
1108.6757 877.3919
1118.463 886.75
168.60869 1186.451
488.12415 1651.2413
1106.5785 1197.0491
843.1507 1179.9863
519.81525 823.7283
1233.0927 755.7037
730.6667 162.7255
1286.4536 671.63916
861.8613 342.51825
1262.2449 759.9184
1625.0261 32.431374
577.43 794.66
1419.2642 1312.4529
1098.2683 47.52439
336.41025 1775.8462
1809.1621 487.0
1191.36 421.78
1297.7125 127.8875
34.94186 387.80234
347.65 1579.075
493.56522 782.12317
687.63934 1837.7869
859.5 1088.5
708.1129 1157.9517
785.5086 875.10345
66.328125 700.125
1070.7229 1448.6506
402.96503 1669.5245
790.9167 296.7738
747.8525 601.4262
1793.6854 11.078651
1100.9043 1057.4
1463.1224 381.2789
1674.7142 1946.8572
89.94444 290.4111
584.55316 981.04254
533.27905 1392.4651
1785.5238 26.238094
1510.25 823.3077
7.78 1527.98
1465.4762 878.0238
1061.1885 1249.2377
1525.3948 474.3421
1541.5078 1637.7969
1522.9445 1536.9445
778.4375 405.85416
1792.125 1211.25
652.8043 1307.8586
670.0909 663.8909
1555.358 1961.5555
172.03206 1561.2051
1915.3593 660.62134
269.177 1961.4513
114.9589 1166.1233
1211.2836 1856.8358
1767.6066 188.7541
491.83334 97.21667
72.3 1331.0
357.2 1684.59
622.58105 1663.919
496.57318 199.84146
1379.8448 1227.638
12.24 1004.96
1165.2727 1190.0
28.552448 956.4965
1659.3334 397.549
459.82977 39.06383
1091.525 1680.3
82.16418 825.56714
935.7946 397.6
1633.6957 408.08694
819.36066 512.5082
259.65692 808.50366
1090.18 1922.86
1478.4857 1149.7572
390.09473 785.14734
1026.2 1730.8875
397.5408 460.13266
965.0 52.5
634.63 1674.665
820.3461 1605.7949
614.413 1317.8695
1527.76 584.96
1148.6608 1261.75
1109.4445 771.8889
1533.7407 1735.037
1554.0 1383.0
1978.8507 1511.5374
234.61111 827.8444
2.6904762 272.2143
1301.7015 1474.4764
1640.3403 669.7778
1895.9565 887.26086
543.0741 1986.1482
1155.5887 704.72894
1688.8032 1482.8689
1707.4302 428.5814
1590.258 1226.7258
10.829787 912.0213
160.04523 857.61304
21.598085 799.6124
348.5926 744.03705
1248.3821 1335.3595
141.53192 1765.1418
641.6889 512.42224
1012.7019 1558.5144
277.75 392.9375
1687.6945 1664.4722
1784.909 854.9091
1537.9685 1986.6536
847.82355 1164.1177
375.0164 941.21313
873.83844 1874.5769
1749.2522 102.91892
600.9677 566.0161
832.049 1310.8137
247.125 814.6667
1740.381 1070.4286
618.87274 817.7455
485.1857 538.65717
1656.3268 1812.4357
1079.7831 566.61444
565.5349 707.4186
500.73386 861.00806
1949.24 1789.84
72.88496 357.31857
558.7714 1449.0286
54.925 854.775
141.56604 1720.8113
889.193 1633.9122
316.62354 736.7059
657.025 538.475
1901.5181 1315.8735
612.6505 1871.5049
559.75 1760.1143
706.9143 93.457146
737.3409 1338.2046
1176.8462 1416.8462
1210.3715 526.9286
1838.6562 443.66666
1028.4255 294.68085
1084.5483 787.19354
1119.0358 1995.1697
1152.3604 483.61765
1101.0695 846.4861
1787.0 481.88373
168.60869 1186.451
1287.8125 523.0625
665.89655 1756.3563
1138.9811 882.43396
1996.2911 1755.3038
943.04877 1207.1464
383.94366 678.831
425.75925 280.64816
1864.5122 1227.5853
746.73486 356.79544
1832.7009 105.46729
1997.8334 904.0417
606.8043 1616.674
191.06451 1658.3064
1648.6086 1514.2671
722.2267 1076.24
1075.2314 783.3889
293.21213 85.78788
366.101 1551.4293
1480.5264 1030.3684
1011.3043 1644.2609
492.47693 49.584614
234.90909 844.9545
179.25533 326.04254
782.7456 1031.193
1507.1461 1756.3821
788.4143 1357.6571
747.0946 1058.1216
1503.35 1981.175
173.15433 1164.0062
13.488 1068.256
234.17857 265.15
1371.3966 904.7586
1602.4657 459.53424
63.74 522.38
1695.6974 812.2237
1228.159 1446.1477
590.7541 758.4262
723.969 1063.3411
1948.6704 1541.3636
61.076923 400.02563
434.27536 494.76813
976.25 9.983334
12.24 1004.96
1699.012 47.583332
65.552635 999.6711
490.25 1531.3864
1560.9474 1615.4078
377.625 898.55
1752.6305 1573.1086
814.4435 254.0174
538.72095 732.99225
802.3033 1709.4918
1268.5038 142.1145
843.325 601.75
453.41666 1496.6666
1088.0096 725.11536
1593.5 1839.0
605.9487 140.67949
110.31707 1370.6342
976.89856 553.88403
988.56964 683.481
543.7222 1338.2593
672.10114 94.39326
1265.1471 1162.7059
1966.1875 91.734375
1891.8 569.05
1070.6353 1366.3082
818.63495 1352.4127
1716.973 573.37836
574.2466 1360.096
1816.8182 1285.8545
1560.9535 411.3721
535.9726 25.636986
523.2956 168.7044
290.51352 1103.0
220.0 1613.3715
1223.3429 190.77142
170.18182 1067.3116
276.48697 927.4609
354.0548 1246.9589
1838.6428 922.75
397.65518 981.0621
1629.6296 1717.0
944.7879 1286.298
1752.2881 1649.9323
570.30054 454.33334
411.4825 1992.9231
1137.0101 1854.1212
684.8547 61.11111
24.09756 1317.317
1926.2258 910.129
1384.3928 1114.5238
1396.3846 947.1795
32.766666 672.86664
298.78824 610.74115
1350.94 731.96
998.9 1280.7
79.48684 569.5395
1595.3292 499.06097
401.0 230.63889
59.38095 222.42857
50.953487 564.32556
855.9717 597.4717
499.31958 523.3402
1650.5079 642.3333
864.7436 3.5641026
1045.1505 1848.7527
962.6312 1375.0687
987.2526 80.76842
156.67647 522.71765
1700.9803 591.3823
193.02106 507.3158
1833.9286 219.20238
793.7632 113.1579
1551.3232 142.1635
17.099339 1346.8741
443.9655 163.94254
1435.16 1718.2
288.13138 1129.511
1460.0605 882.1515
1017.1667 1078.0883
25.491804 268.39343
1236.4384 1527.7534
112.583336 1846.8889
255.51305 1962.5913
1154.3611 1386.1945
1945.8182 793.0
1285.5294 768.0147
643.8452 1576.4048
1511.5167 303.575
1936.6482 484.05554
40.46 1860.96
274.8683 1484.6586
253.44081 1293.6775
736.3957 142.19424
1266.8235 742.3823
1124.4105 78.45263
749.4706 137.30588
935.4771 1674.0916
1836.129 180.07527
767.2308 525.6731
557.2152 968.019
644.56 569.62
1762.0394 1715.2677
138.32727 550.0364
1000.6087 299.0435
1534.711 1309.4667
178.6827 1872.4519
645.3077 998.38464
963.08246 703.70105
415.275 1034.3812
1507.5254 1677.1864
1395.6771 914.42706
618.9867 522.18665
1751.7377 496.06558
1419.6813 1131.6044
1076.8518 1674.5432
186.94595 1201.8108
86.47872 599.18085
1097.0156 1828.75
1307.3768 431.71014
1331.4054 1162.7297
411.4375 1117.625
1630.9736 586.9737
1344.4553 87.19512
38.444443 956.93335
248.67273 1931.7515
1147.3806 352.47742
1502.1897 1423.1207
112.48387 1525.0107
299.16666 712.53845
345.83185 986.07965
685.22644 976.77356
1538.9412 558.902
1011.2402 415.0917
1904.945 706.1743
1124.1957 1860.0217
1482.4517 1776.3064
88.97369 916.25
1060.775 780.7
1666.7302 625.5395
265.28946 1926.7894
1122.1208 511.989
526.4316 511.5579
112.35714 178.78572
1156.443 91.63291
947.5641 1679.7435
804.36505 1148.3016
591.2 1966.212
672.7091 1610.8909
1563.4176 164.6
476.73972 535.0274
1190.25 691.881
759.1028 964.17755
59.378788 1351.8182
1338.3077 1096.9615
1949.7616 508.51657
1824.0583 1225.6423
1492.7742 182.96774
1385.0109 855.75
633.0926 628.6667
374.84763 1063.3239
54.903847 906.86536
1152.8611 1114.3889
523.82025 234.05057
1579.1538 390.23077
442.67172 701.7929
78.63333 1924.1
1833.8064 685.6129
1915.9462 1482.8462
1168.9387 437.26532
636.68085 609.93616
391.3509 288.7544
1330.6389 1711.1111
456.33707 274.23596
68.42424 208.93939
184.52293 1011.4312
794.4091 409.9091
203.5 557.625
1808.8695 1288.2391
39.946156 1907.3693
1606.6818 1278.4415
109.79532 1051.2515
532.2653 827.96936
694.34064 828.9121
93.35185 1997.4259
487.12335 122.37004
1286.4536 671.63916
1877.6865 1493.8806
1898.8594 1544.2656
1338.5862 1719.9656
490.25 1531.3864
913.075 1652.125
548.0602 298.78946
508.34692 881.3674
1892.3595 303.34833
1549.3636 1366.6364
1157.7241 731.681
989.67645 354.97058
1695.7957 1021.2366
1061.729 1097.0687
1262.4133 1156.7467
1898.6492 445.6228
1277.0194 1073.4271
1865.9183 836.4898
3.6818182 1323.6091
617.4044 1655.25
719.9651 1620.0116
1751.625 150.60228
947.8 1630.8
1535.6 587.68335
1048.375 865.8625
1759.0613 1104.8163
537.0133 51.093334
1589.0824 246.23529
879.9375 378.9625
193.85075 1693.4478
32.766666 672.86664
1377.7126 563.47125
1088.0096 725.11536
509.54782 125.9913
139.84483 109.98276
1724.5 364.91666
148.54651 1446.1395
1264.6025 1951.0385
493.97778 1668.2556
851.6464 1421.9668
252.1039 711.6104
# COVID_SAMPLE_19_ROI_2
862.4762 1471.9048
1701.8889 1194.5333
307.16364 1163.0182
430.30527 1115.821
1117.9193 936.129
366.25 1334.6818
1252.8125 683.28125
496.3619 1358.9238
1730.6666 1412.0897
1304.7721 1759.9114
1038.9272 168.36363
1791.3572 1441.4048
599.07245 1830.0725
594.60345 312.0345
1277.9454 429.30908
1509.3158 1311.3158
880.5325 1202.5974
1329.5769 1984.5
1177.2106 1007.8421
154.13333 433.46667
976.5926 770.9259
1610.9736 1710.9078
599.5 636.9091
1494.8636 1337.0
608.8023 973.4651
1611.9243 1329.8739
1187.1177 1224.8235
149.67857 429.60715
23.447369 284.42105
1182.909 1406.303
1304.4138 1370.7241
1238.0408 772.7551
849.9589 553.3014
384.6971 1131.0432
1745.3939 1716.6465
1843.6283 277.46017
1491.36 1810.2134
1217.921 1405.4474
1630.9491 1640.9661
1417.9839 944.9758
1.6666666 377.96667
121.02878 1666.5972
81.0 1776.675
1468.1892 554.22974
216.80281 489.05634
855.3 1237.05
267.79745 1394.1266
206.0 706.0952
1772.9231 12.884615
98.193184 746.36365
1047.8649 152.7973
736.59155 1837.1549
1869.8572 1168.6285
1747.8223 1203.5333
1975.3507 1786.117
23.756756 81.4054
424.80356 1380.4286
1372.804 1023.94116
398.19696 978.4545
1689.0638 1772.1915
490.47437 1386.7051
1341.7444 1749.8572
1052.8987 1866.5443
184.82857 1141.2
1869.5 730.5
1608.447 835.6412
1285.9487 645.0769
1072.75 298.16177
659.7529 383.4353
24.383333 296.78333
1314.4746 1410.4407
1432.5 1447.0
593.5294 1185.6666
872.9091 1442.8727
962.04706 338.94116
554.807 177.86842
1576.5676 805.08105
1160.017 1012.7288
420.90372 1061.9703
511.7736 1208.1981
458.16345 1777.1635
824.5783 1656.4458
1928.4366 221.92958
1814.4054 1546.4595
1208.16 630.72
161.25424 1210.695
1881.8143 824.7
1304.452 432.75342
1503.9678 1933.5483
578.16 1276.56
1758.1882 1406.847
786.16 186.16
1620.9231 1261.4231
800.2848 1391.5033
1083.4795 327.78082
174.78409 1722.659
1997.5714 1921.7858
1534.6976 1768.2325
794.2907 176.94186
1958.0731 1769.8699
1887.2031 779.7344
1364.9333 1061.9333
582.6111 1250.6389
777.35297 1448.8677
1327.0322 1938.1936
1271.3258 1477.236
944.61536 1019.2308
178.24243 680.1818
1107.7244 486.67715
20.75 1408.6666
1953.3334 284.14142
1262.0344 593.4138
123.741936 443.7097
1148.5698 1950.6511
1330.16 1051.48
1216.0769 1036.9231
708.5 390.5
341.32727 201.18182
1330.0646 1537.3871
106.53333 1119.2333
175.91667 280.25
117.42857 795.9143
1707.3091 1265.8909
1840.8 58.133335
1012.1017 1416.7797
624.7656 1434.5938
1681.35 12.375
782.5 421.44736
1331.5714 25.587301
1055.0256 867.71796
37.307693 591.2436
1253.8312 381.68832
1501.5062 1940.321
183.59872 1463.3694
1387.7587 1033.6897
956.3889 1309.5555
1977.4865 1990.5405
1204.619 251.42857
1857.0879 443.2198
1296.1497 1473.6929
1218.2858 1670.2572
48.275864 1323.7587
1754.4584 822.18054
1992.579 841.3684
336.64383 1433.411
984.549 1357.1177
1047.6031 1760.9365
1792.0238 1219.9048
1972.0793 1984.1428
923.7486 1370.8771
383.6087 581.95654
1062.0566 1684.6415
493.46222 1784.1912
1842.6146 1393.0938
1188.738 1971.0952
1031.3478 808.0
1730.7778 76.92308
1063.1034 425.48276
1639.5472 1246.419
1599.2858 1199.9143
1125.2554 1866.4894
1120.804 1005.4314
578.0686 876.9804
1325.1666 1162.875
86.58947 1939.6316
430.84784 1565.2717
1964.3611 108.916664
403.6207 820.5862
347.0 1627.8
755.8313 1162.1566
881.6339 765.6071
316.90723 1056.4536
819.38464 1057.3846
1629.1864 909.4407
1481.4048 1179.3572
354.9643 55.17857
110.28302 1519.283
1918.909 979.9091
1287.375 1102.1818
780.0 1046.7354
1400.871 641.19354
640.43243 384.9189
261.43396 1713.7925
792.6111 286.3889
1611.585 133.13208
1930.0526 92.57895
1191.4 1734.96
1353.6279 606.6512
688.31036 958.9885
494.05356 784.1964
592.3333 1488.4445
411.47058 9.529411
1502.091 1869.9204
259.05453 1620.3455
585.25806 1837.7097
1180.3131 1108.3434
1138.5616 1370.6713
820.0686 1547.3137
1050.5892 341.9643
453.46378 933.3623
1034.8889 1964.5778
1232.4098 306.0
1643.4744 1153.7179
665.85187 1366.9259
1765.965 1427.1578
1168.4445 735.381
1329.1014 1507.8551
1776.4456 1522.5149
1145.5454 511.9091
1274.1489 1056.7021
1177.711 1702.4889
1099.8898 1629.2119
955.5 802.0
1363.0 1088.3442
1799.1132 1213.9246
1542.24 1259.2
456.96 632.76
1847.2029 1593.3043
186.11539 749.6923
1756.5977 1488.8506
744.7111 1145.6
271.5 1992.2
927.68115 1341.0797
177.2381 1403.1428
1880.6666 1558.7333
79.650604 286.2771
1316.7792 17.896105
1883.279 300.93024
470.6129 1471.9678
1924.2549 732.0784
1138.8909 446.54544
1255.4698 1579.0
1964.2084 338.66666
273.64816 1191.9073
912.1654 1314.233
140.03572 769.2143
634.977 1399.862
925.3876 1680.2869
1541.4105 1521.3263
172.11765 1033.5
1886.2991 1593.0187
34.896103 1856.0
867.12305 985.44617
113.25926 277.27777
1646.7612 1209.6418
1116.0286 1886.0
1305.8636 836.2727
1074.2065 893.6957
1216.0769 1036.9231
1173.762 309.35715
1596.125 786.7917
1032.2128 1906.2128
889.2358 1296.0895
1958.448 1913.928
973.57574 696.9091
1566.7155 719.5203
214.33333 1390.7059
1887.23 63.22
1961.6299 1685.8176
1285.9487 645.0769
1807.0682 1609.6895
342.41025 1346.4359
145.02127 1133.4149
487.5 1893.5682
309.66177 317.67648
160.45161 69.80645
442.18054 377.375
1592.5625 1952.9688
1918.4943 1830.931
1151.5476 1971.9524
175.29662 1275.6356
1479.7819 65.30909
1.3225807 675.9032
226.9875 1446.6625
1043.7954 979.7955
483.3387 424.82257
1107.792 1380.352
1877.7142 1526.5714
98.75 1905.6154
355.60974 1864.1708
1291.4419 123.558136
751.73334 456.02222
1852.725 748.775
1894.492 881.6855
1459.1428 623.9286
1339.35 1979.475
1279.0328 253.2623
760.39624 1300.4717
1383.6703 1256.6373
1368.1846 1965.8616
1519.9375 16.1875
402.35294 906.05884
1092.317 1656.5366
709.58905 513.2192
1188.6666 67.73333
282.0877 1927.1492
709.58905 513.2192
1451.0 224.21428
214.4327 888.49036
1559.7168 1485.8142
1498.1632 1364.1224
1177.1455 1375.1091
976.3677 1941.2354
592.71295 1496.7686
1142.8049 438.2439
546.2598 1775.5
126.11504 1379.6195
1524.1968 1327.0492
1312.238 1736.1666
1191.9935 1516.4166
1825.5763 64.33898
694.8089 1598.535
251.32433 1843.8649
384.78946 457.1579
873.4154 1608.4154
493.92856 1165.5857
873.1473 204.20155
549.85156 191.64844
1459.8695 1749.6522
82.492065 1046.4127
1965.9546 1810.7727
1473.66 1399.12
1079.5281 1667.9663
694.7742 1305.6559
203.40741 1596.3457
1453.0 2.0
1161.5729 983.20386
1210.0358 1015.3095
756.66235 1963.1559
785.0395 1604.9736
777.225 1620.55
1671.3269 864.71155
251.23077 1889.5128
326.96295 31.777779
908.34784 1755.6086
1600.7925 213.16037
1485.491 1081.4
377.75 1632.8334
1192.1267 507.84506
565.21124 1950.9014
674.46155 660.6923
121.4 1926.96
1144.125 797.375
1763.0968 1461.6936
1159.6263 1072.022
1312.4546 316.33768
1035.4832 323.05618
1974.5537 684.2397
1856.0928 1608.9587
1506.9565 1896.326
1743.1305 113.78261
727.27 1551.47
1868.8813 1786.1864
1230.3898 1940.2543
1426.122 1616.0366
1639.4912 1146.8596
1929.3295 379.69412
1218.8334 1770.9166
309.19287 1388.0857
1096.1538 171.46153
599.13513 564.1892
479.0845 1780.1971
1988.8055 1104.5834
187.45454 1385.909
1334.2609 1688.8551
764.7656 991.1719
117.42857 795.9143
1820.4117 1798.8235
1686.5454 708.57574
1341.7273 540.202
436.77942 835.5147
1997.5186 865.0
593.53656 1916.5366
1977.4865 1990.5405
740.913 1064.7826
1043.5398 1385.2566
490.47437 1386.7051
955.2941 2.4705882
287.0 1094.697
1339.295 1453.3771
1063.7858 1016.5
880.7972 749.9231
507.81482 826.6667
1619.9744 847.8461
349.4853 1707.6029
1075.4929 478.831
757.73914 457.3913
228.95122 1373.4634
1109.6111 288.8611
904.8026 714.9342
1954.5614 1863.4912
493.61703 819.29785
862.7907 205.81395
547.6071 765.6429
197.77551 1161.4082
1804.4166 1685.7291
1490.0526 1817.421
937.3571 721.2143
1816.3846 1398.2307
1503.5 1816.5
1977.0 790.375
931.0566 1310.5471
1635.5583 1178.1083
1731.2 1323.6666
1148.5698 1950.6511
1946.8837 559.67444
1975.8837 1464.6163
1360.5 656.6087
1649.7866 105.973335
592.1857 653.5143
534.90564 316.0
1465.68 1214.66
392.50876 155.64912
60.555557 1252.4073
1784.208 1128.808
1428.6211 128.0
1348.6884 1608.7402
1814.4054 1546.4595
1221.5238 329.6905
603.875 575.7031
1745.3939 1716.6465
1558.415 1253.6792
1449.9674 169.34782
1776.7705 816.63934
1167.6346 1388.25
33.91765 109.541176
963.9184 1970.5306
150.91946 634.97986
1257.875 1563.2291
409.22952 907.4918
407.5926 1839.6296
1611.9243 1329.8739
1929.4839 1637.4839
927.3051 48.25424
73.4359 852.02563
1962.3 1750.14
1011.26135 800.61365
1345.95 520.3
353.39325 1130.5618
337.4569 1336.8276
1400.871 641.19354
1879.8441 1450.026
1912.5758 1890.4242
1889.8169 771.76056
700.1875 1565.125
1315.5641 115.5641
1201.9885 920.91956
1104.975 182.825
1272.3096 858.2857
1847.3636 1144.3182
451.81372 1173.4412
1718.6464 689.2317
1969.5695 798.4722
535.7111 446.28888
1915.784 1501.592
1983.3673 1320.7257
1923.4108 1364.2322
1723.6818 67.98864
175.91667 280.25
973.4524 1833.9642
1337.8846 276.8654
1942.9254 1123.582
498.44897 1493.9387
1171.9302 1663.7906
1840.0 1220.3214
1036.1538 1473.0154
1645.1025 1267.7179
1187.6305 139.76086
1707.5546 692.41174
496.95947 1854.8918
1940.7313 478.32837
855.971 587.8116
1160.8572 936.25
1520.0962 1198.5193
23.066668 447.85333
1304.452 432.75342
1069.6805 192.36806
1916.7812 1998.0312
981.4894 300.87234
837.1053 1366.9158
943.32556 1399.1395
98.75 1905.6154
895.9286 1614.6786
1454.3043 581.1739
817.37933 314.12643
362.68594 1141.7852
1315.4227 1790.5979
1385.7084 629.44165
734.1579 411.44736
348.97958 1449.6531
1877.0605 1515.0605
1900.7847 594.4923
1866.7297 1719.5405
862.0465 319.16278
73.268295 670.561
304.49252 877.4776
1147.2858 1291.4286
792.4194 1425.2258
1917.0254 1577.3983
1933.7037 1103.1234
81.0 1776.675
72.91428 577.45715
137.3793 583.13794
1385.7358 616.283
400.94873 615.6667
1366.1628 1780.1163
1269.4897 1305.0817
1979.459 1983.7377
1131.3522 1630.0282
683.37036 231.27777
1365.0454 1592.8636
1416.125 142.66667
496.05264 1762.2632
151.2262 108.57143
1459.8695 1749.6522
1472.5842 1850.8877
930.3913 1350.6522
68.341774 591.3291
550.67566 1501.9459
1888.6342 2.6585367
1026.2245 351.40817
1974.5537 684.2397
651.5185 1192.0555
824.043 508.48386
827.0517 973.4483
1467.3 610.475
1977.9315 1745.8494
1588.8833 141.26666
1965.8689 1838.7705
1036.7593 394.72223
781.56 1994.08
349.4853 1707.6029
858.7407 159.03703
127.82143 343.7857
972.2381 1308.5476
1514.7518 1287.0828
1247.7693 151.03847
1607.6923 1889.4231
372.75757 1152.3334
1782.4067 670.1525
91.69725 1448.9817
940.5148 652.6213
1198.5416 521.8333
225.25 112.6625
448.54285 1997.3143
1742.4509 241.41176
932.9286 1715.6428
657.02704 1496.2365
198.58696 768.51086
1233.3903 1456.6586
1308.1765 1205.9608
163.04878 1194.1464
1371.0 1544.1111
1625.9706 719.0
1208.8462 1027.6538
1525.8406 1397.3478
1551.9535 1345.4186
576.8158 921.6711
1378.8483 1269.6
1537.7273 1498.5
1203.4067 4.3898306
780.18866 393.73584
1090.6957 254.34782
29.237288 1974.0847
156.6579 794.6053
375.45624 1321.9938
899.075 1817.725
424.9091 967.9697
1668.317 909.5122
1375.9788 1937.2128
38.594204 508.75363
466.9643 142.17857
180.95349 467.44186
963.4028 1000.5139
1754.859 1463.7821
1162.0 1238.1794
1834.9933 1595.3582
145.36066 290.77048
609.444 1755.8547
1129.6704 500.11365
937.43475 880.1739
471.97437 1570.0
463.5849 1903.7548
333.34286 461.65714
390.54544 1962.0303
579.0184 905.1927
1206.4147 229.08537
1160.2727 1276.6818
378.74 1273.64
1236.9889 1384.1444
731.05084 519.8475
158.50793 1854.1746
199.67392 1439.7609
177.13461 1993.1346
1720.075 214.375
958.88464 266.73077
1555.5652 35.782608
440.2069 2.2068965
1179.0 364.27274
1419.7805 1798.5122
1611.9243 1329.8739
402.35294 906.05884
1878.4445 5.0
1260.7858 935.5
1329.6854 1371.7865
1741.944 1394.4205
971.0 1266.2373
435.54544 1560.7576
1105.25 906.09
531.1111 1396.5111
576.2783 1192.5258
1904.4736 1744.6316
1806.0454 79.23637
944.61536 1019.2308
1259.875 761.6667
51.061226 1205.2858
1980.1445 1927.0844
487.61703 915.6383
1001.0 99.0
365.6709 1430.038
568.451 961.0784
1171.2982 898.5614
520.25397 797.2381
695.9121 1559.6703
1466.4084 1803.324
934.49207 355.60318
112.951805 451.39758
1995.4624 1289.9785
1907.5667 1523.9667
947.46954 1440.8
1247.9333 259.93332
702.32355 407.58823
1112.7755 474.4898
1983.8793 1719.5
81.8427 1313.8651
1936.6614 733.3543
1579.1357 1368.0247
1877.0638 1806.9149
554.807 177.86842
1442.9524 783.4524
119.833336 1078.4524
573.28235 1359.7765
636.50586 603.6706
1503.9086 1328.8173
763.19794 1025.3646
1968.0435 1737.2609
791.41583 1949.297
521.71796 1738.2949
1573.7241 705.18964
1282.6224 53.959183
1811.6766 722.6241
1818.098 201.39215
410.33334 1091.1428
706.0278 484.70834
1752.8928 684.3214
1215.209 1157.1045
630.7879 185.09091
550.8077 666.1667
447.74075 926.9259
1510.0294 1888.0588
1564.0 1928.4584
10.413794 322.4138
164.03334 61.8
1356.9904 1066.375
400.31683 1236.297
1557.2368 1504.4474
885.56665 877.8
1901.3241 1650.6389
1880.2941 1259.0588
165.08109 418.24326
478.63635 775.6667
1854.0212 867.1277
1031.5588 498.27942
1443.02 127.58
471.97437 1570.0
1433.6765 1523.7206
98.75 1905.6154
1533.7317 1348.5122
731.2292 1824.4375
415.6 1636.72
1486.6239 1504.8718
428.98926 1307.8602
390.54544 1962.0303
1034.2241 31.810345
1622.7396 820.625
454.53946 1159.3948
550.9733 1224.9066
1274.1489 1056.7021
1460.7733 1870.3066
862.0465 319.16278
241.38889 271.22223
1927.957 149.50537
302.5375 1911.2125
23.756756 81.4054
534.36664 712.8333
1534.8022 58.197803
1941.1904 488.14285
588.439 1244.3536
1318.3334 1080.6
1941.2892 1524.5903
1379.9565 1449.313
1118.98 490.99
1083.7693 137.64102
425.8772 760.7719
1849.3286 1349.1857
473.84265 1835.5635
1898.0448 1700.7388
949.7843 344.39215
1546.6598 1856.1547
1191.9935 1516.4166
1453.4445 1941.6666
113.25926 277.27777
1483.0394 1333.2632
1079.6666 825.1458
1940.2522 102.57658
1015.7829 877.2303
1241.8555 1101.5663
1077.5094 758.9623
202.28572 1968.5571
486.87256 1981.5098
784.95874 410.95877
158.0 1567.8306
1132.4884 1962.5233
1026.0303 370.51514
1806.0454 79.23637
1135.7542 872.4426
787.5 1429.0
404.92 1109.76
1453.4445 1941.6666
1195.9584 18.875
1173.762 309.35715
1004.5325 760.05194
1852.5614 1242.0526
623.1875 1382.5
700.7024 1571.881
757.5278 619.1389
1324.2821 483.3846
1519.4731 1380.2473
369.78787 1607.2828
184.12122 316.72726
984.1028 1758.2336
1510.5873 1465.238
82.905266 1356.7263
1919.1099 1892.978
1426.65 1754.9667
1249.9885 1776.3563
1409.375 1162.875
327.10526 1117.1316
574.38464 641.3077
848.2105 1781.5
474.70587 782.7059
264.39682 1917.0
1932.0 817.7778
873.54285 1990.2285
1599.0889 1359.8
637.64703 1751.4412
466.9643 142.17857
598.36365 172.83636
877.5 1455.9193
1257.875 1563.2291
1482.3667 1673.9333
1110.5216 830.9655
1904.6605 1588.1234
1619.619 752.0238
870.95 901.25
1002.55054 1367.9663
914.86365 1775.9773
1852.0546 1555.6182
157.75385 1352.7076
1179.8235 1746.9117
1221.3821 1963.4495
806.0448 1464.8955
1378.8411 764.8131
1308.579 777.0075
1177.2106 1007.8421
226.95161 424.19354
197.46297 533.0
1995.2019 1524.3173
1674.9038 1366.3077
1169.1875 1025.4166
1490.5333 1785.7333
649.53656 275.92682
1432.8387 246.70967
1179.56 1396.92
197.04124 621.5361
426.84128 1273.254
1370.0482 1207.5302
79.0 672.63635
304.5 31.725
150.53703 1245.7222
753.4737 614.8596
784.55316 1694.234
1442.2878 664.5
512.7692 799.7692
190.25 688.4792
237.66197 607.7324
906.3772 676.2105
352.15384 1300.4872
1418.8516 1486.0387
1863.2927 857.9268
521.17145 1291.9143
1405.2693 1011.8461
282.71234 1053.2466
148.1062 1593.5929
1506.0555 1449.25
1438.6753 1211.3636
416.0 808.8571
219.88506 668.1954
1918.6786 540.4286
1104.2667 1557.5333
1306.381 169.57143
1608.4615 178.26154
1529.1505 1343.2043
1353.7142 1669.5
707.05884 616.57355
771.1711 1065.6974
225.25 112.6625
1500.8939 1854.6364
448.54285 1997.3143
437.68518 1550.2407
1338.4529 1929.415
829.02704 543.7162
550.25397 920.26984
1951.8813 1961.7797
1526.5714 1450.0
1028.4445 185.2963
1336.6666 487.0238
161.64835 468.54944
1460.506 939.1687
1977.6538 1864.1538
1494.8636 1337.0
265.98 896.34
1315.8334 1536.5741
1347.5146 165.20589
299.59375 345.5625
1482.3667 1673.9333
1307.9841 422.15872
1823.0566 1280.783
1206.6451 1273.8387
1266.275 1525.5416
639.2 1459.0546
1017.86365 511.4091
1160.9326 1308.4158
1140.9111 1944.2444
149.69919 1160.7073
1102.6902 1853.2113
450.03418 920.906
59.70968 1203.1936
100.61539 1039.7179
815.7258 14.741936
382.9579 1985.5264
1160.7354 1616.5883
1407.4795 680.56165
119.59633 1134.7432
1172.9454 1718.3273
1676.6436 1141.1089
172.24 388.42667
1908.1586 1433.6552
1912.6552 1598.9425
241.38889 271.22223
1484.1666 821.8611
855.971 587.8116
1490.5333 1785.7333
1189.0952 989.9286
1688.1864 848.2627
888.2449 719.7755
1125.909 1617.909
1894.6072 738.3571
50.405796 1911.7971
339.79486 1413.0769
1286.0 1923.0483
1321.836 74.2623
1974.5537 684.2397
15.2 85.52308
1330.86 1550.28
1485.491 1081.4
1896.6 359.76
1971.7059 377.82352
988.93243 765.18243
1184.814 503.47675
1275.0515 1792.9691
1253.9822 1363.3928
1240.3243 871.62164
# COVID_SAMPLE_14_ROI_2
593.2083 142.70833
906.08105 726.5405
47.146854 478.007
1190.3715 60.771427
334.39536 1582.3024
1543.7018 437.9649
1412.5385 790.35895
829.27905 368.3256
396.5 7.0
795.35 1034.1
655.88 60.16
270.62857 666.84283
1785.3871 1847.6129
114.121216 1454.091
75.67242 1793.3966
1004.675 1035.7375
790.42554 1595.9788
1971.2598 1053.4805
1608.7957 1600.1936
1462.0895 512.1545
18.33846 148.21538
941.4146 986.3415
1236.1538 1057.0769
908.7838 1205.0541
1846.787 720.12964
1293.5306 37.42857
1597.4138 716.7241
1797.196 996.58826
1560.859 1939.6025
1946.8611 1043.963
679.4386 1556.8246
273.0 34.805557
182.24638 1711.3334
502.71155 528.6539
1836.4844 1003.46094
955.63336 800.9667
1191.1746 1149.9841
1321.9269 1229.2439
1046.3563 842.7931
224.0 1401.0952
1578.8073 501.81927
544.67566 142.83784
175.50943 96.18868
693.4048 883.3571
1010.6701 694.6701
538.4286 426.1905
837.1724 1456.7587
643.13794 16.172413
183.82857 1220.7142
1111.0344 689.7931
773.9231 514.25
1188.2727 295.02597
1592.25 356.6413
578.2059 1512.6177
1776.7937 986.873
294.98276 704.13794
1217.875 1375.1
307.31613 1035.1742
1928.0 1070.7084
590.2273 895.9697
237.09091 866.48486
508.14667 643.48
580.3333 176.30952
310.43478 1468.6174
1371.4507 1405.9436
139.13158 1169.1842
1991.9464 702.2857
1873.6086 1822.2174
869.2321 1143.4286
1034.1912 871.58826
1302.0 734.4301
509.9471 791.9952
1559.6714 275.85715
1788.8438 966.1094
1087.0204 1991.6735
201.8077 1630.6538
366.83496 607.81555
582.0 120.30556
1414.92 139.56
724.4 1120.7715
1090.8611 127.59722
1533.9697 665.7045
1876.1897 992.5345
5.304762 1190.0286
1603.1598 1863.9113
1668.2029 284.85507
1672.909 539.9091
654.93616 651.7234
1217.88 408.32
1098.9077 298.03076
354.05264 1674.8422
1617.7384 594.73846
1553.7826 494.45218
1082.8904 1428.2603
78.34694 1574.3572
678.8571 611.82855
1344.3591 99.14365
138.25757 363.9697
285.94446 798.6667
1017.6882 1775.5376
1532.9559 933.82355
503.90625 886.75
871.0 1635.0952
1815.9688 1061.125
230.22449 1659.5714
1534.0 1799.7179
1862.424 1485.326
195.20493 1480.1763
245.16 552.36
1363.9824 1497.4736
365.39624 1996.2264
555.18054 1391.6666
1160.7662 62.142857
741.4918 43.85246
268.64444 1142.4889
1265.2207 278.6069
923.6918 371.75342
443.7755 366.38776
1628.862 659.5862
166.49474 1331.4315
137.35417 1377.6459
1709.5817 719.051
340.9853 895.94116
952.2174 666.13043
1662.1375 364.9625
1806.3983 632.9106
1830.6727 653.61816
1684.0842 1719.6526
446.9091 252.95454
1675.4065 1231.8862
708.72565 769.5752
1658.7377 345.29507
1798.6957 20.782608
1322.4419 1391.907
1809.258 1675.3549
1531.7142 1165.2063
1359.058 589.2174
1610.3235 221.52942
1855.6923 941.0
275.58334 410.0
79.09091 1776.4697
1952.64 1375.88
320.9659 1445.1932
272.10416 1824.8541
1058.3191 1721.0532
1995.1333 93.23333
652.0455 339.83118
582.1233 1202.3424
1491.2916 1242.2916
1264.75 355.75626
482.06604 62.037735
212.625 1138.775
906.8407 413.40707
450.8 650.6667
1363.9824 1497.4736
1102.2727 1091.5
1134.8547 1207.1709
60.727272 955.8939
1091.8462 1057.4615
191.95082 1441.8197
1912.1364 1229.841
1779.5416 1955.4584
1959.3208 1693.8302
95.33871 200.37097
1214.1343 1132.6567
644.2614 505.09805
1206.9763 598.25195
1289.674 1059.2826
1636.5264 233.74738
1236.1538 1057.0769
1081.72 1969.54
543.3625 664.05
1158.6234 1002.4805
930.4769 384.6154
1488.3549 1414.8064
386.35803 523.2963
1536.5 1632.0
25.363636 1128.1948
185.125 1793.4584
1203.4222 149.02222
1511.6428 610.4107
1480.05 786.98334
1343.5444 169.65555
867.4737 1150.8772
814.4458 147.15663
861.0333 1389.4
1011.5577 1400.1154
920.1 819.51666
1331.6195 585.2301
1451.5394 390.3158
872.5283 1123.8585
65.37838 1707.2433
778.6667 623.0606
1955.8536 385.2378
1892.1177 1546.7354
1730.4286 1431.1786
273.58334 1023.375
405.3913 758.087
1007.35034 1153.9562
1776.157 632.4545
974.3182 255.40909
270.9394 534.8485
937.9114 1834.6202
623.3988 1259.488
1716.0667 1710.9333
1067.1875 1539.5375
330.3 837.12
1198.9231 408.69232
1155.2593 1745.1729
1663.625 718.84375
1187.5964 1263.3684
3.8125 75.34375
154.10204 1536.1224
452.4 157.28421
546.5926 316.74075
654.0769 534.38464
1133.6666 1977.1904
370.61667 71.51667
1451.7142 330.9091
871.45 338.225
625.38635 443.45456
683.9589 1393.0411
1416.3833 1340.7833
613.5124 574.0661
618.62067 907.1724
1479.2842 577.2632
497.9608 437.09805
1248.7906 562.23254
1959.0492 584.7049
570.59784 537.88043
71.847824 717.8587
1569.9714 122.21429
467.39706 454.95587
1819.9814 1219.0927
1550.7241 1049.4138
60.97826 602.9239
906.1905 601.9286
266.38806 471.19403
939.0517 1106.2069
395.2 1837.44
251.20512 1981.359
1358.4697 975.74243
182.81818 889.7727
1439.65 1059.8
1016.16815 1578.1416
329.08737 1427.7087
1532.8032 365.9918
1643.3396 1445.5471
459.8022 628.9341
1829.4572 1981.4572
12.442623 1737.9672
1467.9663 261.5056
1509.8219 1558.7534
42.754097 984.2459
228.68518 996.94446
1901.234 676.9149
1023.4537 969.4537
4.9411764 892.60785
619.5862 708.10345
924.5926 151.07408
1322.3182 591.6591
1645.0 629.971
361.19736 620.6711
590.7778 252.0
183.47368 700.2632
1429.2 1174.88
540.47784 585.7537
1288.2307 95.46923
1066.2667 1968.9667
1142.0922 1315.671
1049.4098 1283.5082
570.96875 475.6875
1358.3898 711.9661
683.0741 1657.8518
853.66956 1608.0609
1663.625 718.84375
113.27536 478.31885
926.8214 482.39285
644.0132 1416.1578
128.24324 631.02704
88.46429 365.17856
195.5 1359.3969
1729.1637 563.5091
1563.5769 1582.3462
1692.7273 310.13132
829.27905 368.3256
372.5 1914.8365
95.82609 1492.8695
191.64 528.12
1232.3864 29.977272
1262.3309 126.96479
1638.716 742.38635
1580.909 1261.8636
1219.4131 384.91306
1969.098 555.8823
195.54639 1331.9381
490.15732 805.10114
1595.6069 294.50345
1600.3438 1834.8187
361.0 681.5
683.2727 343.5
9.764706 741.3823
918.0133 154.26666
151.07143 592.6429
570.96875 475.6875
1415.0541 351.43243
1235.25 271.8654
4.0113635 1769.841
271.5926 1337.7407
990.125 707.6667
652.0455 339.83118
1547.5875 1599.4125
1496.1 183.2
1209.8077 474.92307
1971.6842 1013.1316
1089.1234 1856.6543
874.2024 146.91667
1527.5122 406.73172
414.56198 707.281
1332.4878 985.87805
431.24 1542.8
677.7692 1625.1538
1807.7 111.075
1882.4626 1185.6418
435.25806 838.0
574.873 840.1111
940.1094 212.53906
1414.0278 1000.3889
1793.6072 1260.5892
961.0357 426.67856
333.69525 1908.3334
427.72882 1084.2881
163.03334 1638.5
937.9114 1834.6202
95.82609 1492.8695
1623.2094 507.65115
1972.1185 1004.47406
1791.9259 828.4074
939.6133 1537.9503
99.05882 353.11765
425.17075 591.0244
504.40707 204.77876
129.08696 1447.0869
262.675 288.2
1886.186 664.093
26.342106 1995.8948
1103.43 1888.258
682.5319 512.29785
754.3913 816.56525
351.1948 914.987
220.15555 1426.0222
175.53731 1335.1045
526.2963 923.82715
1215.7179 550.13464
1550.3085 385.2786
1614.2323 431.3613
790.875 1925.9688
1244.8334 295.57407
1266.8043 471.34784
450.04166 236.70833
2.640625 972.2031
569.98834 1228.2325
1927.4584 691.1667
1172.5079 453.85715
1356.2062 574.74225
943.8116 1047.3623
1182.5 290.27274
1114.6552 697.2759
926.6543 1685.8271
1823.4534 977.92
451.77118 441.9322
1991.1923 1176.3077
117.983604 1833.9016
916.3043 524.43475
1170.4795 1074.4795
1996.3704 1032.037
346.0375 1567.525
1030.6528 345.125
45.05263 1175.8772
459.8022 628.9341
320.88 1621.52
1159.8462 1585.1099
590.3125 267.5625
225.82787 1053.795
1239.025 99.9
155.02777 623.875
1843.076 1327.2283
1602.8 1196.075
1086.2094 1982.4419
1650.2544 336.7456
689.4483 181.31035
956.17523 1080.3196
213.69159 1581.4486
1005.9053 769.4421
1032.129 360.01614
226.8 16.133333
367.2157 638.451
1689.6305 1398.1086
1511.6428 610.4107
240.54688 1997.75
376.75925 882.71295
773.5 331.5
1024.8793 15.637931
1704.6 115.88333
1552.84 932.12
781.0 1034.919
1570.0582 1671.3495
625.38635 443.45456
268.64444 1142.4889
1936.0212 1972.1915
106.785126 1071.9835
1993.7817 956.2042
2.640625 972.2031
1819.0769 750.96155
1500.5 1275.5
512.4474 626.1316
929.1795 600.46155
505.5862 304.55173
1614.2323 431.3613
1092.7347 915.69385
1675.7413 624.0517
242.80556 1141.4166
381.23914 396.46738
217.66667 1300.7778
1546.0 1058.8182
1284.8552 39.526318
1275.449 1171.6531
1758.8507 988.5373
1580.9048 1716.5714
1046.3563 842.7931
245.9762 1335.9048
867.25 988.15625
68.608696 419.9565
1828.1666 704.4722
251.14815 482.53705
1324.5667 307.2
1314.8541 1374.3334
158.57143 591.67346
446.19232 100.80769
1202.5897 1442.8804
860.0 1119.5
1997.3269 968.3269
367.2157 638.451
1102.7073 1706.8049
958.8588 436.4353
1587.0869 1560.4348
1718.7142 80.55357
1499.6459 1775.6459
1159.3 1905.2428
43.067307 26.432692
662.5769 980.3269
319.93497 1683.0651
1553.7826 494.45218
424.0 686.4711
115.108696 682.8043
1034.272 911.8947
646.12195 598.0244
503.90625 886.75
611.7111 38.044445
1420.091 138.48485
1353.9828 982.10345
726.1089 386.61386
836.76666 1598.7333
829.4 1433.96
1716.0667 1710.9333
# COVID_SAMPLE_14_ROI_1
630.6724 788.5345
1479.0851 1396.9149
1683.5 927.7143
718.075 519.975
709.00934 1628.4205
838.76086 624.7826
1891.8462 1637.9231
1580.3962 1865.6415
1974.3077 319.76923
389.6875 1888.4375
1842.7021 1174.6171
1191.5 871.0357
33.08108 870.8108
752.902 1324.8823
1495.461 1394.1234
1386.5 1758.5
1204.303 1381.0
1020.2422 464.28125
1004.2895 464.4737
113.971016 316.68842
751.69354 1354.3549
1157.8767 896.6712
1749.75 54.625
1228.8636 696.5
1953.0333 615.5333
822.4949 461.12372
1617.5541 1419.6351
441.5263 1327.579
1753.0322 130.87097
554.55554 1294.3016
1118.0233 1967.8837
1859.7587 435.68967
570.6786 848.8393
1327.0186 414.57407
1134.4667 1072.3667
1114.9445 595.19446
141.50685 244.16438
1112.9131 1364.5155
1175.5807 574.4516
99.36264 608.978
631.1667 82.361115
516.9294 1687.7765
1361.4692 1345.3408
725.7292 29.541666
58.38095 1327.0952
785.6565 350.69467
1041.0 1078.0
1766.079 4.5526314
1563.73 530.02
1686.2087 1061.0609
1793.3594 542.3594
1713.9463 1097.43
1707.3276 62.5
735.37646 676.0941
697.5 1371.5
960.8421 566.4474
38.846153 987.5641
879.85297 1027.3235
465.9322 590.94916
1672.252 451.36642
1091.2639 1767.7361
694.16473 829.00586
1156.8044 350.32404
397.48148 893.14813
801.837 1320.7717
777.4769 494.66153
1447.3602 809.3602
483.9322 725.64404
266.5946 340.97296
1371.5955 1052.0898
591.1406 605.1406
738.4602 1389.6372
1707.7046 1711.0454
1131.3088 105.367645
1654.3462 36.346153
557.13434 745.0597
754.55316 294.64893
1239.605 1847.8766
791.0 321.06897
885.78687 1983.1968
1925.2069 1727.2069
1322.2693 284.65384
1129.2285 1153.7715
473.7143 471.2143
673.39343 1672.4098
1006.87933 436.13794
1524.746 1472.3969
505.76315 1357.9736
1462.8158 1387.0
312.8784 1038.9865
469.125 1702.3334
442.33334 677.14813
149.5 881.4643
272.6757 1286.0541
1955.9584 1332.25
396.49515 1996.6407
1963.1842 1253.3684
141.79518 1389.5542
1507.1024 629.22046
1541.7046 1593.7954
1668.8529 1380.7059
1612.4486 1791.0187
704.0268 1133.9197
1834.9744 1281.3077
1808.2646 980.8823
1630.1271 1445.339
1776.2471 1589.9176
514.8 244.875
600.9737 1324.3422
1033.9463 1088.1398
1995.8545 1271.6364
72.31373 462.7353
786.96 523.25714
1070.717 1097.434
1932.7869 1673.7213
1540.0221 1168.8088
1845.1311 38.13115
250.93243 1267.8379
704.2381 1203.0
1760.6154 353.05493
1744.9204 687.25665
678.1778 1714.4
1773.0264 638.7632
1676.1122 1627.0374
32.17647 507.07843
846.3333 1372.3175
1221.0778 212.05556
1114.9445 595.19446
1952.495 88.121216
1410.9207 621.8254
1705.7097 249.0
1785.0847 358.74576
641.0909 1438.091
796.2941 1400.4314
192.51305 816.6261
948.05164 863.1484
158.6218 343.78845
175.33333 545.4524
1500.6559 430.84946
301.4878 838.82117
1485.5264 125.28421
1430.075 1651.2
640.37836 976.8378
1529.5304 1883.8435
1800.8334 921.6667
1721.3016 178.5873
1672.252 451.36642
1934.0294 1465.7059
166.09639 973.6265
1204.7084 1212.7084
422.68604 1143.9302
1914.4474 265.23685
1127.8292 797.29266
773.81396 1953.4186
581.01074 612.6129
1651.06 550.7
1599.7747 961.1831
633.4 170.85715
875.75 1442.4062
1985.8223 1868.0222
618.16327 1828.9796
761.4154 1372.1538
500.07217 383.19586
784.9286 1834.2858
1687.1102 611.6063
514.0 339.47726
1938.506 1085.8193
1952.495 88.121216
1586.48 179.88
1303.7778 1778.5555
633.92725 934.9091
445.0215 697.871
1450.2709 1724.0416
231.56097 127.08943
843.717 1927.3019
1427.3903 1135.5122
1706.8334 1598.7693
259.38843 647.94214
1995.2222 1588.3556
182.40475 1071.8016
171.24706 1616.5294
444.08 600.44
1531.646 337.1593
1462.7477 538.35516
1.5357143 390.07144
576.26965 1550.3483
1617.0536 317.0893
983.2857 1502.9286
1097.6377 213.76811
344.5 1908.5
1245.76 1976.96
1466.2174 1782.5869
1253.1666 483.33334
1218.8387 1912.0
1386.4445 1954.75
450.16 1742.96
1101.2197 1623.2528
1720.5397 1393.8413
695.27905 423.86047
177.69136 1722.0494
463.69412 707.8706
1501.1296 1478.2963
1463.6174 775.99133
1707.2354 1267.9647
1529.1854 1161.6774
1075.2845 416.5935
130.17308 1775.2115
1630.7368 669.2807
1209.9452 551.9589
1773.0264 638.7632
1770.3405 1235.9858
1816.9302 502.53488
1990.9778 688.6667
1599.4415 190.38962
1735.7678 1895.5536
1379.7192 184.80138
437.12195 648.561
1779.0 1061.1772
1643.9556 1902.6888
817.1667 1004.5686
1973.9634 669.9756
1712.9606 933.5921
782.3365 282.09952
1098.9438 901.2921
1555.2949 289.34616
1979.9122 1550.5088
1126.575 1051.2916
646.7917 600.5
1944.9773 1783.1136
559.4286 1078.2285
1721.3016 178.5873
1341.85 1793.5
1727.2878 977.7121
1253.9022 1000.5188
1981.9231 1616.7032
1521.8175 674.0635
1334.4344 1922.7131
574.95746 961.31915
850.29224 1090.3766
1763.4286 1258.8572
1032.1 117.833336
542.9091 984.37274
350.725 846.925
799.8409 1510.1818
1654.3462 36.346153
1076.5177 142.68236
388.2907 589.8372
1457.9286 1655.0143
1430.075 1651.2
198.72728 875.1818
586.5 575.5
735.04706 124.91765
986.7705 1650.8279
124.21951 80.68293
955.9675 287.5974
333.70303 1530.6
1009.6019 1708.6311
1871.1215 918.8411
631.8 734.5375
1762.9117 106.35294
553.76984 681.873
684.26135 89.693184
1597.4553 350.9375
746.02704 22.27027
1619.228 905.6053
1822.9385 41.523075
1080.4615 496.14423
450.75 774.5294
1706.9259 877.2222
139.06944 1877.3055
501.5778 204.72223
852.2632 1610.4078
875.3214 617.1429
598.7917 1108.5416
1601.5 1033.1216
1800.6562 1880.6875
642.62384 892.0459
1727.3475 286.04813
1905.304 4.056
1440.7037 24.092592
301.8764 1798.4495
1482.6909 18.418182
716.72943 1870.9059
657.49365 1655.2279
1595.2424 296.55554
639.9382 93.8866
936.44446 1763.2593
491.4394 1383.6364
1439.5555 757.9815
1633.8854 509.8125
343.6125 1679.7625
1850.6349 514.9524
901.07446 1857.7021
703.87177 249.8718
1874.375 591.125
1667.0769 298.0
1299.3549 225.2258
627.0789 1779.7894
1435.2687 1466.2985
152.71428 6.714286
1623.2307 1814.9712
1981.2262 878.3214
1818.5186 717.37036
474.6413 1698.3914
1641.9688 165.75
1203.8889 201.59259
1766.8073 1334.9277
1966.172 646.25806
1950.5604 436.23077
622.7049 912.918
768.6087 1310.4783
126.39683 1158.6508
884.87744 49.65161
778.15247 566.1704
855.9216 993.451
1288.6522 1741.9131
1184.1057 906.625
558.5208 1614.1041
551.58185 1341.8182
41.191917 636.9091
534.0122 200.86586
901.07446 1857.7021
1193.1 1169.4375
759.5343 96.01471
406.125 632.625
1026.9504 142.35538
725.7292 29.541666
5.3473682 963.4737
494.4107 592.6071
582.4048 849.0238
1837.08 1326.2
1372.5 1958.6471
1724.8165 363.15598
1865.9661 67.42373
1332.1078 1643.0
363.14667 1207.6
541.94116 1653.8823
218.8868 1524.7736
977.8333 347.5238
282.0521 1970.0416
1707.3658 1110.439
320.82858 428.25714
1434.7561 186.51219
1991.9038 226.6923
20.613636 44.363636
834.0 350.5
445.83762 1847.5385
123.434105 19.426357
328.625 735.84375
733.06665 304.1889
1130.3726 1903.8431
1797.2084 1950.6666
630.6724 788.5345
79.098595 1988.1549
1402.9181 1838.0656
9.310679 1699.5631
1110.0405 600.4595
1756.6346 383.98718
1259.3942 1455.2941
1688.575 1211.8
1633.0206 1315.0515
1836.2632 487.8421
804.745 1171.1611
1716.4943 542.32184
1224.4054 1045.5405
1016.2045 1673.0
979.5926 992.5
1761.0 593.23364
1249.4143 320.65714
566.9286 1538.0358
1640.8563 1212.3701
1300.28 1347.34
1184.2766 821.70215
1520.381 1449.238
999.1628 961.5814
382.98492 1727.3768
113.971016 316.68842
1117.7759 1624.6724
1399.418 1937.0149
520.2 93.075
888.7761 375.43283
989.5 1162.6078
1358.7476 323.37863
1765.8529 1654.7206
1709.8909 1854.5818
1992.1791 1153.5374
32.17647 507.07843
1219.8131 1987.271
257.575 699.6
859.41174 1002.64703
1002.2222 1860.3704
757.39215 1744.2354
1308.6029 876.4559
685.52545 282.61017
1859.5676 540.17566
1124.8933 1242.72
1406.5146 268.67648
639.95557 1116.3223
1080.5663 802.5301
1643.9556 1902.6888
1625.9122 364.2544
184.88637 1454.3864
1790.7183 1496.986
1861.579 367.6767
423.5408 1160.3062
1944.3636 1774.6
1991.2036 1597.1078
1563.73 530.02
239.2375 495.5125
633.4 170.85715
751.2118 766.8941
1168.4066 458.37363
1594.5917 139.39166
1745.3508 1312.0526
795.75903 900.1566
433.9091 688.8485
1344.6129 1924.4839
1057.4445 1422.5454
612.7679 790.3571
1941.4333 1689.8
1299.0 849.7971
1175.4 1875.1
739.97345 355.27432
918.5 1574.6216
311.32654 1801.7347
1149.2354 1671.0883
1006.87933 436.13794
370.51428 1446.0
945.4853 1931.3971
827.22095 1456.9535
1686.3112 1732.2222
523.56525 1345.826
1445.7174 1419.1086
1037.5 7.8235292
1828.9615 552.3461
387.675 1396.975
1349.9606 184.19737
302.25674 1839.4459
1687.723 1867.123
1625.5696 862.8228
603.44556 1370.5544
1482.5527 1537.9316
1580.7528 772.2135
590.43665 909.9859
1686.2297 1032.3243
1347.5063 88.544304
1445.4098 1051.8689
892.1266 1383.9241
1162.4572 1638.381
687.6667 1595.8206
1051.8 336.32
1044.0319 1886.6489
104.871796 82.666664
1691.6154 107.40385
857.5821 1526.0448
1846.629 1500.1129
1548.0278 1834.9445
1825.8718 1157.3077
1352.2 672.4857
1891.8462 1637.9231
1870.7402 134.80519
1874.581 1037.7162
784.8298 1277.2979
330.33334 221.97437
869.13635 1355.1364
1777.375 987.125
928.0637 27.471338
1195.2886 1665.1343
136.26666 1514.9667
755.62964 273.48148
218.8868 1524.7736
1992.1791 1153.5374
1495.9675 141.79675
379.6875 602.53125
1777.375 987.125
256.10144 1830.2898
284.02042 1184.3062
176.01137 976.86365
1832.6945 307.77777
1161.2087 398.94507
1519.5361 339.18558
744.56287 1185.071
755.84125 1399.0317
1518.1904 1759.6825
1934.0294 1465.7059
353.63492 191.5873
1655.5116 106.83721
306.33334 1969.3788
58.38095 1327.0952
1399.421 1349.4912
1843.6072 1580.1786
706.8117 839.27924
982.5208 217.33333
1408.7 1842.85
1515.7727 391.30682
528.0 1833.0
407.75 1578.6346
1159.7898 1515.172
1228.8197 923.6721
1219.9242 440.5303
1921.7819 166.6909
1916.4149 422.71277
1293.2593 154.85185
94.93939 1422.6515
225.17545 1520.2456
652.6774 937.0968
1443.05 1447.75
8.98125 1111.8875
270.20154 1072.2635
1943.1333 506.49335
1992.5333 1355.1333
562.75 358.7143
435.11322 1138.8868
186.20967 983.0323
1138.1805 1996.3472
239.9604 652.2772
866.2174 905.31885
1834.0084 535.7311
1319.8572 1782.4286
559.7463 720.8209
1371.7875 435.4625
950.2222 1693.289
1120.5897 329.84616
593.5606 3.9545455
1484.0625 413.0125
1959.6538 1257.5
834.8919 1848.0405
421.05746 1727.4943
16.5 83.5
1274.2858 1511.7976
1863.6909 443.18182
482.59634 1728.1605
# COVID_SAMPLE_20_ROI_17
61.633335 297.6
611.7415 1708.6327
590.36365 1978.3182
1725.5652 1918.7174
695.93494 1279.9349
1229.5143 1783.45
1280.9615 1698.1794
1485.1351 76.554054
469.3913 589.53625
968.5185 291.51852
1478.9 1502.53
116.6 1963.4728
1329.3667 315.36667
570.4375 432.1625
1334.7606 26.436619
1500.9508 371.05737
564.64 1281.44
1845.4359 988.35895
853.71796 1539.1025
1688.102 173.14285
1742.7439 1500.5731
1874.1123 1826.2135
343.08383 271.98804
111.26295 402.92432
879.94116 853.44116
442.13333 1737.3556
1514.0 1013.6795
1813.884 1279.942
72.20482 293.93976
1272.0176 1540.5264
888.7093 1036.4419
1545.1746 1120.9365
758.36 823.04
1717.0 385.42593
1996.7106 263.6842
163.05035 1411.0
1710.963 1925.8148
1344.3513 1651.7567
1164.5 1220.3279
866.0337 1189.6742
1662.6705 1927.2354
512.88464 553.53845
405.7143 164.62857
1236.386 502.3509
681.3171 1803.5366
1812.6316 1760.5088
1200.091 240.45454
1809.8983 1790.2203
1741.2115 1670.7307
16.093407 1913.7197
197.0 1398.6912
885.0 1436.174
1190.3707 1761.4382
1294.1 511.075
1316.4767 1509.3085
219.76068 485.39316
1862.523 6.9541283
893.2222 513.45184
1296.9031 143.56401
1718.5358 1317.0215
1767.4265 1784.3604
694.83826 1605.7941
1574.5143 1718.7142
1569.4517 1269.258
1340.1975 1643.6666
1878.4688 447.4375
1375.75 497.66177
262.8305 728.9661
66.90323 1368.3549
1405.2128 978.93616
1362.4565 7.2391305
609.5373 412.14178
902.4167 361.59723
1869.0 1761.5
255.89362 1861.0851
671.7857 1626.1428
1082.64 1929.24
800.0886 1612.7468
763.9375 1728.8541
1256.9636 103.63636
731.6789 1715.633
1680.4166 702.5
1544.8661 86.10714
347.36 690.4
277.82812 624.59375
470.34546 1450.491
791.4737 235.73685
325.25 1489.4688
1544.2931 1260.4656
352.66666 867.42426
936.40814 1475.602
1196.2646 986.5
1588.1338 1865.1338
1027.4147 1502.6586
1113.4615 901.8461
1600.5758 1315.6666
1666.3115 1316.459
1693.0 1704.0
1612.512 1540.824
1580.0165 1765.8512
29.432203 1115.0424
1745.2743 1228.3451
898.9706 1045.4706
126.61539 1702.6
844.55206 1528.25
564.21704 1833.5814
1227.0804 1442.3219
1343.1099 1632.1648
1046.4286 450.84616
29.432203 1115.0424
1979.1538 1638.4231
1643.7761 6.4179106
1420.4359 1621.9231
1688.102 173.14285
294.65942 621.3333
442.13333 1737.3556
14.944445 561.64813
1875.6702 1568.8405
493.03705 1674.5555
349.60715 1739.6072
1862.523 6.9541283
1050.534 280.52274
1594.8846 455.15384
1174.7097 1550.7097
90.32743 1242.4425
398.07007 1750.7325
1761.3103 1793.2587
1930.7733 1221.72
1515.8142 1520.6011
966.3585 1459.5283
684.0632 184.54736
1667.2117 1580.2263
1913.4688 1124.0625
1149.0945 185.55556
1775.5416 1824.9166
721.55237 1247.1047
671.2959 1615.7653
272.06097 1507.4878
1338.5983 1078.9231
455.03738 796.42993
1649.638 1583.9482
647.3077 830.2308
169.28206 749.6667
1667.2094 1199.3837
422.26666 749.95557
490.9114 1400.6709
977.0769 908.0846
561.2121 1713.0303
594.8193 405.24097
445.98914 1353.1522
429.1356 1748.305
1016.5 491.5
590.5909 1453.1136
1413.0 1779.0
1311.6364 571.74243
330.17856 1789.5714
1699.3636 1559.9697
324.5263 1477.2106
1332.8182 1649.026
867.44 1455.2134
579.2069 489.00574
330.86154 1770.9539
1705.7722 57.28713
1698.5416 982.03125
1691.884 854.3043
561.5 1820.7727
1687.1666 1882.25
101.46853 1846.6923
1234.0546 1380.4182
375.8387 1474.4517
1211.5938 1700.3125
953.6076 1118.2911
109.425 1776.9125
1861.5 1655.0
908.17645 1020.89703
860.5179 1502.0983
399.75 811.65
1180.1296 1440.0741
406.22223 1427.9722
1771.354 1966.5752
555.507 1304.5916
74.59259 546.94446
594.8193 405.24097
1162.3906 121.125
927.29034 1477.0322
1760.1587 725.2143
123.710526 606.9474
1988.8551 1453.3043
325.42624 1833.0328
960.2 1452.091
1677.9474 1910.6578
221.0 743.1739
303.3854 750.78125
199.95653 591.3913
400.5357 796.5
390.625 1708.1041
1810.7607 1454.4957
1806.5543 953.54346
1053.7675 177.7907
959.28125 1149.5938
897.8839 229.77678
1087.5769 1780.3654
932.5098 310.33334
1083.7347 692.89795
1781.5656 480.9918
836.95746 1443.0851
1087.12 985.8
1442.2616 207.9077
1947.2 1859.125
1827.9286 508.375
180.97058 1054.7646
1835.5886 339.51773
683.3908 1723.8735
1272.24 1427.8
659.7826 1622.0435
694.8372 1639.783
1577.7222 821.5139
1174.6923 1212.4615
381.9115 1467.7965
1985.1517 1375.9017
1190.7407 207.48148
1730.819 1476.6207
1772.8334 1702.4584
740.2295 1348.7542
1531.8695 1098.7826
961.0345 781.68964
318.0 1477.4166
738.34 50.45
1930.6863 1866.3431
1989.305 1229.8474
1450.8588 43.729412
843.91113 1645.8
70.5 1956.0
807.4545 1615.8182
369.06976 616.06976
325.25 1489.4688
1165.7266 581.89844
755.4396 1605.6483
1227.0804 1442.3219
1600.0886 1756.6836
1858.1025 1599.359
1772.2322 395.42856
1430.96 1543.4
693.36 767.68
93.96296 1777.8334
891.5 4.5677967
298.30136 629.726
882.8475 679.20337
892.2955 1853.2046
1836.44 471.08
533.7129 1416.4159
888.7093 1036.4419
1959.9592 1882.2653
1157.925 221.0625
62.448277 228.60345
1551.4719 1929.1123
1763.9014 271.50705
170.86363 1165.409
1.9772727 380.1591
1164.5765 566.87756
1338.5983 1078.9231
957.36365 1496.3636
1514.0 1013.6795
347.72726 1297.7954
891.5217 1474.9131
1013.629 682.19354
1405.2128 978.93616
1680.6086 1666.7826
1021.0682 1407.6477
169.28206 749.6667
1810.7736 576.15094
1231.5714 1685.8368
1393.025 1785.325
1272.1282 527.2372
1503.7539 91.41538
226.93478 347.42755
844.9388 1558.102
372.2 1931.8534
294.29166 1509.7084
157.39131 193.46739
511.0532 333.20212
804.6475 393.67212
259.82608 1781.0869
25.575 1940.575
1531.8695 1098.7826
1975.091 1505.5585
1337.1111 1523.3611
1311.6364 571.74243
1520.0472 537.5827
1664.5814 847.02325
844.74194 1461.9032
1560.6637 828.99115
1266.125 1286.7084
1473.8 1869.12
632.71234 817.9726
230.496 1777.008
739.2436 1034.8846
485.44186 1902.4961
1516.6792 397.62265
755.6047 1402.2325
1765.7467 776.0
160.27777 1189.7778
872.0 1499.2051
804.354 945.43365
1923.2759 1018.0862
872.0 1499.2051
451.90625 1694.6666
1687.3 778.5
1682.9479 215.73958
1350.9333 1634.04
602.0377 664.4623
1887.3412 997.4706
1718.3628 106.40196
339.57352 774.1397
1611.6154 713.7253
1196.2646 986.5
190.53572 571.9286
1676.7976 710.3929
1057.875 1461.5
951.0351 219.77193
1520.0472 537.5827
1930.24 887.96
951.3016 193.73016
706.37933 47.051723
909.0154 1876.8462
1288.5873 183.4127
813.975 135.05
577.0702 1681.7192
1094.0394 1232.0394
18.958847 411.63376
1989.1 1614.6167
765.28 909.42
1913.4688 1124.0625
1081.194 699.5821
834.36365 1585.3334
410.58722 1746.6046
1932.2678 730.9286
170.86363 1165.409
968.0968 1399.5483
349.84338 352.36145
855.4588 532.83527
1723.8708 1546.7943
1560.6637 828.99115
1481.6558 1681.705
833.5143 1409.3143
892.2 1865.3
32.02667 635.68
1559.3103 695.37933
1007.8823 1439.2354
1354.0195 1048.7142
602.0377 664.4623
1606.9053 1516.8737
664.7171 1604.5804
1862.5283 1808.2075
87.09196 1294.5747
1898.4576 1365.7457
454.1954 846.16095
914.098 424.9608
55.518074 1109.2892
157.58461 1609.0
1563.4103 816.3333
256.62888 1788.1855
1438.75 82.666664
636.23334 1606.9
1551.8096 554.6984
1921.5 517.2917
1892.3823 447.79413
1925.0741 1851.8889
1771.5264 933.5789
218.75 1182.6982
1988.9445 1120.4778
1638.375 1900.775
117.19231 1847.3462
691.9103 1177.9487
478.5 1414.3214
321.77048 532.9508
1.4285715 1832.381
553.26984 1191.9048
202.04 692.4
1404.9524 1794.8334
590.56 1351.92
688.6721 1453.2623
1296.9031 143.56401
438.0 1694.96
748.70966 353.9355
777.02563 95.17949
785.86664 1606.7467
843.91113 1645.8
1831.3733 1125.1067
759.4487 1415.4359
1802.1562 1962.625
414.86746 1458.747
780.9773 1291.8636
1598.4324 844.3514
231.06122 1534.2858
1930.24 887.96
17.695652 275.06522
1487.0 1636.0
740.0517 1717.8966
684.68365 1651.3062
1513.3978 1586.3871
761.27026 1584.9324
1639.8977 784.9432
1592.92 1187.26
688.6721 1453.2623
1919.0 1993.6786
341.29703 1785.8416
239.36586 746.87805
1281.9025 1537.2195
1404.6216 1788.7297
1560.8959 1184.4166
1775.314 1586.7325
1720.4348 1508.6522
324.96155 767.1923
1672.5834 1323.2167
1337.0435 33.652172
734.7573 438.6397
449.75894 1718.7233
58.142857 568.9286
1708.3766 1313.7792
1559.2222 904.0278
94.0 280.35
1147.3708 224.84769
1572.695 1768.5424
126.29412 239.96078
1617.4177 1780.0127
1421.1666 1726.1154
1840.6538 825.9039
664.32355 1405.9117
1292.8594 1363.8125
1092.32 693.55
535.8095 1387.9207
4.383929 1650.8214
203.97058 1784.0294
1796.5876 540.2268
1836.44 471.08
34.608696 1087.9855
1255.8077 209.23077
1610.0988 1444.605
285.08694 1768.3043
1948.68 503.32
1811.8939 1770.591
544.9213 1674.0898
699.7647 14.835294
1165.8108 1544.1351
1563.6471 155.77942
730.71796 1316.4103
1679.6522 729.92755
867.44 1455.2134
149.16814 464.1947
1987.7361 1506.0278
1887.8539 1077.6967
973.8333 758.8611
728.0901 1029.1082
1514.375 180.2
80.02564 1411.8462
190.53572 571.9286
958.0141 940.4507
531.75 1359.9584
1444.2035 1843.5044
1667.841 115.13636
590.36365 1978.3182
438.6 900.44
494.04688 1695.5
290.25925 1446.6666
264.12903 920.29034
16.093407 1913.7197
1015.36 1467.8
1851.0154 64.16923
1850.5857 1285.8429
1118.6562 228.69792
1325.92 74.8
1064.5244 1201.5488
641.0909 1631.948
635.3281 1442.7344
1707.909 1656.091
1236.0288 1734.4231
831.7083 1547.4688
1811.0448 1326.3582
1989.305 1229.8474
932.6356 913.7627
558.3214 1371.5
1577.7222 821.5139
1793.174 1780.5
1982.7542 1961.9344
1987.6765 689.85297
702.5724 1209.2236
1281.1034 483.17242
1713.7028 1658.3379
1254.7821 417.3718
785.86664 1606.7467
1991.7478 74.791306
202.94897 1774.4796
1973.7551 984.46936
482.15384 1673.8846
835.2895 1316.0526
1982.51 1981.4229
1457.7183 566.9859
961.2544 881.5702
839.44 1507.08
1785.3871 774.7634
197.95 93.24167
904.3929 1121.3572
519.4923 1674.2307
1200.3846 1116.6154
1677.6538 1814.1538
714.79364 1627.3175
705.5 1594.4474
1.8235294 1104.3235
562.4839 1793.5161
428.5104 1738.6562
1175.8767 1259.9863
870.2121 1506.9395
1805.3667 809.7889
243.36363 307.72726
1702.8776 1676.6327
544.0 811.3214
217.99193 700.30646
852.5753 1444.7397
1651.0353 576.0706
1487.9166 1894.1875
979.9783 1478.3914
1710.6086 105.5
1972.8572 963.3333
1338.5983 1078.9231
230.496 1777.008
189.47917 1549.5416
1471.5454 992.3788
300.1 1256.24
1343.5754 76.0566
451.08694 1684.4348
1024.2084 290.54166
883.7826 1286.0543
1013.0769 1463.0513
60.54717 1900.8302
1137.1776 1731.2897
1351.0145 1731.9131
60.101265 1367.7341
1022.4231 1387.4038
1174.9636 576.12726
435.66666 1116.875
941.8276 1442.8735
497.02667 1426.3867
1935.8658 1936.7317
66.06604 1894.6792
260.1111 1875.7778
1697.0273 60.136986
1453.1708 1316.9918
# COVID_SAMPLE_6_ROI_3
1218.55 1311.2916
949.1068 1456.165
787.4545 1356.4242
101.52631 1190.8722
391.22223 1344.1111
366.982 129.12613
341.4524 1372.7858
1270.4684 1262.9368
495.7 1022.1125
63.666668 1202.4242
969.2 1140.6666
743.6173 1356.9506
670.58105 771.5135
1427.5 1303.5
944.03125 638.96875
760.49506 729.36633
995.8788 108.969696
30.465117 948.0465
768.6 1189.0444
932.3889 665.0926
456.30157 737.5714
912.92755 718.5507
1068.3019 1121.7548
333.2034 334.50848
1355.3636 211.18182
971.2 1213.5
422.5 1260.625
162.12048 1243.5181
876.98 324.9
1084.64 1356.4534
1206.5322 447.30646
806.3913 45.652172
897.19446 1122.3611
888.092 1115.862
283.15384 1074.2693
1403.8334 1060.5667
1113.115 349.28735
305.6857 254.48572
1035.1072 581.39795
962.40424 834.65955
35.34737 556.54736
1015.6042 1049.75
917.2459 1424.8689
417.74683 164.8481
1443.8922 1302.4215
280.39395 1358.5303
516.3077 1479.5769
710.675 1211.075
8.0 793.09375
671.8837 730.1163
1210.488 437.2262
1351.3363 586.6091
131.0614 1059.0
772.7763 1343.9868
8.0 793.09375
180.8077 176.3077
545.7805 709.561
1165.1854 677.8387
12.053333 509.62668
1482.8276 498.89655
1483.0 348.5909
995.8788 108.969696
1432.0 408.15555
30.09375 1042.625
1497.7567 670.3514
1004.7347 978.17346
1296.829 281.9737
239.44 1377.6
1002.92706 586.48956
1415.8759 811.8823
450.375 522.98956
44.489582 658.0
257.1842 108.14474
1212.5056 513.26965
1020.5 380.0
1388.6 1311.8
494.94696 298.53787
552.8461 1237.1794
675.95917 791.2245
431.56 257.08
475.07144 684.55554
194.86208 250.89655
1490.2377 467.959
1125.5103 137.4796
1097.7241 1282.5344
1083.7341 381.40506
897.89404 418.3245
1014.3016 651.49207
204.77359 568.3396
1470.7 322.18
1434.3431 379.60785
1483.0 348.5909
1.775 814.775
302.95456 1024.6818
1369.4519 1404.5096
1486.25 568.4091
783.32074 1379.1887
482.5 1237.2
560.1584 280.89108
1026.381 1128.5159
26.74074 464.85184
959.9219 626.2969
859.3333 1056.9166
299.8587 885.38043
836.68 94.89
1433.3971 1083.2646
939.42645 345.0147
720.4074 462.07407
210.15555 634.3778
96.810814 965.4865
327.30646 534.5726
1262.1464 1229.0731
892.3409 971.0682
859.6539 1125.0
951.70966 383.12903
436.82278 456.50632
90.37334 81.85333
915.1579 1370.3368
974.45264 760.3158
567.0 778.5
917.375 325.64285
183.32204 37.77966
1023.69025 1331.0708
819.987 280.02597
853.8421 1399.1754
1384.4486 321.47662
1458.0266 623.25336
166.10938 718.40625
66.530304 548.19696
1451.2 648.5
563.06525 1462.8695
1051.8939 438.26514
654.36664 1424.3667
1253.8356 1023.8904
654.36664 1424.3667
1140.3053 592.71576
908.0 1418.5
787.8214 907.3929
482.92233 810.75726
397.55884 517.0294
886.4737 1273.1204
162.12048 1243.5181
541.8571 1296.1428
647.93054 1351.5555
733.4969 985.3602
877.6316 1151.079
1047.3903 744.2683
748.4857 833.2286
697.5 74.0
1386.4468 358.56384
1050.303 634.59595
288.47916 1420.6041
359.33334 251.81395
1021.942 228.76811
1468.9694 698.4184
589.17645 950.82355
951.082 1262.5737
642.04 1353.76
888.6875 1225.4688
946.0 1072.4524
178.8108 1449.2433
269.09302 2.6511629
14.511364 1422.4204
399.4321 219.98766
811.5319 488.93616
926.64343 637.42633
820.7273 1124.9546
460.8 93.76
242.42592 1231.2963
147.53847 2.3846154
216.24623 840.35175
452.6154 1262.3407
813.8611 650.7778
992.7381 1154.9286
598.05835 725.06665
183.32204 37.77966
946.8276 1366.184
814.36206 426.06897
332.32352 1130.4117
73.95385 279.58463
498.64102 1084.0513
913.875 1098.5938
1083.2972 1085.8108
1131.2142 941.7321
1244.5714 363.94287
1367.0962 607.1539
1125.0328 431.2787
197.86487 240.10811
132.27777 1318.8611
839.9551 630.44946
176.36363 491.5
245.64865 214.24324
442.25882 1030.447
1004.7347 978.17346
205.48936 690.0
992.84784 1096.7391
292.4737 1297.2368
376.63043 1162.1086
533.45764 349.2034
1050.4078 488.19736
83.38461 1116.3462
1042.7142 64.4898
1180.1455 1460.2
885.0921 885.1711
1025.4572 1004.2
199.56757 253.05405
1258.3387 547.2258
834.0 593.5
1232.1034 1165.6897
996.4 140.4
1029.8572 666.3
1425.664 302.14755
251.14706 1076.8529
570.00745 853.0448
406.9726 764.8767
448.49612 284.34885
108.44444 971.1111
581.9091 1140.2122
4.787234 160.38298
779.30615 809.7959
461.8889 1496.2
176.48889 736.44446
741.10126 1282.9368
299.8587 885.38043
36.764706 633.38824
32.0 1177.0
447.24243 183.33333
1222.4 418.67368
1142.3478 181.34782
826.0714 202.39285
1010.6507 992.3288
1254.8513 888.37836
7.4166665 1463.2778
1418.24 18.46
826.12 375.90668
1131.4625 335.1
951.70966 383.12903
1390.5111 254.26666
983.03845 1183.2693
1316.6305 1381.8914
1131.4625 335.1
124.95049 9.7029705
852.38464 707.4872
336.46533 1384.6534
887.6177 1283.7354
983.0816 261.0
968.87756 1058.8265
975.7561 244.07317
1308.4314 152.41176
961.2714 935.9143
581.7838 663.3874
1016.53656 1240.5853
205.76543 338.2963
990.71796 566.7436
57.083332 666.369
450.6207 1323.046
180.09091 509.24677
522.4717 1472.717
484.0 1271.8055
637.9927 961.77203
1260.9375 632.9875
728.275 104.4625
375.60645 1192.1226
2.5138888 931.2639
1157.8536 777.0244
824.2766 896.2341
1367.0962 607.1539
724.4754 1296.6885
197.64102 501.53845
224.5 1299.5
265.4138 306.22415
1126.84 53.8
26.74074 464.85184
539.49054 1418.4906
33.787235 1413.0426
1059.4032 11.284585
466.0845 274.97183
61.225353 689.9718
198.98666 1251.88
340.40125 265.5679
675.0 347.0
1475.2361 1336.0
942.9623 1055.8679
816.253 931.6024
977.75 380.5893
1279.421 877.6316
321.6316 1106.3334
1213.6333 1096.6333
1241.1364 641.0
128.05714 1166.4857
1166.2059 839.7353
1263.5834 71.791664
4.285714 1490.8368
1334.08 547.74
968.47253 666.16486
1247.951 749.8112
1473.4534 379.78665
1417.0 712.9655
908.0721 396.55856
44.265896 492.28903
746.09436 602.283
626.33844 730.44617
207.17778 355.4
589.2542 1358.661
155.76666 959.23334
868.6 1070.4421
631.2364 619.4545
222.44286 171.42857
1177.2656 1159.5625
1249.8511 1106.2234
736.22 391.5
17.548388 113.41936
961.1096 964.0685
985.507 362.02817
1403.8334 1060.5667
1462.3939 254.24243
1232.8813 286.07626
986.56757 11.094595
430.33334 1377.7255
199.71428 323.5238
627.47107 293.24792
1485.792 241.43625
888.092 1115.862
163.3 1015.9
938.25 1364.775
1431.0164 187.72131
1179.4242 1097.4242
1258.3387 547.2258
1334.08 547.74
497.5893 558.625
511.12964 810.2778
424.95456 1281.8636
511.12964 810.2778
951.53656 1009.9268
1147.5625 373.4375
471.2647 1070.5294
931.7857 1212.8214
589.2532 47.810127
453.8889 87.968254
422.4074 1193.5927
509.4 1321.6968
1297.3066 1331.4534
21.911564 1300.1904
53.431374 1309.1372
34.546295 1008.62964
1496.849 15.679245
255.5 598.0
500.47058 598.5686
565.5 1444.3334
1107.0 126.89041
647.22974 768.6486
799.6667 1284.25
952.0495 1464.9109
288.47916 1420.6041
57.083332 666.369
535.3827 1315.7284
306.3433 736.8731
637.75653 765.97394
58.376472 592.50586
478.21875 477.28125
990.41284 133.85321
350.3302 434.96225
443.22223 1196.3334
243.74074 688.4074
1030.0 127.5
865.5469 874.5
1160.8572 729.9286
1155.8286 685.65717
566.44446 32.944443
508.44067 1496.678
649.3771 521.8525
376.71875 1490.1562
1158.2424 387.66666
165.89131 1043.3695
18.487179 824.46155
787.8214 907.3929
1097.0 456.19852
417.74683 164.8481
1180.1455 1460.2
1299.814 260.23254
1073.7637 1141.9272
616.3 1352.2667
566.44446 32.944443
283.15384 1074.2693
748.4857 833.2286
929.8679 1433.717
51.5 192.70312
1324.7041 759.0102
528.7727 1066.4454
697.5 74.0
561.3497 1272.5337
969.2809 146.25842
692.85333 770.9067
68.61702 636.617
591.2 695.87695
1139.0638 1310.2482
1402.125 503.59375
942.7738 580.4881
985.2376 1393.099
# COVID_SAMPLE_6_ROI_1
328.68832 606.03894
649.4675 965.3117
1529.7407 826.1667
1943.5217 558.34784
1300.3019 677.77356
251.67592 1052.7593
1418.4916 73.28814
1604.5055 638.4293
981.28125 1028.8646
548.0909 592.24243
1471.0638 84.02128
756.61536 110.17751
1001.1429 870.2041
1348.317 167.17073
1881.9318 722.2045
1895.5333 648.7889
234.08653 891.78845
227.01785 303.55356
967.1429 924.6429
1223.8485 492.74243
131.4 171.49231
1250.6803 280.4508
1925.2212 978.4956
760.0238 1079.2024
1830.2656 639.59375
816.9936 329.52563
968.425 701.825
350.5238 628.8571
1832.7675 1053.4767
1563.7778 707.3148
1863.94 323.07
646.63416 500.2927
63.68 688.12
516.6637 215.54868
1104.0857 876.8
717.74225 667.73193
675.8214 598.7321
1382.4861 966.7361
1168.8125 603.53125
413.58905 1009.5753
545.7959 884.7959
155.73077 541.6442
6.724138 66.586205
336.65 875.6
1878.228 942.4474
1243.8477 638.6381
1120.7826 784.913
1820.7627 597.52545
1032.037 429.77777
1745.6333 35.633335
1682.25 184.9875
1846.6333 747.8333
1153.9333 421.06668
1469.688 960.65955
165.93913 856.2
1634.1147 28.5
1178.2069 765.0517
69.98198 36.82883
289.73334 99.26667
1230.0862 700.63794
747.0395 259.6842
1554.6923 44.29231
1620.2444 1032.3481
1424.9833 925.98334
1261.8948 329.3158
546.7031 1032.8125
1144.0571 601.45715
1368.0741 459.1111
1002.2245 114.67347
537.4308 436.92307
425.8951 748.9021
1043.8594 633.8125
1203.5319 4.93617
1655.93 1061.78
330.5484 361.23657
408.50943 235.71698
911.9091 769.34546
939.38983 384.31357
795.825 346.575
272.2875 935.6625
944.7 718.375
1972.4546 548.0
1501.8036 910.5179
1701.7778 516.0
86.22785 957.98737
37.46154 285.76923
567.0594 452.9802
1206.6753 431.27274
668.625 125.24342
935.99414 1020.7836
237.35106 936.9894
1245.6438 965.38354
1654.5454 535.4091
1198.1428 460.90475
1888.723 906.2154
1286.1206 299.31204
1783.8073 1055.0209
1089.25 863.0961
377.9403 414.0
1177.5614 437.2807
939.38983 384.31357
15.569767 538.2558
728.7258 1072.4678
215.57292 5.0520835
768.4516 461.49463
890.4487 406.1154
1094.3489 338.27908
1260.5652 282.21738
540.1177 1068.4874
1091.5 455.0
1385.5938 356.59375
1680.0411 471.9863
1361.5421 318.6747
1098.6666 340.79486
925.8679 620.98114
864.3684 1006.3684
1663.0714 405.7143
1550.1395 826.3023
606.9074 936.2778
339.6154 79.726494
1364.9878 958.53656
985.0781 63.609375
381.0 233.72728
1267.85 626.68335
768.9887 41.39548
1896.1305 58.391304
1190.0385 114.30769
371.09525 517.3214
184.51219 519.1707
792.00745 480.52985
438.47794 115.35294
49.91892 228.45946
1089.9656 663.31036
480.52942 1062.4117
780.6667 302.9298
422.48276 804.8046
1254.25 418.86957
1112.1777 659.9778
1162.5536 533.4107
376.42554 393.78723
588.5175 658.2018
27.466667 946.1
1682.6364 159.07272
930.1111 700.6173
1700.3513 120.12162
1048.8379 782.4865
320.25925 445.12344
1129.5508 796.11597
208.17647 414.7647
979.873 516.0873
1287.0625 541.0833
958.5806 407.41934
873.9091 906.69696
1407.8 450.16666
1375.6964 937.2679
463.34482 144.65517
612.1053 499.33835
1704.6449 1043.1776
1207.197 645.6515
978.127 567.119
1170.1212 417.92426
1452.6774 170.79033
1908.7013 860.4935
946.3913 642.087
1216.341 108.068184
1422.6338 149.52113
1762.6316 378.66666
32.896553 634.60345
778.96826 774.92065
1896.1305 58.391304
1620.2933 79.22667
1246.8055 318.44446
1653.4524 160.06349
1814.1366 129.62842
1880.1052 646.2105
1174.9532 615.23364
1760.0758 47.696968
635.37897 582.92633
1499.7123 238.17809
979.873 516.0873
1053.1666 543.14703
1624.0588 374.20587
1666.55 904.0
1371.46 127.68
1809.4865 903.47296
780.6667 302.9298
924.1605 761.50616
1779.3011 387.83133
99.10811 202.82433
1159.5161 132.98387
94.297874 753.06384
817.82355 899.05884
1027.9736 523.4211
1647.1464 622.2805
761.8608 525.2658
1425.5 74.13043
1362.035 464.2807
679.4298 1082.1316
308.52518 941.34534
1965.1083 778.775
390.92856 30.380953
1992.5343 807.0137
302.06946 898.9028
1372.2906 271.33334
1846.6687 942.7349
1637.2212 767.0961
734.4316 791.81055
970.8939 735.7879
716.8911 487.34653
1811.6593 61.582417
1643.6177 993.91174
713.5625 250.5625
263.27026 389.0
1975.4746 1045.2119
1677.6538 566.0923
76.56 377.18
237.77272 93.40909
262.13385 551.4252
1701.5411 690.84705
1644.7877 473.23972
1826.0 533.0
1322.4902 491.7647
1381.9375 288.0625
686.6042 854.0417
1128.8695 631.28986
1683.1326 493.66266
806.4314 580.35297
17.846153 795.4872
120.7 219.325
1746.2449 975.5102
590.9341 368.989
1924.5437 166.97087
1002.2245 114.67347
720.9753 229.16049
330.97916 514.6667
1882.8271 482.33334
1494.5 164.21428
247.61905 547.2381
1982.7627 650.22034
1144.8108 781.62164
620.11676 742.1825
909.46155 397.34616
1207.1758 1066.1868
1678.8422 993.6711
487.47916 318.3229
611.8171 897.7439
1900.5923 844.76697
1900.931 462.56897
1397.7632 88.97369
1187.3026 147.82895
1606.2909 399.66364
240.78 548.88
733.678 349.03955
1319.8209 454.7015
817.82355 899.05884
390.03107 151.70186
1248.2245 951.7755
852.1702 808.0213
1014.4706 95.55882
370.00827 182.17355
49.465115 447.65115
1334.3062 83.89796
362.2439 209.36586
1095.1 849.34283
1833.2787 1026.3771
1821.151 86.962265
878.9375 885.125
1775.5883 779.05884
1653.1428 144.74286
475.06186 194.59793
1254.04 107.05334
893.4649 470.4123
1746.2449 975.5102
592.76404 798.2921
1980.234 172.02127
1168.8833 98.183334
699.4545 567.75757
243.52942 198.23529
1560.378 946.96344
48.89796 800.38776
1937.8572 35.44898
64.85185 696.0463
1834.4642 85.35714
1668.4822 396.98215
1071.5883 134.38235
1503.1691 231.33803
622.73914 328.94928
802.57446 720.04254
484.4 402.2125
1008.30615 92.42857
208.27272 427.13635
179.55696 171.81012
710.4783 491.52173
1189.0952 430.8889
116.804596 868.68964
1956.3958 1060.4598
793.62994 51.6063
640.37177 542.5897
1708.2361 761.0278
1840.8228 803.14185
779.8764 1082.0225
256.612 402.768
879.44 879.52
1725.8718 140.8718
1160.6757 949.2432
1812.0555 138.47223
317.45834 995.3333
1914.5615 1002.37695
1883.6207 1038.069
321.1644 530.53424
1694.6617 641.5294
930.2206 66.89706
1596.6542 385.6466
1853.2069 609.86206
1442.7222 1070.0278
951.46344 1083.878
679.4298 1082.1316
1367.6447 974.8595
98.891304 639.913
48.43226 889.7613
1620.7858 310.5
475.42856 456.0
697.4717 854.2075
838.6829 84.65854
1584.0265 749.3186
233.30556 449.35184
1580.0862 336.5862
1447.7819 953.56366
1240.5826 167.09448
1745.129 599.5
693.64667 32.133335
1878.1765 820.03925
1723.9615 96.833336
799.64703 784.5686
266.63794 51.24138
708.7156 619.8073
1801.5132 676.2632
360.15384 68.871796
1230.0862 700.63794
1410.25 979.0
1554.6923 44.29231
794.62354 36.152943
850.54236 467.8305
273.93967 143.61208
507.4569 115.81035
1669.5 331.07352
1996.7826 400.3913
993.9825 66.666664
202.13095 790.0714
1067.4872 834.7692
1717.6316 775.9211
1896.1305 58.391304
204.07246 387.65216
1484.0 88.5
373.75674 343.83783
1417.1305 341.69565
915.2345 445.47586
1830.5585 839.23376
208.58696 461.02716
134.85417 638.3542
272.2875 935.6625
687.86957 538.04346
1652.3684 978.2105
93.534485 526.86206
1312.1277 105.55319
1319.1063 1002.2341
368.86365 839.5455
1918.3896 177.19481
400.6111 188.47223
1014.4706 95.55882
370.5224 37.22388
477.95746 689.57446
1185.9565 558.95654
1417.6482 94.62963
127.78571 509.42856
1160.3442 444.14755
1894.3871 962.1398
1880.1096 226.23288
906.9286 453.1905
1163.3451 701.64087
1044.8986 570.89856
1811.6593 61.582417
1599.1339 62.834644
1770.8544 97.73786
1707.8096 255.95238
121.46154 919.2692
181.62434 978.04236
1078.1506 132.53424
262.0986 705.493
1563.2195 863.5122
1860.2034 1071.7797
1008.30615 92.42857
1963.6904 1026.006
243.52942 198.23529
533.7 779.5333
318.44202 77.58696
835.34784 25.065218
1799.2533 1036.5734
622.73914 328.94928
625.16315 63.106384
261.10526 341.94736
1992.421 644.3684
1458.4386 921.0526
161.86363 872.5
1895.598 87.57843
1177.5325 479.44156
123.75 864.1667
1799.25 778.1875
276.4909 706.58185
45.965813 21.02564
356.2 57.909092
782.76666 331.2
219.08696 178.13043
360.15384 68.871796
1675.8555 1008.3012
262.56522 1083.7935
1605.119 707.5595
1607.4779 435.53098
1126.4286 623.9
216.11688 951.8571
597.95557 888.26666
670.5417 471.9107
1160.4584 420.125
1635.6179 145.14607
285.36365 126.954544
155.83333 730.875
406.7181 273.8859
251.4 1026.52
1836.5448 327.1567
586.48676 636.65485
451.49252 756.56714
466.24097 690.66266
117.22222 731.6667
712.0847 274.72882
1039.138 802.2414
1695.4135 656.8461
262.11493 541.52875
1225.1459 890.375
# COVID_SAMPLE_6_ROI_2
1494.7765 109.329414
98.90909 1234.9697
836.1818 253.81818
880.6 362.12857
1007.1549 1203.1549
306.94736 483.94736
191.47322 68.26786
557.46344 573.5244
1333.9056 670.73584
1450.3226 445.08066
193.4 99.3
1379.8513 4.4324327
1121.5483 290.25806
1442.4048 1086.5714
804.52704 888.63513
356.8158 518.6842
729.31915 1243.2979
721.30554 664.2778
1037.3636 96.333336
1449.7142 913.25
902.8205 870.4103
576.1628 143.2093
301.4 606.6
713.06384 1172.3829
1087.0796 581.1818
709.77527 983.97754
346.125 411.46875
158.61702 187.0
817.029 364.73914
1263.2609 4.304348
1109.6666 486.16666
1483.671 444.2763
803.9091 297.5
937.7656 205.40625
989.3889 500.3889
620.1316 1225.3948
929.2143 111.74286
1195.663 25.235954
932.5273 798.2182
188.85527 839.25
1096.92 396.44
895.10345 157.77586
681.81036 931.8276
438.2143 20.285715
262.95834 331.83334
1017.87836 150.74324
13.333333 707.25
1202.1964 388.29465
989.3889 500.3889
1281.8572 299.9238
1081.3235 1038.2059
998.25 40.21154
812.7755 349.34692
1391.83 327.64
1159.1177 292.54413
1365.7693 889.38464
1293.2 541.5111
896.0645 716.5806
408.76746 978.23254
482.33334 804.0238
527.1539 563.88464
648.2545 78.56364
1097.25 1037.5416
237.5974 145.63637
1191.0 123.32143
40.070175 189.57895
323.17776 764.4593
1387.091 105.90909
443.25424 1196.4237
391.2549 154.92157
703.6391 1178.421
1441.2413 576.9655
1350.75 102.825
1471.9783 534.13043
803.9091 297.5
1169.3398 292.10678
14.364486 209.27103
1262.9423 956.9231
97.26087 555.5
563.1375 135.0875
1421.1428 312.32654
814.12823 217.92308
981.7895 500.73685
1279.579 520.4
563.1375 135.0875
1444.6383 109.93617
1380.48 905.648
472.79364 358.38095
1236.6377 631.10144
1391.0094 1245.1401
1230.8478 270.1413
891.90564 172.54716
512.1927 345.84402
190.32 614.24
866.6957 465.34784
673.34546 787.4909
186.72728 60.590908
934.07574 1032.1666
403.56412 214.25641
723.3913 858.2174
361.5269 1234.8495
354.73846 3.7846153
620.0417 1237.3334
706.6889 696.4667
1202.1964 388.29465
1281.8928 16.607143
1038.5441 547.69116
1265.065 921.37665
1178.5 1048.7273
1062.75 78.13636
429.2 1069.5428
202.7766 843.2447
453.80487 679.4878
1376.4944 304.30338
526.5714 679.4857
906.0833 354.91666
1097.0807 461.87576
909.4 502.16
305.6271 7.9491525
909.4 502.16
1203.184 881.056
1213.4419 774.44183
1338.7354 658.2941
62.892307 100.90769
461.16217 286.56757
1284.2715 125.27143
742.1667 628.125
991.6279 9.116279
934.07574 1032.1666
544.91174 295.56863
1287.434 464.21698
445.77466 757.0
255.13158 150.8421
1495.5264 525.9825
274.56732 612.75
1272.5758 438.57574
796.8387 454.2258
187.91112 749.6889
894.2759 1045.5862
900.9706 131.38235
648.2545 78.56364
890.0 280.67648
845.35486 952.25806
1338.7354 658.2941
324.31482 237.74074
1363.8016 505.63492
36.607143 887.8571
807.2414 402.72415
155.46153 630.63464
1043.5541 1213.8379
120.66102 958.1356
1145.3313 838.425
1150.6044 186.02197
975.55554 376.07407
848.2432 214.2973
337.82193 88.54794
153.69565 166.67392
2.56 140.08
1072.0946 384.5811
1466.3972 59.767124
804.4138 224.2069
610.4103 247.23077
13.333333 707.25
1361.1786 722.4643
1311.8875 91.7125
1328.2745 938.549
671.77966 61.271187
301.4 606.6
1109.7882 626.4235
587.4211 176.51755
1374.4694 21.897959
960.7317 383.2195
271.77 808.95
356.7 390.4
788.2692 266.96155
324.31482 237.74074
1076.9207 321.25397
178.5 1070.9062
119.72414 760.3908
60.2 461.12726
272.14285 883.4524
545.8387 442.09677
723.7647 441.88235
736.6667 889.8461
1268.1333 251.44444
1256.8481 275.0633
229.5 781.0
1450.15 509.98334
1042.6666 1048.3334
1227.9615 991.7692
977.4393 57.074768
902.8205 870.4103
895.10345 157.77586
1491.5 973.0
1239.0596 282.24405
433.25385 1082.6384
269.53333 741.3333
1319.279 991.3721
1088.6562 691.59375
1492.289 320.17776
1039.56 413.68
120.66102 958.1356
1141.34 80.92
321.75806 692.5806
506.64774 204.72728
375.57693 41.615383
263.2143 181.28572
1271.9565 138.2029
634.85187 727.7037
320.79776 215.93259
1016.4559 80.117645
1265.065 921.37665
145.22223 87.44444
764.08435 308.38553
369.0851 83.989365
691.2586 432.3793
810.5741 6.462963
1461.3591 395.19016
1195.9469 451.1593
501.66666 716.5833
723.4679 191.9633
865.75385 364.07693
392.97183 483.19717
97.0 573.7083
938.2157 724.77454
# COVID_SAMPLE_11_ROI_2
2353.1218 713.1478
885.5439 1225.6666
406.34723 1205.2639
1168.5358 706.8214
94.51351 549.7162
2312.209 809.7463
132.0 789.0
88.36207 1489.2069
1653.4395 348.77274
830.029 875.2754
1474.8823 97.55882
1771.2767 729.9874
1802.2688 270.12903
2107.5173 318.27585
2152.4194 53.548386
752.5961 1004.78845
2400.4854 606.89703
1799.4517 1111.5807
1804.0441 1270.3383
2262.6614 1013.2756
1824.4642 1150.6072
958.1731 123.51923
2415.5588 770.3823
1557.6621 538.9054
612.94366 1051.1831
2180.25 1008.90625
2106.519 673.31647
1898.3108 942.62164
1400.03 874.44
1486.381 549.7143
1120.2972 929.4595
279.03125 1021.59375
669.43243 944.6081
2420.8154 604.46155
2030.5306 173.14285
1608.8903 398.67075
1468.1852 86.42593
1101.6342 1121.7073
1663.4642 337.07144
767.1923 349.65384
1686.1976 1139.8372
1965.98 343.07
1828.4615 753.21796
473.67648 1113.9902
2427.1196 992.1413
994.05457 915.4545
1984.3392 1098.7678
1849.919 153.37837
60.048782 601.5854
2210.3406 905.8623
2388.1904 104.14286
1280.7878 812.86365
1725.0927 1115.3518
1514.9143 1190.9
1671.8556 1318.711
1009.82794 978.8495
1533.6604 1481.5094
327.1 846.26666
1968.3307 999.6142
117.333336 686.3333
494.58334 208.83333
1473.1061 140.16667
1365.0 341.36667
2362.1316 1257.4474
1059.6666 170.4762
1742.3766 635.026
1936.2368 177.94737
629.28125 335.39062
100.48485 815.7879
735.125 262.3625
1519.9176 213.18823
2403.0117 193.62791
790.5227 529.0341
767.8889 546.8611
2340.491 108.586365
996.4792 208.0625
1843.3433 170.52238
2236.2083 1144.2812
958.1731 123.51923
1098.8948 914.8421
2055.8823 740.05884
1429.481 322.1266
1868.3379 657.47296
2280.5059 721.71265
623.19354 384.68817
1698.9467 684.84
1236.104 1246.488
682.3684 886.4737
632.1009 534.7248
1815.5 1012.0
1814.7142 1146.0
1780.2106 1103.6578
1848.3263 265.14737
1037.9485 236.4433
196.81395 486.69766
18.4 357.28333
1573.8414 1269.7073
2421.9402 570.4776
1080.3334 975.76666
1508.0541 778.0405
2044.8406 718.1739
944.4286 188.59525
2452.5305 1422.7858
1957.6271 466.01694
886.125 137.625
1759.0869 1200.5797
2387.5715 79.52381
2243.3713 163.65715
1731.15 1273.2375
947.56 577.8
1839.5784 693.0482
1249.9697 1019.8333
1762.6154 857.0769
2421.077 950.5641
676.6786 1216.5
463.40323 17.370968
341.0351 241.47368
265.0155 947.5892
2435.0 720.0
463.40323 17.370968
2382.7463 1373.9403
1780.5167 786.1
1617.3125 1036.0875
2212.3333 176.41026
2013.5493 654.23944
61.086956 864.6087
276.8243 1180.8379
2240.913 1160.6522
724.64514 1192.2795
2371.8462 130.6
2402.9062 1127.9375
996.4154 363.2923
755.82355 983.902
629.28125 335.39062
1690.238 947.1905
2005.2363 701.7909
610.7195 634.5854
1947.8438 415.53125
390.83334 631.43335
1116.0759 951.88605
1004.13043 452.52173
945.2941 706.32355
457.28333 217.86667
2399.1287 1382.6238
2440.822 240.24658
1086.6938 178.29591
160.41379 524.89655
1971.1039 250.19481
887.9762 281.40475
856.88 879.71
924.785 760.6989
1745.1476 752.1803
946.70215 54.787235
2082.6223 293.37778
2070.0125 189.25
90.44242 1151.6545
556.36365 849.1591
864.696 195.448
525.391 1023.6617
2433.0564 209.6338
642.7273 290.04544
477.81818 682.6667
441.93182 895.9545
1671.2941 1284.5
460.98572 779.0
2089.0 1246.2646
510.75 685.625
626.18365 913.7245
609.42224 1285.3889
29.764706 836.2118
1768.9387 533.2857
2473.558 1410.1395
442.77026 798.08105
2461.951 1018.65576
2466.147 277.11765
1069.3256 1287.9651
418.43637 15.509091
1023.7568 226.02702
1714.8413 1085.873
1765.8572 826.26984
2149.4106 1343.7767
961.1739 551.50726
1869.5048 159.83809
2055.1365 367.76364
25.066668 369.83334
2058.9043 498.37234
1660.9445 778.7917
34.24432 1261.75
788.7848 1165.8481
687.3158 1269.3948
1092.2329 1055.8219
1929.0145 471.08694
2290.3262 875.09784
238.36667 513.11664
1787.5 426.36765
648.7059 278.41177
1256.7183 1130.6056
821.39215 1210.8823
679.44 588.08
1877.5 84.67857
441.93182 895.9545
447.8421 61.842106
702.26807 685.7938
409.06668 395.25833
90.15151 1026.5151
2118.6924 1069.5769
1983.1538 568.7692
1590.3914 1477.9348
1892.3016 1360.8254
2102.7266 734.82
1522.4231 1252.3077
2204.1758 1101.581
1085.695 13.118644
785.55316 648.44684
902.9028 685.7361
2290.4285 783.7857
851.6415 776.32074
2181.7036 119.77778
1736.6086 1121.7826
1811.0111 1033.789
1113.4304 1313.519
206.46153 418.35898
129.98112 926.6415
1744.5333 692.9733
1204.6765 1162.3823
397.6813 528.32965
2140.127 67.12698
2376.9214 621.82025
1955.2 984.72
2068.0 225.34146
1671.0233 560.4186
399.8356 479.31506
335.91666 789.9167
2224.256 1356.7561
2259.6267 832.4533
1313.6346 303.21155
694.9 476.92856
2275.6 927.15
754.93616 694.55316
464.2857 103.85714
593.375 507.9
1977.7384 304.09232
2040.8 232.38667
1917.931 419.87357
2009.849 983.9245
1935.9298 934.3684
1135.0818 849.2545
1671.0233 560.4186
1968.3307 999.6142
1707.8611 829.3889
794.62744 901.39215
1773.7407 1332.5927
992.10126 33.810127
1949.0 371.1613
555.3542 63.979168
204.36734 1022.38776
1795.3478 1105.5652
1573.8414 1269.7073
371.3652 1072.826
2283.7944 111.369865
372.2264 16.90566
1300.7402 615.8312
1122.3939 834.7727
576.1818 328.27274
2009.6067 738.61334
616.5319 914.2766
1887.3903 631.0
1917.0648 996.10187
1238.3606 343.91803
24.745455 141.12727
578.2245 437.59183
785.28 293.62
604.2162 305.9054
872.3913 267.78262
123.77778 1342.0778
1014.93964 187.63792
190.1077 1014.89233
1963.8649 570.06305
1914.2 757.86
971.0 604.43475
844.5769 350.76923
1422.3846 656.8461
61.695652 669.06525
1729.2766 631.6383
1223.05 1220.27
1008.9286 179.5
601.3279 454.88525
1724.418 727.21643
525.71185 1386.7797
1983.2333 1278.45
1742.8914 1485.4131
1539.5 1472.0
1465.8914 725.73914
2267.6956 1350.1594
1061.8118 804.7647
1710.8055 973.18054
1932.1904 925.0476
2134.086 705.52686
1878.4572 959.11426
77.46939 1464.9082
2004.8572 660.81635
694.38464 1422.1538
1218.8191 1236.7872
2255.4062 613.1875
215.87273 1377.0728
315.42554 1159.5745
1732.1052 962.1842
1667.7816 50.712643
463.40323 17.370968
1046.1578 667.2105
2497.8 193.9
390.83334 631.43335
812.46344 1263.122
1619.2 206.8
384.59723 1137.2361
2270.2285 61.17143
703.9103 325.15384
643.26 903.18
962.6591 1384.25
1010.8943 424.60974
1246.358 840.30865
2031.9341 707.68134
1654.7465 1327.6338
1738.0933 275.82382
1949.7826 291.91306
994.66174 113.14706
1066.7623 447.52475
2040.4656 484.86206
2449.9111 1080.0444
1430.7462 934.2687
24.25 391.39285
544.07526 785.3333
947.56 577.8
1853.7073 875.36584
1196.5957 737.5319
1842.5714 1486.7301
2464.9412 239.89706
510.75 685.625
396.41086 60.620155
1496.1566 751.7229
1158.6757 852.62164
2440.822 240.24658
1967.3715 219.22858
2465.4465 102.864075
995.7381 972.619
519.5 1404.0
8.0 606.0
687.9315 1086.6986
1920.9454 541.6727
521.4474 1108.0592
1745.1476 752.1803
2311.9092 84.42424
1930.3 739.58
2364.554 874.5077
1464.6056 584.2817
573.2963 1397.4445
1445.5366 694.6829
303.27658 540.57446
1751.5 636.7091
1724.0416 1495.6111
878.0574 502.0164
2229.3076 1480.9231
319.6979 944.09375
1714.7954 636.88635
1002.3953 838.93024
186.08955 259.49252
1702.3529 272.47058
1814.7407 457.33334
1976.7587 1139.7587
323.8734 870.3038
1670.3896 1345.7922
1948.0736 705.60736
1935.6438 994.61646
1861.826 937.7971
1595.0754 1035.8208
90.26087 138.04347
2209.641 1195.3846
713.625 942.7143
754.8687 1461.8485
1834.7812 964.375
12.2 308.24
929.7125 852.1375
2111.9412 724.0054
1777.0571 1121.0571
618.375 703.8594
2216.8 1082.08
503.37097 603.3306
1052.1936 15.790322
2440.822 240.24658
2400.4026 330.2857
2348.647 1175.6471
5.5633802 887.76056
227.9375 871.125
190.65958 770.2341
387.7869 584.34424
102.509094 1348.8636
2143.1614 1017.0
1922.1621 447.1216
876.25 286.79413
1783.4073 802.0741
834.7544 1134.5264
136.96428 655.1071
647.2041 463.61224
1852.2572 169.61429
929.8 124.828575
1339.5181 1140.9277
207.46153 146.07692
127.675674 510.8919
1785.7627 47.525425
2311.5327 571.9836
603.6901 732.1127
778.6458 540.86456
43.666668 1036.875
949.13727 367.09805
2004.9423 130.78847
1931.2836 569.13434
838.69025 1031.9735
170.51163 1042.907
130.91667 535.75
1979.279 1047.8605
1486.0 1223.8806
1019.7436 91.92308
1295.7627 54.20339
1787.7794 1102.1765
51.38 829.74
2040.8 232.38667
560.375 1335.875
1675.5978 1360.0326
2480.6292 313.78653
1339.5181 1140.9277
1789.3115 350.62296
451.96738 546.9457
597.87805 42.512196
1924.2239 1016.76117
650.1163 1076.3489
670.7679 615.3929
1985.9703 698.0099
1808.0 216.5
760.9706 1302.0883
1488.0723 556.92773
1872.2 1132.7715
2201.7866 1041.0898
1109.7903 498.82257
402.58066 795.70966
1015.6667 493.38095
327.1 846.26666
1528.5319 1491.6171
1023.40814 333.1837
763.0 993.0
357.0 833.0
1903.0103 1201.7732
679.52856 614.9143
28.695652 385.17392
1675.5 50.17647
1440.6904 1168.5238
260.85883 357.62354
1774.4667 792.1556
744.23944 1070.4648
429.80597 468.56717
1371.2142 578.1905
401.0 76.88461
1689.3334 1405.875
2335.063 1013.2441
577.5806 721.1129
2380.889 1096.7937
1669.4242 1325.0151
484.0909 150.76364
946.44775 942.07465
774.9259 315.0
2125.9253 1444.5522
463.9649 115.29825
313.3509 245.8421
1534.9333 238.28
463.9649 115.29825
1780.5853 1225.8536
1180.1769 114.35366
1918.4894 298.57446
1834.5405 1104.4324
1014.84375 336.79688
732.375 692.84375
1670.9807 1015.0961
2023.3182 251.25
279.52902 1343.2645
1874.4584 1116.0
1683.7347 1066.2245
1914.2 757.86
1492.375 1219.3594
1522.56 1471.88
1137.8923 1220.1538
1654.2947 1040.2421
1.7037038 1063.7037
2097.0 187.5
878.8732 900.5211
1923.8643 322.98764
437.77982 910.9358
2023.9131 638.7826
816.1604 851.2075
772.8333 513.48334
2348.863 916.46576
123.206894 379.6207
2241.9712 231.34532
648.7059 278.41177
1677.24 1089.2
244.76842 1075.5157
812.5862 1472.069
926.32654 567.89795
458.0909 948.0909
76.081635 1225.1327
300.06992 1250.6853
1812.2075 25.113207
1878.125 216.42857
2376.9768 636.75195
1842.091 1134.909
1004.75757 324.69696
875.8281 929.3125
1877.5 84.67857
65.888885 1187.125
1210.8102 494.6329
902.1711 716.7632
801.55817 322.81396
1239.4058 564.13043
1715.7693 1450.9231
862.32074 169.94339
1861.826 937.7971
1936.2368 177.94737
1765.4415 844.4286
1615.909 790.9773
108.86667 1359.4166
271.43396 1176.1887
2308.4846 253.45384
1931.45 712.86664
2342.95 1092.23
1258.4 982.45715
2128.5532 327.42554
1905.5524 63.58095
1510.265 540.5128
2427.6208 1007.1774
756.04 1434.06
1543.6666 1310.2424
2063.9553 376.45535
493.03946 406.96054
1882.05 1432.675
129.91397 1390.5483
752.2759 564.4138
1864.1833 402.2
2215.865 1108.5079
1129.6154 1492.0989
2154.5283 1131.5283
1603.6277 1375.5851
1899.2368 141.60527
611.6042 865.8958
711.20966 1254.2258
1948.5862 980.2759
1841.7441 640.06976
1815.4597 5.8735633
1680.9734 1219.92
782.82355 1331.7059
375.85898 485.8846
1877.5 84.67857
1453.125 1190.1964
2155.8708 199.21506
1019.7436 91.92308
2041.843 363.63635
2203.1685 587.02106
2476.84 364.9
2401.6094 674.0625
2312.0244 948.47546
1808.4452 961.5685
1020.2923 546.4308
348.85715 1159.2041
1265.8132 981.5165
391.775 475.85
2020.5769 341.01923
1468.561 833.4146
2130.2837 1017.19403
2481.534 303.81552
1387.7059 1486.7983
170.22388 947.9403
2228.4175 645.74756
1715.3235 763.64703
305.0 564.5
539.5 599.6
1668.6548 374.89285
100.48148 970.8889
2334.4521 723.9452
1794.0638 512.55316
504.33334 1372.125
1313.4434 49.5567
2171.5642 297.8846
1951.0 1008.4
1673.619 1119.9048
1556.8422 811.1579
2057.4375 691.96875
1653.3396 714.3585
2447.4722 697.4583
1452.5151 948.3939
440.34427 1496.6885
756.5606 386.5303
759.9231 1319.1538
537.5238 526.2381
103.58261 1267.3391
689.5417 350.72223
2328.8147 64.53086
1445.5366 694.6829
2186.0645 1124.0807
512.2292 182.91667
2336.4443 673.2381
650.6986 970.2055
1646.0454 886.57574
120.88525 935.4918
399.47223 1053.2222
1587.1842 295.6842
2439.3914 1422.9565
10.8714285 1155.2
1832.9783 1046.3478
29.173914 846.2826
2348.863 916.46576
181.61905 210.36508
1995.8823 1270.1765
1137.1786 484.66666
1682.0 311.6
1835.7693 3.4423077
1722.3972 1203.4795
745.12964 689.0278
1996.8055 278.16666
1119.56 439.44
# COVID_SAMPLE_11_ROI_1
92.795456 1569.9546
999.00635 224.31847
88.71429 117.91428
646.5741 1484.0
622.4211 252.05263
299.14706 1826.3823
1621.6299 426.25198
804.9545 1461.7727
553.40424 1449.3405
1037.3572 1365.7285
1061.6666 990.7963
492.98334 1545.95
1614.8937 1225.0426
771.8077 374.46155
835.67566 1057.7567
1525.625 1403.0781
504.27777 1363.8611
1509.24 104.99
559.02545 763.12714
1645.675 1970.85
1884.9108 21.142857
1819.4667 393.05334
172.18518 1831.9753
453.77527 933.42694
1639.7924 676.153
86.09677 1354.5161
1356.3214 1204.0952
113.818184 883.86365
659.18604 859.97675
172.84058 806.3333
399.125 1758.1666
948.5547 668.52344
1.4285715 497.1905
1953.8762 1978.2285
379.88095 18.797619
1154.25 694.14703
260.0645 1095.2903
621.5484 381.80646
1321.92 1038.92
1044.5149 1257.6633
1601.75 486.6111
773.6667 1362.8223
1984.5798 1933.1512
215.61491 412.52173
4.0277777 310.31946
166.21053 714.1579
916.4167 59.875
1574.7627 1682.7288
172.2037 1874.537
891.0 1311.2
442.34546 1772.7333
674.98334 1302.4333
967.0714 250.28572
1202.717 1610.0189
224.90541 1569.6082
1949.2695 795.7826
1730.7715 377.54285
259.0719 1020.48364
166.60919 1202.2184
1729.8889 633.2593
750.5942 1171.1305
1525.4375 542.2656
1503.619 1620.9524
1961.4 603.2
960.6667 100.875
1158.875 374.66666
52.833332 1559.5278
280.39285 363.4524
595.5217 1092.2609
1909.4615 54.153847
53.275 1620.5
1557.1578 705.8158
1032.0541 1235.5946
1650.3549 128.96774
1473.4504 224.92366
1852.5981 1651.1401
419.06122 1929.5714
1012.1042 1371.7916
424.5877 671.9298
498.72662 1034.1007
409.69388 1440.7551
724.19446 1310.7222
92.52308 1381.0154
918.2714 952.0
498.09756 3.3658535
1019.4528 1132.6038
687.0135 181.2973
2.6341465 190.78049
467.72415 675.4138
73.02597 1623.1948
456.90567 754.5755
776.9394 480.18182
1856.875 1471.5834
665.93335 1595.5555
975.1228 1734.193
186.0625 715.07294
1531.7637 1945.0364
1136.8922 158.67647
4.9514565 597.23303
59.694916 7.220339
34.170544 1398.3256
489.33655 1807.4231
577.6106 1058.5575
421.68854 1442.9672
1218.6207 843.7069
424.6271 899.2288
174.90475 856.3095
458.4074 492.4074
70.28333 619.4667
1474.84 340.52
170.09483 403.10345
229.34848 472.60605
1281.1774 1030.629
1593.55 986.975
1091.4329 1144.7612
136.4 607.8222
1110.4615 1091.6154
19.205883 1483.1617
1627.448 1078.344
1594.742 1807.8064
888.34784 981.6087
804.9545 1461.7727
1927.7241 924.81036
1362.9108 295.4107
913.6177 1148.0588
1046.8878 1531.4673
713.4681 848.3617
1337.2916 859.0972
206.75172 132.59311
688.5185 1212.4073
312.8 412.25455
1215.5769 523.0577
1251.973 1135.1082
1256.3077 667.86536
883.7013 1418.1818
408.74158 1932.1686
1069.8182 1805.3636
984.86365 618.63635
1996.807 1971.3158
1675.1227 438.8409
613.97675 1321.5814
389.18182 166.48051
93.62745 1658.1765
265.04413 1609.25
391.44232 1657.0962
1345.2535 1934.6338
561.8125 115.234375
58.135136 672.7387
1321.9846 1730.7693
1392.5333 1417.6934
1710.08 1260.22
243.50705 1421.5352
324.42374 1359.7627
312.2449 972.3674
788.61615 693.899
475.52542 899.55084
458.59677 97.96774
1133.2565 328.97437
894.5854 992.95123
1656.5616 3.5753424
890.4259 425.92593
799.6727 1283.3727
42.642857 643.6786
169.49 360.64
1321.4259 1358.3334
790.48834 1425.5349
2.95 1487.925
854.875 1740.3541
56.5 1425.0
1166.096 1045.0411
152.66667 589.75
1017.8148 461.2963
847.3594 828.4531
1487.1091 691.5909
279.64285 1552.5447
25.464285 1061.4822
669.5098 516.7647
1949.2064 736.729
1076.5641 1010.0769
903.7537 1329.806
1864.5975 754.0
1190.1448 1442.3882
873.5319 1045.0638
113.641304 215.69565
234.33333 166.82222
1516.909 1286.4773
1245.6487 1000.8378
652.125 334.95834
347.0 1534.6938
480.28888 1356.4667
609.8485 996.48486
97.660866 375.0348
1951.5714 844.34283
397.82925 710.4146
219.42169 252.91566
153.85715 1881.5934
891.30554 1640.1666
576.5741 1282.6111
920.04254 244.36171
952.7647 992.82355
526.875 1901.025
707.7105 497.26315
371.71643 1846.4926
812.59753 1322.183
508.65256 614.8051
96.39081 1407.977
699.5 547.0
632.6852 1424.6296
418.28723 1419.8191
403.70834 975.4792
1496.759 678.7229
1621.1852 1037.1111
1558.1 1242.0
1771.129 666.5806
1310.9324 483.36487
1531.7637 1945.0364
1240.8 1750.12
1383.6174 335.73044
1093.6538 1405.3231
1919.975 1595.225
1617.2897 1589.1963
852.49274 47.072464
180.36 1834.9734
243.56627 1176.8474
786.45593 318.88083
1840.789 978.6556
1341.4077 163.07767
360.90475 1400.6666
1329.3187 949.8812
33.325 1614.4
936.88336 745.7167
1116.3981 1376.5437
1887.0294 464.38235
796.31036 698.83905
987.15295 684.5412
95.12766 1931.6171
1467.6511 1961.9302
464.65332 562.0133
271.36667 1980.6333
1638.9254 511.72388
245.63441 684.9032
630.6818 828.24243
1462.5518 862.68964
1946.3715 74.77143
831.4211 595.3246
222.90909 240.09091
1678.125 1197.6666
1114.5758 1359.5758
1034.5585 1687.6104
1645.7395 1583.3025
345.71622 704.2973
1988.75 762.5357
1695.8096 32.761906
1177.9624 1446.0161
418.79 1821.91
1995.8478 1914.2174
1061.6666 990.7963
525.1795 76.28205
499.27084 601.0833
870.6951 1452.9878
1751.2784 182.22784
101.74 892.22
537.90656 596.2056
1952.5 969.0
1564.7019 1730.9615
152.8421 824.9474
402.88235 947.5
1609.0658 65.197365
1941.3959 1862.6041
806.8596 602.7719
1083.5 1310.5
1337.2916 859.0972
1222.2449 691.7755
589.0328 256.59015
199.05882 528.0441
185.44681 1195.234
1122.037 1255.5432
1803.1428 1597.2245
405.95456 1083.0682
306.625 706.5179
1150.25 1883.2125
264.86957 682.28986
792.0405 484.52704
1016.81635 81.22449
1152.8572 32.666668
468.25 854.6
783.9905 477.3524
1797.4615 1586.6923
501.10144 734.53625
1093.2916 1340.0
584.48737 1559.2521
1513.9656 1130.5862
216.96104 176.90909
714.4828 61.103447
10.313725 1593.2157
1293.0317 816.7143
1358.317 1988.2927
1422.0714 899.0714
1542.883 1701.961
717.1759 479.07407
1996.807 1971.3158
678.7037 1022.55554
324.42374 1359.7627
59.958763 377.93814
118.9434 872.43396
275.57144 1069.1428
920.60156 1067.6406
340.6857 1357.6857
399.04938 746.82715
1589.0769 162.8
470.89142 1452.0857
1010.2889 120.977776
263.2 780.5217
999.5969 1793.6976
654.422 571.92664
779.2545 1183.9272
1705.8334 75.95238
1603.052 1307.2338
1976.9639 933.9036
1537.88 1050.04
1486.1724 371.89655
755.1045 1912.7164
358.20587 665.44116
1942.7042 1078.5634
1143.4868 1753.921
604.7059 157.96078
1296.9883 1463.8187
1918.175 1800.2
538.71185 967.68646
11.732558 223.22093
1597.8242 1616.9697
25.21875 315.64584
33.954544 600.0909
456.1293 424.57758
382.2649 1663.4106
526.6559 1314.5914
1964.069 1868.2931
1582.02 1687.14
1901.641 797.89746
748.09375 906.78125
452.26364 910.11816
1005.1795 1142.2307
285.17545 739.807
1928.5385 47.96923
388.0 1554.7354
395.11188 916.44055
128.46835 1593.9241
86.09677 1354.5161
1102.5111 1373.4
12.03125 1564.75
1254.8616 434.1154
1994.3055 247.02777
1365.4147 1257.683
1189.4546 520.43634
113.333336 834.4
1141.0312 1261.7604
1719.8312 531.8701
797.27905 1472.5349
1875.1177 150.73529
982.3182 1354.909
1651.8085 1324.1915
1398.44 472.88
1214.2 1059.64
310.375 617.25
28.25 179.58333
1684.8206 791.79486
1291.072 1785.8108
1581.4656 853.31036
1386.3422 1130.5526
367.44446 1625.7284
1154.9111 1629.3334
964.15686 1643.6863
195.77586 1886.5518
1503.8923 452.72308
1209.5625 912.0833
1590.8273 608.36365
930.6739 724.163
682.67926 779.67926
362.86 412.65
1618.48 561.784
1330.8196 1286.9774
814.63306 99.770645
1745.934 1952.8302
1112.9619 1386.8096
1301.2428 1747.3214
1402.75 151.5658
125.22772 189.14851
143.02353 177.22353
830.43634 332.43637
435.2 1494.5428
38.76923 703.20514
1309.6804 302.9175
1466.0 1807.5
132.86208 663.908
923.6111 513.5278
1268.92 1907.56
1531.4147 1937.2195
694.3158 1701.7544
1295.7675 132.55232
1020.10785 1267.0098
1789.8085 97.42553
754.45 1687.2333
1762.0 55.0
373.5 1486.7778
1217.1288 1161.8939
92.5 1223.5
1365.252 1551.748
1461.9597 1403.5726
1196.7222 883.3222
1520.1023 195.05682
1037.8846 1459.8846
1521.1562 978.2656
1624.2037 1814.8982
48.810127 1488.557
392.71875 90.5
437.0 1990.0
888.91565 385.9277
670.6923 345.76923
1542.4028 1803.4166
1993.2216 1619.4557
870.09375 372.6875
854.875 1740.3541
1638.9254 511.72388
1539.193 395.0
1843.7858 1374.5
1686.6333 1661.3667
58.75862 1551.6207
1934.5385 1537.8462
922.8929 549.3
1706.9459 1762.1082
936.44617 108.55385
1825.4688 71.375
1922.06 700.94
142.09091 1313.1948
909.3111 114.73333
227.55194 1094.7208
143.44827 1193.6897
339.6813 1031.6373
1820.9016 1618.8197
1254.7931 1389.8276
1041.8064 616.9355
1939.869 1828.5476
1714.75 75.19444
556.51544 1743.3608
563.8182 997.3788
1020.0 1459.2439
661.2941 613.2059
1928.2256 571.4361
1564.3137 71.90196
1625.9508 1237.0
1871.4043 1481.8723
701.29346 1947.75
638.8947 1020.3026
1632.1237 510.0825
470.3305 1749.4576
1459.8113 201.5849
926.9706 827.3823
49.0 1419.1075
1295.6 951.06665
1788.0667 1587.5555
208.0 1377.0
118.790695 1835.8837
1555.3784 99.310814
1994.3055 247.02777
667.55554 1026.6522
154.75 207.71153
1487.3279 1356.6394
1384.6 1418.8223
1296.5 1088.5
70.958336 1016.2222
1177.5 371.5
279.01514 1521.7878
663.5604 919.38464
806.0496 811.4326
309.57895 981.03156
637.13794 1375.6552
301.04227 999.94366
150.78125 1179.2188
242.50267 1247.0802
1981.8223 267.33334
766.9279 1269.5631
361.0 1479.625
124.47369 1818.9606
177.59525 285.5595
1620.1904 482.92856
625.8182 1477.9546
369.81 1578.01
162.51852 311.35803
1897.5217 1012.65216
950.4091 1533.591
1899.7959 443.86734
153.85715 1881.5934
991.9733 351.09332
135.02438 1264.878
354.24243 793.3333
625.8182 1477.9546
1397.4419 733.97675
869.086 1745.7312
1122.4584 825.53125
697.0857 614.17145
136.31372 1836.2059
553.81354 944.05084
310.61655 1101.9548
633.92 1940.88
1032.5834 1586.381
1574.5149 709.46533
124.23077 213.78462
1797.0754 1048.7358
1664.4777 464.92538
1811.9231 881.97437
422.05884 1340.2354
566.4533 253.61333
1859.2587 1534.7587
1650.3176 482.7294
96.23077 1740.1538
1118.7012 71.195404
722.8506 1289.0
1268.5834 1110.8334
539.61334 52.213333
1851.2354 731.5098
1481.3784 199.37837
637.2222 962.5714
1771.129 666.5806
1268.7142 1189.0358
67.38636 649.5227
887.7742 699.5806
704.8421 1351.8422
230.85715 860.5143
1494.5333 859.7111
1082.0 522.3571
125.026665 1808.7333
1394.459 701.2951
1620.1904 482.92856
1685.2656 103.90625
775.5682 1003.4773
806.4667 1241.4667
321.7857 375.14285
357.0 1724.3529
1133.0358 826.6786
1612.7686 652.4463
1825.4667 1419.85
1832.491 1793.2091
311.26562 679.125
1078.0682 157.29546
1956.5867 438.24
1256.5 913.0
583.25 1666.2778
1483.6023 725.98865
1956.5867 438.24
1931.2577 962.4536
65.60976 1626.0
54.012985 572.37665
1343.7778 735.8148
737.4318 1929.3864
43.106667 745.06665
283.7097 496.4516
1596.0145 1796.6522
730.9926 679.2074
1925.6471 801.17645
1623.2858 776.59186
1039.5714 31.035715
869.3186 1499.5487
196.66667 1285.6364
1143.4868 1753.921
33.954544 600.0909
994.6747 360.87952
628.09753 573.7805
489.6771 48.25
963.9524 1668.619
1767.8823 1985.437
899.5455 1484.75
504.85715 1394.2858
1588.9559 88.48529
75.65714 990.8714
233.78572 765.0571
1548.0 1984.5
195.03125 1854.5521
1015.3077 10.415384
897.89746 1492.7179
1842.829 580.8487
1012.0769 1532.6373
213.66316 1817.5052
1532.3771 1300.4755
62.36 508.52
1832.8864 140.45454
778.71844 1423.2913
764.8333 1361.375
700.7652 144.47826
699.5 1262.7037
1768.6818 829.13635
245.80487 595.8049
1104.24 1095.8
178.52 1130.6
420.76105 778.3186
1645.6554 1867.5743
679.7843 612.35297
569.8333 122.7381
1302.625 1717.1389
1953.3158 1652.3684
945.4415 246.48051
1995.3855 778.1807
1515.7273 523.04956
1674.1445 1163.253
464.9655 16.87931
1421.5 1908.5
1884.812 774.47864
1548.7686 78.75
1289.75 2.5
1241.88 997.8
1810.0303 1877.4242
1747.5111 73.611115
1712.909 1889.909
203.89041 1832.4932
1690.9767 444.53488
322.0408 1885.4286
949.381 378.0476
1301.7273 1269.091
141.63637 1624.3247
1906.7368 1462.1578
710.91766 472.55295
231.27272 898.2841
437.29166 1486.9166
1359.5385 147.0
596.5484 1930.9517
41.055557 281.4222
1122.037 1255.5432
751.30853 772.28723
765.68964 474.31033
63.73494 1510.8674
481.5 925.875
1497.0084 966.0924
68.50667 1558.3733
106.05882 178.19118
683.5 1079.2727
1629.1647 1093.5294
1322.3704 1517.9259
1708.3243 791.0473
29.494505 1110.8682
389.8923 666.10767
1289.4357 322.67328
973.4103 1077.4615
615.3214 892.0
1350.3232 145.24243
1268.6052 1893.9386
1392.1506 726.548
1185.2954 1829.5682
643.2439 164.70732
44.458538 1405.5073
74.072365 695.375
186.0625 715.07294
1797.4615 1586.6923
1642.7273 1270.8485
1312.5186 1592.1111
256.82794 186.31183
850.86487 77.86487
1621.3 693.61426
118.53658 1225.4634
822.75 1249.4584
23.64516 551.0645
967.6212 838.6212
247.44263 925.68854
454.1887 1968.8113
900.7174 149.95653
1531.766 1078.4894
758.0 526.7963
158.0 1132.9403
696.31506 1381.3151
14.735849 1327.085
1789.5933 613.339
54.94706 628.8588
789.0 1249.0
736.95746 128.10638
871.2407 934.03705
407.65216 1533.0652
475.4853 1363.4559
1581.1666 1818.2407
99.4 1615.6
427.08334 891.1458
646.8375 1159.05
370.6383 1349.5638
438.33334 1364.2167
436.03845 808.9231
1476.1471 1358.1177
111.0 1423.0
652.8588 1255.9294
1900.2941 750.7941
782.8461 130.42308
1989.6986 1354.4932
388.13208 1701.8679
1535.3091 1626.5272
891.2453 1022.0755
1074.4143 1302.8715
38.460316 1671.3969
788.8214 644.2262
1741.2167 898.7833
1435.63 976.9
549.8269 3.9230769
1826.4517 907.19354
1093.2285 1322.4952
1685.3846 1679.4615
1455.9143 129.68571
540.96 697.24
113.818184 883.86365
1814.2565 1539.1538
384.94287 947.45715
78.78505 202.78505
709.74164 1194.475
1084.8029 1481.9436
1667.1111 1985.4814
838.4783 113.91304
283.31146 1363.0492
143.20454 1887.7727
1304.9606 1284.2362
1959.0636 1886.0
142.10309 236.93814
704.8214 1393.4286
174.84259 227.23148
691.3182 539.9091
720.0 1080.0344
226.05714 1378.6571
1765.2029 835.26086
1916.3049 968.87805
1420.0 333.09677
236.93243 527.7973
23.166666 1607.0167
1621.1852 1037.1111
622.6829 149.46341
747.2041 965.69385
724.1786 816.5893
83.0 826.6071
398.07144 1469.8928
1707.8529 809.9706
36.659092 1177.0076
1709.7375 1634.6125
565.7619 888.3333
846.82666 1349.6
1532.9863 1580.137
1597.6666 1662.0278
55.06154 708.6462
871.58 852.44
734.62103 1313.5579
929.8932 1258.6311
1890.4133 1483.3467
473.5476 817.3333
575.0 198.6
1316.2059 1029.0883
651.25806 1292.3871
1694.219 1055.0286
825.0 390.5
833.50946 1298.5754
1110.2916 1062.7291
881.34375 1304.4688
1838.1351 748.1622
1393.8721 889.0465
1682.0702 661.4912
592.98 1864.56
692.6857 1455.4286
1994.3055 247.02777
1624.2037 1814.8982
54.465115 1696.3954
801.6883 1322.2078
495.55814 1350.8605
816.0606 290.57574
1687.2982 84.18421
743.8442 915.4545
1807.0 1205.5
1950.1587 719.03174
228.32787 585.86884
1683.1389 1733.6111
517.2162 1935.7972
161.07272 1503.7819
1197.0615 1738.8154
386.2 803.0857
976.36 1061.07
844.4167 739.9167
1615.8489 1254.9137
1296.1305 502.17392
665.93335 1173.025
1235.4314 45.52941
779.23254 888.1628
1796.2528 1835.4286
498.72662 1034.1007
306.6182 1375.8545
320.3585 1581.4246
382.2649 1663.4106
96.540985 987.86884
831.4286 1361.9429
682.96075 634.549
1448.9912 1385.6228
1766.742 644.0968
1982.4237 613.05084
360.7361 656.5972
628.35297 1088.2157
31.87218 1307.5264
1557.8064 128.35484
1712.1482 1140.1482
1227.6709 1047.5696
196.64706 1751.9117
483.57812 1325.9062
905.3273 1292.7363
788.71796 1767.8462
1671.4648 1836.4366
1233.6055 637.0184
1952.8334 1937.0555
890.4259 425.92593
380.73584 874.32074
1202.1471 1901.4706
1172.36 251.76
853.90625 1601.3438
1663.5638 1727.5426
934.49 573.98
1183.6177 471.88235
725.1698 1767.0471
1125.735 138.3253
1429.3925 820.4557
1256.2759 1092.3448
976.5714 1648.762
891.30554 1640.1666
1541.5161 132.29033
497.525 948.525
1881.9912 1062.9469
761.4074 707.44446
707.5301 1557.6868
393.25455 1679.1
130.93103 843.5
898.8571 1518.8096
1680.6028 702.50684
1428.5476 808.3095
944.1818 266.22726
34.984615 711.6308
265.56 1327.7134
1546.7158 665.9158
363.12088 1549.5824
1132.8334 1043.8125
1125.9773 1430.0
1333.5109 563.43475
1016.96106 1806.7013
105.66907 643.6115
275.91452 1093.4615
1103.0698 1416.3954
286.04 587.71
1618.473 1195.2567
773.6053 322.3421
1992.6086 1156.5217
1534.4333 152.86667
993.6 1505.5143
376.50494 1558.1486
406.65518 919.2966
930.6739 724.163
695.2222 1628.8518
986.9583 831.4375
1838.1351 748.1622
977.54095 275.06558
680.96295 152.81482
1495.6086 410.43478
374.8095 1711.9286
1646.7046 758.0227
666.4561 985.9474
835.5909 708.7727
1909.1471 1095.1323
103.318184 425.81818
454.7586 461.7931
1224.88 512.44
979.064 1004.336
1238.8049 1447.8292
1329.3187 949.8812
911.2632 2.7105262
1987.1621 1073.4054
676.7959 1387.7959
397.03192 1765.5
1593.4916 695.7627
1718.4028 1990.1389
421.52777 1430.1389
1541.6786 1137.6428
286.23254 1866.0543
521.12823 1291.1794
1464.6342 1043.7073
94.24737 1800.8684
441.01694 959.61017
360.90475 1400.6666
1280.17 1182.72
1578.0625 1433.6562
749.63635 816.5
1102.904 1389.736
463.67075 48.963413
408.19626 904.9439
1175.32 1821.78
339.6813 1031.6373
975.6 837.0
1166.7087 1750.0388
1796.1449 1951.942
280.0 959.43475
55.06154 708.6462
1496.0834 1982.9722
634.1389 1973.9352
221.35294 193.38235
1789.8085 97.42553
298.88608 1333.1898
1916.4445 835.4722
400.02753 1645.0642
497.1905 1597.9286
395.11188 916.44055
968.5 1083.5
234.60715 1062.488
134.14925 1995.2687
627.6104 870.5195
596.775 934.3875
1937.3793 910.9828
923.7353 1577.6323
291.81384 518.59576
1108.0492 1148.6394
474.63208 1682.4906
688.2778 135.40277
1777.5862 748.7241
668.7845 1208.8793
1799.8334 1019.75
1832.8864 140.45454
982.0323 857.3226
1013.4235 1432.4353
1517.909 1907.6364
286.2396 1545.4896
1383.1493 806.8358
838.6667 122.79487
1694.9756 746.9756
1263.4642 1626.4642
1987.3954 1890.5349
145.41667 1996.9833
287.65854 1630.1097
1476.1333 1305.9333
1074.7858 662.5
1209.4138 826.069
1597.8918 1104.3379
932.86206 397.7845
844.9487 355.35898
1146.6482 498.57407
1701.3667 1613.3667
423.2427 38.388348
1580.5814 728.44183
93.95652 711.413
65.34091 914.51135
219.12727 800.0182
59.12 1339.12
968.5 1083.5
818.39795 952.6429
587.73016 797.4127
1364.7084 1501.8611
1569.45 354.7
753.6585 653.0732
124.47369 1212.614
1359.2538 286.1791
1920.9038 892.00964
1110.7931 759.37933
1575.7273 1970.5
1920.6072 1123.4404
1140.4286 444.44897
1976.02 186.36
855.62067 1232.0
1435.63 976.9
938.1852 1413.6666
1705.7328 210.09483
1605.405 1286.9873
345.4366 898.6338
1213.25 1591.4584
804.8062 729.938
494.075 1651.2
247.59322 137.62712
1458.005 1861.815
1206.5571 412.0
230.43478 639.3043
1424.05 1977.9
1619.4956 1770.3218
1209.7767 1693.2427
1326.579 868.4868
1956.4878 46.951218
1161.5781 524.2344
1730.4911 1623.3125
458.19803 1365.4357
202.71053 1992.7632
1783.3627 1834.7913
785.6533 938.05334
351.975 1409.5625
1736.1395 294.65115
970.029 1501.4058
1912.75 1376.0526
1152.2769 1439.657
738.028 1784.7196
1839.9059 241.02353
651.25806 1292.3871
1671.8445 246.44444
376.50494 1558.1486
1510.7646 897.2206
552.76715 891.2192
107.77869 1370.7377
# COVID_SAMPLE_4_ROI_3
943.10974 1559.0975
95.129036 1421.7957
1805.3535 1778.3535
1230.1538 319.76923
1742.8975 1529.0513
1259.4263 1188.459
893.27356 863.9151
661.5921 603.2895
652.7094 142.05983
1503.1713 1539.7877
720.7447 524.21277
158.66982 1778.6981
514.7778 25.0
1692.3636 367.9697
1507.5902 488.7541
447.40475 32.238094
479.5862 1684.8966
1080.7031 1005.5
409.39838 1324.2683
1038.738 783.0595
1225.8354 197.83545
651.25 1393.6149
753.425 1905.4875
22.375 1090.7386
1930.4255 1979.4609
508.52338 1064.215
725.85187 1182.4445
1276.0471 574.6824
1824.0146 921.8603
1283.1482 956.2099
1871.6383 989.7659
603.75 274.60483
1758.9811 1872.1279
1003.2015 979.6642
18.27451 1276.8235
1537.0513 25.333334
775.30664 1258.2134
725.5185 1725.1111
1365.9672 876.78687
1710.1321 1824.0944
1876.0857 806.1086
1245.1731 1632.5577
247.63792 1609.7701
723.2039 148.70395
299.94937 1439.3798
1946.596 997.9293
1984.5619 1634.6857
866.73016 284.8095
228.69412 1775.4236
677.87836 1331.3243
1256.0 292.3256
1175.1052 1564.2106
229.03546 485.12766
1983.2736 743.0171
1659.7158 1152.5737
1808.5818 1810.2181
813.08435 1695.0723
812.1151 655.33813
544.875 1288.4445
1780.9138 769.99426
1015.64 282.88
483.38095 1984.762
1128.0 725.7564
1560.7727 1978.659
1769.919 1334.7388
454.1389 898.9167
1268.1578 1329.8422
1422.57 466.17206
1268.4266 192.04
312.35098 1146.947
1285.6 794.24615
1802.8508 574.6228
1641.4956 305.98685
1866.4227 1903.1649
543.1778 74.022224
1243.2617 844.1869
1736.9182 188.4909
904.81537 1571.777
356.925 1053.7125
459.7244 341.2126
360.85184 1632.4814
1273.7885 510.09616
248.14035 1195.1754
900.5455 29.863636
1757.1975 1235.3121
1269.632 1819.848
978.5357 1299.3392
1409.6364 1377.784
1607.4504 1350.1351
1336.2941 1949.5
195.63829 567.1064
1474.9683 1095.0317
492.14517 1356.6129
1389.5575 920.5747
1025.5317 1252.8787
167.83784 34.58108
964.6709 87.11392
1593.1091 89.38788
854.12054 866.8298
1674.7587 993.04596
563.7241 1017.5862
1672.4857 165.32857
720.03613 1002.1205
1242.0656 877.31006
1898.5834 1023.1
122.718124 394.12082
1953.1915 631.5319
43.367348 469.69388
1686.8358 1168.5671
564.2857 340.2381
1101.9537 1250.4073
1075.8195 923.0278
446.55103 70.84694
526.67163 1863.7313
1348.1034 1995.0172
1063.56 224.87334
1330.6727 1754.8909
1453.5605 1524.7325
351.18054 1785.9305
1240.5938 1566.6562
381.2381 612.2024
1068.5233 1942.314
542.0714 187.08571
1931.3395 694.9633
1314.2588 1602.7646
1156.7816 931.73566
344.2396 1026.3334
1830.8214 310.5357
1068.1982 146.76576
1541.3864 1383.5682
1569.5282 1886.974
1958.0088 1223.8246
1271.2539 1045.6615
676.22894 1377.1326
753.6359 849.06665
960.25 826.5441
1617.6769 1885.1077
195.77193 534.1754
1549.56 184.82
1460.963 1544.963
820.0479 1250.9161
1985.8472 1084.3121
890.93616 358.89362
1884.2815 1695.1456
611.84906 1395.0566
890.93616 358.89362
318.05634 1803.9578
959.51514 192.87122
1910.4329 231.8806
151.47223 2.8888888
48.30693 1203.7822
1715.4565 1196.3695
23.551182 1611.8031
1986.7805 1389.3658
1449.0476 1145.7142
1790.0 1460.0145
864.3913 735.76086
1312.08 1483.05
1553.012 115.7381
965.63635 1766.0
1915.7183 1160.0704
1708.7377 1152.1968
1456.7435 392.64102
330.44446 1646.5238
1368.5089 1054.7678
438.63794 647.10345
1691.6809 1537.4255
637.75 264.08554
493.06384 1859.4255
1630.2858 1401.987
767.2738 1959.7738
1024.5903 1195.3494
922.2687 577.3731
658.8052 738.7143
1399.1158 327.09473
438.10294 1293.8823
651.7317 1700.0488
1848.9375 1931.4489
264.21738 223.01242
1216.8362 336.25
965.17645 861.5
1021.204 644.791
1148.0977 903.9116
989.3684 1009.2105
1509.3981 504.2136
908.4808 411.44232
1820.836 1728.3032
13.058824 1680.8529
559.46 1928.4
426.6757 1564.2567
988.2955 827.9773
568.9012 476.90698
142.40984 521.3197
1992.101 1228.7474
1076.5978 1359.6957
405.78787 979.9394
339.6415 1003.3585
103.43284 1150.4777
516.17645 1189.2437
1460.963 1544.963
1262.4706 1842.1912
1618.0 1895.902
1814.3606 1129.0884
1419.3 1445.0778
1664.4084 352.15494
1599.2466 1955.3972
1524.6038 82.9434
1957.6261 1961.6696
822.4815 891.1111
580.798 589.2929
1470.4415 869.09576
1268.4266 192.04
1271.9528 1269.4724
664.549 385.15686
243.45967 428.1129
1464.6305 4.978261
1163.4014 910.8662
1934.2285 1634.7715
637.75 264.08554
1169.0946 1074.7028
1529.3448 928.2759
1475.2312 748.5875
128.59525 1964.0238
1512.0975 895.9187
1594.0072 1464.6115
1817.9286 85.14286
535.7708 579.15625
1694.6086 570.04346
697.0 377.56738
285.2157 1248.9902
397.21738 579.92755
1461.7106 1121.3422
1775.7646 1470.3823
865.9091 1533.909
1281.3716 1177.3918
953.2381 1472.262
511.14423 1927.3462
1224.7778 416.26666
1760.7328 836.7155
1471.344 812.952
446.75555 878.2222
1375.2106 1915.386
1890.9459 1737.7838
799.9048 1211.6964
897.44086 739.70966
1996.6792 934.6604
56.114285 292.6857
1281.62 1905.62
125.51961 838.2157
182.86363 1285.409
1321.1487 1139.8784
1290.1982 1466.7478
1915.1497 204.36734
783.6957 705.88043
220.80952 1935.0714
1779.5428 1654.9143
1228.5358 1145.8572
611.08887 1854.7778
913.7636 391.50302
1322.925 1331.0437
809.9464 1596.2947
932.7105 1987.1842
297.96 1619.424
1985.8472 1084.3121
1065.2885 1281.5193
505.63675 1077.6163
1508.1628 1438.8837
1852.3212 748.9489
1391.299 1202.7423
424.2903 1517.3334
550.783 1763.849
1787.07 1653.11
479.3913 1367.1826
1473.8378 1492.3887
758.76086 1247.1305
741.2917 389.29166
1072.5524 306.1143
605.87805 1492.2683
323.33694 1280.326
1152.9238 771.7259
797.63464 203.86539
1610.7333 1275.6333
1234.5 1620.0
459.7244 341.2126
1533.9032 299.74194
1324.7767 285.08035
1806.5385 1942.6483
1661.0278 113.046295
818.44525 1100.5767
290.91428 365.6857
4.876623 1904.3636
1007.17645 338.61765
388.83722 1254.4729
259.7 1179.9833
1147.7532 1004.22784
1694.1769 1178.7891
235.46875 1802.7344
1736.9197 207.66072
1643.9445 1589.7084
919.7157 220.65686
609.0476 1888.6984
1870.1367 1139.7094
14.770833 493.66666
1894.0168 1264.2941
1653.1328 311.7422
1578.0121 1707.5663
345.3125 932.9375
579.93066 954.39606
1715.4565 1196.3695
1256.7966 592.339
215.68182 1786.5151
1840.3846 546.7211
330.39496 1923.7983
1801.1752 93.36158
1876.2927 1600.122
892.69165 1838.3083
1420.8878 477.5327
1097.1908 357.6107
1412.9667 392.87143
1040.9742 1011.5742
465.74527 1055.6887
941.7669 9.887218
23.963768 1633.4058
462.5 768.5
91.12987 1250.2078
308.62265 1842.0944
1317.1875 885.6875
1703.359 880.6539
1442.4546 768.7879
446.23148 1251.9073
1590.096 843.2071
1186.9656 1187.9224
1021.28125 1997.3594
1448.6064 366.8129
854.5 1141.0
682.9474 1100.079
1143.6835 1218.0216
788.8214 1895.7858
970.8889 124.92593
155.3307 300.53543
473.61365 1693.0682
1416.8191 623.8351
1812.104 848.32947
1092.7098 964.49805
241.55661 1075.6698
1867.386 1911.7192
1151.2019 1602.9615
1751.3143 898.7143
970.3125 838.5
846.0 1632.5
791.0222 1659.1482
1544.3 1291.385
1686.7927 1248.8655
1156.3654 147.5
652.551 1151.9387
1894.3595 1853.6854
1513.6167 1392.9
921.62164 1181.7567
1508.1628 1438.8837
1577.2106 762.8947
1863.0853 218.34146
564.18677 603.01807
1063.3334 1448.1475
461.28867 977.8866
1108.4065 858.73364
1975.4697 1946.6212
920.875 1955.1666
829.77527 899.2809
1601.4 84.2
1344.7661 409.23386
981.925 207.025
1112.5193 287.82693
400.89334 1815.9867
67.34507 859.1127
944.49347 793.8559
529.94196 1136.4866
501.0408 1269.8776
609.70435 640.8522
887.8958 95.645836
1983.2413 411.8793
511.00812 310.07318
926.4815 66.14815
1628.5072 1929.3043
439.888 613.568
1560.2894 1752.8684
66.07143 1723.6548
1567.1127 1714.7747
1519.907 829.2093
940.0513 593.5641
1100.5115 1232.7023
1372.5358 247.0
1526.5875 1776.5625
1404.1959 1603.2268
931.2516 1386.9685
186.71428 787.4796
700.19 1431.29
1669.3259 1335.9834
981.7344 847.7031
379.34375 1894.75
193.0 440.71054
374.8955 1902.7164
45.785713 1408.1339
580.3953 1020.73834
138.84906 752.6981
1723.2017 1837.4117
1222.2074 1655.2074
1098.7542 335.2541
499.8889 1557.3611
2.0689654 710.18964
1166.2773 1024.6891
819.86224 1017.60205
1565.8474 379.88135
966.548 578.0411
1590.096 843.2071
562.11365 1211.3636
905.2168 271.6993
374.89474 213.13158
1485.4595 39.837837
621.5876 822.26556
1491.92 80.42
1749.9546 1228.2727
1516.7438 574.36365
1758.1936 758.9032
793.86957 702.86957
1271.0886 1186.9873
1028.6769 884.9077
945.23914 633.9783
674.9184 1899.2449
430.56 1405.74
1035.9166 283.62222
871.2595 6.898734
730.4737 1831.5922
1144.164 1904.8689
520.0789 1858.0
363.76923 1766.5
1766.6727 1265.4454
1490.131 241.92857
1306.281 225.52066
590.05493 612.82416
1677.0171 1363.3086
910.64703 876.4235
1342.5952 455.60715
1848.9375 1931.4489
1353.3914 1680.2174
1179.6923 1943.0193
1008.31464 1126.4158
963.32 591.53
1363.112 320.73276
1786.3147 801.5315
1864.7142 1727.052
952.4039 1004.2308
565.1111 875.44446
1541.6136 1260.1818
1761.8649 1624.4865
1513.8395 483.8395
1344.7434 1011.3894
533.06976 936.6977
658.67285 107.487656
1663.2329 186.9178
800.5824 1020.989
1948.4615 1612.3077
1717.9 1479.3334
1202.9259 787.4074
1791.2307 1180.1154
1707.1772 1708.1915
1812.3859 532.1732
394.40158 560.4724
285.225 737.7375
1736.5 1087.0
964.9014 1103.7324
445.7561 1415.0853
977.1667 1383.1204
1043.4747 297.55554
169.12346 77.1358
1523.32 1960.02
544.2143 1384.0358
429.17346 24.030613
620.20105 265.65463
1984.579 47.842106
1149.9891 1070.2826
900.7857 343.0655
526.2552 469.6
557.4177 442.4367
1185.6666 1452.3246
94.785126 1278.7604
1855.2894 1850.8684
178.69768 667.907
1812.2094 1870.279
1456.8125 1537.0469
1064.0382 1213.0574
892.69165 1838.3083
1411.0824 1330.8176
1678.4445 794.63495
1056.3414 431.31708
160.94118 1457.3334
1980.4712 391.3654
1573.1052 385.92105
435.14816 1998.6296
106.19 1076.71
1407.2561 812.64636
1523.0571 1113.0095
1453.0168 199.12605
1384.65 242.99167
1301.3422 1572.5526
1043.4504 946.2973
1701.7465 1186.1267
854.86487 1806.5135
609.1071 1755.3572
398.86273 507.549
782.8571 1807.4857
1478.8435 297.10205
178.7619 887.4524
467.43625 1853.7853
510.233 1223.7476
1286.5975 230.35365
1918.5223 1544.3433
891.34283 1970.2
693.087 1315.4348
1822.6768 1609.505
311.47058 1243.0294
819.9903 1335.7476
514.0857 1213.0762
1749.8318 1962.2523
337.48718 776.97437
1024.2821 46.803417
1323.9668 461.18008
1688.8441 354.15585
297.94916 1925.1017
1166.0 1034.1111
554.6962 1538.4684
680.8254 44.38889
1424.5581 1055.5581
1927.1932 1612.6638
1846.3508 1582.7894
1553.8214 299.32144
1824.8706 1740.0471
465.74527 1055.6887
383.0886 573.55695
877.7083 1517.1666
414.72092 467.81396
1281.66 1524.98
1768.9315 355.76712
539.69727 1105.945
401.02655 109.04425
317.6232 869.62317
45.014492 786.029
56.69784 1153.633
1948.5469 1825.1172
167.11111 195.84445
803.6415 358.88678
956.6 1805.16
886.36957 843.93475
454.42374 1026.8898
1233.4642 1231.5714
1927.1932 1612.6638
496.0909 1055.8727
59.07143 698.57654
760.1818 953.1688
1264.8077 1180.5385
1890.8625 741.76306
468.56625 1096.1927
1552.7941 1980.0441
1983.6139 1580.6732
1864.9045 968.3315
659.7881 154.48344
354.59375 1969.1562
1942.9065 730.0841
587.9579 889.6316
243.45967 428.1129
881.56366 437.58182
370.63266 1008.7551
988.62964 1333.7222
1708.6212 1798.9546
1844.909 1727.909
1437.2195 1460.6423
493.06384 1859.4255
344.125 1116.2142
250.87117 1239.6932
640.49365 327.1519
512.7175 535.76337
412.8421 1421.3684
1502.0167 561.26666
902.4066 985.16486
369.37036 478.99075
1500.9131 1732.2174
372.97223 1330.3611
1143.4855 986.466
499.31497 694.2598
699.3 1697.1417
5.716049 1581.321
1832.2821 1238.0385
1767.0646 1145.1936
266.0 1750.0
324.0351 723.0175
615.42053 51.990654
1594.0072 1464.6115
1458.6666 488.6508
1357.5178 47.669643
104.870964 24.892473
484.35715 497.85715
1479.841 90.318184
528.332 1694.596
1743.1471 1756.7206
1761.5714 1250.4694
517.9394 316.9697
745.93066 1276.8416
9.464705 418.2294
1868.0592 793.4803
1660.3541 788.7083
1550.579 1555.7473
1915.6875 1684.2396
793.3276 681.0259
813.31146 820.7541
1415.0975 921.37396
456.19272 680.59894
1496.3667 1184.6333
1059.8944 1198.8722
473.05264 1664.1578
456.99252 1191.306
1218.4016 936.54095
1431.2906 730.3953
1762.4679 193.82568
1093.6964 1760.625
899.37616 37.899082
1743.1471 1756.7206
1945.5714 1514.5714
66.28049 1193.25
570.5821 1028.5175
239.09091 656.7727
362.61935 1027.4387
957.837 38.77174
310.8318 1192.3738
178.36586 1218.5975
1253.6614 283.2362
41.16456 1678.3925
841.2174 1993.3043
1254.5758 487.13635
43.588234 191.94118
1799.753 1236.1111
967.982 1228.7657
316.49106 838.4286
463.4074 543.9259
1187.1305 1165.5869
383.35416 1860.0
556.6667 530.798
536.0097 1994.6893
1860.05 545.925
403.23077 203.18462
92.20755 59.490566
543.8571 194.59525
855.2105 982.1053
180.61667 1877.2667
1675.3158 1471.5895
1271.475 808.8
1116.7435 1118.4359
401.31223 375.33936
1284.7625 1065.4625
410.36 473.25333
1694.3334 303.77777
1121.8235 489.35294
1612.2858 1149.2222
1612.5431 298.39655
1861.5104 1840.3959
1208.21 1254.64
42.34 1024.04
1490.4103 1310.5385
159.40741 539.0741
1977.8983 1758.0509
1604.1912 149.13235
5.413793 1952.8966
1531.1897 956.84485
39.363636 1341.2424
898.77344 1208.7031
1759.6097 1582.3903
1498.7057 150.22511
1006.04346 1718.3043
1741.6118 1467.9408
380.01852 1323.6666
1361.904 242.89041
470.51196 1188.5311
1006.04346 1718.3043
1142.5734 7.306667
673.2135 1235.4158
840.5328 1772.4508
1426.8156 1346.3981
582.55084 914.2542
780.2376 297.72278
824.0239 829.96173
1894.5264 944.0
1140.7318 1354.5475
602.1165 1516.4757
1425.2065 73.88043
1846.6301 802.34247
322.08603 754.6559
1501.068 511.2136
229.8806 1329.806
1627.9131 148.1118
400.44897 1844.3469
1809.7089 861.1962
904.81537 1571.777
1620.9143 637.0143
1517.3 1218.6846
1785.4286 278.77924
612.18463 1529.6615
1115.711 1630.8
1126.2717 554.38153
1924.839 1741.2059
1583.7544 172.22807
1512.2279 656.7848
1661.4326 868.3759
1692.3782 184.52727
667.88 507.14
71.74138 1260.1207
65.54229 447.58707
1232.7642 141.02051
1615.0 1594.8596
301.54544 51.030304
1079.8636 344.54544
737.1515 1396.091
39.95283 483.34906
1053.0278 567.6389
1553.012 115.7381
1656.1212 1564.0758
438.38553 1027.3615
1710.1321 1824.0944
228.02777 404.25
1409.6586 334.85367
1809.4375 1178.1339
1517.569 1402.7413
380.87378 745.3204
463.4643 945.8571
438.2073 735.1585
1408.992 1592.72
1866.4227 1903.1649
1904.4576 1848.9237
652.551 1151.9387
177.25217 651.5217
994.1556 1076.9556
958.9483 847.2241
1544.7693 1089.3077
1973.6548 1731.9166
1463.2795 277.1541
727.04 1747.78
1590.096 843.2071
1250.0764 271.1875
562.11536 1695.3462
1082.1957 1433.2174
929.75 1116.2916
1535.2458 1761.459
372.94736 1851.2368
1736.1637 1011.7318
1435.1533 1222.2043
861.3481 1093.443
1932.2069 475.72415
1381.5082 1929.0164
1884.6915 1480.8191
503.58026 923.44446
922.2687 577.3731
1883.8494 59.69863
1930.3928 285.5408
1822.3429 1393.0428
444.77908 20.906977
314.56604 1797.0566
1498.5927 678.03705
916.10986 774.4176
1872.2075 843.5566
1710.1321 1824.0944
420.64285 1699.2715
834.72974 463.75674
1530.4353 1917.4706
1743.4348 1853.5739
1187.0646 25.376345
1768.7954 1346.6818
1530.0233 554.5814
722.8182 1563.8636
197.19179 1136.4932
1449.1072 1399.369
981.9133 1138.5867
315.06976 1892.4419
382.25583 1261.3954
1843.6355 1383.8867
1682.7283 1214.1195
1290.8868 1874.1887
1976.381 41.761906
130.3491 1790.9171
1603.0 1339.5
1061.6187 1928.3474
268.87332 130.57333
820.6308 731.6
1067.1041 1918.3646
1822.0 1401.9348
1393.7388 757.9776
1449.6483 748.4396
51.15625 62.28125
1248.4742 938.3299
1330.6727 1754.8909
1443.2 47.784615
1589.3721 648.0775
1517.1029 909.6323
1349.0 1584.4509
1390.0176 584.81287
1141.4524 1131.4286
1926.3534 105.98
1954.9327 1885.1932
1693.4899 951.88385
769.36664 1591.6333
1774.7457 448.81357
902.4066 985.16486
1301.6776 317.1916
1921.5892 1569.1964
47.089745 933.9487
1511.5483 1499.9839
1238.3698 120.42857
938.58276 1258.1079
1248.321 1426.8889
1654.1459 1344.3334
171.72728 925.85455
737.5893 1140.8928
1655.7255 1991.4509
1243.6459 589.8177
1241.598 1251.5883
683.18866 922.7547
1766.2992 1013.5812
41.394905 1718.5477
1087.2328 1817.5132
1661.7706 420.1468
546.57733 40.257732
1984.816 1430.456
1742.6581 83.20725
804.9286 377.24286
1478.9674 944.3043
600.4091 1525.6932
1740.3829 327.2447
390.05 380.15
1335.1372 1085.8759
766.8203 736.78906
632.7368 1418.2894
701.2727 539.4727
1098.7542 335.2541
379.09344 1187.486
580.0 904.5
1655.5725 745.73914
291.1757 622.2162
326.67273 145.10909
1040.7977 1986.0449
920.2679 985.75
1752.0809 1627.0146
1546.3009 1448.7788
1207.5347 237.91089
1522.7059 1832.6323
1608.4375 420.33334
1903.7241 264.5862
806.28204 915.1923
1982.1562 1826.375
1053.9762 1921.738
791.0222 1659.1482
1028.6769 884.9077
1448.2858 1565.238
1390.0903 196.89157
1936.8462 1998.1923
1370.9839 1210.6613
423.5 149.0
951.2341 1395.1809
1381.0 1919.7931
256.12265 65.69811
264.42307 707.26373
460.43182 833.6212
772.38153 1649.8844
912.8585 1197.5189
287.65152 945.4091
1547.7407 48.666668
376.93332 472.04
914.54285 1049.7428
1387.823 944.9115
982.9322 998.05084
355.84067 542.1044
1273.6534 1508.4752
1324.8948 1093.6666
1345.7753 1075.7977
1132.127 997.533
1872.2075 843.5566
202.912 1154.064
947.3913 73.73913
1223.8788 205.18182
1903.0769 1979.0231
452.8857 1892.4476
1727.0588 1986.1412
1480.2573 1408.4514
1916.4935 1226.3896
202.30435 449.44928
715.08887 1827.3778
1859.8766 163.56494
1730.7438 257.04132
505.7875 1337.6125
729.5172 572.49426
188.48032 533.6221
50.394737 1966.3422
1966.881 1499.8452
886.36957 843.93475
1210.7753 208.91743
1409.6875 1019.48956
484.35715 497.85715
314.8919 269.9527
1266.0488 913.54877
1921.475 1081.6
195.0303 1911.1818
1297.1172 1058.0
1403.2821 588.87177
970.0 342.16776
1867.95 1347.7
1930.5466 314.88
671.7103 1199.331
1049.7542 472.29507
141.36842 512.7719
23.551182 1611.8031
394.0811 546.56757
1238.0775 967.4507
380.01852 1323.6666
849.3137 341.43137
1086.9425 218.72414
218.7193 452.6228
567.0833 856.0417
147.95337 19.590673
546.57733 40.257732
1170.6127 452.07043
376.81906 1911.0667
1344.4286 767.9429
475.66666 1945.8726
121.39744 1274.6923
616.9231 1480.4872
1291.7349 224.05302
665.177 1935.7699
229.22414 111.655174
1628.4609 751.4823
64.1 426.2
864.3913 735.76086
1209.0869 1276.8608
432.08823 1416.7157
277.5 1625.5
1683.7206 1920.1471
# COVID_SAMPLE_9_ROI_2
363.14954 1581.6074
556.4483 961.9655
436.7342 57.64557
1169.5524 853.17145
370.24 216.37334
1835.3334 252.24243
288.6111 463.84445
1860.8611 1968.6111
530.1549 1138.6198
686.4762 321.25397
8.379679 1921.5134
1818.25 824.55554
496.541 668.0
1046.1235 501.32584
1417.9879 1542.6868
1064.2632 796.75
483.21094 366.3828
302.51514 1228.9697
777.41815 1346.6727
1733.7241 1910.1494
1728.3048 1105.7333
84.0 1078.4058
3.662069 845.14484
478.98306 1036.483
681.2 866.5
453.9737 365.2237
1478.1154 526.6923
176.5046 1130.1376
1030.4066 875.2857
834.20337 1609.1526
779.9268 1357.8292
1276.5067 596.49335
11.4 802.17145
83.85876 1427.8079
125.21667 865.7
457.02197 1247.8022
888.2321 189.14285
1719.3846 162.0
800.3158 921.5526
458.34784 1952.4783
263.89474 755.6579
370.20834 1206.1833
1816.7368 593.6053
1200.1666 938.4583
61.926968 1457.264
178.37114 620.26807
438.6371 653.9194
1319.5873 541.07935
179.8158 485.70395
326.9189 235.45946
636.1528 266.38196
27.78 783.58
1459.7872 119.44681
147.03883 587.69904
1157.3478 1021.5217
1251.69 1245.2249
1353.5322 1044.4839
211.98361 932.8525
134.89333 877.72
568.80853 1991.7872
1728.6611 958.19836
420.16965 1379.1964
1482.0 92.73077
1426.9266 624.0933
361.55737 316.7377
327.96945 993.87787
925.82715 1748.4445
701.02325 1886.0116
1279.3793 122.09196
1232.9697 1337.0
178.68874 1311.6423
1078.6897 1348.5259
1996.591 1005.8409
1471.2808 1720.4036
1830.871 239.37097
478.14584 1242.5834
618.8067 380.64706
1685.4105 345.62106
402.71518 1611.0127
215.88461 1693.1154
1948.027 1718.6216
346.05768 419.15384
268.31818 1188.8636
1952.9835 972.3884
503.66364 1149.1545
861.0781 1104.0
774.8 803.4889
720.0625 1464.9791
265.201 408.2549
474.82608 676.1913
750.1286 269.7143
860.7273 1603.8909
1990.9524 1643.9286
1794.0444 706.5111
387.43362 254.85841
425.7886 173.44716
1166.5608 1339.9253
1551.0536 1737.0892
650.2759 38.775864
119.57971 1096.7102
369.44827 1674.4138
1310.5714 402.11905
1413.597 1257.4626
1708.1788 619.9268
363.14285 971.7321
893.87805 1374.9025
1625.1538 1735.6923
243.73958 111.34375
871.4474 1615.9474
68.35632 554.89655
1260.2683 1432.7439
563.71136 921.92786
739.5493 328.3662
1071.55 1522.2833
440.62668 194.89333
1491.909 456.45456
1064.6102 934.62714
619.4627 461.08954
1202.7826 1333.1305
468.63058 115.87898
258.36667 1505.6333
1124.1351 439.1081
1905.1 1382.8667
867.1429 867.0714
588.5469 1568.9219
1402.7473 1432.0631
1226.9756 1538.1342
131.86957 859.98553
602.5 605.7692
371.76923 946.2154
218.02899 1005.7826
1516.704 207.152
536.5231 1604.6615
1636.3077 419.32693
1987.1913 1666.0173
1806.986 35.307693
74.22222 1148.1389
411.54422 1173.9456
399.59232 1382.8385
848.7778 1762.4445
455.56924 146.46153
888.9 984.14
437.9107 898.8839
1627.1643 1472.8785
1747.76 584.08
186.9619 1367.5809
1.8372093 275.46512
437.32 1786.84
1399.3334 1284.4849
416.02597 953.0
407.82608 1522.5652
519.14105 65.53205
811.48425 1276.088
1239.5714 246.91429
344.625 463.01785
783.5875 767.95
5.622449 930.6429
1956.2578 717.85535
1102.4615 81.17308
697.59375 1569.3125
1613.9916 1738.2457
217.65909 584.5455
1460.7018 1101.4736
1068.3125 1433.5
1034.6744 1331.1395
936.7826 1488.9565
1293.4573 13.79878
218.51923 1442.0673
647.54346 267.05435
1620.1477 1280.8977
1805.9286 332.92856
1136.76 1426.96
1792.5714 1034.0834
1623.7294 344.45883
1381.8572 3.0857143
175.91072 291.9107
724.3675 277.35898
332.27908 726.3721
212.41176 482.22058
221.65608 1358.1006
514.04126 81.21649
928.2121 1492.5454
714.92535 268.4179
934.1795 843.12823
1008.69446 1448.7222
1194.0962 802.5769
39.0 1325.7206
151.80952 1198.9524
750.82794 520.957
517.5917 179.45833
1160.3472 1010.94446
797.9545 1253.0682
733.4792 1105.0
620.6919 591.94055
718.872 951.76
460.8467 1176.0438
1800.4354 643.29034
1635.0825 1926.1855
1765.3474 1191.4736
1256.24 78.98
1570.0 394.0
183.95403 1068.2759
326.57352 1875.2354
523.64703 1680.3647
1080.3268 45.752476
943.73914 802.13043
824.7372 911.4872
587.5222 1131.0222
614.2963 1135.037
347.21054 24.894737
687.18805 1848.8291
1599.9138 631.569
1330.725 1033.15
1120.4023 1728.1034
1412.0577 453.90384
843.4474 1267.6316
1715.7542 1884.4263
266.9863 1375.1233
1469.5 1098.8
1710.8909 1526.4182
264.41772 1438.8102
431.24075 209.77777
277.9349 491.68048
1115.7922 882.4415
1282.6875 347.3
39.863636 1230.909
488.5913 307.66956
618.34546 1234.4121
465.8737 296.4
1814.0781 22.742188
1024.3334 1376.9467
1048.7123 387.274
1305.0714 1863.881
192.20732 1436.3658
144.18666 519.13336
288.06897 935.6983
1690.1605 762.79816
211.47945 441.71918
1033.427 1962.7416
638.5263 1688.421
601.7895 808.9474
1972.6129 1522.242
570.44446 1038.3492
736.82117 776.87805
1678.4517 1617.7097
1256.24 78.98
323.8 655.61664
181.32143 1898.7858
1847.1538 1149.9807
935.72095 1948.0233
1927.579 254.71428
311.70834 1970.375
211.98361 932.8525
13.379746 265.6329
229.03226 509.74194
926.74445 62.488888
1471.0294 1771.2059
58.31325 425.8554
1187.8376 1536.9146
1878.5096 470.54807
1981.3175 223.57143
1086.6893 979.5922
980.5465 227.7907
1180.6666 1260.1852
418.3121 968.7197
1339.5555 1074.3009
178.7 1091.6428
710.253 328.33734
1295.6666 1436.5167
1749.713 1215.1111
77.328766 694.58905
704.86206 1879.8276
1404.5125 1269.375
663.7659 477.8085
1711.5972 758.5139
920.8 705.38336
316.5431 1254.5518
1242.4219 1258.4219
1088.385 1266.6056
1775.2727 1209.2878
1763.5853 800.6585
778.90564 118.96698
1049.8605 120.81396
1688.2603 1538.863
50.633335 605.63336
467.15 1728.15
600.06665 1098.7
493.8 632.3461
271.04413 1222.7941
455.59015 298.13934
375.65823 628.77216
558.5961 1294.3557
337.7377 706.11475
432.5 1412.5834
698.0625 480.64062
923.4536 54.804123
749.95294 34.741177
146.88461 600.63464
698.47125 551.47125
151.5091 1751.1455
232.12163 350.5946
624.1507 562.7534
1304.4452 1020.6
1247.1058 924.5647
207.82857 1328.9524
907.61816 1319.0546
683.53125 1422.3125
1078.3939 864.8182
627.9167 831.81946
946.7013 1720.8701
273.2353 467.52942
550.73254 533.0465
1978.091 1827.6364
92.5 685.0
604.30615 1156.102
753.56525 218.82608
559.1875 177.53125
833.81146 437.9508
475.79013 907.0617
1720.1936 1582.8173
86.70068 1058.6531
545.1397 523.02203
925.5566 511.66037
1246.4762 173.28572
398.08 187.52
537.7047 1086.2684
623.9718 1213.5634
1109.7161 708.8765
608.7339 1127.8468
1155.6415 1275.4717
281.30435 471.73914
1040.2451 990.3226
218.95 346.7
918.4545 765.6591
378.59015 1658.0328
519.8461 133.38461
1333.9398 1225.406
1002.36664 195.23334
671.7522 512.9823
1219.7091 1698.0546
1487.2858 905.46216
851.0278 1017.80554
18.312057 333.9078
377.69092 196.05455
413.7742 499.80646
836.49316 421.35617
826.0213 1494.1277
618.8629 1197.9113
1757.5 197.5
548.16785 1325.7552
1804.3667 97.36667
207.82857 1328.9524
1732.5088 1032.0526
317.7857 1237.8572
1060.7966 883.0339
296.184 32.184
473.5 700.3143
925.82715 1748.4445
800.3158 921.5526
691.1778 941.6667
1152.6818 1981.4773
824.74 1197.44
371.05264 186.08772
361.8646 1874.8229
91.12346 1253.8643
1368.253 359.2289
733.127 1048.9841
676.63635 383.6
376.66666 615.87354
256.12 1070.8667
1050.78 337.84
1082.7305 1471.7943
261.15686 956.0294
463.53845 679.0989
1702.4746 392.49152
1090.3334 1140.6212
97.886795 881.0755
1275.3678 1246.6437
761.0877 220.47368
940.2857 425.33334
640.11224 1131.602
884.403 1109.0597
1981.3175 223.57143
261.25137 201.68306
1940.92 790.48
313.82352 813.55884
1378.4384 1790.7397
1920.5524 515.97095
1022.45654 26.065218
337.32 1485.36
61.931034 1059.4741
520.07825 386.73044
213.03969 406.63492
1895.4038 1949.0
558.9292 631.5929
299.17242 1290.931
237.0 950.13635
341.6111 134.33333
175.48276 1289.4828
1978.9788 725.4681
525.26666 497.775
1229.7037 1191.247
603.2683 392.39026
1669.3334 1280.2222
1765.6428 1354.4048
1645.5934 308.9011
1859.4 1053.475
1601.0416 1867.0209
600.29266 1670.3658
1531.688 1159.9574
1086.3182 1451.4026
1650.5483 1434.5807
432.4 1816.0857
1480.1666 1837.9445
1112.9556 1417.2
494.11505 954.32745
477.75 194.95
402.20203 1264.9799
1329.4482 1027.5862
438.211 455.2844
1214.9344 1315.541
663.7273 496.18182
1498.27 1346.25
1572.1389 185.61111
497.6346 304.97116
1197.4259 1358.8518
161.11111 1779.5
346.17267 435.03598
1033.427 1962.7416
676.7619 1047.2858
207.93846 1803.8308
1126.9866 1872.047
340.5 628.16174
595.5513 1493.4231
177.26923 1537.9231
394.52756 1809.6693
1926.0769 1293.4807
1271.2174 544.13043
928.2121 1492.5454
540.08 270.01334
538.3 870.24164
1002.36664 195.23334
84.33517 1856.3187
1457.9778 15.866667
366.9111 1070.9333
1544.1078 780.2843
1768.325 669.775
1363.7301 387.79895
1134.9794 112.28866
25.690475 302.14285
879.93164 923.2735
1970.2098 295.9753
147.5 850.5
1842.0564 61.549297
1859.4 1053.475
1338.0189 1954.3585
1656.8422 814.7632
939.29456 959.05426
1008.8941 472.45883
1011.6132 759.5519
899.9677 1224.5376
1153.8505 1962.8972
364.982 624.23425
23.822784 1317.9114
461.9649 1797.772
158.32076 1391.6981
1315.3226 1564.5161
893.87805 1374.9025
1572.272 47.614037
345.74 273.92
471.21054 1571.3684
520.72046 152.06451
217.26866 449.53732
1106.1724 943.1724
747.0118 1348.0824
63.01099 564.0
596.1628 28.39535
1504.4375 1755.0375
660.27905 1384.7325
1155.069 849.65515
10.967213 326.65573
1337.3905 1086.1428
478.78677 1063.9412
1155.0209 976.21875
1693.4518 708.86145
1301.9291 1250.7086
412.06152 1354.1846
267.92593 946.4074
677.1445 1121.7333
1374.9847 519.5115
392.60345 154.25
1961.9762 1375.5238
344.28394 308.74075
308.7 1738.2667
272.96893 479.30435
746.5467 323.02667
132.08922 990.4684
1542.7693 1660.6923
1586.3007 1367.7423
1015.7273 1439.5195
875.104 1251.624
469.65625 1934.1562
1107.2333 623.63336
1275.3549 1788.6774
1226.9756 1538.1342
514.67035 628.9011
387.43362 254.85841
1598.1718 723.71716
228.51402 1861.2897
1769.2703 1387.8784
669.8571 998.6857
970.975 595.675
729.1111 348.44446
600.5484 1722.2903
1608.2289 376.3494
16.340425 1271.8829
407.09 122.26
1684.8 1758.4
24.236559 601.4194
354.72058 1628.4265
531.5714 1594.4506
557.25 650.3875
311.33334 972.9394
1599.6914 734.4321
949.90875 153.55556
961.8929 1766.131
235.17647 1039.1372
150.2439 210.0
1062.5306 59.081635
1393.9131 275.0
210.07692 646.10767
1177.921 818.3026
276.23636 1148.1818
1098.8286 1782.9714
1043.4835 1409.9341
452.27908 1112.3024
1992.7826 1372.2971
1937.6957 305.43478
1534.5363 20.130434
346.17267 435.03598
510.49557 325.72568
591.2286 144.42857
1718.7 624.8909
1064.7333 1030.7394
1019.0 508.97778
1268.6057 278.41345
478.0779 606.3896
1939.0509 273.22034
1542.6993 1168.3203
932.4474 687.1579
583.662 1256.9014
30.726496 812.26495
1652.721 1744.721
1169.5416 514.4167
603.82477 363.07217
1295.9 178.225
1906.358 1071.0988
269.3857 778.54285
904.1111 719.55554
261.15686 956.0294
130.15218 624.6957
1026.6666 985.0
28.053097 1251.0
1797.5103 1188.6837
42.0 1902.5
1913.8406 1324.058
759.6579 387.60526
146.5 1252.8545
1059.5963 1005.0
61.926968 1457.264
189.51724 619.2069
317.44446 1154.7963
768.0194 1202.6117
280.31683 1629.4752
1223.1129 1415.4032
868.5935 383.02438
785.2551 159.05103
975.2273 1118.8636
1059.3265 1997.0408
1457.9778 15.866667
1232.5248 1556.7234
1814.0333 1264.8167
1520.7222 672.2778
14.337143 1955.0629
189.19658 525.67523
494.58334 1790.2916
109.38961 1132.5974
1280.9192 1051.4646
1448.6414 1073.826
1027.7097 1638.871
1372.4672 673.0
693.0448 1229.6268
150.2439 210.0
278.5098 1204.8431
673.9192 978.61615
1188.4546 241.09848
1678.8636 755.63635
1627.1643 1472.8785
132.13235 728.58826
663.5476 406.14285
1013.26086 344.43478
294.65384 1522.0577
1511.8959 787.3542
1129.0741 1721.4445
989.65 68.525
404.91595 526.0252
1436.8169 1599.8591
989.65 68.525
1595.2549 104.92157
728.37933 1596.138
913.53546 230.01291
693.04 1210.6
1517.1724 1447.5862
175.55556 1716.2222
1050.6333 1992.3334
1585.7407 478.4074
758.5 1660.5
932.43964 1196.6982
17.933332 1545.9333
1417.56 1186.92
1121.4604 1952.2446
1794.322 789.1525
257.03125 1360.1146
1776.6582 1042.7848
189.24039 481.60577
445.3913 1376.2754
139.24359 1350.9744
656.9737 406.3421
497.8095 771.9524
619.0795 1595.7386
1773.9231 1830.4359
94.09677 1121.3871
1803.0465 591.8953
106.15958 1233.6702
1946.061 740.6829
1008.6528 998.1389
266.77942 1670.3235
772.2759 703.5862
1720.9575 647.2485
266.82782 1384.0
1392.6957 377.02173
627.6579 1309.8816
993.6762 1359.8143
1492.2543 489.64407
775.9655 107.89655
1889.8784 55.2973
1607.8572 344.37143
551.8889 1880.5186
1095.019 974.7238
1660.97 910.95
1321.6716 1519.806
1991.963 1572.1111
1273.4237 1257.1694
144.07018 674.5614
270.5625 1419.3959
1181.5775 367.79578
807.84784 1379.5869
801.5179 1138.1428
3.59375 515.6875
1038.68 933.37335
1862.1063 772.6383
642.1177 461.66666
650.08105 1235.5405
750.0 1995.5
260.07367 335.2
1824.6766 317.34586
539.1746 530.7619
355.0 1282.25
609.64 386.98666
33.646343 1477.9634
299.39832 1891.6864
54.413044 453.32608
828.32587 256.58426
876.4474 539.3684
212.62993 1236.7086
809.5417 656.7083
546.2 545.26666
1541.9642 1526.9928
1275.56 671.5733
700.0598 292.46155
1525.0 1147.3279
999.5577 164.78847
591.78687 1038.705
480.71875 1646.1094
404.95505 113.75281
746.5 477.01666
1295.2727 864.1818
164.22223 1124.746
1783.6666 764.125
880.36664 762.36664
1773.9231 1830.4359
255.70175 510.6842
852.96204 1980.1519
1932.2206 738.19116
964.2 849.5455
1579.6229 579.06555
22.074324 1122.7905
231.84091 533.8182
853.5 1482.7059
559.152 526.912
445.46988 1517.8434
1138.1526 1379.356
581.5 1747.5
871.95 277.03333
229.41463 727.12195
435.58517 369.2815
826.4074 196.25926
1788.5897 1150.6987
667.0 286.16666
735.4815 90.71605
133.92975 1317.6488
1590.949 866.7551
1278.4474 873.5
1969.3691 1441.7664
840.57574 1612.5454
1046.6786 815.1786
1004.25 772.25
936.64703 1464.5686
697.59375 1569.3125
803.3197 31.459017
742.4589 344.43152
17.368055 1249.9445
171.71605 15.185185
547.125 157.15277
313.38666 1962.12
365.02704 690.00903
1233.9395 167.15152
267.92593 946.4074
1684.8948 1742.3158
1534.8043 1998.326
1305.0714 1863.881
186.9619 1367.5809
892.10254 1208.4872
737.0345 1375.5862
42.3 421.17776
585.5507 1712.3043
1945.58 947.98
1763.0167 556.525
1771.2069 198.86208
690.0617 825.7407
2.0 1259.5
435.96774 378.2258
934.7174 1754.0109
1028.1731 520.2981
1642.7435 222.38461
1288.4467 106.293335
583.13464 1718.4231
1850.8197 420.5492
583.662 1256.9014
1663.3392 344.5022
827.0 1819.5
515.96063 1143.2756
81.48781 1328.7073
135.025 1627.775
1314.6666 1390.8572
934.1795 843.12823
932.87177 1438.8718
1514.7354 1278.9117
953.2803 829.586
1634.4 224.87273
1260.0139 1965.6528
1.8064516 1199.871
1946.8077 1992.8846
252.44872 435.07693
1837.7407 1135.1729
130.51428 1349.4
280.27118 1573.3898
1334.1311 141.14754
1806.1515 258.87878
642.4107 1782.6964
242.45871 1065.3027
1081.2122 917.34344
688.07367 482.05264
11.533334 654.0333
745.8767 20.390411
523.64703 1680.3647
1580.84 1257.64
461.88058 1703.194
628.7527 387.7527
429.1258 1355.5345
1301.3818 774.05457
387.27908 1348.2675
224.68224 1720.4113
747.84106 365.48343
741.24615 1444.877
1944.8372 591.8721
73.47436 148.10257
1216.6914 1872.0494
486.05435 277.51086
685.65216 1879.0435
1629.5532 1583.3829
135.025 1627.775
525.05756 1176.1655
1038.25 1747.2361
188.15958 189.45744
1356.9764 961.5529
367.23157 161.29474
222.67165 145.40298
58.30645 1310.379
1585.6086 241.91304
1873.5358 1307.3572
366.12308 419.47693
216.4 1064.7819
221.75461 1285.3988
1187.8518 1069.7037
248.34616 1502.0
1085.0646 376.5484
1035.742 970.46234
879.5 498.5
1961.98 813.3
1520.7222 672.2778
1724.4048 547.9881
1493.5758 834.42426
733.1549 188.90141
949.36145 1390.6145
1800.1154 1560.8334
1875.5217 1165.2391
260.87756 1079.7142
332.0531 1036.7522
136.40984 1054.8524
444.08694 223.8087
641.0677 697.7293
1029.8125 1917.1875
1040.9186 563.3605
1488.2291 225.98958
522.62775 114.07299
1907.6724 802.1724
48.055557 1292.5555
20.815535 1368.6505
1106.4482 62.327587
1976.2858 376.19388
1899.8734 124.96203
245.2 1883.0857
1627.9625 1019.3875
488.02325 1549.814
329.25275 311.2088
223.82191 871.86304
21.170732 1426.8414
636.4286 1679.4286
467.28888 1105.289
321.3913 1215.4783
1055.9818 1629.9272
57.470238 1168.0774
561.4359 804.2564
1770.6567 922.8358
1370.0577 1036.9038
1526.6615 1104.723
944.71155 491.19232
1641.4791 1900.8959
122.92958 1297.5634
578.8571 523.87915
972.0182 906.3091
1604.0 1450.5
440.9569 1179.3966
258.63635 1370.1136
1319.7954 1692.5227
1405.8286 1891.3429
553.5111 612.1889
1057.655 968.462
386.51785 965.4464
1944.7247 324.31192
526.68146 553.3037
1239.6086 274.07245
1562.6915 484.97873
1141.8372 890.5892
1662.234 1732.4468
1251.675 414.825
508.3919 109.98649
208.43396 656.93396
759.6 80.17778
332.08633 1012.7194
1255.1875 1960.0625
1720.1936 1582.8173
718.92 1498.04
115.88372 568.8837
470.65454 222.92728
925.93335 1867.2333
1677.8 1513.88
1917.6 1092.6714
2.1864407 1871.661
1937.6957 305.43478
739.4636 832.83636
469.44955 1055.5138
799.20886 354.83545
83.70803 1399.0
1015.7273 1439.5195
236.33846 459.6154
1352.299 252.87628
657.5217 236.79347
1035.2858 1415.7858
139.88235 658.13727
333.55475 969.8613
81.48781 1328.7073
1588.7084 1241.6666
610.1731 608.3077
1193.209 179.25374
1134.7968 1056.8456
1796.6296 567.7593
1010.3254 664.3571
1476.5048 1484.7238
810.62164 1094.4504
1461.9111 1641.6444
612.0364 1435.6364
226.08235 1031.3882
1059.3265 1997.0408
941.3889 1320.0
83.0 315.0
366.54385 110.63158
407.67825 579.29565
1715.367 695.1835
298.4054 1490.5405
1574.4286 1770.0159
133.92975 1317.6488
1990.9445 1777.963
1855.96 1139.22
1586.32 1157.76
428.76785 942.7857
73.47436 148.10257
1519.5753 1997.0548
337.5 256.69232
562.0612 1872.898
343.67926 1307.7452
1880.0 1124.2
540.5159 116.318474
1631.6545 146.18182
# COVID_SAMPLE_4_ROI_2
69.59155 858.5352
453.34146 45.646343
1321.9623 48.83019
462.73215 11.321428
1819.9742 525.35486
1906.262 669.0476
984.2023 1665.5618
1313.9259 521.0864
1169.943 998.8481
1889.0488 698.0244
951.0294 515.64703
1688.8317 1426.8911
223.375 215.16667
868.25 1997.7206
1860.4208 553.12024
1769.8429 1709.6
1443.6017 1701.2881
920.11365 1495.6818
1966.8195 1715.2778
310.64227 1027.0082
1763.7667 628.24164
860.8333 1848.631
1768.4269 1693.9878
1927.0922 1717.0526
769.6702 1675.5745
1450.8695 1085.4783
1988.0244 504.57925
879.6489 149.53192
1404.2065 1745.399
1481.7333 982.1583
246.07408 1635.6111
1417.5385 503.93405
1409.2094 297.39536
1738.3334 1014.8095
2.5 306.0
729.06494 252.61038
723.125 65.1375
1280.3024 251.88373
829.2621 1782.0828
209.3301 1298.8544
194.82129 702.8099
1820.5385 849.3333
618.3043 320.21738
282.84564 1971.9866
734.127 1885.1428
1003.4717 278.07547
1145.069 316.44827
892.8222 234.31111
980.8663 1881.1338
891.0 1861.0
1401.7301 1285.7778
904.3511 802.3298
1168.4105 174.52632
687.2738 1033.887
205.65854 600.04877
1345.2982 579.1228
1835.8595 954.7528
1547.7805 1243.9878
1006.7514 1706.0565
1262.0 157.63954
1101.9681 282.3085
1210.5284 1734.1138
592.1812 673.8591
1434.434 1643.3019
1822.84 782.31
1549.8588 1405.223
1577.8286 477.62857
1306.987 376.74026
758.1711 233.52632
358.57446 243.61702
631.39655 1375.138
15.7384615 1191.1538
1766.8218 1578.901
816.35516 1764.5233
314.41306 1799.0217
673.8723 671.70215
1647.9553 612.6518
1875.8 1249.44
1002.3333 1108.785
127.36607 1322.0625
470.0215 1592.5269
1585.7164 1890.1493
1241.0442 167.9115
410.3 1798.4333
118.28226 1295.0322
1832.6364 1967.9318
143.09435 429.60376
1240.3715 337.14285
1218.6119 406.85074
319.16666 1672.375
679.2381 795.0952
234.76471 547.85297
1274.0532 1531.9574
24.09091 1239.8182
780.54095 1893.8853
1909.8043 430.41306
462.32877 1263.3835
1936.4731 1655.5807
1857.8511 1841.3617
1425.8441 1391.4415
1143.4642 1701.2214
12.258064 1117.7339
1094.5 523.7308
12.117977 1633.4719
1400.855 1350.145
1373.0646 260.90323
1519.5505 755.76404
125.59223 1287.3398
523.5221 1046.3363
1169.3556 443.8889
209.93976 1639.6205
256.63974 1491.9254
409.07526 1937.7634
668.2171 1625.375
1968.4445 1842.3055
1048.0698 635.4651
218.70297 323.40594
725.86206 1891.6552
148.29741 1251.8406
223.64197 230.74074
818.46155 1827.4038
425.48572 302.8
322.4762 1638.8889
276.432 716.224
1922.2526 1630.9395
702.43634 551.9091
1675.9246 284.13208
1608.0099 727.901
1309.0845 1316.7747
479.35822 246.0
1712.2214 56.268456
1892.9318 1420.1854
1911.4 1129.56
1661.6 576.53845
1293.8182 259.18182
661.94366 1049.7958
596.94116 1233.6177
1734.9857 1612.2313
1782.5312 1707.4219
9.915966 1082.5714
891.71875 173.42969
412.15 1692.4
127.36607 1322.0625
548.29224 1964.5845
732.0182 214.52727
1169.943 998.8481
738.0536 254.5
796.9268 651.7561
868.50574 841.49426
1172.7703 321.21622
1895.753 1888.0988
319.66666 647.5455
716.26086 45.826088
1960.1608 915.83136
1437.6666 1800.787
323.68042 75.546394
1154.6666 139.44048
7.1413045 1801.7935
611.2857 1920.7959
455.58426 1566.6405
811.9259 1682.1111
785.1475 1643.9016
844.9011 87.02198
1117.4551 354.46707
753.8772 1574.0878
1535.472 1391.888
1516.6405 1996.3933
1011.6331 1806.0575
1868.5883 1027.7529
1153.76 1040.72
264.16666 843.8958
1184.8784 1981.3108
207.95328 1452.3177
396.88235 544.098
1087.575 630.65
1943.1578 1651.1842
1587.7875 1562.525
1889.0648 1558.2108
794.1 425.8
870.987 80.155846
1396.7858 283.82144
1036.0435 178.17392
797.2153 72.416664
659.2432 857.5135
802.9865 359.1757
948.9077 227.32307
1924.8297 1976.0275
312.41306 414.27536
736.38464 1253.6923
316.92648 454.07352
295.2586 1633.5804
1732.0562 918.5955
1611.1735 978.9388
24.07639 1667.9097
707.4151 1418.6415
1916.8849 917.2303
555.2162 1649.9784
160.28334 89.05
335.8718 273.69232
1039.3203 406.35938
1114.4142 1007.4556
786.78723 1417.2766
970.9759 1708.0482
1830.74 84.64
1522.8043 347.86957
666.63336 1155.6666
1072.4286 1632.3452
1974.9016 1955.0
1010.52344 350.0078
844.9011 87.02198
1845.1515 1487.4849
1083.3334 909.88574
39.91228 898.5439
1113.079 181.8158
875.99066 1363.785
991.2456 512.2632
669.829 1770.9182
1065.0883 1964.9412
670.0 1294.6154
915.8605 287.3256
1240.1694 195.57628
1181.7273 664.8182
1710.6736 495.31088
1477.2653 789.62244
659.9355 624.9194
406.7922 1551.5845
508.14474 1054.7236
1118.9744 1996.8462
448.75632 1271.3278
1048.347 887.8412
994.2549 1555.0785
267.404 1978.156
372.0345 999.86206
1219.0111 1865.5778
501.54385 31.324562
292.1453 843.4872
1059.0 1853.6562
844.9011 87.02198
1086.2174 1546.6086
1562.2122 761.9798
872.57776 493.77777
1170.5374 1534.4478
781.1278 1584.9924
1274.0532 1531.9574
763.1818 879.4167
811.3684 888.6316
1591.3108 1593.3851
396.3889 1988.8055
700.1429 1282.619
800.17145 1507.9143
372.23456 1829.1605
1925.0476 326.1905
359.875 537.21875
398.0 118.61905
1433.9429 1409.9429
763.1818 879.4167
1618.697 378.4697
1971.9529 1524.9717
1653.821 1386.2527
234.76471 547.85297
1864.1936 685.4516
1471.0 664.5
1977.0625 1356.1041
487.51724 501.35632
1844.8975 698.9231
468.61334 240.26666
131.20946 1612.5135
723.125 65.1375
1835.8131 1289.1869
522.3333 1290.6945
677.209 1473.1045
1645.96 568.52
676.38824 544.4882
713.8731 1455.5374
1083.8903 478.73172
913.781 1642.2335
598.77454 1484.1863
1148.3108 1596.527
749.3989 197.14207
213.57143 429.64285
1776.2291 1745.2709
93.590645 390.99414
1010.4545 367.2987
1960.6571 706.82855
1314.4312 892.55963
911.57745 982.1127
588.03125 1458.4062
1711.0 602.4103
1055.7245 901.5816
1776.7273 1254.091
863.29034 186.67741
756.631 1678.012
8.5 493.0
173.34343 434.53534
807.7265 1997.7264
412.88025 1165.2455
1339.0588 1634.1372
902.5 211.0
713.8731 1455.5374
825.82355 971.7059
1491.0 1247.2174
1520.957 952.86505
1219.0111 1865.5778
1261.9398 1604.8073
250.86171 1805.9574
720.13043 723.0217
1286.0469 108.9375
975.69525 1740.9619
834.1774 596.92474
1328.2441 598.97675
179.82353 1634.1765
844.9011 87.02198
1544.3976 487.98795
1057.0 358.48734
954.5156 1148.9375
766.85455 350.76364
1093.6545 1621.1818
1111.3462 1197.6538
157.94118 99.320854
1913.371 1308.2903
301.89862 94.2212
1802.9429 570.52856
735.3409 818.9773
85.00971 1542.2913
564.77893 459.34738
162.58139 41.90698
1359.3284 767.8806
21.60274 1108.7123
233.56471 340.18823
1503.5555 1517.4073
1454.5 1879.0
954.5156 1148.9375
939.6 247.21428
256.15384 1897.5385
1700.1077 750.96924
1878.1687 184.16867
1992.7952 1633.4337
1860.0164 161.04918
1263.305 260.98306
8.918033 1441.2623
1507.921 1192.1644
1826.362 602.9483
53.317757 1409.4954
1094.4073 1930.4814
1184.8784 1981.3108
797.64703 161.0196
1990.0677 1576.678
1077.686 1887.6511
892.40155 1893.7401
1668.2871 1820.4456
1537.1515 707.202
448.07895 1862.2106
608.87286 1487.195
1241.0442 167.9115
1663.2 1242.9
750.76746 797.2558
1525.4166 1568.0278
1050.1781 515.35614
549.6667 1895.965
1983.019 432.77142
216.63492 1150.8096
378.23288 358.80823
117.117645 1920.7646
849.20233 1478.6887
1834.686 1526.25
1231.037 129.98148
1292.9302 333.0465
406.88834 841.0922
1706.762 981.8333
1109.8372 1211.1538
296.9776 1153.1791
237.12422 754.3789
65.85915 1083.9014
114.92233 196.94174
756.61536 983.3461
667.7627 1877.0
1940.7417 1418.25
1974.638 1947.1897
406.44263 52.04918
1735.6692 136.35385
620.80743 1736.7926
421.3412 886.0353
1782.5312 1707.4219
1412.58 1498.28
501.54385 31.324562
1930.1666 1689.5834
1892.4181 1632.9094
1948.3049 1860.3903
512.7273 233.16528
258.88235 1032.9412
1112.8636 405.31818
261.06558 558.0082
154.0 1226.0
477.26724 1283.6897
1968.0938 1084.3438
1800.5538 161.67693
1543.697 397.0909
742.4259 238.12038
1983.019 432.77142
974.41345 1068.7596
410.14816 1866.753
1971.6285 1461.5428
875.68964 1397.1207
835.75 1877.3077
605.0 655.4103
1843.1052 1828.4386
440.56522 1201.9348
1195.7102 210.84058
1104.0465 55.186047
503.31747 584.9048
1922.6569 1692.8628
996.04083 279.7143
171.7317 91.04878
802.91766 1424.0824
85.845634 763.3893
1048.0526 1385.5526
585.06525 1020.86957
240.08696 629.43475
1540.1 444.13
778.18976 812.37225
1800.5538 161.67693
482.8919 51.472973
1727.2577 1691.1959
81.806816 1586.0454
1995.3572 1501.9404
1076.8552 674.6579
809.9508 882.34424
672.5211 1075.0775
925.56 646.3822
771.1525 1516.0847
1821.4182 1491.2637
1011.431 612.4138
1477.2653 789.62244
1208.4 330.83334
1300.775 25.4
1094.5 523.7308
1328.9688 1615.3438
657.1415 1212.085
982.1237 620.2165
677.59186 845.6803
445.88678 1232.9736
1704.7273 1380.0404
1007.2143 1836.6031
207.90244 303.5366
487.85455 43.172726
409.07526 1937.7634
148.29741 1251.8406
482.8919 51.472973
560.68 1726.808
1852.1134 774.7217
1013.59015 1747.8853
379.43042 1332.6478
1306.241 159.62051
1054.1188 1702.3762
684.26227 223.69672
699.6576 1223.326
1260.4138 166.82759
380.04443 405.5778
2.2765958 298.17023
1997.1621 327.0
2.6666667 52.819443
209.70589 1588.4412
1592.933 1581.933
1347.6951 36.256096
281.9604 1294.3466
303.0 910.0
1427.7727 1832.6477
1150.4159 354.8812
732.4857 918.01904
1288.6229 1338.9836
749.7069 235.43103
829.1519 611.88605
820.17645 1514.0504
1445.74 1066.21
797.64703 161.0196
302.59406 628.3366
782.97 1251.19
1008.2963 1491.2346
303.0 910.0
231.61905 665.2381
1556.6875 589.5625
815.5455 226.13287
999.3143 1608.5143
485.84616 396.7912
188.06956 1471.2087
335.36206 684.6724
856.125 1337.5278
1538.8964 1047.9009
1287.1624 302.0684
1608.0099 727.901
89.229164 72.1875
1922.758 966.25806
954.1512 701.1163
459.26373 1160.4615
256.64084 1824.8627
113.61429 599.8143
1253.3312 220.649
1852.8392 1000.5179
1449.2084 1714.75
1952.0571 976.34283
80.955055 1893.5056
850.2323 1518.3838
1497.2963 289.48148
983.34393 462.82166
1013.5625 362.45
598.5065 52.766235
356.60974 1856.561
1718.242 617.35486
1687.2115 56.384617
1918.5673 1331.9423
328.39438 394.38028
358.57446 243.61702
1697.325 283.26666
1750.2091 1656.3727
244.375 1346.9062
823.9649 1427.079
954.96826 601.49207
229.76562 498.71875
279.36606 1226.9286
1937.2556 1907.6666
982.1237 620.2165
388.58066 1552.9354
524.3134 1322.0299
1654.803 31.051094
676.38824 544.4882
783.0 328.63715
1743.6981 722.1604
1850.3334 790.06665
289.75 974.6458
958.9697 434.57574
115.28205 709.71796
1036.0435 178.17392
969.0 1715.6825
1903.4762 873.4762
940.4386 1220.421
1007.8605 169.76744
1681.3308 1304.723
552.27026 658.37836
473.35135 996.92975
794.6091 364.42728
351.46155 911.4872
979.8411 1867.7477
987.4458 1826.976
1010.52344 350.0078
1018.71136 617.3196
726.61536 618.64105
1718.113 1667.9827
854.9091 1410.909
767.95715 1706.2428
987.8829 612.65765
1606.3043 945.13043
1117.8 476.94287
118.479164 116.6875
1724.0099 567.39606
167.58598 813.63696
1916.2222 1433.4166
1354.565 363.9935
261.26532 292.85715
1836.1818 1007.6909
1192.2655 418.30972
1674.3485 535.30304
1670.0376 1193.5338
1626.8282 1939.5253
1970.027 1931.2433
1153.76 1040.72
1759.1241 578.7778
# COVID_SAMPLE_9_ROI_1
668.1489 1057.7872
1156.5096 21.884615
1249.0546 1762.6182
1231.4286 1588.6285
1362.962 1526.9241
585.3919 1931.4054
386.21335 1532.2533
716.17926 34.45283
1318.5588 945.32355
952.71014 1423.5942
1836.3823 964.32355
424.07407 826.4074
1166.6666 692.1778
1207.0594 1752.8613
351.64233 440.38687
165.0 1636.0
1901.8993 1174.8417
1903.2987 640.5585
696.05426 1417.6279
168.83636 461.78183
1068.8857 595.25714
621.2578 166.78906
1231.907 1644.3954
775.3684 133.42105
1935.6116 257.23965
1291.1212 1634.8485
1010.9231 1531.1538
1139.0947 1303.4843
1747.3529 1898.3235
1781.6842 1240.6526
1718.6471 363.5
1570.9799 1187.255
3.7580645 495.41934
1253.1177 1976.7059
870.15 1484.4
125.87671 979.50684
1962.1333 1894.28
1918.5636 1939.2909
1647.7119 1362.4661
508.8356 1838.911
1092.459 1416.8606
929.03674 259.2353
1427.3784 1615.3784
1460.0 182.5
67.22222 1221.8112
873.6667 891.5333
1477.4697 789.3182
666.1852 761.35187
1005.875 129.46094
1244.4572 755.74286
1479.2373 83.22034
1391.3478 1486.5217
998.84296 1329.5125
1681.0182 1801.091
1833.0615 480.6769
898.8644 1129.9323
1591.4711 1222.9586
1735.4458 345.9759
1851.2 1575.24
760.6667 766.4286
1795.7949 1984.359
1730.7894 1745.3158
1064.5555 1377.1528
1318.44 759.26666
689.1081 478.3784
487.27658 1515.4681
993.9245 718.0377
660.0 1730.7455
737.8913 1501.5869
819.6875 1947.8125
1845.7576 799.6667
331.36084 1521.2783
430.17392 874.7681
1821.5927 280.07407
250.975 1892.15
1699.174 992.01447
1462.1157 218.09091
286.1905 1027.0714
939.4789 1526.9436
341.97778 916.2
74.411766 233.84314
748.52875 1660.5747
1086.2598 1078.1428
1406.2325 608.73254
473.8767 514.6986
1466.5555 4.296296
158.42029 702.471
322.6344 1506.43
299.425 466.575
1732.8 1056.4572
614.48676 780.4602
467.20456 456.56818
1022.3421 206.3158
778.1719 1660.2188
1422.7654 1688.395
1267.877 1176.5027
1353.8395 550.80865
865.47455 980.9322
1042.8422 1841.0526
1612.04 1990.12
472.59714 272.6403
1089.674 1973.174
1923.4 1731.04
1825.4048 1724.119
442.37332 1034.9467
207.22917 115.4375
741.4074 1445.5555
1370.7108 357.4217
1091.5754 1876.0377
607.7105 552.2895
710.1429 594.6429
1850.0122 1969.0914
247.9 738.52856
599.73846 1194.2307
1620.828 98.31183
709.2273 1582.4364
1797.9722 445.91666
1688.3438 93.21875
232.28221 12.7361965
987.60974 87.39024
62.72549 1425.1177
655.0396 195.0198
1096.909 1710.091
758.17114 1434.8829
1598.1471 147.26471
79.753426 295.20547
596.131 55.63095
979.6625 1270.5375
1212.2094 1553.5814
1491.0189 1796.9246
1974.0336 1813.5967
19.617647 1812.902
1673.4849 1853.6666
1244.4572 755.74286
1911.6182 1746.7455
609.7027 1638.2162
1762.2727 1859.3939
1047.7522 859.5929
635.8909 1251.6545
1029.6316 101.02631
1319.4222 1801.2667
1355.8064 1653.8387
1647.4365 442.38095
1189.661 839.7458
11.225806 1725.4517
1850.0122 1969.0914
430.16278 1410.8372
750.8889 1746.5186
333.76028 1203.3699
1613.4 723.78
1468.3251 238.62561
526.8333 1486.8704
856.86487 933.43243
1620.828 98.31183
982.48486 534.9091
787.6826 1312.6047
79.753426 295.20547
1249.7021 1096.8937
20.516666 1930.3833
1216.1412 823.62354
1863.0874 1385.7864
986.6604 409.27673
208.81651 242.3945
1802.5847 296.47458
371.32184 1734.8391
1269.0 722.0
481.90323 1204.0646
1161.5306 366.8163
1075.72 82.12
838.65625 696.5
1528.9512 1952.0244
258.3125 1027.25
1418.964 761.4892
1106.1781 744.6301
787.42426 1046.3788
436.7971 170.2029
114.891304 1789.3695
1909.375 1677.75
1311.7333 1913.1733
794.43616 98.723404
15.9827585 1406.6897
872.38947 1082.2737
1835.5776 730.9563
1294.5055 1588.3077
1187.625 665.6875
1541.6666 492.875
1663.0 1735.7439
981.70087 455.17093
1193.5892 85.92857
1166.8064 786.7258
1755.0 518.0
1198.7588 811.3412
1126.5714 811.2857
904.0909 1718.091
263.21738 1180.6522
1295.0641 1667.7179
83.4881 197.64285
1139.8182 1711.1273
1781.2433 553.2162
1183.4839 1752.3387
1323.8928 1950.131
278.19565 1887.2826
1936.0804 16.206896
42.416668 1012.0278
969.1842 1129.2894
1317.6 1477.6
934.6 172.96
747.03125 536.1875
1885.069 1922.6897
1273.6923 1478.8077
1587.8096 1092.1428
464.92105 601.1316
1395.2638 472.9011
621.73914 1543.3369
566.77966 1025.983
210.75949 1648.2784
462.56165 342.9726
818.29114 338.65823
1499.7576 393.34848
141.35106 1586.9894
1098.3721 82.15116
275.52777 1922.8889
1267.6586 1697.683
756.73334 1155.75
1323.8928 1950.131
1214.7654 1805.4198
758.64514 1481.9354
1687.416 868.62775
1384.2142 1652.6786
1676.5946 347.47748
441.81818 1556.9546
598.5816 336.81122
363.84268 428.70786
76.9875 431.1375
359.33334 762.3939
1975.275 1660.45
1334.1777 1541.5111
566.3714 1616.6571
767.3553 1890.9474
744.1739 1340.0
1633.2 1753.0
79.58878 502.64487
438.51514 1548.5151
753.7778 505.48718
1298.9578 1558.338
1071.7206 281.41177
1464.659 1905.534
330.8919 408.6216
396.43332 349.88333
315.05453 770.2727
1328.0416 1629.5729
666.1852 761.35187
1436.2972 1683.6487
905.4051 165.94937
1452.4043 544.56384
23.225807 596.13306
1881.7461 1468.0615
1373.9066 1274.5333
502.18518 1998.1111
770.56366 590.8182
720.9773 1157.8864
1035.4166 946.0
1308.671 1310.9342
1581.0492 1754.8032
350.5 1205.125
1163.3889 7.861111
613.4286 1725.7662
1476.1305 1045.3566
1784.7709 1258.0416
700.14435 1042.8145
761.60675 1845.7303
1363.2034 1689.0339
688.7361 1491.8334
152.14084 1680.9014
1605.1357 1866.5741
738.80115 1964.9432
56.377357 1056.6981
520.9452 1693.5343
442.6 1187.2625
1139.0947 1303.4843
1391.3478 1486.5217
1178.2142 1606.8572
239.21428 1172.6428
1916.7059 4.5588236
1974.6094 1091.375
423.61905 1441.0
1754.6617 335.13235
1074.1177 739.7353
683.7778 440.61905
1127.695 1424.4746
1921.8049 1584.0244
94.85294 147.91176
1003.5263 1003.3158
78.1579 261.1579
1464.659 1905.534
1403.0676 503.02026
447.16666 1578.4615
938.4079 1957.5526
676.4 1234.1523
652.23334 1154.5889
343.04938 1432.1605
99.314285 45.6
1503.2703 1787.669
874.7647 1519.1177
1841.9728 1223.6091
1315.9131 1981.2174
400.47244 1491.4094
321.2 730.38824
440.4222 44.68889
640.4054 1376.919
35.75862 133.13792
1461.5625 542.8958
242.23387 1498.3387
1115.0392 783.451
1766.98 1719.34
247.40475 245.84525
923.63367 1005.7525
1453.8292 1642.7805
800.37036 1562.2778
1120.4286 1476.2285
804.0 1551.5
1463.5312 1942.9271
572.48236 1464.9412
1700.5175 812.801
1635.5883 1572.0
161.4569 842.9138
647.24445 1523.4111
818.9753 1883.5309
1802.1628 1785.0233
1781.3077 170.67308
1007.25 988.0
1189.7742 798.70966
772.6177 837.1177
284.26666 673.2
68.64 1814.12
1254.6451 1524.258
17.305264 1322.1368
1238.0126 290.61008
117.17857 450.39285
1989.0077 185.37404
1738.381 1712.1666
842.4568 1524.0
275.52777 1922.8889
1166.6072 1969.0
1698.9678 1468.8226
905.87067 1175.1982
904.96326 1252.5
1781.6842 1240.6526
568.81506 490.08218
1758.0 1840.0
610.1579 1703.921
795.7528 721.57306
1238.8 353.31818
1160.0714 1547.5536
884.3551 1968.0363
705.0 1745.3158
1956.2759 1575.5862
1674.0927 304.41357
1802.9153 67.59322
538.91174 1675.2646
1562.7158 1619.1263
816.54034 1250.6693
1554.627 165.05556
1447.1852 631.4815
874.37933 880.7931
259.48148 1800.4073
644.98505 1230.6268
1372.2688 1445.172
54.55844 552.07794
740.5395 1248.4606
1095.5172 1859.2156
691.9867 1554.6133
918.2941 284.4853
1563.0303 1535.2424
1186.9796 745.69385
163.29546 89.38636
1178.2532 107.03797
576.9792 861.92706
780.4857 679.30475
1493.5278 176.25
1133.674 800.04346
459.06668 84.9
1568.8556 1540.5667
1779.375 1381.8896
1075.2771 571.8012
1207.3334 801.381
1779.9688 1085.3646
252.5 1204.1744
1284.3617 1699.9788
1806.7976 1324.5238
1578.8904 1318.5205
463.51923 1804.9615
1791.3651 148.84126
374.31818 850.3788
862.3125 938.2656
410.76923 1133.1282
1590.05 435.23334
837.6265 1247.9879
243.24529 339.92453
1974.8462 618.5961
977.75 1765.0312
1903.6912 1769.9706
1426.5483 1332.4839
1391.3478 1486.5217
115.18965 96.06896
767.56604 1475.0377
1955.5143 1287.6
1485.7245 1762.1123
1023.9429 932.2514
1908.5532 1409.1489
1315.4531 342.32812
274.47827 13.391304
354.75772 27.752577
372.9375 1610.5875
1160.7 429.2
838.65625 696.5
721.44 589.2
1008.15625 298.625
333.76028 1203.3699
1256.5432 1969.4691
1986.88 561.8
1600.1361 1570.8639
1885.9028 647.2222
1731.9683 1158.3969
1906.3877 409.16327
1178.3572 1725.0
1141.9457 1563.1086
1069.1143 1839.7285
1738.7142 1896.8572
768.1395 509.69766
1210.6562 1336.7812
800.91766 852.9294
32.106384 224.40425
1638.7059 1687.3529
1897.5636 270.25455
345.33334 964.8947
358.15152 1242.8182
1221.206 725.8303
719.9091 1111.383
156.39436 24.302816
1318.4286 1360.1786
1658.4299 246.97197
640.69354 1001.79034
1847.7632 1825.8948
1088.8625 1176.4625
1091.7257 734.5929
260.89655 655.2759
1444.0952 1286.238
281.07318 1259.2927
1996.75 924.36664
231.23611 1971.8472
1851.9333 869.9067
352.6769 1677.9385
567.1299 1081.8182
1189.932 807.0582
207.71233 1156.0548
1860.9766 142.84375
4.212766 927.1064
19.86111 1497.5695
957.8 540.5375
1284.9819 1716.6666
525.5862 1766.4828
302.44 364.6
492.15625 369.73438
1360.9775 1253.8314
367.6143 32.014286
1006.49 1323.68
146.58064 869.1398
1230.6418 130.32089
1068.1852 741.4074
267.44736 1157.7632
1085.7518 79.78723
1180.5416 579.9583
1171.5 1656.5
1603.0 1475.6562
494.1644 75.19178
1813.807 1251.1404
485.5345 213.25862
1760.5818 1331.6364
1003.98834 84.45349
515.8906 526.9531
500.9091 448.88312
1751.6833 174.48334
653.47705 985.0826
209.17683 1140.3231
620.35065 1061.4415
222.90419 1640.5688
1273.6364 433.22726
983.2917 419.91666
1993.1025 1782.4872
1408.1875 1997.8334
1802.0 1232.9722
183.78 807.0
511.55768 999.96155
1085.7705 775.54095
841.9314 1473.3922
666.87177 1896.1111
717.5 1827.0
56.934784 853.5217
1239.9512 842.439
1722.5927 1581.2222
1954.3846 1900.4487
612.1212 1547.8636
1835.1923 1770.0962
644.9394 1959.5758
542.069 652.7586
1357.1313 700.1111
454.01205 1157.1084
262.9111 445.22223
1906.3877 409.16327
1388.3334 1942.7346
1195.5597 774.7248
1297.1519 1818.7341
433.9394 991.0909
640.69354 1001.79034
721.44 589.2
104.6579 457.07895
1774.0682 1842.0454
780.3291 1817.443
1515.0 1034.8036
673.6829 1950.878
504.26923 532.0961
825.7931 815.0345
465.63333 799.4667
515.507 411.07043
166.73239 1166.9014
865.4 967.84
1947.7678 746.9375
1314.1791 1770.6119
1067.5264 1703.2106
316.7528 1061.573
193.55714 1937.4857
853.0 1449.619
148.73077 33.21795
1236.3513 1878.8379
627.4674 1011.5326
1501.7711 1991.8193
642.5195 192.05194
1115.8937 1590.6383
11.67347 841.96936
1430.4 1922.9454
623.8571 1278.8096
1194.4513 490.9115
619.2 295.44547
1223.5634 1327.0422
257.40475 1784.8572
219.71053 1141.6052
1434.762 576.4524
761.60675 1845.7303
18.850746 627.4776
1283.8077 1196.6731
1144.6296 1935.0
1450.74 1188.84
1180.5416 579.9583
1062.5889 370.0111
500.88235 824.9059
1638.9846 1058.1692
492.96774 394.7097
1850.6825 682.9365
94.85294 147.91176
171.63333 1752.6333
193.8173 722.83655
1154.8148 760.0494
887.3571 142.40475
1384.5211 1908.338
1628.5 169.72728
135.12372 154.52577
1200.375 1889.2386
666.1852 761.35187
1543.7858 1611.1904
448.51352 1167.8649
1091.7333 1363.9667
1965.4062 1761.6562
819.20355 1826.9558
396.21896 634.11676
1561.2316 528.2105
1040.8868 770.7453
1460.0 182.5
740.4253 841.8506
1212.1637 1881.0546
1993.6177 751.3823
631.6 259.66364
1280.1781 1459.3151
1824.6333 461.63333
1239.9062 1349.0
1668.8158 1898.9736
563.33734 1281.3494
1092.877 1607.4615
1912.9935 861.7161
854.0645 51.580647
1039.7798 932.4679
1943.5416 503.6111
514.7253 498.2198
772.6177 837.1177
1380.6815 1321.4458
1796.8682 932.3876
1741.1714 1979.781
1530.7179 1336.5897
1307.1296 347.44446
1455.7875 1996.1625
242.40741 301.07407
1745.0 1468.0
808.3333 1226.8551
130.86208 1359.1897
1495.7744 939.13416
1504.7623 510.09015
1855.6562 1718.375
1824.85 1217.4
166.19608 1059.6078
1570.75 1529.3214
1316.1511 1671.5698
1450.6628 1166.5698
1401.0 1906.5193
954.73505 708.0171
507.64 968.6
469.4516 1030.9032
32.24627 1844.4701
1216.814 743.1395
756.5823 1944.0632
1231.9559 1526.8383
1333.875 1979.6932
1080.4073 1810.4073
603.5 118.42857
1823.5491 1806.7059
468.4222 1159.5111
1372.3077 1976.8077
699.8116 965.1594
1202.6025 1899.3846
820.7843 145.2255
1256.091 711.7636
1478.8163 1768.2858
744.1739 1340.0
1112.9269 705.0732
1574.0223 1203.4626
1707.4321 1230.0618
1274.3334 1985.8485
1429.3055 1676.3334
1463.65 1372.46
454.55554 292.74075
1363.2034 1689.0339
1610.4445 931.3737
517.125 653.3333
906.9375 1087.6459
1584.375 315.85715
1855.8636 383.48486
271.5909 1773.841
1928.5352 300.94366
41.897434 1265.5128
1145.7032 1942.044
1811.8823 1013.55884
257.40475 1784.8572
1562.265 1273.2048
750.45654 1546.5
1146.1683 672.9505
246.92064 842.7619
1269.0 722.0
1161.8718 1837.8975
1353.8254 318.40213
1915.1471 594.0
1008.1414 220.75757
1084.8422 1614.8684
371.32184 1734.8391
1717.3125 1040.0625
1056.3 148.76
1085.7518 79.78723
1599.2632 896.3684
544.55554 138.95555
263.72974 1631.5946
1974.586 1504.5537
1718.0286 1947.2
1285.1968 139.55737
1932.0 1919.5
1091.7257 734.5929
1162.2407 741.9815
667.62665 1086.0266
1595.8317 955.2376
1137.5 1489.7354
1996.7941 1683.1617
958.64557 1059.6456
1418.964 761.4892
890.8049 257.26828
219.71053 1141.6052
1314.4333 1792.4
876.7639 1496.3889
1850.0122 1969.0914
266.9189 976.2365
1272.0435 115.28261
593.2833 1987.4166
297.58395 1008.27734
1050.75 1450.9453
1917.44 57.08
1606.9543 1674.36
1327.7142 458.8095
1008.96875 1572.0625
1521.2037 1063.1852
133.78947 1890.0658
1898.7755 574.2653
99.50394 870.0315
508.8356 1838.911
118.210526 155.89473
974.4483 974.5862
680.9053 83.7579
1497.8684 1198.7368
1968.1807 604.8554
56.63889 1433.2916
308.85245 490.7459
28.566668 1181.2067
1331.163 1296.5186
1553.4302 1573.6163
1129.1852 764.7407
950.25806 1236.2742
109.23894 1252.6903
1683.1786 1937.0536
1337.76 1905.6
264.69766 1934.3721
848.9279 990.5045
790.9425 835.28735
83.02817 652.8028
861.5972 1048.0695
1061.0 1991.0
1994.0492 1736.0492
896.64703 736.9294
784.2364 936.12726
320.44785 451.60123
1238.279 1471.3489
1171.8112 362.63333
1308.0145 326.0435
1976.5454 1605.091
626.0 201.5
1922.6666 673.875
1443.4631 138.75789
1589.3939 1295.4849
744.1183 880.0215
1968.683 987.8293
1366.8 1915.0182
478.42856 1319.6786
523.6813 1064.2063
8.21519 1050.595
1684.7435 1335.4359
312.20895 1791.4777
1224.7375 1580.9875
1303.3273 1798.8909
1155.8334 385.14285
1684.0234 1663.3438
67.22222 1221.8112
976.069 733.87354
935.27057 1316.2
1311.129 1581.0322
1375.8417 1949.2084
1154.3846 743.75
477.17285 1820.5062
976.12 979.16
712.6087 1232.174
362.22354 1229.5294
1592.4744 934.1539
318.23685 1299.6316
1943.5416 503.6111
1372.7858 1185.5
146.28572 189.2449
1351.061 1759.9025
1025.8267 1661.32
99.5 1973.7273
1200.337 1377.6742
304.34247 1171.3424
1487.8987 618.5316
1330.7227 1250.781
863.9402 793.75214
650.381 1812.2142
1944.7439 1143.0366
135.95349 1840.7441
1694.497 1285.5818
78.863014 175.9315
77.034485 1643.0776
322.9434 1249.7548
1612.04 1990.12
1871.2759 530.5862
741.8913 778.1957
386.0 121.67796
519.27673 1258.7925
1582.8923 1614.5538
825.0102 1333.1632
132.17722 241.60759
1978.4717 1552.9246
798.7222 1498.2963
1764.3167 1124.6
321.38776 4.3163266
1138.042 729.3613
778.1719 1660.2188
1980.1578 642.0351
1488.8298 509.12766
1357.7561 1857.9756
1831.5084 1525.8983
1251.7539 1865.6
913.84955 1486.7699
472.8611 1191.8472
430.75385 1873.3539
987.0341 98.78409
1944.5319 361.40427
680.5484 1488.2903
1521.0571 1902.5714
446.9375 296.14584
1244.4572 755.74286
1033.7089 1302.6329
1308.9756 689.8049
999.2917 740.44446
1294.1177 1935.4941
774.0897 952.4103
1052.9678 48.387096
285.21738 1594.6086
1985.8032 744.4863
62.731182 550.3656
# COVID_SAMPLE_17_ROI_1
1746.5641 191.54488
1503.57 1016.74194
1395.979 962.5263
1628.8485 780.3333
376.87115 162.15338
901.8025 329.92593
1760.25 972.5294
1666.921 1069.2632
1148.8077 527.4231
973.16327 1316.7347
1534.4321 859.9877
440.66196 672.6761
840.3837 375.01163
1859.1628 687.51166
1263.8334 1049.0758
835.58905 1043.6713
800.1667 1283.9667
1841.7397 191.87671
1587.2905 41.217876
1374.7747 12.422535
1483.9651 1344.7559
1606.8795 149.69879
1493.0364 113.20909
11.014493 160.60869
1381.2 67.48
36.51639 33.30328
1862.225 1053.25
795.94495 110.76147
1931.2252 1073.9009
1262.2142 1077.6072
1009.6667 137.73656
1100.9921 1392.254
218.95555 1307.9
1511.8823 1016.5294
1334.45 1187.6833
428.82733 850.43884
1139.2114 1023.6667
99.402596 695.987
163.42554 916.8298
272.42188 755.3125
772.31934 315.2269
1875.1143 1191.0286
1935.2195 1110.3536
1386.3148 582.55554
1656.9196 579.1494
399.75 920.25
1895.12 946.64
1975.2858 254.2449
1889.4286 900.34283
919.78125 188.44531
662.744 1099.968
835.58905 1043.6713
1351.9767 764.3721
1331.2024 1239.8096
1520.762 1231.1428
855.4787 352.06384
1721.8518 1294.1482
697.08 1404.23
72.95652 508.91306
232.67647 1359.0956
1146.0344 534.5862
1917.7053 33.37895
685.339 603.35596
429.20706 259.05554
1226.6578 288.0263
1124.3143 808.11426
1931.0857 1424.8286
1633.9604 1148.1782
954.24243 150.39394
1469.738 568.2143
1995.1565 147.33913
1106.776 58.648
1551.8422 38.605263
1074.2073 1402.5366
605.2069 35.37931
1014.4643 279.2768
1662.7063 1241.627
5.389474 803.17896
94.75263 421.38422
1800.4429 1191.1952
396.16312 82.20567
1640.1923 595.0961
70.666664 664.9762
994.0 663.3091
325.95123 192.95122
18.73494 451.01205
1905.25 83.411766
1673.9546 101.045456
1796.8641 818.84467
1195.4648 949.4789
423.40845 913.42255
305.20792 256.0891
1905.4587 491.02753
631.6629 1166.0225
592.9545 588.3182
325.5 1340.4911
39.125 648.46875
252.82812 932.6406
1656.4 59.67692
533.63635 1174.3334
262.32 784.88
416.97223 720.30554
190.7957 1317.3656
1514.9131 77.78261
1432.4902 418.80392
1780.5206 1053.8678
124.01212 594.43634
1769.95 956.85
1522.8334 143.54167
324.63635 885.2364
636.225 952.5125
537.2323 485.42426
1883.36 563.8
1689.6342 285.80487
1908.4907 1130.6204
1597.9854 1351.25
1727.1111 31.074074
873.62885 1139.9949
1092.7205 450.7097
594.5536 151.48215
1040.1597 1148.5798
1501.9143 493.3143
1132.5385 2.8461537
541.4762 932.8571
362.72415 560.5862
1507.6602 667.28156
393.42856 1159.1428
107.14286 699.6429
1362.1522 690.413
325.5 1340.4911
1906.8206 167.94872
1663.8082 170.54794
1253.1587 1186.7937
510.40384 467.25
1917.6597 89.03472
1460.6786 64.666664
1906.4688 1095.6562
58.8125 208.72917
1917.4634 908.63416
680.3781 1382.4329
1578.4426 1239.0492
993.5946 1424.4865
1971.8939 1220.2576
457.27585 1146.3103
1958.662 20.309858
1641.5483 270.2903
1750.683 921.6829
48.48515 4.5643563
364.24286 1316.2285
168.09259 11.907408
478.37756 560.3674
1776.4103 737.8205
197.87962 961.87036
1106.7142 439.5476
1045.641 423.17947
1632.9667 1253.6
72.14286 1044.4586
620.3823 605.64703
1375.8529 1408.0
1167.2727 413.04544
14.5625 839.03125
160.45833 1301.6805
771.5333 630.13336
513.0 816.5
1880.3077 557.5
1645.4084 537.7324
84.71875 974.5781
951.35236 922.11426
21.875 1084.6666
1201.551 627.2245
871.336 1184.152
1246.8572 1000.1429
984.9726 474.95206
201.83333 1307.125
1614.2407 1222.8518
1091.2703 275.02704
1694.7263 429.42288
1872.9558 514.823
882.91174 1282.7549
1595.9856 400.56836
1163.275 1086.325
231.21333 686.4
731.8397 667.8168
416.96774 773.3871
882.91174 1282.7549
1502.196 944.8823
1522.92 865.24
743.6951 902.4146
305.20792 256.0891
1295.9788 684.57446
457.27585 1146.3103
23.086206 834.12067
88.92921 112.36283
1131.5319 57.20213
1448.1143 1077.6571
1106.7142 439.5476
1176.9589 24.520548
27.081081 557.91895
1869.0116 187.12791
810.6505 760.31067
1724.0 57.07097
1767.2759 216.41379
157.30588 328.36472
207.58974 746.4872
153.32654 1278.8163
198.62987 1048.1364
396.2541 15.311476
636.225 952.5125
1019.9216 1048.1372
1968.9204 1349.2124
1248.6857 658.02856
1988.2 161.44615
1055.1477 785.7727
31.142857 611.9048
1843.1293 134.07759
1113.8103 1393.6552
898.9268 120.097565
317.5848 1116.1637
1824.4564 175.0537
1133.0153 265.48093
1130.88 1398.16
1692.5 1388.0983
687.2372 482.0593
1183.079 238.39473
1933.5454 141.45454
200.80702 1258.2047
638.5333 203.17778
1507.6602 667.28156
439.90475 744.9762
1749.8445 546.7111
1801.025 430.48334
1526.2421 364.2
1837.1082 995.8919
1872.8776 605.0
594.5536 151.48215
922.31 100.62
1235.5927 609.14813
1767.1082 637.86487
1295.4 1265.6
1785.49 580.71
22.678572 875.8571
598.2913 127.291336
604.43616 157.45213
587.5946 769.4865
1338.0986 977.43665
1347.7778 1252.1482
1426.5903 903.253
1410.7391 1131.6086
229.60527 404.3684
1547.6154 1200.4615
863.30334 804.32587
1425.9242 277.31818
1922.3855 427.71085
59.00926 1395.9352
316.06897 701.7069
136.27907 1189.093
1352.6449 899.243
254.21875 1124.6979
724.7321 791.9286
1932.0 132.1875
258.9608 846.5686
1307.3209 1098.5746
263.6338 811.1831
845.3 779.8333
1416.5 1064.3846
1966.7018 759.7895
1146.1666 4.259259
631.28455 1319.0406
1551.6923 240.1923
1644.2 7.646154
1229.5135 379.7027
1995.9253 380.56076
1548.35 617.725
1366.4634 7.8170733
11.014493 160.60869
1014.0405 88.37838
469.66315 1179.5685
1054.1951 62.682926
536.1829 1096.7073
1848.2285 592.11426
822.91504 78.05882
654.82355 944.62744
1564.1868 75.46385
1598.9117 843.7206
1071.0 831.7544
1463.4073 280.22223
365.48315 551.1348
675.53125 1366.8906
382.86487 1244.2972
1080.346 739.77356
1707.9116 976.7415
1147.7551 1414.9592
59.794872 395.02563
1432.2821 562.78204
1631.72 1400.84
147.38776 596.46936
726.5217 6.3913045
1778.2894 201.46053
1140.8413 611.7143
1933.2478 749.40173
1959.7455 932.5455
1772.0156 277.9922
644.7714 44.57143
141.57576 843.9394
798.36365 1239.409
1117.2549 1400.1765
1257.5 1200.0
1542.3636 1230.3091
1987.5652 570.1739
1112.7808 833.1507
1078.1163 287.25583
932.6529 276.9339
1989.4299 707.5047
721.7154 16.023077
272.42188 755.3125
782.4754 892.2951
27.290697 1369.3489
1747.3507 937.1039
221.12727 468.03638
2.5416667 159.36111
222.03868 699.78455
276.63794 764.5
888.23254 948.4186
1965.1464 1005.439
741.3723 768.5851
167.86363 653.7159
1940.9 119.316666
1922.0638 1421.5106
1893.6522 339.4203
1403.9333 347.06668
948.4681 87.96809
1837.612 362.87878
1764.719 1024.4314
513.93616 641.78723
1344.3334 1313.125
119.125 1330.0416
776.96 796.5
992.94507 95.25275
1112.2574 88.57485
534.34326 569.5224
221.59663 1405.0084
665.6667 183.1579
1824.74 597.22
1473.8055 169.27777
1936.2084 518.2
891.84906 994.6981
264.68686 510.58585
1733.6666 170.8
1747.2903 100.29032
950.62665 35.826668
656.84033 822.2101
1142.2174 225.08696
596.1702 167.7234
1461.2632 326.76315
1466.8372 255.2093
218.95555 1307.9
1649.0105 325.1579
954.24243 150.39394
1279.4269 1132.7317
312.40567 1415.0754
358.38248 478.46216
809.60657 1278.2131
937.8871 1191.7097
1607.5133 39.726665
1165.7294 323.91763
1515.9839 67.98387
1430.2169 937.2892
1983.129 1122.1613
968.67645 463.4608
1609.8986 667.058
180.42857 953.32855
19.30303 784.75757
1984.375 626.925
95.138885 398.5
187.06557 1152.3606
1236.0333 21.733334
692.8823 785.89703
804.439 1001.90247
1800.9344 180.60655
1461.579 458.3421
417.6 1196.775
554.4261 87.886955
1366.4634 7.8170733
1452.1818 112.5
320.414 1100.4523
1980.7941 1052.3628
218.95555 1307.9
1333.4546 593.36365
251.7551 492.4694
29.604939 328.8889
1567.9114 8.240506
829.7862 487.80502
373.00452 601.0317
1814.4722 881.0417
880.5741 932.2963
1498.2858 769.9286
433.85245 1137.7705
1544.2476 386.5619
1116.3077 61.884617
223.72223 871.75
1380.3077 589.1539
1684.6338 174.73239
578.8039 1167.4608
1847.0292 420.49515
761.8148 675.03705
816.77313 1310.563
1966.5 252.84746
1613.9269 1212.4634
1883.6041 1318.8125
719.4359 1137.5641
1598.9117 843.7206
1951.2031 1124.2656
946.38513 908.87836
1727.884 1332.6666
402.47552 859.1049
1220.7812 524.0625
900.68 90.36
1308.5676 854.3514
660.58826 191.97058
893.2031 1162.8125
1975.1262 564.8835
1873.2941 620.4
182.83064 872.19354
1873.2941 620.4
855.10767 240.95384
687.73566 1358.0919
478.37756 560.3674
1722.1691 1144.2676
874.2879 844.5606
1918.8644 458.41525
1443.1531 26.908163
1157.2471 1350.3412
1753.8572 1173.449
1349.7468 1334.0
1043.2433 201.37837
1951.5 973.1429
420.5826 1411.9565
1203.7446 1090.5603
270.064 456.32
224.08475 48.525425
1756.2957 102.90435
1869.0531 369.38937
1997.3954 743.76746
283.41525 603.61865
409.0909 701.9091
1503.3448 70.02299
1536.5807 446.0645
1335.239 35.780876
839.5625 360.9375
291.92548 85.416145
197.87962 961.87036
236.95238 1071.5809
185.2766 210.19148
1878.1078 909.8823
589.38043 1073.9022
562.5195 1184.7013
994.918 822.56555
346.68967 521.68964
749.4252 215.85039
1158.2188 938.65625
1186.7115 564.71155
1963.7489 722.2146
1016.44 1196.12
1904.2222 1246.2444
774.56 646.4
560.5484 1219.1613
916.91113 1233.539
360.09232 1356.3539
1595.5186 956.8889
1252.9 1034.9667
952.9535 663.3023
1872.8776 605.0
31.15942 524.5797
575.2473 1188.2151
1174.1428 934.9048
1403.9333 347.06668
1471.04 127.8
1359.2131 931.4918
1470.8481 660.519
442.5111 1245.8667
1752.585 299.69812
58.944954 484.80734
1632.6586 1141.0
396.59573 175.29787
192.91357 1334.2593
1360.902 1067.0588
1568.0331 1397.8678
1404.4248 1359.9558
1557.2778 553.3778
1747.3507 937.1039
828.06744 102.1573
1932.4464 771.0893
1387.5272 89.36364
1695.1875 1032.7291
127.91781 449.0
1675.8158 108.789474
1000.67645 399.41177
1102.9412 1169.8823
1248.6857 658.02856
1912.2817 1004.3099
1690.7609 101.36957
59.794872 395.02563
1154.2 1319.24
1823.3297 398.85715
1767.762 545.7857
1524.2858 118.190475
306.09677 1262.3226
1264.1569 243.58824
980.4138 1408.4138
1951.279 959.55817
562.5195 1184.7013
86.33871 283.5645
1228.8943 1115.2277
238.79167 521.43054
380.11206 1163.6034
1052.0667 815.68335
261.0 1334.862
1772.0 640.48
199.28282 77.121216
124.98412 650.9048
1560.758 336.82794
438.10068 345.5839
1112.2094 1299.6744
1063.92 1178.48
1845.4857 1032.7715
687.20337 1070.0509
93.40909 98.09091
827.3012 1308.6024
1318.3334 1163.6364
1872.091 1031.909
1553.6757 1229.4865
1443.0227 1214.8636
408.5946 295.22522
598.0 474.0
41.351063 354.77658
1349.5432 372.03705
306.09677 1262.3226
801.7542 94.97458
1552.4808 1148.459
175.0204 7.7959185
1773.2526 1025.6061
1093.0215 628.7527
108.60504 64.957985
1352.7778 1275.0
111.97561 128.95122
243.61728 867.9136
17.168478 1047.2555
861.6218 1098.2521
336.81967 257.44263
87.1519 340.58228
665.11664 783.7167
1989.9615 1111.1154
9.5 989.425
396.2541 15.311476
558.09753 80.17073
1548.3043 69.028984
1403.9333 347.06668
926.5714 47.45714
610.451 1189.9412
229.1039 748.4026
1028.427 1024.0674
899.9091 1178.5151
599.0909 965.8182
997.2222 1072.2828
1100.7228 392.41583
1785.9701 1381.4777
1962.2858 37.285713
1766.3556 535.2
1078.2153 1360.9231
1779.6957 398.84058
538.90955 670.14764
1945.6666 217.625
1394.1868 1091.2748
435.6589 230.73643
871.0411 1354.3014
1279.4269 1132.7317
669.29205 1121.469
136.27907 1189.093
1542.1389 84.43056
14.5625 839.03125
1901.4698 999.51807
878.15454 993.7909
1810.0 1189.5
1663.9524 357.38095
431.05173 905.36206
651.0679 848.7593
1535.2258 584.7742
1592.3 965.6923
131.82278 1173.0632
336.92682 742.5122
3.2625 1422.1
1605.6082 355.06757
1556.8917 119.958336
333.25 305.36365
1288.1482 1228.2778
1058.2162 868.7207
1762.2821 1389.8633
857.7041 293.38776
1872.8776 605.0
1812.3948 580.6316
1401.0968 945.25806
1395.979 962.5263
# COVID_SAMPLE_17_ROI_2
2649.7046 830.6477
1821.5521 881.26044
2202.1562 596.0
1953.7716 289.7638
557.5 638.2553
1218.0156 583.21875
1061.0807 699.5323
1106.039 391.85715
1776.3297 528.8681
2430.1853 551.1111
2511.1309 588.7769
1056.3098 655.40845
2176.016 610.8871
2321.6738 142.85869
2202.724 435.7931
317.41934 254.6129
319.6 247.83636
2059.037 392.35803
491.07407 771.7963
2.8970587 146.25
1749.9861 920.56946
1046.0197 495.92157
2493.594 925.69305
1208.8074 616.2477
528.5686 488.03268
839.6047 820.2558
1062.0947 204.82106
920.5961 688.13464
2298.6667 573.7647
1239.3954 223.27907
1807.4814 463.48148
2057.6365 93.92727
418.425 879.6312
1.1904762 32.333332
773.6539 526.61536
937.44586 406.16666
1941.6982 877.04364
120.0 359.0
1196.398 144.2551
788.5357 417.14285
1424.4386 527.9298
896.86584 185.36586
1141.6448 326.5263
2511.1309 588.7769
2177.2908 550.56976
2336.6812 534.5431
494.16922 479.23077
629.9423 353.6154
855.4231 926.4231
872.8909 105.527275
1786.0 540.67816
1177.9387 235.53061
694.1047 606.48834
1991.6936 303.74194
2405.9272 552.19904
138.14563 653.71844
364.9511 155.27556
556.5 114.71429
1783.4131 465.26086
2040.5 219.5
1024.9872 690.5897
2226.7412 755.25885
1076.807 537.9474
1516.8873 333.40845
456.45456 122.454544
2037.0294 828.44116
727.1902 521.27606
2132.6206 457.9655
2418.8972 99.77397
339.5567 168.90721
2243.7358 710.3396
345.53622 560.2754
2.8970587 146.25
125.18446 817.6699
706.01666 759.64166
178.10828 430.38217
1906.7 117.6
925.3 785.1111
783.087 866.95654
411.96115 328.13593
2745.1912 823.7206
771.2286 564.2143
914.223 727.7986
1535.9138 68.99138
2328.4385 747.386
2034.3967 284.78513
2442.1758 808.2432
2208.6785 573.5
2191.8206 756.29486
2272.7112 611.57776
406.82715 231.48148
1236.4357 55.70714
1973.4553 898.4797
1346.5172 359.61206
1348.9565 282.17392
2680.918 787.8197
253.6 80.91
1811.5834 96.6875
788.8033 478.4508
2397.919 795.4595
727.1902 521.27606
847.159 561.8256
336.32672 263.67328
1093.5922 692.4276
1774.9753 215.88889
1972.5491 158.16667
1071.0282 575.21124
496.34976 896.12317
1270.4017 812.636
1739.8246 79.350876
1235.0 84.3871
342.125 66.26136
550.74664 72.86667
208.536 374.752
1988.6163 151.38373
649.5604 629.5824
491.34885 416.3256
2314.4558 541.4684
810.6057 53.4
1545.1351 135.91891
959.53125 247.76562
468.80103 626.11224
1547.2963 153.85185
598.74194 601.64514
1540.697 502.15152
1283.1038 634.9778
2272.068 502.51135
2257.6277 435.36496
276.94873 780.64105
2203.0576 513.6731
2186.3877 820.0056
2185.5361 611.942
719.92194 324.57562
56.244446 605.3778
635.3226 414.10483
1445.3889 857.4667
597.23303 450.50485
2704.0203 681.1111
654.1667 297.99207
35.0 561.0
303.84314 746.05884
777.4737 608.4737
2027.9153 857.11865
798.8046 702.87354
1178.4789 849.493
1769.4926 465.91046
1821.9736 463.8158
1147.9111 3.6777778
1419.683 374.92682
1848.4846 130.35683
744.783 648.76416
1200.5671 655.0448
519.2545 8.563637
1858.5508 888.31885
41.366337 344.38614
559.6111 763.6667
786.14667 327.16
104.36633 186.30693
661.04877 574.29266
1894.0706 560.0353
403.10605 792.0909
49.889908 310.80734
847.9623 648.77356
1217.8148 149.77777
1532.2903 94.548386
1650.322 35.81356
393.0606 246.75757
2008.4828 266.05173
978.9365 552.873
134.48088 338.21857
2065.9292 97.522125
2193.2083 543.2083
2161.8364 727.1818
698.5704 161.62816
1097.1428 28.632652
1208.591 477.88635
1034.3529 296.68234
935.3509 904.4211
415.0497 221.93922
937.44586 406.16666
682.3802 156.23958
1966.7798 13.357799
2169.5676 641.5376
871.9508 907.9508
684.9216 245.94118
1906.7354 868.53925
367.20947 906.4269
1136.9615 368.69232
253.7541 133.0
1132.25 732.88464
1555.178 103.858635
1706.8583 176.13333
818.62335 670.6688
2125.35 264.025
1828.1372 895.1961
436.64493 676.98553
9.939394 438.39395
1220.5853 677.6829
2003.6897 647.431
1907.396 255.95302
605.1707 51.414635
2268.9265 200.0367
1540.2681 82.42955
173.5577 209.77884
23.310345 331.0345
2295.3813 214.58763
978.61536 846.0577
2242.7573 173.30096
831.3823 12.245098
1953.7716 289.7638
58.988888 570.08887
540.619 123.0
100.17242 155.89655
1032.0089 333.3393
7.6842103 443.3684
684.82355 626.39215
1305.375 811.4091
810.6057 53.4
717.76636 764.04675
772.69135 286.5432
2115.8157 663.7105
1559.125 894.0
2099.8125 340.95
988.77966 346.7034
7.6842103 443.3684
1240.9508 373.19672
2331.2249 636.7442
2096.463 387.81482
1592.1818 531.77625
1902.6111 88.80556
94.29508 595.40985
1716.1102 158.85593
493.12698 724.381
432.51282 254.23077
1771.4819 101.50201
296.9091 559.8485
522.90845 686.78876
2026.1288 175.63803
524.8596 363.49707
789.6964 231.67857
1519.624 19.504
2415.0833 55.02778
984.50665 704.9733
144.2782 482.50375
1682.5875 337.5375
1059.6503 31.120218
39.42857 118.61905
2014.43 891.6774
1902.1177 128.92647
2021.0282 241.87325
951.57434 517.5
2047.884 130.35507
329.29578 457.33804
670.2748 13.717557
1703.1908 150.8626
997.2453 881.59436
993.65625 455.72656
1073.42 594.09
466.72726 97.181816
475.10416 218.04167
2096.514 428.6111
2418.5889 763.8318
2322.9106 704.439
847.4945 415.15384
1869.4667 651.23334
556.5 114.71429
743.19354 774.1613
890.4074 763.8148
146.69307 4.2178216
339.5567 168.90721
730.94446 383.01852
919.0 94.43662
1328.6624 275.35065
2265.3508 428.1491
318.50327 267.09805
1484.5306 65.462585
1384.5905 784.20953
1202.3 322.93332
62.92683 33.341465
592.2273 859.2273
1954.0 232.0
721.0857 237.65715
134.48088 338.21857
784.54126 579.69727
1775.174 360.26086
2115.0615 476.9123
231.6 607.48
3.2051282 843.7692
2207.1614 847.9032
978.61536 846.0577
137.07143 111.80357
2447.926 797.4074
148.84946 618.8387
228.64444 450.02222
267.0268 17.1875
892.03705 45.037037
665.5567 21.149485
1946.0571 758.32855
2237.4075 496.07407
2191.289 737.4699
507.29413 281.07843
1285.7279 84.56962
753.6515 338.7197
2744.0 528.16
1826.5555 399.0476
392.54944 112.27473
1891.0658 336.76315
1913.9731 470.08725
2102.9912 785.823
950.24615 763.5692
1508.4028 382.3885
70.03333 823.50665
2009.8209 513.5224
1936.2162 721.32434
2258.9185 725.551
2107.5933 397.1695
199.01076 297.73117
607.7742 553.19354
423.5 637.5833
1192.1831 41.661972
699.8 207.88275
341.85577 613.61536
1729.228 33.22807
985.5972 819.68054
617.1667 33.04762
1021.6532 21.080645
525.7313 793.8209
1363.0605 498.80807
2386.6304 817.36957
959.6053 456.42105
488.81482 373.7037
1703.1908 150.8626
1585.5 522.0
377.76596 407.89362
912.1111 139.36111
713.6905 755.6429
60.112583 336.01324
963.8889 896.5185
773.65936 789.96704
1370.591 690.7727
1675.2478 13.854701
984.5156 350.95312
189.21008 343.5042
1408.4113 420.9113
1831.9138 198.0
2568.6462 402.41537
1528.1205 26.987951
534.46295 719.3333
851.98785 50.618183
337.04855 440.5631
2056.491 842.57275
2266.5 529.05554
903.30865 96.358025
2486.1467 294.48
1070.2753 83.66055
2097.0454 233.0
1310.44 410.88
371.66846 90.34225
2056.491 842.57275
2320.0 628.0
1333.6587 52.802883
273.81818 784.86365
972.1205 805.0964
156.70833 515.0
1316.1082 657.27026
2417.548 425.6963
1206.9796 276.9898
311.47223 444.1389
99.47059 852.5686
449.13635 823.13635
2000.079 284.3816
1181.3549 731.2258
1333.7229 242.27711
33.04902 730.96075
854.1724 597.2931
2600.2693 264.08463
1317.0834 203.24243
1342.1827 480.28845
822.91754 833.4433
826.7879 732.69696
1506.5522 333.6045
2537.5288 489.5747
1915.595 231.56963
1069.72 100.81
1990.495 683.7273
2185.2385 804.422
1349.3151 393.56165
395.3614 440.78595
1232.3112 591.3222
950.51447 373.80435
498.57376 819.34424
2185.2385 804.422
3.4444444 646.0635
2489.3936 413.84427
1594.2778 579.5185
732.3111 507.85925
2147.2 458.25714
89.95042 268.76035
1011.53845 134.41026
1004.3851 141.09317
2133.5652 746.88403
1731.3472 226.75694
389.7647 198.17647
421.42374 601.8644
860.1556 817.04443
2180.1929 876.5
1812.0 553.1429
1914.9224 483.5728
577.78204 615.3205
2498.9817 425.58716
1264.6023 541.6818
1600.8805 284.02515
991.92487 10.0
552.1404 825.5789
799.8 332.8
350.35 919.13
294.19403 735.38806
1376.0 625.82574
803.5143 15.271428
319.3949 883.66876
773.6539 526.61536
2654.2666 682.63336
770.2102 629.3185
1122.5227 381.39774
679.29034 748.0323
753.6515 338.7197
1227.9253 158.15887
811.49414 478.58823
370.85107 669.31915
1164.0 635.63416
313.0 452.65332
2112.0715 119.690475
859.63043 590.8913
451.1143 228.22858
239.08 115.44
851.55817 430.06976
1169.16 750.72
34.23567 56.35669
2624.5918 838.551
2026.1288 175.63803
2383.4355 791.20966
1819.2192 251.50685
683.6131 709.3036
425.06668 778.93335
507.7262 707.0357
402.47437 341.34616
1987.7417 497.7
2233.8076 340.70514
1057.2041 104.36735
1428.0625 822.9219
2639.186 225.0
730.9179 392.67163
19.63889 111.666664
819.8461 281.8846
421.42374 601.8644
222.81879 862.1208
22.9 447.33334
60.76536 369.4078
1454.7473 585.4
1274.6666 415.5111
1326.875 337.5
910.1429 130.57143
759.71765 399.7647
1998.84 300.7
1544.413 898.8
1491.6724 632.2931
441.5921 689.6974
1655.0 161.37704
1770.459 538.1475
1077.1305 136.14493
1348.9565 282.17392
2301.4038 720.7308
1951.619 729.4857
1958.0758 795.0606
1245.5133 701.177
290.62637 852.6044
2598.8572 478.3492
1740.1936 68.354836
2104.2068 778.10345
333.0375 272.7125
2111.8708 178.32259
60.772728 391.04544
1094.5212 135.43617
1631.0278 226.63889
683.7111 406.4889
189.45653 254.75
2503.6406 565.96075
900.5537 346.2314
1338.7667 356.53333
841.08 723.4267
844.9483 142.65517
464.2353 663.32355
784.5028 774.85474
554.5469 34.234375
426.44446 861.0
1.2758621 639.4483
939.2841 184.65909
2177.311 779.08887
2241.6091 452.87357
273.8421 686.3421
2720.5232 321.25583
530.7651 345.10843
2.9166667 9.333333
2173.2903 738.5484
382.9091 106.09091
345.53622 560.2754
2059.8362 132.96721
2026.1288 175.63803
57.27451 153.99019
2262.2 166.32727
2044.6832 699.1485
99.39286 601.9643
246.46153 471.06412
775.9268 701.36584
541.4074 843.7284
2257.5266 140.24852
1595.903 87.11651
2528.589 476.41086
1042.1146 112.895836
976.95746 449.21277
871.9508 907.9508
2211.0466 737.0561
1934.2064 303.89676
570.4545 785.86365
2353.4285 470.64285
1128.2 685.73334
789.6964 231.67857
566.4773 176.29546
739.17285 517.2963
2060.043 897.47314
1218.119 699.74603
592.2273 859.2273
2438.1338 128.25197
1528.4507 922.57745
1511.6487 553.62164
104.67857 881.3036
1906.7 117.6
1055.7826 602.1449
4.3858266 460.6063
697.9149 285.4468
1906.4463 271.11865
1996.1805 168.34723
1691.3182 153.40909
819.85187 71.666664
774.3309 112.09559
1949.2046 646.9432
2308.677 652.55383
2368.1553 211.18965
2099.5217 214.71739
872.4583 707.98956
1482.0199 302.6169
246.46153 471.06412
2340.95 10.76
1119.3667 579.36664
2432.8909 498.22726
885.63336 703.36664
475.30304 16.575758
562.46155 451.92307
859.63043 590.8913
1376.0 625.82574
2372.0454 824.7727
2123.789 897.6605
1407.7183 798.6338
862.2245 78.15306
819.8461 281.8846
2044.9897 412.69073
2321.8948 488.50876
1848.4846 130.35683
1773.0526 561.53687
1783.986 78.87412
605.62665 789.4133
1044.0139 666.375
701.34045 634.3333
160.45615 132.88889
1249.4814 625.9352
964.4487 7.6410255
2413.442 79.441864
2344.9783 106.54348
1520.5931 104.23039
1559.1154 126.57692
2043.3307 108.6063
1533.5642 54.40782
2718.8333 648.05554
389.7647 198.17647
1062.1538 560.8632
537.2907 430.31396
931.0 891.85187
2469.019 33.84762
2135.043 786.8
419.47827 283.50723
406.82715 231.48148
1144.1333 229.67778
653.1892 319.92792
69.31765 476.1647
1284.0209 450.45834
433.7143 428.78992
2478.9211 583.2105
1253.7362 300.4945
135.35938 13.6953125
2352.7012 161.25
1503.9697 912.5
1069.3549 145.96774
1200.25 706.0741
1053.0 684.6875
2327.1614 843.52686
2330.2202 162.34862
842.2963 701.1111
594.0 43.019108
377.37097 263.59677
1557.0 299.96262
976.6053 44.236843
146.6 657.46
415.2625 922.7
1923.3334 615.43054
622.0095 347.40952
2302.112 289.1215
671.7863 178.4017
1786.1014 421.9565
1271.4849 535.3182
1549.3 92.566666
1971.2122 682.7273
1354.4512 286.40244
952.4844 43.578125
2278.5151 817.9091
1317.0504 811.2773
2185.2385 804.422
2659.9187 790.93494
373.3591 856.4909
2484.5574 305.541
954.72943 561.3294
2499.7485 352.98773
2293.375 609.7321
110.73684 912.9474
1490.5978 437.05435
2069.6924 74.723076
378.82352 885.14703
1304.3103 523.2414
231.02325 720.6047
1663.8723 6.609929
1111.7885 828.11536
605.55963 401.41284
444.05063 141.7848
2696.3555 778.4148
882.6667 916.9074
682.3802 156.23958
117.31579 386.5658
1086.2288 495.08496
1214.1097 541.39026
650.8068 749.0795
589.4878 235.1626
1205.2125 698.075
815.6111 215.15555
959.1852 19.243385
343.24194 645.4839
1265.0465 161.12402
1779.5 861.2195
1882.8667 489.8
723.9268 265.57724
760.43243 37.635136
392.54944 112.27473
1028.6721 4.196721
343.24194 645.4839
322.60715 296.44644
2089.4285 334.55103
1731.747 295.86746
327.53284 134.69344
396.85715 784.6905
1759.5302 875.7349
876.67554 60.414894
864.63043 674.1087
480.2857 386.0
14.308412 845.3084
2081.6167 817.45
2298.8027 146.0658
1029.4796 141.07143
1439.1072 745.1071
1035.5055 42.835163
654.0357 784.4286
134.97223 918.7222
349.85526 323.32895
158.15555 307.44446
148.31216 463.8783
659.34485 380.01724
975.64075 823.4252
1449.0153 384.1929
1670.6134 48.369747
1059.9546 614.5909
2186.0574 482.0191
1716.1102 158.85593
2020.375 898.8409
2012.9014 196.99295
2473.2563 609.1795
931.1961 899.549
882.6667 916.9074
134.97223 918.7222
2293.9 106.291664
649.5604 629.5824
482.70587 369.5
1175.909 347.97726
2303.303 900.32574
23.310345 331.0345
2446.9097 544.69446
1932.8379 347.0054
1688.44 160.65
299.85715 297.0
518.3956 343.2198
2169.3066 809.6667
1119.0677 470.9322
1239.3954 223.27907
993.9 817.36664
172.55435 328.25
2.2142856 623.0
1041.2407 637.2963
2618.913 284.69565
211.98611 763.5
2141.035 9.517483
337.94736 178.72807
60.112583 336.01324
1895.213 895.50885
1115.5927 549.5714
2690.837 283.22696
307.62296 83.18033
749.9055 73.29921
# COVID_SAMPLE_17_ROI_3
1979.6617 149.27942
534.82355 526.9927
955.95654 266.66666
1847.7021 97.758865
1603.0546 65.61818
1728.597 110.597015
1456.3959 271.77084
1142.1052 335.35788
2697.3406 194.07692
1156.5469 264.13022
1356.9524 435.33334
2144.8157 464.57605
486.1282 7.8717947
1117.2 437.59024
328.9192 419.22223
1140.9697 317.899
2237.732 70.49484
1661.0416 126.68056
1090.5665 293.6798
1548.7858 8.057143
1132.5186 111.59259
2669.524 412.2381
1337.05 225.175
2626.9417 272.49634
751.8929 549.1786
1597.2933 140.89333
543.165 425.5842
964.3158 162.69737
422.6316 396.07895
1306.2764 528.9211
1792.3684 209.8158
543.75 414.33334
532.5161 510.40323
1577.7627 361.8305
1089.379 230.87903
1696.5428 150.87143
1821.6174 83.83893
1732.5267 285.92856
1367.5974 189.06494
2369.2976 370.7024
1800.6578 106.97369
1783.595 341.6962
595.9388 284.7857
154.78947 123.45263
1752.7455 553.92725
897.8417 514.975
2014.9669 51.94702
831.2023 130.11237
2118.3257 298.63565
1599.5483 3.2903225
313.17557 305.92368
698.0 463.12698
103.695656 203.52174
374.86667 193.33333
132.36734 52.918365
534.2368 84.64474
1062.3334 262.56323
1383.3442 174.5082
2723.85 209.52
1827.589 29.547945
2407.4814 529.55554
1332.65 375.525
2006.1 155.0
614.5211 574.1549
1008.1781 260.46576
915.8739 537.25226
1549.6074 376.5701
741.3731 467.4403
1533.9326 535.3371
1630.0 259.79166
1076.6279 216.54651
1352.0481 327.1346
894.78125 506.71875
1923.3866 59.386555
648.0263 158.6579
1356.3928 513.3929
1313.3334 121.48148
212.15663 271.39758
2047.0353 47.2
2181.535 487.90698
2567.0393 339.01962
1361.5688 244.29358
1296.34 171.58
437.14648 99.65605
1327.2273 560.36365
2415.0625 526.25
2579.851 487.65958
1416.7632 80.86842
189.16867 371.6747
1037.9231 157.03847
1594.6372 70.75221
928.2475 52.356434
47.844826 502.65518
2610.0176 323.22806
2497.9 550.85834
1668.3684 228.93684
1668.2443 330.41986
2694.8872 370.25806
53.0 468.5
1377.0847 216.30508
210.36264 361.72528
279.77646 274.24707
975.4375 308.8889
882.4091 352.13635
1744.6552 58.724136
500.60715 395.82144
535.69147 280.0532
2677.413 236.26086
74.197365 223.71053
1359.9584 335.6875
1088.5962 255.21153
1815.5 28.5
2226.588 418.91602
238.61539 281.04395
928.2662 201.07913
698.63336 418.63333
2120.0483 488.8871
1240.0101 243.62627
1757.9062 173.6875
1016.7686 348.14877
400.26447 480.57025
495.5111 152.08888
2472.8757 451.04968
1147.7646 13.617647
406.1111 241.86111
1016.14386 106.68772
433.76666 116.53333
2139.0125 419.55554
1123.125 85.666664
1540.1154 372.1154
572.31396 83.66279
698.1053 5.357895
125.98684 408.32895
147.21053 300.22806
1259.2028 233.17567
563.5895 469.27368
200.92857 389.9107
796.9484 20.381443
1903.8235 104.86555
213.72151 494.49368
672.4821 306.0893
2028.15 452.1
1877.2028 299.74326
354.82758 74.55173
668.5682 431.68182
26.954546 443.19318
1279.4961 157.5433
2160.1133 265.56604
973.2237 208.9079
1378.75 418.55
1743.9636 411.78183
241.53731 69.64179
1503.0 538.8219
439.65518 375.8793
2168.7188 497.59375
329.53085 5.5308642
327.38095 96.52381
369.0 488.0
123.2 362.81906
2013.6914 153.87654
344.1532 440.44257
643.726 127.84931
487.1111 44.22222
936.0326 423.11957
771.82355 284.17648
2152.7808 450.0
423.0909 420.9091
1157.883 226.41559
1027.2317 118.79269
1039.7651 526.5682
1634.4579 242.27711
775.5789 568.33606
1956.5358 395.7857
2736.476 499.9238
1808.4445 93.333336
1896.866 67.0
1593.279 61.67442
610.2273 71.757576
361.3889 396.96295
695.8571 161.39285
331.66037 402.45282
132.01389 401.05554
1807.3846 485.94873
954.19135 234.87038
613.7547 98.71698
2233.7358 290.2264
1057.5151 256.25757
1110.3761 23.128204
790.63635 505.15152
1400.7428 180.2
886.4783 575.087
2198.0 100.2
2118.3257 298.63565
986.5443 300.1519
486.77777 502.75
402.8871 439.84677
810.24615 516.5077
24.833334 210.08333
403.86365 115.545456
994.0238 165.86905
1368.3582 280.4179
1652.9395 76.28788
751.8929 549.1786
2031.1647 550.28235
1966.1522 6.8586955
971.0585 330.11697
87.53125 239.21875
1165.1936 275.2742
477.57626 177.0
2083.8843 486.2721
1018.1539 248.2
393.78287 399.95428
1072.349 40.650944
2522.589 555.38354
1752.8 97.76
1801.6277 333.93616
439.11267 499.87323
1390.0963 330.72592
1906.8983 44.822033
938.32855 534.00714
494.79486 35.05128
597.36584 548.30896
460.05737 457.041
2027.4419 52.99225
2608.5767 6.7116566
670.025 43.7
2057.5386 85.34615
1364.9062 532.5
1713.5 381.10657
1410.1538 236.50769
2706.2642 324.01685
157.78162 172.023
738.88043 288.0
2580.1714 241.28572
2398.5144 311.6143
2.3146067 358.82022
2253.3264 431.32654
1035.9269 83.12195
1418.5358 49.92857
1299.6938 549.7279
2027.9117 63.735294
1071.1578 246.75438
2352.7368 482.0066
1071.1578 246.75438
1885.1682 79.80374
1286.557 347.8734
2469.149 503.10638
1903.7037 3.9135802
231.98969 464.76288
1597.2699 259.84128
679.1071 411.5
763.112 413.472
1675.7657 59.306305
1071.4517 374.0645
1770.5375 539.575
829.6187 565.3022
138.19354 188.6129
475.1111 524.2111
2037.5157 102.54737
840.3134 509.5224
2619.8125 5.6
2181.359 404.30768
1230.0979 228.23077
1647.5135 267.02704
820.8315 126.044945
1837.375 426.97916
2405.4524 552.3333
1697.6692 88.08462
282.9149 529.29785
374.86667 193.33333
1309.6 365.23636
2517.8462 447.42307
1798.2179 91.551285
2551.4783 66.23602
724.625 329.34375
1229.2756 460.34647
2497.9 550.85834
1720.675 517.525
2715.8372 420.25583
1640.9595 278.7027
1693.9674 359.98914
158.34921 500.30157
1053.1711 88.79279
1418.9479 177.2
958.8672 556.3828
2071.0 483.5
1939.2623 441.5082
760.1818 393.0
780.75 102.629036
1443.7941 442.91177
1694.9678 279.32257
1701.0928 168.56702
1771.0625 556.15625
506.74075 109.14815
759.73663 571.5179
2124.2632 291.29825
2532.5 371.26666
813.7414 355.13794
2091.0957 433.23477
1215.9706 548.0147
2655.3154 237.64615
258.38095 53.4
1795.1395 276.3721
514.68994 433.24805
482.94394 84.990654
2186.3333 204.44444
2349.8433 365.59036
2113.7397 309.09756
1700.0127 417.7342
2184.6628 478.82022
1397.1818 380.1591
2740.3845 362.64102
1795.9608 241.6013
2610.0176 323.22806
626.3706 188.89511
110.438354 75.438354
1701.0928 168.56702
158.01819 187.91818
681.575 53.7375
2650.6365 319.54544
2063.7903 92.33064
448.7857 461.6905
1805.0869 15.043478
2631.894 159.71213
762.49536 11.50463
797.8214 273.7857
307.3521 320.47888
2149.1396 423.0838
1135.3959 169.9375
1041.279 33.744186
2157.2693 27.807692
2555.262 57.095238
691.47125 26.229885
1521.1008 341.17828
525.5753 282.36987
425.17758 486.61682
1978.4517 39.580647
2191.8 270.075
2671.5933 327.47333
1593.279 61.67442
1248.4082 515.2143
740.73584 47.18868
215.77907 135.47675
838.07245 499.3623
531.1923 243.46153
1801.7361 250.35533
117.166664 410.08334
1987.069 156.5977
558.31146 95.672134
1348.027 228.08109
2176.4192 572.0707
1491.9275 100.03623
521.8525 486.88525
1590.6471 568.0196
349.5 57.65625
957.83636 131.78181
2049.0 440.8846
1048.7872 265.17023
302.14285 351.03897
381.8142 166.86885
2624.3333 325.8889
203.28261 126.228264
1200.473 572.6081
907.561 438.92682
1215.9706 548.0147
1749.0901 209.71622
1465.25 261.82352
244.53465 329.54456
1240.4556 182.8612
1896.866 67.0
1195.4067 46.0
1225.0476 561.0
2050.0571 435.8
1301.7354 536.0
853.475 163.8
2119.204 99.265305
1273.1382 539.3092
1521.1008 341.17828
250.51724 287.31033
1371.1111 470.4
1408.9634 212.12195
1994.5814 565.593
336.00723 362.22464
282.9149 529.29785
1185.3478 492.21738
2405.0 37.287235
4.375 191.78847
510.77142 532.6286
751.8929 549.1786
853.8039 347.2843
876.0862 544.60345
332.12122 66.97727
590.8611 474.94446
1368.3069 396.71286
207.65854 350.68292
593.61334 144.57333
959.8158 447.5263
553.4167 571.2847
1559.093 371.88373
734.0274 100.42466
1936.7067 93.526665
363.38635 251.27272
1740.3704 535.7407
384.18182 44.909092
1024.96 477.56
666.381 532.1429
2624.3333 325.8889
643.726 127.84931
2197.3914 491.78262
386.89743 52.897434
575.5148 514.4556
2321.9207 439.80157
1035.5377 215.68341
1526.052 445.0
228.78432 215.19608
2243.1956 573.1087
1853.5033 82.483444
2420.7793 518.5325
610.58026 88.28395
53.733334 276.03333
1273.1382 539.3092
1260.8514 520.1782
1302.3896 360.55844
1010.0 498.5
269.82727 309.72726
2352.1091 560.6
2194.0503 500.12564
2583.6243 518.49664
32.339622 291.56604
1792.3914 95.71739
2202.923 381.32693
771.82355 284.17648
154.78947 123.45263
675.9231 9.076923
1390.125 524.2361
2713.6584 510.02438
1394.4878 252.2683
2664.0 268.5
761.8148 34.4
371.91306 3.3913043
35.804195 235.65735
2736.7153 68.76423
796.9484 20.381443
1330.4342 391.39474
1036.3334 62.43827
506.74075 109.14815
1345.3684 245.25
1953.9739 541.366
1771.2137 94.091606
704.12305 51.43077
610.58026 88.28395
2636.5645 238.5
1801.2975 218.8923
1099.4828 288.4138
1264.3939 81.121216
2747.1592 160.5
1845.4524 561.4048
198.93056 357.40277
1186.7084 292.69446
1986.127 433.09525
1276.0769 444.1077
1342.966 471.30682
600.3538 537.1385
810.24615 516.5077
746.63934 242.0
1611.898 84.63265
2328.1494 478.01868
1730.5616 559.96344
543.8837 517.44183
1824.2766 157.28723
1257.964 360.45325
2200.5918 416.88776
1368.3069 396.71286
2409.892 352.13727
1364.5946 152.43243
707.8372 341.06976
992.6389 174.91667
119.131386 97.19708
1857.7734 52.976562
2066.3274 559.7636
1000.6146 226.0683
1009.25714 575.65717
1341.8 166.46666
2490.2 14.590909
868.22784 106.696205
1280.31 332.99
1618.9302 554.9186
563.5895 469.27368
557.45654 377.76086
1532.871 24.774193
1865.1013 230.5443
166.19048 397.9881
85.242424 171.45454
2038.7913 458.63736
1384.963 181.07408
184.38776 531.59186
1320.9661 554.38983
115.52941 359.05884
1128.1389 558.21295
1721.2764 475.35526
557.9457 149.73914
1157.883 226.41559
1349.4412 440.7353
210.36264 361.72528
1076.116 207.0
959.86664 46.6
376.68854 424.5246
1907.439 259.8618
1722.8903 100.13415
1442.0817 229.0204
2734.743 417.2857
237.4 48.725
# COVID_SAMPLE_17_ROI_4
1656.8541 8.645833
150.80556 203.26389
156.03947 150.77632
400.37778 134.24445
1741.0182 129.07272
166.4151 15.509434
1722.6459 126.614586
233.05217 148.73044
120.75 261.6389
857.56366 271.6182
387.8356 87.671234
1541.7959 163.20409
114.59259 264.51852
1162.8928 241.28572
36.0 231.32394
1622.8718 109.82051
1838.8 57.22222
551.10657 207.94263
1288.0294 175.47058
1657.05 155.7
161.60417 203.77083
883.7742 90.22581
62.245613 40.08772
151.27536 105.50725
1451.4911 236.64285
1760.5128 3.4615386
1223.2135 201.41573
1842.0875 309.4125
1303.3572 185.75
260.37976 286.11392
1817.9539 308.55383
504.43243 183.75676
1561.5869 144.71739
1622.7042 280.78873
435.7 73.625
600.8475 143.32204
1396.4404 309.13095
1325.08 107.47
1692.8308 175.61539
1194.0938 11.0625
1109.5729 258.5534
1578.1343 65.04478
726.88403 273.4203
1594.962 259.34177
639.2967 60.835163
749.92065 4.3968253
1396.589 262.9863
256.44873 97.26923
997.06525 270.34784
37.671234 190.80821
1307.9155 157.26761
1817.9539 308.55383
848.8 262.21817
1294.962 161.92406
1454.1855 101.09278
704.0 2.9782608
453.98877 300.94382
1696.9783 251.22826
278.5321 252.70642
1822.1428 145.26984
1547.1702 114.97872
803.5333 74.65
1181.2167 22.166666
1102.9072 265.5567
851.91895 11.459459
1900.7833 297.1
163.54546 218.60606
260.925 302.675
1604.9688 191.46875
78.731186 225.75269
568.70966 308.12903
1462.6072 265.64285
670.5574 87.70492
277.95 261.0
1068.8103 121.043106
1114.6666 157.53334
1642.4025 123.597565
1603.8077 64.76923
1111.6522 221.67392
1915.0109 287.26086
1729.4651 191.60464
984.2 145.03703
1658.9625 94.2
1451.4911 236.64285
1786.3905 287.33334
1274.9412 192.11765
1579.0139 145.81944
842.54034 271.10483
451.39285 118.35714
150.88 253.98
712.0741 267.85184
1285.5209 101.9375
1845.3647 299.6588
1457.8693 199.32954
1156.7255 271.56863
500.9091 41.909092
512.9804 96.07843
951.81396 213.0
1312.421 77.710526
1785.0128 80.4359
1617.7858 234.01785
1476.7426 117.35644
1136.7972 154.02026
415.69333 139.88
1256.9459 158.47298
1054.0638 109.21277
161.60417 203.77083
665.8381 40.485714
1219.464 259.808
1808.3303 3.7857144
1972.447 168.10588
1148.2208 145.05194
306.31146 258.19672
772.63464 3.25
1159.2559 7.627907
415.69333 139.88
382.27274 246.31313
940.82794 277.48386
1348.909 256.0909
1658.9625 94.2
1617.7858 234.01785
621.84 87.58667
638.61536 68.38461
512.9804 96.07843
1720.5294 177.33333
638.625 33.77206
1966.2122 104.106064
1044.1735 225.94897
1049.0428 10.085714
12.329545 181.25
1748.4478 188.44775
1872.8344 264.5858
1307.9155 157.26761
1184.9395 287.5
1469.5975 58.658535
# COVID_SAMPLE_16_ROI_3
355.3147 1406.3496
1027.5128 1366.4872
387.76154 898.3692
1577.6451 775.0
430.49057 271.98114
1441.7667 625.6111
628.93335 1870.1833
426.71875 259.25
1557.5327 780.90656
1080.5483 1440.6451
1821.8727 461.4
992.0968 408.5484
365.2406 1815.639
1062.963 333.01236
1044.622 1364.0853
472.26428 253.22144
1235.2333 1527.6333
864.4078 778.20386
1694.0878 987.9298
1414.5116 1129.9535
1221.265 91.9829
1656.5481 106.35577
901.7245 1280.8265
525.9434 1719.934
1489.2241 1761.9138
579.2232 1559.2991
1926.9186 494.33722
669.94446 1845.8889
4.2777777 904.3611
1902.4153 701.3475
198.52307 1183.0154
540.38464 854.0897
1199.3334 1454.7916
1377.3405 1690.0638
716.5593 1079.1864
163.23485 816.2879
1511.5366 531.439
210.84616 551.9808
1842.123 778.4
1791.5103 433.61224
427.02856 1443.7142
960.3929 1903.6428
1115.5 1182.1212
402.13416 287.43903
90.291664 87.208336
1224.1647 1653.7294
1579.0233 781.4186
1824.7234 1159.9788
1193.7872 1237.7234
1616.4186 1967.7675
157.35088 593.1579
745.59186 315.14285
440.0 666.7917
1734.9048 736.2857
916.37335 818.86664
1931.1395 1915.279
342.0 1280.6471
494.0 1005.7105
293.5 1955.5
320.08334 399.08334
878.338 1895.8029
596.9388 1585.1837
396.37662 850.62335
969.1127 1454.0282
1281.8983 1698.7881
318.5 1877.091
1095.9192 215.48485
243.92 822.98
1066.5814 1010.77905
119.23158 225.72632
1542.4769 466.66153
941.9107 1217.7142
615.2 1879.075
116.83784 768.72974
1343.1096 1861.411
1125.9517 1868.4354
1704.3158 195.48685
318.69354 986.129
1763.3776 849.3469
901.11 1497.11
1264.8734 939.03796
1570.303 1033.0605
1796.5 1313.45
1935.557 1687.3987
331.771 1016.9771
1040.3014 1520.6849
779.6429 1160.6608
1872.7471 47.931034
1941.5352 1670.5071
1493.742 728.4194
1103.1892 1791.928
1638.2245 141.12245
1190.014 158.78873
1699.8644 144.20338
170.29231 1847.6615
1127.9714 1997.4
726.6818 1478.8182
945.6445 3.9
993.42645 1874.5146
722.4882 1455.5764
368.18918 676.08105
1142.5972 1235.7639
63.74286 1404.1428
174.0 904.0081
783.8182 1758.6545
924.41174 337.3294
1813.4878 1780.8658
1868.8235 1130.2941
883.87036 247.7037
1916.5566 1891.1415
24.732485 567.1083
962.38214 19.420382
1927.8923 1938.5077
800.2453 355.5283
1677.3 1438.2333
360.58905 1824.7534
662.129 729.01074
685.56665 1517.3
757.2941 1838.3529
1769.0339 1457.7288
1581.6332 980.21893
1915.2706 1538.8706
1543.4375 77.40625
612.38947 1394.3474
623.8409 1095.7954
249.66667 894.3333
1308.907 13.27907
1196.8026 1757.2894
1423.7097 187.12903
1985.9388 209.30556
1438.8928 1761.2858
1597.2407 75.62963
631.7 1534.1714
1506.7727 73.11364
723.07935 991.6508
1719.3472 793.69446
532.575 1329.6
524.84485 1851.138
1042.434 89.73585
979.0769 124.49451
1428.0769 1626.3077
669.94446 1845.8889
231.57971 242.53622
286.54166 1091.5834
1378.7097 459.7097
1480.5479 141.66087
256.81082 1489.973
205.78824 301.5059
180.13954 1738.9302
499.11765 1710.9412
1911.6296 1724.8766
1549.33 1495.3917
528.1818 924.9697
1198.3173 406.42758
1796.9529 1335.1604
1994.5714 1962.4286
1942.1372 1965.0392
381.84415 910.1039
573.26 1525.86
1987.9552 401.59702
1926.3021 411.90625
386.3146 1089.0786
1962.6 655.18335
214.54167 791.3472
147.92632 635.5895
1520.4791 479.27084
1386.2273 1898.409
598.48486 762.2273
458.4138 1958.2759
927.7755 392.2857
773.44116 1508.5146
1578.2375 1943.1125
1422.9333 632.36664
1897.5096 1746.6064
1633.2703 502.1081
818.5886 227.67722
1228.3628 1866.0973
1361.8864 1192.0682
1096.1692 880.66156
1482.6934 229.81334
235.7931 764.5517
1331.1163 1507.1976
932.2683 1095.0731
599.0337 273.17978
338.45312 806.78125
1799.8925 780.17206
1879.7611 659.5398
75.43956 1369.2087
994.5 707.1
63.0 1512.6154
659.85077 844.86566
1885.5807 1099.4517
333.4386 748.8246
1649.0818 209.52727
185.66667 781.2727
954.55054 1352.4607
472.1111 1440.4814
1248.2742 1209.4839
217.17392 268.8913
1695.7368 186.98245
1124.9735 836.51324
1758.7019 1230.7596
645.28125 1047.5625
1471.091 1791.8182
715.17706 456.625
361.84784 524.837
1087.0 1633.5084
98.52 398.78665
1327.7959 183.87755
1886.0 1689.9886
1975.835 856.0874
807.9091 1004.3737
630.03796 317.1266
1690.7142 1031.0952
169.04054 467.33783
1624.9692 859.55383
1120.05 1689.53
1304.0405 1124.1216
1590.676 1812.1549
905.8298 1382.5212
666.3077 326.90384
227.45238 1075.3334
1694.7576 54.242424
1555.1666 1795.2576
766.56525 1627.174
1255.3667 1308.5
450.53732 1761.7015
1731.0322 473.55484
164.68 495.58667
288.69232 150.38461
1911.6055 1154.6146
1091.9565 1335.8695
1272.8551 934.2029
444.70212 134.45744
1761.9895 128.9579
11.230769 631.97437
553.34375 189.17188
272.48193 749.1325
507.73172 1485.1951
1354.2961 1849.3398
936.38464 236.26923
1788.0822 1315.4384
760.1449 1978.2609
15.735632 1245.3907
1265.5564 15.67742
1524.7142 1414.3896
1475.0619 544.71136
1287.2833 363.53333
1108.8363 1518.491
982.3871 1190.5161
1662.3148 1516.7593
987.7941 922.05884
86.3169 1532.7747
618.7931 1950.0344
471.7931 895.7931
1954.4 1281.45
194.75676 981.4865
587.9388 159.44897
41.458332 443.27084
252.8108 674.3378
294.39456 1799.9387
1727.3334 671.95557
1422.1063 1508.1489
770.43304 1759.6456
610.8376 842.44446
972.8095 1422.5238
1351.1163 755.44183
1673.5834 501.41666
1743.046 1027.3678
856.8169 1645.2676
1730.6428 1512.3572
564.0278 1216.6111
551.5375 391.55417
231.87163 1004.2635
353.35715 112.17857
556.875 1774.7916
767.3625 871.65
633.8506 1380.1609
1514.2181 1711.5728
1932.9333 329.23334
435.86957 443.9565
1210.1708 1883.561
1601.3667 1714.3667
1481.421 1771.5922
711.283 1683.8396
1829.3068 1910.3864
3.5211267 1574.8591
1471.8105 1013.28424
855.7 794.4667
740.13727 570.098
9.0 609.6071
1843.6136 1470.6136
289.78262 800.087
878.80646 12.290322
290.65625 793.65625
518.0455 1255.7273
320.33823 568.07355
1704.4513 1113.4336
1306.0625 1991.3125
144.32877 453.8904
1331.1163 1507.1976
993.42645 1874.5146
759.0208 1611.5625
1732.4526 448.6842
1321.5 511.0
557.09753 1764.0244
1666.5 253.52777
578.4486 141.63551
477.78665 1751.3733
1256.4862 688.33026
1563.1531 960.6326
947.7692 444.3187
747.4423 1133.6731
444.92474 240.25807
16.134146 1156.5061
1982.093 798.8372
430.15152 687.4318
1015.0625 986.6042
1864.3693 648.89233
582.79266 1614.0488
1264.9778 134.08888
1807.5541 1567.2162
789.65356 657.6221
285.33334 810.44446
640.1194 660.8806
784.44 1210.68
1307.25 1973.841
1602.5333 463.73334
588.3505 1935.0309
809.2857 672.8929
1811.3622 1012.7323
704.94446 1261.0278
1793.9861 1888.6111
1083.1489 1362.1489
1862.2391 997.1087
1161.1296 1431.2222
1140.7142 455.65985
487.63266 725.38776
414.04688 760.8281
1073.2821 953.4701
207.88733 1895.0564
1348.8632 1398.9474
1151.7477 463.33646
471.75 990.7969
202.46341 726.561
359.21738 967.86957
903.41174 711.86273
812.8909 1040.4364
1744.7753 567.6517
3.5425532 34.425533
1846.409 191.16667
1035.4348 1364.7537
439.5 1652.2559
1851.935 1116.1559
1739.8068 1235.7386
180.63333 297.26666
772.0612 708.67346
1528.7521 472.2314
998.0274 1326.1506
251.90565 292.03775
1044.622 1364.0853
397.70493 255.60655
1425.6765 1759.0
415.2439 1895.8049
1191.0 782.913
117.42735 438.0171
1745.4584 545.75
1476.5605 1641.6061
140.1017 568.18646
1924.3214 1731.3214
1186.6029 962.57355
1335.0662 1779.2562
693.5849 1085.9434
806.76086 271.8913
1889.625 91.25
976.78 1454.1
1660.28 1926.24
939.2727 1168.8182
307.3909 1879.909
914.5897 1591.3334
836.8372 814.0465
1874.5573 1950.7252
191.32812 582.3125
996.4375 1788.7969
619.62354 96.70588
1807.6666 423.76923
255.0 298.6154
92.50376 1560.4662
88.13636 1571.3182
1173.5186 1279.8611
272.1579 515.0702
1833.3033 976.0337
640.4545 1787.6234
1983.3914 1972.1305
1653.359 453.48718
829.0303 998.92426
473.20456 1284.3864
1056.7386 347.80682
260.0274 410.26028
657.9375 1915.9375
1603.6624 917.05194
55.326923 306.33655
1916.5233 1620.3837
1806.6716 1518.5374
1729.75 268.57693
1803.4717 732.9245
72.67949 908.9359
1421.3438 272.0
327.31146 783.7049
367.4 1951.075
1510.6271 456.61017
1918.0104 329.04166
1516.3396 1758.3208
1899.9559 935.8823
1401.2795 236.74193
1608.1041 657.65625
323.8393 773.9286
1830.7422 798.78906
1622.8959 1873.75
1319.8103 1734.8534
1883.8462 788.53845
75.101265 627.94934
1064.2612 1323.6937
386.3012 1331.1205
1737.9735 1709.7965
749.45056 877.34064
836.7619 1004.5238
1859.2 1169.7076
1102.4445 966.4
1034.6 1243.0111
257.45782 1890.4097
1195.5106 545.7659
430.64816 1449.9814
14.021276 637.6383
363.9111 906.24445
1437.2285 692.97144
879.2154 949.6
523.6316 1464.0176
1452.1777 417.82224
734.0833 622.25
950.55963 336.47705
1783.8125 1479.0209
1892.9286 1306.2142
1378.9231 401.87692
1212.2565 221.92308
817.1828 1588.5054
1823.2142 1865.25
187.0921 284.0263
1091.4906 1176.8679
725.65344 616.8119
1613.6538 1593.3462
476.41934 1889.6129
283.1842 401.05264
1910.5625 1989.4375
785.58826 1070.098
71.42857 657.87756
1053.2125 1639.175
523.28815 1492.3898
855.2906 1374.4359
1682.7155 202.17073
1153.0844 1708.1084
1657.7073 890.0
1570.0625 1836.2188
1347.909 563.75757
1260.4517 859.0
858.1505 1331.4086
675.9722 1179.9166
120.55319 1851.1595
402.35577 692.28845
1196.6459 1799.9688
664.0 1726.6356
1855.5394 247.61842
1132.7778 1457.3472
1013.6539 357.5
1011.9487 234.97437
1620.7322 1020.75
1620.983 1231.2373
371.68253 1913.5873
1215.1915 920.26953
721.339 1598.305
820.4 1257.2924
1232.6274 1690.0588
297.41428 511.5
21.95 1042.5
1312.9403 749.38806
407.88635 559.7159
247.53932 871.89886
828.3521 1625.5634
1010.5 1755.5577
1945.0938 1034.4844
531.875 1506.0938
1381.5 697.82355
1696.5574 1533.9672
1158.6945 693.19446
1847.8733 1709.2817
292.61224 1742.449
1559.3832 798.5514
357.33334 826.0476
1606.0385 665.2308
1719.95 686.97
774.5854 1868.2927
991.87585 26.55862
1598.3972 1957.7123
1862.6625 553.9875
277.8409 876.7045
899.84125 602.8889
912.5 1214.7858
375.25674 98.16216
940.38464 706.7308
117.25 1014.4167
730.5417 1833.5521
1344.3889 928.64813
606.61536 1030.3231
1150.7333 835.6
747.77344 1621.4297
1718.0088 1940.6666
790.3143 1654.1714
32.066666 1105.1333
149.81633 291.0408
1871.8636 1006.48486
510.74194 1407.2258
381.14893 299.90427
443.49506 36.861385
1200.1067 71.96
1738.7455 1519.1273
1916.3148 1527.5186
308.3779 1264.0465
1749.3846 1179.0481
1905.486 1623.6355
892.64197 1122.037
1758.4286 369.0408
1931.2389 1778.115
1709.5106 1252.9362
6.1666665 1108.079
1907.0325 1832.5935
1533.4117 728.5
386.5246 1891.9344
201.09924 288.25192
1753.0702 534.8246
1851.32 524.54
1478.9897 374.27835
567.35486 1498.6774
1855.5975 1250.1342
741.9649 564.2982
170.13432 1532.5635
1346.7677 1571.4142
1710.4198 267.30865
942.2762 1388.6095
1832.8146 712.2914
1818.7179 1258.8846
220.51923 348.07693
1754.1163 1054.5465
511.14706 1350.5883
1597.3143 958.0857
130.77216 1919.6202
277.8866 718.8763
262.7077 96.56923
574.9905 947.13336
446.04166 1390.4584
300.97223 974.4722
1035.4186 1314.093
1138.2526 669.8687
218.56976 1168.7094
13.288 1605.24
993.42645 1874.5146
1831.0 1115.5
299.81213 1304.3152
1160.3125 795.75
1332.1356 1339.1102
1137.4889 864.7
1744.9219 73.71875
211.59259 520.0741
814.17053 536.78296
820.4643 1120.3572
1361.8864 1192.0682
573.7463 1157.1642
1755.0968 668.871
1074.7537 1481.8116
213.24529 925.0377
746.8161 979.1954
773.549 173.64706
972.5417 587.5208
1643.2716 200.90123
1617.4667 954.5333
252.99057 1737.915
1944.2273 1380.9546
361.93518 1737.3334
494.275 1731.1875
909.5124 1936.9338
1026.9452 1156.5753
459.59784 889.01086
1691.4203 905.3333
866.5 2.5833333
861.93445 1180.7542
1581.0344 152.2069
975.0 1383.5
66.854546 1774.7637
1497.2092 265.30612
1258.6865 612.08954
443.03333 615.6667
1578.9656 1603.138
1108.6456 110.57481
1738.4193 1225.3549
897.8214 773.9357
749.9867 543.32
1858.8395 655.1358
37.307693 199.63461
1581.808 205.736
1091.6356 562.4237
1108.1666 411.14816
537.75 63.357143
484.26 1759.69
225.16495 1248.3711
1921.16 59.373333
1816.254 954.4048
757.34485 1821.7069
1274.1538 1432.4965
1229.24 954.8
130.38017 955.6198
1882.8607 1272.6709
643.61646 1315.863
1323.7261 1146.1465
363.82352 936.94116
24.257143 1345.8071
1450.5 801.5
1744.5524 797.1238
1660.3077 264.82053
1910.8198 1611.5765
381.18182 1831.4849
2.857143 394.8
1295.7894 4.2894735
1605.0278 870.30554
829.21124 1202.2817
1104.2703 1130.6082
1014.8049 1118.8536
1597.7324 1729.1549
1022.91113 1537.7556
1232.2273 324.91666
435.98245 1202.7192
628.93335 1870.1833
1389.7037 944.0926
1091.6356 562.4237
1617.7428 1950.5428
1099.2458 1126.0656
102.59 376.76
1337.2971 1375.4203
868.62024 1439.2025
1181.2699 1985.3651
1806.2727 1366.7273
598.5192 802.53845
340.14285 933.74023
1975.835 856.0874
142.26666 1704.0333
1753.0518 1113.5172
1914.1827 1384.172
1619.1154 578.6923
1750.1892 733.62164
799.98413 615.84125
1377.4445 362.7037
1035.0564 1262.5211
1236.24 612.96
571.56665 131.32666
1521.0 857.4861
810.8571 1121.5952
1132.3832 446.97195
1799.8925 780.17206
307.86047 319.6279
1928.3268 1869.3861
1547.1708 1163.8536
819.6259 1207.6619
152.3964 1663.9459
1262.4688 839.8125
901.7245 1280.8265
1783.3019 602.39624
1501.283 1068.7358
1932.9906 742.6355
488.68115 1909.5942
1644.6477 1253.1364
1612.1063 1282.8937
538.67633 408.22543
862.6042 844.55206
299.88333 893.1667
549.44446 1276.8667
631.1667 97.23333
1907.381 278.2381
245.67606 169.09859
749.36584 1848.7317
237.0 532.8554
405.48276 1955.8966
1417.9849 1253.0454
132.9932 1464.4286
813.5217 1365.7391
1697.7307 1120.3462
1222.6608 823.0893
289.2405 1290.8228
234.08989 942.48315
670.9541 1132.321
167.64197 474.5926
1021.37836 1115.2838
1631.6888 294.17776
1789.8511 84.65958
22.81579 782.3553
1994.96 229.62
1369.5375 1441.1312
321.19354 1776.871
995.4561 893.7895
587.9388 159.44897
435.73172 52.17073
677.2295 1091.1803
1109.6 1700.04
1980.25 502.9375
1381.9524 1703.238
1019.10925 262.2605
631.025 859.25
978.8947 1000.307
1924.9143 355.77142
952.71 839.11
352.20834 423.5
512.99146 291.5983
179.64166 611.30835
1066.6857 282.44287
1086.7206 1648.5146
1921.0714 1212.8572
638.125 412.33334
1808.8269 147.32692
193.16327 1246.3673
1784.909 593.5682
1258.6346 1165.5
1144.447 506.6588
1778.4353 822.9882
974.88385 293.30322
1584.8474 491.89832
708.0891 270.28714
1705.5778 1590.5555
712.7325 788.6879
136.74074 1075.1605
1018.1458 862.4167
1926.2195 519.89026
1675.5758 892.51514
1323.7142 1227.8254
1523.2958 1800.1971
100.13043 459.47827
268.08163 135.54082
1222.5714 1506.8334
165.70667 1468.36
726.0476 699.1429
406.2639 1131.3055
1514.068 1111.2136
558.5349 372.93024
999.5156 1193.1562
1750.7656 124.46875
1656.8427 719.0112
1417.8689 1641.6721
1816.0581 1805.186
802.575 624.925
172.83333 918.8095
1590.2681 1175.7217
1443.1356 1011.0
1970.4342 320.2237
941.51483 948.56433
1678.8684 1498.6448
808.8378 1193.2297
1874.2623 127.34426
1006.5641 994.9487
1469.4412 1064.9706
406.2639 1131.3055
177.89157 777.33734
824.8043 809.43475
217.16667 201.0625
1972.7534 1697.1644
1273.2322 246.19643
1201.5541 559.6892
1155.5233 1371.1163
488.71796 1689.4615
1468.1464 1940.9512
1681.7778 891.1111
535.1 1233.0
1903.098 256.0
1531.3667 638.36664
491.65518 1492.8966
1672.7361 1413.6666
1562.0 708.9636
1566.3694 1537.2883
699.8506 1082.6437
1234.1482 1888.1666
344.32053 1400.8525
1306.2388 1630.9104
891.549 1264.3529
1051.5068 1025.9452
1040.3014 1520.6849
610.75555 1792.2
1969.3778 36.68889
1156.4755 573.993
88.42857 459.1905
1616.137 692.6301
1213.6881 1042.1376
1837.4546 1034.9636
1086.7246 1683.3768
1737.9735 1709.7965
233.03703 101.666664
932.71875 341.58334
1271.7059 897.5
1315.6666 653.1905
1420.8937 280.27658
529.42706 1604.5416
130.82292 725.15625
1020.1573 1574.3483
1928.3895 1954.6316
1344.0862 1629.8793
1835.7639 1089.0972
1806.6373 1128.7252
1453.4375 1360.5209
311.625 365.0357
318.96362 1914.4546
1656.4791 46.354168
691.2353 1029.3412
692.3293 1765.6951
217.43903 946.39026
562.4058 979.6377
1750.5312 1245.1406
1438.18 1399.16
334.77142 230.54286
961.1698 849.5283
1121.909 1909.495
1470.3478 753.95654
310.42856 1923.8096
125.117645 919.5765
1084.9291 221.13387
140.1017 568.18646
1118.4314 1551.9608
330.17947 661.37177
1897.3448 1499.9656
669.1556 1066.8667
1895.8113 1287.9623
1939.3096 1501.9286
405.57144 826.4286
1821.7273 1184.6869
838.2075 658.09436
1817.4769 1858.1846
182.50667 270.2
774.2222 1783.3016
669.0 1162.5
1521.4062 1958.6354
493.38095 155.85715
1781.8584 190.23894
1809.1384 810.2308
100.905266 1657.0316
226.30232 953.9535
354.4 487.82224
1951.9884 56.38372
485.4918 1125.9344
1625.5358 812.6429
1476.8624 237.74312
317.79245 917.84906
167.64197 474.5926
1679.5441 1343.9706
719.9375 1152.0625
885.5517 1899.7587
1044.7715 114.4
502.11703 1870.3191
1080.7946 1541.0
1654.3405 965.06384
1943.75 382.67856
1785.5471 1813.6227
827.0395 298.57895
1481.4359 1758.5385
594.125 159.16667
212.16191 776.8762
1195.56 1813.2
1667.0922 1322.4326
421.33087 1083.3823
845.5913 1379.7391
1121.8602 779.55914
275.4 417.52
1845.0322 562.74194
1806.4307 1047.5981
216.1119 1459.3427
902.5273 1192.9272
1061.4138 831.62067
1434.2084 1718.0209
443.38394 1508.6161
1311.878 198.81708
15.027397 472.1644
872.32465 956.1104
34.192055 1847.7218
1959.8158 1336.7106
281.67618 983.86664
1623.8529 1987.4706
709.5 1239.7941
466.83334 1844.3667
1752.1898 558.0146
1378.9231 401.87692
1779.85 1031.8
1718.0889 916.3111
1835.5555 1728.0741
1840.8522 1292.6434
841.95917 1175.5918
343.69028 1034.9381
710.4621 466.12415
744.50793 1542.7142
634.8281 1527.6719
1635.6621 1544.4054
1220.0938 394.0625
1452.0209 1805.5416
1384.8667 844.4667
1389.6587 792.84125
580.14514 1480.6774
1224.9785 1767.7527
1423.1895 528.85266
1661.3788 1734.3636
373.94116 935.2353
150.8772 699.1579
989.1778 1486.0222
932.3538 1017.04614
264.27927 1624.3873
1894.369 1150.8392
360.4054 41.837837
1131.93 1740.3416
1382.977 1291.5862
999.3662 1354.2253
1793.5643 811.60394
1768.7354 1632.2354
1995.3125 1432.2375
1845.6897 1477.2413
725.4719 639.32587
683.4754 1140.7213
63.35 205.78
1411.9838 69.44715
1889.0 97.902435
629.1842 1071.1578
113.64789 426.2676
1539.9263 1250.821
76.57895 284.61404
1647.065 1571.8961
253.64671 1468.3234
1057.216 1409.0682
1575.3247 1232.2208
57.60606 703.7273
1872.0233 58.465115
1230.8368 473.97958
1369.4084 1692.9578
753.47485 447.29608
901.11 1497.11
1541.7858 1882.9464
334.88623 828.43115
424.18 776.04
1947.9546 414.13635
1331.602 1821.551
1146.5 880.8571
1194.3882 128.0353
449.02173 1848.6522
1486.7816 1493.3275
998.9192 1185.5454
109.490906 710.7818
1778.4353 822.9882
439.65823 1634.405
546.1387 777.39417
669.22363 335.82608
1735.708 464.0177
258.5814 881.93024
543.7895 1435.0526
1711.6522 756.68475
993.5 1738.5834
1848.3362 391.2931
591.6667 1767.7167
1706.1923 1616.7885
1718.9663 972.7528
236.6842 1484.386
1001.5455 1481.5
1060.8926 1102.9866
861.96924 1269.3693
1551.6438 918.8219
1171.4642 684.3571
389.11322 1878.9811
155.58824 1684.9294
124.454544 344.7013
310.34177 1894.8102
1372.5 47.55
976.78 1454.1
1691.1316 1143.7368
1323.9824 563.5439
1749.6818 760.1818
797.7692 622.6923
1959.5214 1354.2136
286.94067 482.11017
121.960526 260.28946
1257.099 1737.4456
1159.9783 1884.8695
439.5 1652.2559
32.28767 1263.589
503.44 1784.24
940.4286 15.228572
1859.2894 1494.0526
1439.3926 467.60748
1041.7261 1466.3562
909.7 679.6
1628.6182 711.12726
1730.9214 1106.3572
1513.0819 1788.7213
86.35897 1353.9487
379.9809 498.3503
887.1539 1314.8846
1926.9186 494.33722
443.38394 1508.6161
889.33673 232.03061
1760.1337 177.29703
903.6957 1219.3478
325.84058 1482.826
1223.0 1193.4028
1801.8898 1140.5254
723.07935 991.6508
348.9592 392.8163
1682.338 1068.338
164.68 495.58667
338.94446 943.6984
1702.3928 475.60715
89.29412 1371.1765
1143.2838 1813.581
1434.9111 1807.9778
1577.1025 835.38464
1961.2075 1584.9811
1566.0 1331.1538
548.0909 1512.3636
719.23914 1679.5217
1167.1017 1772.5424
977.5797 771.1739
1934.2258 1666.6129
769.7738 1496.0952
1892.4651 890.8605
1062.2644 1335.8276
449.3509 980.5439
1525.2236 1112.079
1616.9485 1622.5155
265.54205 1580.9532
1501.421 1939.6842
244.3253 176.31325
1593.7916 1794.4375
611.8283 1440.2122
1892.6904 299.2143
754.4677 964.24194
1071.6786 726.2143
973.1489 1401.0851
6.1666665 1108.079
1272.1688 212.58441
873.57776 1463.7333
401.85455 1890.6727
1329.3462 346.84616
649.3232 1127.4634
1414.8478 1748.674
946.8261 230.82608
78.76471 610.1177
384.55264 1211.3684
1.7142857 1097.881
90.73214 1167.2322
1386.4133 741.1067
1008.92065 1296.5714
1423.7162 641.9226
1246.24 763.28
1392.695 403.23727
1981.6329 71.79747
80.1194 1217.403
32.26154 1298.4923
58.608696 1339.0217
939.68 560.32
818.44684 670.06384
1907.5222 1081.211
521.73914 1579.3826
498.4035 1723.8422
659.64136 1453.3862
601.84906 1510.3396
985.5 1264.5
392.61728 178.66667
1721.6666 1790.12
1952.371 643.19354
1767.2958 1124.8733
1067.4147 1433.3903
150.05405 1872.8513
1619.1428 1289.875
1038.9718 745.21124
1624.8462 1453.956
935.1308 659.39233
933.4194 1223.5483
1271.7059 897.5
1442.7882 883.6588
1179.1852 1148.7778
387.8889 805.3611
344.02042 1187.596
972.30615 252.16327
1161.1296 1431.2222
1214.0857 1528.8572
1509.5494 1895.9231
1514.4387 544.62244
789.65356 657.6221
144.20338 1022.2373
422.64517 1753.0646
1898.9833 927.65
288.79486 1763.9744
1834.5 1374.3334
1650.5286 1120.2142
765.1786 1254.8572
63.39506 83.111115
375.81302 569.748
695.1284 719.1927
195.75269 894.9677
1051.8932 1044.7767
839.4545 228.3471
1018.4367 1628.9114
106.884056 1222.9565
952.7805 18.707317
523.8182 1804.7727
841.7969 97.34375
1309.2188 826.4375
192.61539 3.8846154
1637.1786 104.46429
1306.46 1022.68
212.16191 776.8762
1466.0234 257.875
1571.1538 1881.9744
307.7551 989.7959
1032.9 1331.0571
583.39026 436.2073
174.625 1322.3334
1040.1273 416.32727
1951.6417 1942.325
1006.04 214.58
1063.1705 1298.9225
772.5161 1243.9839
1959.7441 197.06976
362.40427 656.6383
1602.8346 228.26772
1647.6666 1955.2941
956.5 104.70588
1740.4305 442.41666
143.86667 512.2
1066.4584 937.5833
1870.7539 953.4
1444.91 1900.42
1429.0605 1413.8788
1007.8222 966.3333
593.2889 1192.4889
341.5 90.21429
838.869 729.2381
1506.4203 748.913
1697.7307 1120.3462
406.69092 1926.1455
967.76086 1179.9783
1305.381 1703.5238
1939.1212 1346.303
1200.371 1791.8871
1858.7297 627.41895
1844.9062 228.0
801.7174 1931.9131
1793.9861 1888.6111
1378.7097 459.7097
1229.6129 905.25806
1177.463 1355.4445
1798.56 977.88
117.11957 921.0543
1898.12 565.22
709.7083 642.5
1472.4104 275.2985
1935.9656 378.3793
571.375 103.45192
161.60869 905.36957
1218.0564 1332.629
96.30189 335.66037
1475.0619 544.71136
1254.2885 733.88464
464.325 1697.4
46.941177 592.0118
1520.4559 321.66177
1993.1666 988.9792
1537.3448 1592.6207
1110.9565 1706.6086
13.309091 1766.1576
1052.8772 1569.3508
465.875 690.3333
1014.9359 1447.9103
663.29114 240.3481
376.42392 645.13043
64.5625 150.65625
1413.5645 982.1104
1585.1637 774.94543
1224.8243 1537.8108
1347.5763 1247.1526
809.0 929.5
241.325 524.85
1134.6471 203.0
1996.0146 1289.1617
987.4091 210.40909
770.4 144.96364
91.0 913.1961
657.38947 232.92632
1397.4375 1718.4375
1046.7476 675.9418
835.6172 160.4375
629.1125 1344.0375
756.11865 881.77966
1180.888 1716.8276
1270.881 1054.7142
1781.4 748.1818
361.72794 511.30884
1897.4098 1689.6885
1270.3103 242.44827
286.5845 907.76056
242.29851 1399.2239
1092.0947 947.7368
1661.0116 1382.779
1003.77356 1255.717
471.51428 1538.6571
1262.2354 254.33333
57.60606 703.7273
1108.8438 1892.0938
950.1 1153.725
812.7368 942.1447
1009.9113 204.90323
265.57352 1865.75
356.20636 1899.9683
887.4247 1496.7534
411.05814 1111.6628
1858.7297 627.41895
764.125 724.5156
1425.6515 585.8788
1317.1842 734.3158
202.67567 1883.545
1944.758 369.62903
1936.2543 908.8475
1161.6023 1392.125
528.9304 1772.0173
994.3523 765.0341
212.71428 1352.2858
582.79266 1614.0488
332.05884 66.21568
1091.3024 93.976746
1414.5116 1129.9535
1154.4193 366.32257
1248.2742 1209.4839
812.62964 1198.7778
1029.6296 683.8148
520.0714 645.9857
1253.6522 1541.8043
1597.2261 338.54782
400.37625 1031.4258
1812.8276 1352.6207
274.7451 608.3333
1427.0374 679.2804
1059.7866 272.24
1503.4728 1781.091
1684.0625 250.91965
1196.9333 480.22223
1182.88 601.2
296.1831 486.23944
1031.5343 1603.2946
795.5455 214.09091
1762.4464 1784.0358
1519.2554 1074.9788
283.5461 1034.9291
1131.3309 473.55148
1104.9467 1596.5333
1608.9524 1655.8096
1105.1233 759.0274
746.7634 1201.9032
32.066666 1105.1333
1855.7384 1644.6154
1929.1765 1993.5249
1425.2644 420.11493
594.5814 1079.9419
931.907 796.89923
673.5391 448.70435
397.10168 913.61017
683.34784 1595.2174
548.0909 1512.3636
88.42857 459.1905
1166.7941 1690.6274
1138.4225 697.4014
1895.8636 367.5303
630.7561 516.7439
1965.9661 1225.0509
1001.28204 203.05128
1494.2623 1516.9563
358.2069 645.4759
244.3253 176.31325
1537.9242 225.90909
599.0337 273.17978
382.14584 251.70833
1796.7667 1222.4667
468.16 683.4
1028.044 634.2308
1350.7122 992.19696
3.4736843 83.26316
496.0693 1914.4653
277.92404 1314.443
848.5 763.375
215.28114 1320.1388
1185.877 418.98462
1976.8267 114.013336
926.19147 967.0213
1178.6522 1302.7898
399.52942 401.58823
1019.3239 1555.4084
1803.1036 1212.683
480.0 946.97144
924.3514 277.13513
1446.5769 1190.6154
992.53845 1616.7
1980.6854 11.101124
1400.1666 1506.2667
1089.3969 352.03174
372.54886 1014.0
679.6242 693.6752
1541.2394 1498.8169
270.5 1489.0
176.05853 1923.9414
1554.5814 1887.5116
559.03656 335.82925
789.37933 603.84485
412.72916 408.02084
1007.8222 966.3333
1444.091 779.9091
134.90565 1007.18866
396.87756 1960.0613
1524.0 303.9909
1301.6915 204.50467
354.2935 1878.576
1187.777 1471.3385
744.85077 1987.6418
928.2619 1749.3334
23.68 949.08
1007.15094 1420.7548
1952.7252 1966.4685
1299.7716 1566.8268
1509.0416 550.5833
779.62 691.98
1814.67 594.18
1072.1383 905.69147
1670.6519 1023.1778
1263.1936 637.3387
1943.75 382.67856
756.11865 881.77966
152.27272 891.8831
1009.5 1366.0667
199.32204 485.28815
689.8837 633.67444
705.9595 959.12164
1517.3623 230.8116
1554.5834 1512.2916
220.40741 1818.0741
600.6125 1550.625
821.5833 1046.45
778.304 195.176
116.221054 1500.3263
1994.9619 977.6762
1545.4348 1137.3478
191.6207 923.2069
1074.381 625.4286
1837.4546 1034.9636
1997.0646 192.67741
424.4375 215.8375
82.6375 648.975
1000.625 1990.7084
987.25 273.83334
337.6154 1706.1794
748.6739 1536.4565
141.31035 419.89655
100.68841 1469.9637
1288.5491 86.303925
1623.375 1461.825
188.47253 1904.2417
289.57144 727.631
1580.0322 1423.371
1046.8438 1284.1875
1132.1077 1006.0923
9.0 609.6071
1683.6765 1332.7941
1690.8077 809.4423
985.875 1807.775
219.625 1528.4584
1645.8772 1865.2106
113.26667 1830.9467
1353.1621 1155.2072
1270.7878 922.2121
98.61539 1043.3462
1744.7843 1905.3334
395.54285 1331.8286
822.4956 542.51324
1906.6364 110.781815
218.59842 1518.4803
1121.2461 1439.3539
1886.3846 1115.9231
229.92157 1298.5098
1581.0344 152.2069
1182.1968 798.918
1521.0337 1783.4158
1670.0 1572.3677
9.515625 900.09375
1590.9799 380.21213
33.41379 1360.9138
1954.3529 1108.5294
1733.6892 662.97296
933.4194 1223.5483
1685.4546 743.5455
1710.6854 856.48315
1841.5 1768.1765
1325.4231 619.64105
1252.7949 1192.359
727.07355 588.2794
1107.1875 279.47916
1478.9897 374.27835
991.2941 1010.5
1952.6545 1226.9272
1952.0555 578.62964
1050.9349 157.96748
659.7879 1017.24243
1596.4409 541.98926
1940.2474 1291.7938
836.91895 1568.8918
1895.2172 1133.1448
983.19446 821.30554
430.90475 1599.2738
1946.25 896.9583
705.5526 1167.7632
1699.7843 859.6863
1277.5957 1276.2766
1698.3861 717.8119
468.63635 149.84848
323.69196 321.5545
371.80392 1978.8235
79.50685 1350.3287
1260.8474 1226.7966
298.8154 409.13846
1466.762 552.69525
368.2078 1859.065
1434.4342 416.5658
1286.6636 761.48596
1597.3226 1587.0646
736.6721 999.40985
748.1696 1346.5438
1683.0737 89.65263
666.9318 1125.5227
244.03362 1648.2354
1214.409 1190.2954
1035.2858 1822.1072
1338.8391 646.89655
1786.7324 624.0986
1690.5897 1468.1025
1646.4135 761.6923
221.0 1695.0
944.6301 1210.8082
265.57352 1865.75
1469.9487 667.97437
927.6477 203.52272
62.46552 1434.0344
442.66666 356.13333
1387.4878 714.14636
1420.3704 1203.6852
1585.2285 1116.5714
1300.9105 119.04065
455.9565 41.536232
1481.2532 1981.2025
1956.5432 708.44446
681.2222 704.05554
1962.2069 369.32184
587.1525 1492.0509
380.02222 1484.6333
265.98727 1441.7961
1037.0 1370.9348
59.24 472.04
1506.4198 277.09875
1930.1573 273.0
240.42857 902.2381
1417.7222 1740.0
608.5763 881.35596
177.53847 1144.4359
1896.7931 710.34485
1777.3158 1640.3684
959.2578 789.0547
1635.4131 1461.9348
1883.0941 42.764706
1908.28 1279.26
62.246155 1767.4462
1095.821 1366.7263
876.0714 166.11905
101.93939 1728.1515
1163.2391 1050.0652
662.25 1069.8334
1441.4147 645.46344
870.2198 1196.1428
927.7717 1114.8695
1427.8907 257.2605
837.43396 1096.0189
1576.4606 262.8816
1546.8674 253.75903
73.0 1046.0635
72.7 586.43335
932.80585 4.728155
1310.2285 36.814285
602.6818 412.86365
1300.88 852.66
1005.0476 1780.2937
1370.0968 1704.6451
638.6389 1029.4166
600.4561 1694.4912
1390.0222 1844.2667
571.7835 1886.0413
417.7903 1910.0968
922.7105 1753.5264
1554.9636 424.9818
1954.321 1830.6626
1612.4839 632.64514
1983.3585 397.28302
1846.661 1106.7797
1394.1356 821.2712
487.60416 1681.8334
1419.8507 1246.6865
746.0741 1638.5927
1385.55 1314.88
1863.2433 1155.4054
746.41455 1470.8035
1268.4098 165.5246
455.85226 606.0
983.875 1655.7916
273.93332 1419.219
376.0 519.8261
1416.8739 432.15317
1971.3287 1497.8904
1387.4878 714.14636
487.5357 20.0
1312.5605 757.7879
343.69092 1384.1273
4.0625 1620.3125
1460.5883 230.94118
1189.927 348.43066
992.63513 631.17566
665.93335 1184.7556
563.9167 1771.369
1612.0895 612.1951
1714.238 1247.9524
1224.9785 1767.7527
1745.907 1156.279
168.82474 1650.6083
814.4639 1158.8351
131.0 339.85
216.875 762.8929
1053.1177 1400.5
689.5135 1609.8108
1563.0758 1570.1212
1398.0294 1855.9117
1407.8434 1204.3735
1079.8113 1874.6981
465.06668 1506.8334
602.6061 1183.0758
43.7 666.61426
1655.8644 1371.7119
1388.8243 1135.473
24.583334 616.3611
1149.8372 1927.0155
281.81818 1833.8909
744.05884 1783.4902
1344.602 1465.6837
314.0 1837.2222
1776.7018 947.5263
1048.181 1529.7413
163.23485 816.2879
1112.6666 794.9286
696.4375 796.15625
91.43956 590.82416
1674.9247 1520.8082
306.7143 1886.5714
388.4179 1962.8507
855.7 794.4667
1333.8022 1672.3627
1538.3572 1806.6428
630.73334 109.844444
1514.2181 1711.5728
388.6889 847.13336
1160.1111 253.51852
208.82 935.98
880.2 1477.5167
686.40845 473.21127
723.92957 1606.2253
1619.0435 920.26086
1357.5883 712.0294
1684.8788 1393.0151
949.3624 1502.9731
508.22223 1472.2222
793.375 1150.0625
1749.6818 760.1818
1050.1443 1436.4327
329.62186 934.9244
1711.7826 138.45653
286.08435 1416.2771
1970.2102 1624.2826
523.2126 297.063
726.4 1990.56
1626.6595 123.510635
1641.1476 1938.459
1124.9735 836.51324
229.46808 1555.8937
482.97223 1518.5695
1906.25 630.71875
992.42554 1294.6171
389.5 1152.0
386.5263 965.3947
751.5625 762.0625
1069.84 666.2
1105.15 992.7
544.6 1951.2667
1590.5283 779.77356
559.9785 851.62366
105.78788 1997.5151
1375.6827 1601.4231
18.85 984.3
1808.6588 1744.447
901.2366 1093.0646
44.988026 1178.9281
331.771 1016.9771
1104.9385 430.96924
110.478874 1783.0564
535.1 1233.0
481.4655 1511.3966
937.3091 1176.9272
725.08954 371.37314
1219.6022 558.0645
1112.1357 204.82716
1611.2941 1769.3823
675.1831 1765.6198
1760.3976 1754.494
175.58333 151.5
1370.9678 315.7742
1119.4 1122.9
1617.7354 135.29411
1210.6111 1533.5278
1596.7847 1887.7539
1333.186 598.8915
1435.1014 1261.2174
1862.9584 1759.7084
1073.8839 1397.2767
986.5909 390.72726
1833.0435 667.913
225.84616 288.23077
302.65115 959.6047
1451.0638 622.8617
1253.6111 1263.3889
1294.9236 1698.7986
559.0741 1518.1666
833.84784 1901.6305
1393.3933 1521.7865
409.87756 440.97958
1423.7162 641.9226
1089.7084 1106.0
238.27586 1582.8735
126.4 680.5769
264.27927 1624.3873
174.5 615.5
953.2105 1598.4327
1359.8108 661.8108
1775.0566 140.37737
184.76596 1387.0212
729.4247 954.52057
942.7578 43.257812
1130.4945 317.76923
40.909092 1107.9395
879.67566 1922.919
1047.365 761.854
563.1754 800.1228
1168.5913 1959.7565
1885.75 1756.1562
742.1177 1442.9647
712.6377 93.46377
1274.8704 568.0741
473.74286 1883.2
349.9863 1906.8082
634.68964 1953.0862
1486.2456 263.6316
180.13954 1738.9302
492.02325 74.139534
1209.6031 1059.8254
1229.7037 565.2222
999.86957 100.04348
66.10256 640.6667
992.0 752.03705
130.76543 764.41974
276.44617 1432.0461
797.7692 622.6923
21.77922 1997.5585
1572.8718 420.20514
1764.6957 1734.2609
432.12396 1346.9009
1230.1852 69.638885
1357.3914 1017.43475
1111.9734 1751.56
637.02856 77.457146
106.7 1074.0555
1708.0426 1579.734
1469.1605 577.55554
903.4091 1787.4318
1894.369 1150.8392
1251.8448 1800.1724
470.45312 944.6094
875.2525 1905.8282
1626.5931 1580.0828
1049.45 1850.2
284.3684 943.6842
1518.9722 1240.3125
119.791046 686.1642
728.03204 720.70514
1218.1765 1704.7059
1894.5435 103.641304
518.30554 877.125
618.88336 1009.26666
1337.8387 1243.1936
942.1579 1755.9474
465.7805 1684.7317
466.5357 1162.3214
1273.164 816.2459
1590.4259 1608.6852
1258.0308 1123.2153
1647.9365 912.881
1001.9 1440.325
182.45946 276.1081
771.0 428.0
347.68 1977.24
1723.5491 1436.7059
974.88385 293.30322
1540.6666 162.3421
354.09375 722.96875
1881.9391 1310.6174
1767.1477 1867.3068
1576.4736 1794.772
433.46268 437.1791
1521.0426 1492.3555
1880.9 545.76666
197.54839 200.09677
391.2155 867.6638
1125.9 850.95
1743.046 1027.3678
511.30304 988.2525
1454.2051 1332.4103
1661.8667 547.0933
1274.9556 414.66666
675.09784 672.7283
1345.0 1134.5267
220.82353 712.902
415.55072 1715.826
1053.4369 115.72816
937.84 1657.12
1037.5416 1772.7417
1387.1488 1883.5834
1289.0883 94.45588
1015.875 787.0
1859.4906 133.16982
1163.174 1056.7391
1169.4921 506.57144
1589.6942 1099.562
603.26373 1291.1758
720.91235 1797.67
1429.0605 1413.8788
424.90244 33.80488
1389.0974 336.88312
1416.4626 1470.8806
1783.4445 857.7037
539.08044 1880.5172
619.62354 96.70588
194.38298 1095.234
1036.174 1614.0
1885.8081 747.9596
1113.416 1347.656
354.12766 1861.6809
695.9021 783.02795
1420.312 1995.4609
624.78876 1562.4648
414.04688 760.8281
833.6829 717.2439
963.0 252.14117
377.92593 1069.3241
523.28815 1492.3898
1460.3165 1141.1583
593.3461 1451.3462
752.2327 82.78616
13.92 1111.72
101.48276 848.0776
1062.963 333.01236
338.48315 516.14606
79.22222 670.6667
442.53247 580.8961
1799.742 684.62366
602.4773 491.29544
1072.7593 425.6111
747.9074 408.07407
483.7027 36.48649
899.9213 177.8427
19.30303 428.01514
1146.7742 708.5806
1043.3386 341.48032
804.65216 954.0
897.8214 773.9357
896.5 1261.0577
352.20834 423.5
1138.8512 1783.5289
1190.0233 1549.407
6.1666665 1108.079
961.0 1508.7812
321.19354 1776.871
1935.5 260.44
863.9649 93.03509
937.61664 56.333332
744.1951 1653.8536
891.46875 611.71875
1879.2587 1452.1207
1770.4037 839.45874
1452.0209 1805.5416
1082.4197 464.73215
1644.4073 795.0741
115.552 1416.784
107.583336 1776.4584
1701.7533 1406.5714
1382.0 1939.5
1519.7391 526.43475
265.14893 355.0
325.064 504.376
877.3171 1421.811
1275.6989 1509.253
1388.9066 1004.82666
1545.5862 347.82758
1052.3442 685.6721
1198.5328 1424.795
693.8264 1241.118
1050.5636 1158.0364
1773.5054 1825.3334
1126.4474 227.88597
1957.9474 559.1316
338.4762 980.11426
779.64 186.7
670.8527 1509.0155
1569.2927 266.90244
144.32877 453.8904
719.7 478.23334
1087.0 1633.5084
852.51764 664.4706
800.3333 1740.1111
865.4915 1133.5084
591.925 962.675
307.64285 398.0238
1868.0973 718.53094
1233.2593 950.14813
547.77014 967.62067
1502.3334 436.82144
354.98 361.36
372.9836 1101.9508
431.09375 1824.4791
1894.541 87.44262
863.011 1610.4396
1210.625 101.045456
1376.5294 1228.9803
810.5625 1510.0
279.22223 1613.127
628.93335 1870.1833
25.955883 1768.7646
284.3684 943.6842
500.80487 1583.683
1347.4474 1894.8422
1619.8077 870.0192
1056.2603 1595.411
354.4 487.82224
356.33963 447.51886
374.23157 1963.6421
366.96 957.36
1227.78 1919.32
1967.0819 649.0
147.74324 767.32434
271.1905 1672.1428
1947.3291 541.89874
1515.5463 933.7222
1779.85 1031.8
649.3 1439.4
1822.7174 550.56525
705.55554 131.07408
1728.9684 725.33685
1496.4722 1777.8055
1326.6316 98.63158
1720.9559 1074.0588
1320.9637 1810.6522
1686.9183 328.61224
1841.6595 1499.4468
334.7711 395.03613
855.9661 92.05085
1403.1163 1751.2325
324.5811 488.36487
1672.4337 1078.1445
1373.1333 394.17776
1324.6813 1667.8242
1891.5104 804.5625
66.854546 1774.7637
1193.7872 1237.7234
1385.5333 562.06665
1695.9857 1866.0286
1522.7069 1919.9656
1043.0648 1402.1852
408.95773 1086.9296
216.76624 495.96103
714.4803 209.06299
365.5 1018.5
1762.8933 602.2267
444.17484 1789.5175
1441.2706 616.0706
# COVID_SAMPLE_19_ROI_1
825.13794 686.569
423.94595 777.5405
94.22619 854.0833
214.38983 495.661
3416.5952 613.5
519.85187 102.25926
3148.0652 43.282608
3923.383 766.8723
3940.276 422.5862
2878.7546 104.0
3102.0144 127.710144
1695.5543 290.76086
3389.6584 439.26828
3041.8445 892.4
1941.1471 875.7794
3540.299 655.1237
3791.3142 866.1429
2680.9822 182.17857
3957.7576 210.75
1385.878 434.2195
658.1667 582.7222
3229.305 917.35364
574.53625 450.7971
2543.0 892.29785
64.77612 196.55225
1198.7875 878.675
1278.766 940.7659
3591.5 766.0
3494.3545 3.5189874
1259.7638 447.44882
3940.4048 222.40475
3210.92 976.56
2810.8538 585.20734
3631.3926 785.31775
3195.6406 363.5
2628.875 279.93054
1208.48 650.12
2092.966 894.88135
176.75 584.5595
3083.6262 696.0404
319.63043 910.76086
1536.909 814.9091
3665.0 354.0
677.98413 289.85715
2812.1892 922.5856
3204.3667 770.36664
2968.3784 38.81081
1560.2858 58.55357
755.04254 397.06384
723.28125 870.6042
1329.5873 275.38095
2344.2593 886.4074
1862.3871 637.5484
506.73172 122.39024
2145.0105 453.4271
2122.0688 756.39655
395.72223 693.18054
22.9 939.38
70.93617 543.1489
3149.8572 783.3333
3324.4517 658.0484
772.6747 349.9518
3809.2876 445.56165
179.90909 347.96362
1538.3113 19.099339
1813.3582 881.2537
3296.1636 317.8
1061.9788 638.70215
2075.6758 146.21622
3491.7344 386.40625
3770.7107 458.32233
3664.561 587.1707
3567.3914 853.2174
1940.238 338.2857
1575.8096 669.8571
1533.8214 606.9643
2094.3262 950.8261
3464.9778 211.7
3837.6934 412.38666
1247.0 153.39536
279.3889 600.6528
2879.5 810.40625
1203.4154 279.43076
1042.6433 776.5035
2467.7273 63.5
36.75 895.5
3969.9333 264.45557
2928.4253 830.1839
3741.5134 645.4054
1228.0 450.17648
2233.8 581.96
2073.2888 37.177776
559.0485 292.15533
375.18094 620.0381
2180.1165 139.97087
965.84326 844.6642
5.5319147 914.31915
3257.6333 555.25
2632.0 577.8571
3287.7844 214.41176
365.38043 846.88043
1409.3956 929.3736
1243.2609 214.86957
3690.577 559.0
2890.1936 922.35486
2299.8965 803.84485
350.94058 270.37625
70.93104 262.5345
1532.675 600.6
294.27274 670.5
3686.9312 474.0115
1854.1621 830.43243
80.37931 896.4828
2625.789 692.16516
179.7561 908.1951
2031.7018 231.57895
955.0337 590.0112
2599.3525 691.0164
2626.0 731.5682
3070.477 802.1835
3392.685 527.07086
3731.6836 521.36707
3214.2 260.88
1261.95 487.1
3291.742 607.8226
1680.1892 25.027027
3159.93 855.2105
608.74 568.84
3656.9048 97.1619
2989.65 77.73333
3016.0935 879.5047
3096.0852 752.29785
955.0909 662.9091
1335.909 547.1515
3334.1206 660.34485
800.8375 690.5375
3219.3796 699.6076
1824.9143 627.7286
3121.3232 538.5455
1527.6694 626.1356
1525.099 302.39603
1493.6262 304.0404
2834.349 83.12698
2500.8652 48.516853
3658.9211 736.4409
841.84 158.24
745.07043 359.33804
3911.5454 380.74545
3354.4707 531.5686
1256.6 97.73333
2543.9524 839.20953
45.18182 295.18182
852.35895 242.53847
2347.336 227.032
986.11395 806.2532
2625.4897 935.2857
1745.7872 632.0213
9.093023 399.3721
236.6 752.0
2953.182 535.5273
371.274 212.15068
592.08105 784.5135
359.82455 39.122807
2885.58 602.1
110.552086 584.4792
1951.2593 430.66666
2313.9092 875.9697
3507.75 361.1
2939.8677 373.47058
484.67926 615.3774
1845.1364 585.7727
3698.8865 998.0909
1532.8549 673.9032
1587.6534 392.61386
3801.174 386.68387
2483.1018 851.52545
1810.6934 283.58667
3528.86 277.7742
2360.389 122.986115
3589.4138 557.5517
965.08435 645.08435
1590.2307 870.6923
132.36842 584.0877
3166.7354 32.205883
3590.5642 60.923077
3432.838 276.3243
1160.0869 583.7826
3670.853 202.91176
830.5862 506.8046
3008.9092 343.0909
2609.0 857.0
1528.9159 290.5327
2718.7466 384.36
1952.326 581.3043
2772.344 565.6
1618.0331 115.743805
3197.6667 651.5
2015.7778 109.17778
1491.822 355.05933
198.28572 845.375
403.16162 567.0202
3010.1292 870.9677
2392.4194 323.3871
2861.16 811.0
2908.5806 847.5968
2255.081 345.7027
549.0 508.5
2288.6226 608.82654
3074.861 430.19446
2046.4783 308.19565
2732.0435 260.3913
1208.48 650.12
2066.7334 235.86667
1874.9546 628.48486
3915.04 455.6
2329.6667 443.12964
965.84326 844.6642
3774.1018 420.0339
1893.5781 193.25
1826.3164 447.5696
3489.55 242.56667
3538.889 462.19446
2472.6667 819.03174
1535.0483 418.4516
2441.2856 4.3116884
1999.8518 129.2963
3662.4 696.5
1795.056 466.99066
3567.3215 130.5
413.97702 676.77014
3292.8733 433.67334
1294.3334 192.95833
2737.2239 255.1194
1745.898 795.0816
2712.5557 175.82222
3159.93 855.2105
3064.3 79.1
1832.3334 30.238094
1767.3873 168.58559
1262.0381 672.82855
2470.2144 956.1071
1890.9552 207.19403
3588.0293 261.47058
919.26 53.79
1589.5358 91.35714
79.18293 888.90247
2552.4844 552.0469
2959.487 680.8205
159.58209 644.65674
740.0625 273.5625
1172.9364 432.0
3131.4114 640.87976
3428.9807 416.98077
1405.0083 649.3058
2855.1555 588.4667
1594.0541 374.3243
1970.3846 27.423077
1813.5046 237.08257
1041.5714 960.9643
2496.516 834.0968
3204.9143 269.2857
3404.5 344.5
3031.6924 887.89105
619.3514 262.4054
2315.8806 335.74313
368.25925 711.4074
2251.55 869.51
1484.6666 799.36365
76.2 777.7143
2627.413 962.95654
2083.04 389.18
365.91666 820.0833
2625.4 19.818182
2825.6 426.23636
3462.5894 76.42857
3680.25 363.6111
1077.7069 77.86207
2014.753 757.0247
207.63158 18.868422
398.72726 735.0909
511.06757 738.5405
954.34784 951.4783
3050.2234 81.21277
947.661 7.4576273
2860.205 709.2308
1152.9149 882.7234
3885.1133 420.38144
1216.6296 865.3148
1804.0222 508.4222
92.08572 899.6857
555.1605 83.72839
1198.7875 878.675
3541.3625 507.0
2286.9666 814.13336
3381.1365 909.7273
3085.0 986.0
3806.5981 37.960785
3852.1365 935.5455
1184.0167 14.233334
1216.6296 865.3148
2668.2407 469.74075
3437.115 795.8161
3283.81 404.79745
891.19354 243.17741
1378.0814 308.26746
2921.1777 768.6667
1022.9663 244.33708
1212.3539 354.47693
1658.4259 858.5926
840.4783 790.413
1025.0244 960.9268
3796.4412 266.41177
2516.3716 217.84071
2989.5833 31.395834
2903.9 97.57143
2912.2 837.925
3445.5386 792.53845
3752.1353 484.7027
1112.902 932.0196
3367.5 314.8793
268.16882 42.935066
1544.091 697.43634
1976.5 21.833334
1008.0179 667.9107
2080.3667 292.46667
2239.6875 873.5804
322.0465 16.04651
1969.2653 15.795918
3052.628 595.5349
1379.9117 117.35294
1235.2106 736.3158
288.80487 715.95123
1115.4688 835.21875
3336.5247 938.63934
3842.3635 942.05457
2345.262 851.2262
3495.7114 901.6701
1921.5625 78.0875
2518.675 410.9
2936.2878 89.181816
301.5484 960.35486
1754.3505 831.08246
1289.4713 315.12643
2675.5925 877.1852
3434.3792 879.0726
2718.908 578.95404
477.32 349.8
3969.2778 67.80556
3977.3157 53.13158
1482.0312 667.2344
1852.6721 541.5082
1239.8667 996.3111
1092.7404 158.41347
3417.4194 876.3387
2779.8647 194.13513
470.84723 948.69446
2869.0188 913.31134
1268.2097 994.2742
414.6346 867.9039
1927.6818 539.2121
3428.6948 807.8475
2566.1636 723.4727
1754.2433 540.1081
3062.1162 772.8837
3003.392 629.8039
1918.5098 630.951
2991.5483 643.5806
3975.123 611.9154
3803.9746 262.86075
3074.861 430.19446
2528.5264 860.4211
70.72881 796.2542
1078.1321 741.90564
544.2083 807.75
3437.115 795.8161
2677.4084 797.14087
783.0992 628.5372
1423.2947 187.32631
1547.7792 328.9091
403.989 874.4176
2936.7368 876.1754
843.1667 124.395836
1184.1428 896.6531
2939.5605 105.681816
2450.4956 43.336285
68.22727 840.7727
2984.2727 726.5455
2731.3455 572.38184
2416.5715 112.875
1060.3779 614.10236
2162.4243 119.757576
1745.1683 409.0495
793.8831 698.03894
2484.2046 526.4318
2936.9756 441.34146
2936.0916 99.521126
1042.303 290.0606
2153.0344 943.0862
1107.025 23.025
2367.225 115.025
3530.8738 849.81555
3983.894 198.9647
3029.7024 492.13095
1564.3578 485.36697
3721.6765 334.47058
1866.56 380.62668
1861.8334 728.0952
1386.0088 328.37167
2403.6667 27.685184
338.57446 809.0213
3053.0 821.31506
2200.123 945.0154
2332.1392 529.2405
197.46602 138.79611
1765.5978 570.43475
422.8409 585.8409
2565.0579 245.30435
3133.5925 658.7222
1881.8182 649.2273
1227.0 40.0
1318.8641 353.67963
3595.6553 65.034485
3989.7222 579.625
1488.9246 409.79245
3383.838 696.2432
2654.939 890.4504
1175.6202 876.77216
3151.2153 960.9231
1895.3457 845.5185
3618.9023 985.0732
3775.3215 267.7619
544.54236 237.24576
1819.0605 954.42426
1836.8182 914.4091
1359.8644 838.6949
1754.5491 261.13727
3507.75 361.1
376.02274 968.13635
2367.648 671.95776
2614.4375 732.5625
904.2069 872.4828
3642.4648 358.44736
3457.0593 235.71852
2792.9355 989.35486
2076.8635 859.4545
1451.6724 509.51724
504.13794 920.65515
2296.5593 656.94916
2048.8533 23.12
3882.7969 497.79688
2441.1572 408.9
774.4237 978.2712
2440.2542 524.37286
2903.642 459.12344
1553.5275 356.0
2544.598 535.15466
3660.3333 513.125
948.7857 162.71428
3226.1924 268.21155
1437.3784 570.25
137.38937 859.97345
3396.2073 608.89026
1070.9458 622.16266
1902.0204 606.40814
1428.0454 836.7273
231.45763 572.79663
3759.5 626.9643
197.46602 138.79611
958.125 537.0
3063.9824 62.508774
3244.47 389.08435
2502.5593 920.1356
71.71186 427.0
3793.6667 574.1667
2087.626 842.90436
738.9881 496.63095
2931.125 356.31946
2547.25 478.08823
1575.6735 685.4898
996.1053 627.2
250.31429 420.8857
150.84375 577.46875
2207.75 347.05768
3398.8076 743.2692
3844.7834 776.38214
3175.8862 515.38214
2238.5945 570.7568
3986.7837 351.3243
977.0253 646.2658
2928.4253 830.1839
1862.3871 637.5484
874.2727 693.5455
783.2931 178.23276
536.6585 820.4146
3041.6938 719.40814
3202.0176 217.70175
3676.7908 314.81396
1425.8477 168.86093
1595.4537 261.2857
2749.1238 477.1062
2776.8 680.075
2810.9429 605.5714
3594.6697 552.3125
541.7353 715.3677
695.4286 923.5
281.9818 367.69092
551.0 350.9
1113.7693 801.6731
3530.3428 332.6857
3527.4075 219.34567
2138.1538 25.423077
2572.136 736.4563
2902.8625 360.9875
2073.2888 37.177776
3577.4023 608.2759
2261.3418 662.5949
2152.6667 170.06897
1169.7869 689.3279
1566.75 430.64706
3899.4314 544.7647
1917.0294 745.9706
2145.7307 120.92308
2171.8276 694.10345
1562.5222 374.6111
1206.338 943.04224
1752.2273 223.04546
2494.6155 467.09616
501.14285 738.4286
1375.3572 790.67145
2869.0188 913.31134
3911.5454 380.74545
3054.2017 464.60464
3234.4375 823.425
824.53656 614.04877
1726.9608 203.56863
1936.8507 513.6418
1045.0 711.0
2304.8645 840.8305
2521.261 533.06525
3058.5117 55.697674
3527.43 287.0
1983.5853 315.07318
2826.6863 772.1667
607.125 429.20834
3907.262 99.40476
3532.7856 86.07143
1886.6202 710.29114
2714.2078 840.8538
1780.6813 490.74725
1312.012 773.3452
2104.25 484.08334
3266.818 178.43182
254.29825 592.1404
398.9726 700.7945
2013.1029 765.8823
3640.4595 631.8108
1736.7094 826.94183
93.54348 893.5
1234.5493 154.11972
1056.567 795.6185
238.68478 500.34784
2946.8333 924.7222
3419.902 811.26086
3551.9517 80.564514
3201.494 104.8642
3884.389 444.54443
3093.4968 634.44653
1360.7423 51.27835
3464.9778 211.7
2317.982 416.17117
226.7111 228.42223
3098.8572 284.11905
416.8125 105.65278
634.0571 840.7143
2465.739 752.6087
1593.8235 992.58826
1119.9056 940.90564
3204.8096 370.07144
413.41177 765.07355
3390.3596 745.6629
3674.6956 445.47827
3375.5754 171.38356
2722.3572 518.5893
1725.5306 363.91837
1768.7632 447.21054
2049.5334 686.2167
1604.6842 588.7895
1544.9395 11.666667
3860.7876 315.2125
165.63829 636.9149
3021.0725 110.202896
3336.5247 938.63934
3412.5417 34.166668
1569.938 82.84138
1344.2709 946.9375
1369.2759 567.28735
959.4923 576.6462
601.6974 365.6579
2450.4956 43.336285
2229.3076 808.53845
1562.1842 823.3947
2417.9333 540.18335
532.1429 446.57144
2192.8684 811.3947
1932.3914 871.587
2799.6206 868.4828
3153.7678 399.60715
2888.8867 53.88679
668.78 569.2
1880.65 316.7
385.60464 598.32556
194.30435 306.78262
3041.0483 989.8226
3125.224 926.7759
3942.3726 368.15686
3862.7483 671.64746
2210.7659 979.42554
2288.0 917.0
3781.5 33.0
795.125 954.7708
3379.25 775.1667
489.9138 130.48276
244.54782 55.086956
3602.6616 239.04616
3076.325 149.15
2299.0293 932.7059
3696.1904 704.7619
3892.5334 478.43332
2589.3914 909.3043
2973.5186 340.1111
1463.8572 558.0571
3656.303 969.0909
3466.4253 510.07086
2588.8372 231.1628
3955.5 433.70587
777.0571 912.5714
1100.3334 339.5926
3035.2031 381.625
3059.2603 875.8219
2944.3594 952.46875
3261.6265 562.9036
3005.5615 517.7193
959.87177 453.58334
726.1899 897.7848
1197.9758 823.1129
3815.96 213.14667
1316.1034 508.15518
3471.163 496.6413
2946.1475 644.6421
308.07938 915.6667
2951.0588 95.47059
2177.875 971.59375
2632.1052 705.8421
2055.2307 18.5
2200.9727 547.87274
2581.9688 678.0547
2266.3076 382.8846
717.4595 159.27026
2055.5 825.1429
735.05884 179.86275
234.05556 368.96295
1144.0857 626.2857
1834.8 443.2
413.8889 473.51852
3097.9644 358.51785
3939.9 834.82
3118.026 774.75323
1011.5625 966.6875
3723.5417 341.9375
3148.5 258.5
596.92 328.34
2413.4272 556.0342
2731.3455 572.38184
1977.4584 149.72917
2843.1367 58.05128
2806.7368 765.0263
2800.5715 542.16327
1424.7604 76.583336
301.52173 908.0326
2716.1187 603.0847
3697.4285 938.0571
3649.9736 268.1316
2046.4783 308.19565
3698.2686 206.05971
3514.8672 41.566433
2585.7307 253.4423
2321.0076 598.76117
35.7193 453.5263
3405.0645 128.87097
742.68085 834.95746
424.80392 569.7059
2127.3035 303.0357
1696.5 181.7
3169.8643 928.3333
3642.1162 648.8837
150.5 343.72726
3417.7273 886.2727
1150.5745 4.5531917
1233.5333 993.1667
3130.3137 628.902
1783.0857 446.17142
2926.189 345.6299
3223.4648 815.39435
2771.3416 265.5366
1768.0282 518.23944
957.5319 829.29785
1577.7863 387.89313
998.72 287.0
3012.2632 233.66667
3398.6353 454.95947
3067.578 107.37778
549.0273 490.92728
2543.6826 554.0
836.4359 848.5641
942.2381 564.2653
3278.6592 721.6818
2943.9575 155.76596
1289.25 809.1458
1209.6738 218.95187
3151.0952 756.6667
2746.9297 709.7042
3924.853 47.911766
843.619 846.4286
3381.0308 237.96924
1614.1097 681.8101
816.6591 482.08334
290.4 688.04
2592.2222 254.6
2801.0066 245.1192
2936.7368 876.1754
2643.228 116.10526
805.3774 416.49057
1987.4138 523.62067
3640.9744 313.02563
2037.8073 678.8554
448.86813 671.52747
1864.2472 834.76404
2811.6697 386.98215
3340.2815 266.27185
1308.2976 646.6905
3187.082 920.4918
51.333332 867.2083
281.0435 224.60869
3911.7632 433.6579
976.18604 951.02325
1070.9458 622.16266
3662.0293 206.86275
2087.0378 863.56604
1164.6211 903.4421
307.9836 600.9016
1833.7567 523.9459
2218.5208 671.6042
606.25 553.2083
631.8969 526.6804
159.47368 665.8246
3953.4 361.98334
3160.1345 252.53847
2509.3635 779.63635
186.55103 770.32654
2176.3057 639.3611
2637.1064 34.893616
3648.9055 320.1216
1385.75 461.975
1339.8369 806.29346
2519.6543 760.09875
2139.3235 626.64703
2670.675 991.95
2869.4707 198.44118
45.18182 295.18182
2777.6086 941.913
2993.0122 88.02439
2527.8352 154.73627
1904.0884 9.537415
298.66666 110.51852
3687.9143 223.62857
2951.7742 685.9462
1866.7391 208.32608
812.5833 867.8333
1060.6842 253.47368
1116.8125 328.4375
424.60675 754.2809
2933.6667 661.65717
3975.743 921.97144
2522.1667 861.881
2707.9312 318.2414
2079.7256 472.7157
1237.2241 979.13794
3456.077 219.6923
2045.5454 314.27274
3008.2388 398.40298
3918.946 823.8378
569.8837 864.1163
2305.6667 509.125
2327.2207 42.066177
3050.2234 81.21277
3660.3635 439.37878
3540.7568 984.53156
2900.9062 147.85938
2502.5593 920.1356
281.4875 797.3875
108.94827 623.7931
3813.718 592.96155
2806.7368 765.0263
2627.413 962.95654
569.19354 428.4516
716.163 232.32608
2436.5254 656.64404
2166.68 53.36
1996.1333 893.8
3723.04 92.57333
3219.275 669.0125
2666.8 635.4
626.662 612.25354
3181.6494 983.4026
290.69565 722.2319
556.2472 435.89886
2104.6086 839.3261
2940.6333 599.36664
2631.4 304.83334
1955.2333 529.76666
2571.135 537.84125
3233.2 354.24615
1479.5211 820.94366
2151.7322 290.7857
3710.3462 816.0
3612.926 573.5926
461.6216 930.0405
3642.1162 648.8837
214.62627 132.0404
2533.4297 678.16296
2177.875 971.59375
3607.0 524.8571
3741.5134 645.4054
2904.3489 574.1163
1574.4 177.54286
424.80392 569.7059
3263.25 188.47917
2515.353 674.0
3861.3713 429.85715
3941.1077 38.73846
3753.78 139.92667
1207.238 746.0635
3379.25 775.1667
1946.2587 847.5172
736.0 517.8542
3178.3608 658.58765
108.03297 449.75824
3855.0908 568.69696
3618.9023 985.0732
1061.9722 949.9167
1639.9294 381.41177
2316.8704 78.833336
940.2353 240.43137
348.35956 987.51685
1833.5505 260.07864
2251.6843 886.4211
1584.1428 231.2653
1950.975 159.725
813.28125 181.75
3802.7905 408.2
2596.5 573.7054
91.22681 421.8969
3721.1287 925.0714
2320.291 857.3806
3499.425 934.825
3212.2104 670.6316
1154.5125 159.625
2521.92 712.32
1246.6666 486.875
2134.9119 293.2353
3782.8125 890.53125
1502.8148 948.76544
2549.14 893.18
1729.2368 886.2105
3122.0188 37.88679
1886.4878 117.585365
2900.8625 127.145035
1378.1936 629.629
218.17241 935.89655
3416.1724 541.7672
2432.2986 536.71643
1536.909 814.9091
2562.5625 905.6875
2473.7273 51.151516
1845.1364 585.7727
3026.9048 21.904762
994.6 39.49091
563.2879 447.0303
784.2432 923.9459
2060.307 700.60394
1955.4076 763.4968
1225.2714 806.5194
2596.8604 745.93024
365.83334 247.73077
1638.303 820.4091
3619.5715 834.6286
831.4706 645.8039
3985.7273 102.509094
1403.8813 358.07626
2394.9302 713.1512
3643.687 446.19727
3441.6765 234.24265
3062.5557 992.2222
2590.7876 595.8625
2592.2222 254.6
3271.1904 209.5
3518.291 215.4909
2161.1968 44.081966
3888.5103 8.612245
2593.254 56.93651
3953.8723 216.61702
2039.8096 393.3492
68.68794 306.39008
3161.7346 55.938774
3148.0652 43.282608
3090.5227 713.1591
3156.7917 53.166668
1428.6129 802.8387
3098.1978 153.27907
374.26666 676.5333
1159.5883 244.35294
3860.7876 315.2125
3545.9905 550.1321
3875.5862 444.55173
1688.5 149.0
3370.4211 954.7632
1154.82 352.12
463.4 991.81665
168.56451 153.62903
2618.255 670.1961
1975.1666 367.3889
2992.6365 696.7121
363.08334 776.75
3924.2073 514.14636
3613.7708 482.875
1334.6666 23.343435
3401.28 843.68
494.9875 133.9875
3122.9243 191.36363
2513.2122 26.282827
3618.842 684.2895
3844.2317 430.92682
3846.5 732.0
957.4146 17.829268
1054.8489 57.244186
2955.4695 614.7551
1243.4886 472.5
1124.7142 335.72528
3115.528 987.14087
2144.4092 315.0606
1392.9412 644.10785
1165.359 476.84616
2826.7827 639.6739
1647.4954 431.02753
2139.3235 626.64703
432.57626 778.11865
603.775 212.95
2543.6826 554.0
1912.8148 830.03705
3706.314 637.5868
2579.1833 246.46666
1406.5333 788.0
3398.8076 743.2692
1631.6061 649.5833
3243.2942 285.88235
3969.0725 638.2174
2617.3333 900.1042
3465.7222 538.8148
3822.3623 49.2029
1879.7551 929.3674
2685.2144 755.11426
2599.2078 820.1818
2633.7375 212.775
2327.4878 331.42682
3195.6406 363.5
3407.6057 655.7981
1522.5111 27.48889
2197.173 325.47116
948.63043 897.2283
1693.0641 797.88464
3917.1353 770.5541
2407.2903 42.16129
1867.2197 827.4286
3614.197 69.545456
1869.5198 316.71054
2958.6167 165.85
1291.1837 674.8571
1788.7805 551.7642
1418.4266 281.6
354.55173 640.4655
2329.3167 594.125
2687.3235 443.55884
1698.381 520.9524
3215.0 920.61224
3084.452 774.8976
1298.96 990.6
3127.7646 383.17648
115.65306 654.4898
3408.0 963.68964
3954.3333 544.9286
1594.674 508.16306
2111.9148 792.1489
470.51923 462.1346
1401.5 855.0
722.0051 430.12308
1240.4814 404.25186
1154.0564 96.48387
2760.079 815.7626
1709.0303 249.24243
53.05 390.925
3193.605 513.521
29.162163 488.2973
3523.5454 566.9818
2029.3243 560.7838
392.80768 444.5
2927.5232 930.04614
3690.1555 320.86667
2858.8018 612.2613
9.752809 276.67416
639.5 777.12
3991.5967 365.09244
460.2 961.76666
625.8333 430.1354
1802.7238 104.22857
3582.7869 147.83606
2776.8 680.075
3105.9077 560.8615
1310.7778 211.11111
3393.625 43.0625
2504.7097 121.90323
218.325 927.25
180.67647 646.9706
3226.8022 615.3837
244.44211 127.61053
1093.975 377.2375
1488.2264 818.4528
2656.68 901.73334
3873.0 924.5
1451.463 583.14813
685.7876 459.31857
2158.9536 245.42384
1232.1714 30.314285
1225.2166 223.93814
3271.4138 820.4483
1074.4 151.81429
1225.2714 806.5194
3041.0781 982.3281
2573.7017 502.2984
3454.2827 448.32608
1089.0394 302.76315
2605.8713 581.39606
3282.4285 913.11426
1030.8572 456.2381
3663.6233 194.84416
2687.3235 443.55884
524.6 836.04
3853.2827 630.56525
2781.8975 972.28204
3497.4385 742.1579
759.8823 963.2941
1190.1154 384.42307
1404.6818 908.7273
3142.4243 181.57576
368.22034 660.1017
3521.9788 227.31915
3667.7104 886.3421
2842.1765 397.36765
714.2308 791.4231
3138.5854 168.97562
1160.6727 398.41818
3008.7817 542.61816
657.7447 278.35107
2613.2786 27.341772
2448.8257 803.72095
626.1667 189.86363
1232.0834 749.9792
638.94116 941.6177
2441.1572 408.9
2100.4417 862.7013
1591.5366 799.0
3509.3381 281.85294
2230.9402 80.58209
2927.5232 930.04614
2145.4646 769.6869
3825.1128 265.01614
1614.1097 681.8101
37.798244 298.55264
2599.3525 691.0164
618.3125 354.73438
772.5968 613.75806
2902.1 720.0615
246.0 282.9091
1308.2976 646.6905
2281.7693 991.12823
3278.9092 887.9773
3496.375 706.1094
2606.7317 130.2439
971.94 21.36
1689.0 695.2292
2644.7627 830.1695
2335.0588 54.27941
2961.378 33.487804
3017.913 183.08696
449.0316 349.88422
1678.8368 531.32654
2313.5 629.5
3653.6086 643.73914
2371.709 793.1091
2206.7441 410.39536
3552.6423 55.333332
3762.608 54.705883
262.86765 655.82355
2625.1348 978.0337
1534.6136 633.9773
2934.5 366.93103
477.69644 956.5714
1588.8032 403.7869
3010.5 185.0
2024.1632 221.22449
3244.221 643.1279
1170.2727 775.76624
2731.175 997.475
2241.75 550.48334
1208.08 962.2267
3748.6846 167.9077
3431.2212 298.18033
2042.0204 892.2755
3198.1428 554.87756
1367.4854 328.66177
1320.2222 15.0
2680.2295 472.40985
3712.984 956.448
957.8955 525.6269
2317.2534 606.4533
1005.81635 710.7959
2499.4473 988.1842
139.21739 519.087
3355.2258 3.1290324
3419.902 811.26086
3127.8718 658.87177
2378.4546 162.86363
2911.6143 126.14286
2739.1396 524.7442
996.5 548.7273
3738.2896 513.3158
3910.8215 503.39285
3759.7104 445.5877
3253.1748 680.0301
1788.3733 827.8933
2236.9795 140.7732
361.64816 566.37036
856.87756 640.0204
3100.318 582.6818
940.63336 900.36664
3990.5925 86.92593
2597.0967 402.0
3476.7273 987.8182
3846.5 732.0
3923.383 766.8723
3616.5652 340.08694
2497.0566 876.2453
156.08333 462.14285
386.70312 807.5625
2789.0 971.5
1065.0 53.2
2177.6562 155.6875
642.0294 407.60785
1762.4513 766.1593
2680.0188 790.2453
2628.6128 191.6129
1223.0785 190.49019
99.3871 774.871
2733.554 559.87695
172.8 618.4
3307.6807 322.45834
3366.926 826.5926
3813.198 318.57425
1594.2128 883.383
570.86957 484.21738
1601.232 105.824
3264.0098 675.31067
1280.6394 789.2295
503.43414 52.6439
2908.4583 826.125
3406.3628 372.0354
2661.962 676.63293
2650.6548 495.39594
3488.9487 909.9103
172.13158 93.1579
1879.2106 87.0
946.2727 998.5
1949.5853 71.97561
996.5 548.7273
1319.1666 655.5
2191.3794 634.0345
3158.0112 244.22223
894.44446 143.6
2097.8965 329.68967
544.88544 500.04166
2638.3333 612.5926
1502.6875 734.59375
3793.6667 574.1667
2861.1863 263.57843
3820.4092 532.1932
3522.0454 356.54544
3254.7778 320.05554
3825.4343 588.3947
2777.0103 228.24873
1138.8485 961.3333
312.11957 365.41306
816.6591 482.08334
3980.7168 236.38937
2657.4707 871.72546
346.0345 772.67816
3598.3438 828.3906
1548.3918 44.27027
196.26315 806.4474
2513.2122 26.282827
2052.689 310.0
3537.487 293.58975
3979.6533 106.10667
2103.5 978.0
3423.2263 524.81134
1709.5984 162.46721
662.7027 755.86487
745.07043 359.33804
2914.6711 549.0132
3504.6865 727.7015
37.37143 990.75714
635.3617 475.21277
1480.8 483.025
2071.526 710.81445
3302.5 593.93854
74.206894 808.0345
3549.0 445.19354
3280.4724 499.35165
3615.1035 490.51724
3291.6035 237.27586
3921.6758 958.7838
477.77942 704.75
360.52728 553.5273
2973.8206 728.5641
3408.3933 991.0112
3244.8438 957.875
2001.9269 350.92682
3874.0 739.5
3730.7974 338.22974
1803.4762 719.63495
3752.423 827.5769
2407.2903 42.16129
3564.6 544.56
79.78571 303.1607
3051.0574 536.65515
2262.5 158.78334
1320.2222 15.0
1933.9166 258.75
56.085106 171.31915
2364.5527 590.3158
615.7215 210.03798
2119.873 476.33334
1113.9429 467.2857
1711.6757 311.3919
55.75 285.475
2921.1777 768.6667
3994.581 474.3524
236.19513 30.121952
1777.1082 539.13513
2689.117 178.80519
2650.6477 249.11363
2809.1035 993.4828
1552.5989 383.19788
1132.2858 863.8095
3886.8 492.18
2360.389 122.986115
1785.5 837.5
2197.1516 668.9394
602.1208 196.38927
2267.39 853.62714
2602.4482 566.092
727.2019 344.98077
739.37976 592.519
3130.9702 70.910446
2811.1375 869.5
1583.9333 869.1778
38.228573 63.4
1613.1052 361.3509
3495.7114 901.6701
3810.8154 66.53846
# COVID_SAMPLE_16_ROI_1
632.5847 1592.5424
1761.6578 1527.5394
1606.0985 1552.6212
1754.8214 1692.1428
1743.7034 1104.661
230.34375 153.4375
827.27344 1420.0547
1106.013 763.3896
1189.6116 482.5372
902.6 1420.0333
155.06 1676.38
151.26086 1938.3334
1111.5767 1757.9141
1059.0256 833.3932
1295.5405 1585.6216
1444.2148 1485.037
653.7593 1133.1852
590.6727 1214.1273
1498.9574 1809.9149
1333.4373 808.2186
1798.8219 435.07535
972.31744 317.34128
1334.8317 1748.802
76.6579 789.4605
1679.6885 1228.7213
1986.8572 1618.2142
289.43375 1786.3132
1761.4286 1537.2322
1887.3256 1291.8372
1539.2812 213.79167
253.66667 622.1875
777.3333 1282.7667
790.80585 1190.9126
1265.146 447.53284
126.52778 1934.3611
1944.411 1770.3151
1105.5769 707.4487
52.737705 1329.0492
1859.705 75.63934
1253.3474 1919.6526
1844.5522 1032.5074
316.17044 1055.6704
76.5 1262.5
89.0202 1845.1313
1518.6356 307.61865
350.73077 1369.8206
666.2619 310.92856
1738.9032 228.03226
385.84 326.27
1101.5 1384.7712
1627.2264 269.37735
1161.2758 243.31308
910.81134 1611.1698
1750.4956 1774.292
161.82654 1518.4694
231.25 1080.0975
514.9145 1075.7236
1940.5 516.5
1879.6111 1766.9166
983.7156 1024.1284
1558.3392 1584.7678
1574.5588 356.7647
1059.0106 1506.9574
310.5 1615.5
1573.1875 1696.25
879.5946 730.4595
1826.2037 8.166667
1286.2981 1263.5577
1613.75 400.32144
772.80853 278.6383
200.87592 475.9927
1773.7076 1679.5846
624.6667 1094.9791
673.06665 1198.7333
1028.5 1483.0
1241.7928 208.6568
1451.3169 118.8169
1726.56 537.64
1675.9147 1191.378
465.2857 144.2967
1417.6765 979.451
174.37837 625.37836
1862.7283 762.56525
279.38235 251.89706
1468.7675 878.18604
33.725 891.975
1320.5217 1577.3914
879.9583 1187.6528
1466.3414 528.90247
375.1757 530.97296
1285.8474 1287.2373
1434.1848 1096.7174
315.5647 297.94116
407.6 1115.2285
1198.2291 952.7083
174.39131 458.85507
1758.6566 1018.9798
353.06 1679.14
993.23254 1171.221
1261.488 1091.448
1906.0769 1525.8269
1537.6531 1256.7347
1826.5674 813.8156
1865.2875 741.0
235.29465 1442.5983
1470.3273 428.76364
1641.2124 410.16815
1003.09 1583.85
791.337 918.3043
1204.4773 858.2955
1807.4045 478.5056
1065.16 1378.0
339.82144 686.4464
1839.4454 294.9
1107.0278 1022.2778
1464.2565 123.4359
908.8571 510.2857
1394.3273 1609.8727
375.5263 599.8947
1411.069 1363.862
50.51852 1666.7407
1664.9083 1744.5167
1549.4584 997.59375
355.39215 1713.6274
1393.8986 1118.2319
865.70935 1714.0493
1750.6565 1714.7633
415.81818 689.9899
1944.6525 1925.067
1285.1356 1652.4407
1898.262 709.0952
1931.1428 53.10204
1990.9 1716.85
1717.3359 1673.6718
1691.9344 386.15573
1529.037 1429.7314
1144.4572 307.6857
1166.9337 1272.5204
939.8941 554.9059
1548.0259 951.43964
1957.7435 116.008545
560.78766 1736.1096
1764.1732 1594.9133
896.5806 583.6559
1506.4818 1461.2482
1888.8092 315.16794
748.5106 1886.2554
1745.5807 381.4516
825.5 1383.5667
898.7521 1512.5702
1125.641 184.94872
1121.0 969.3333
1421.1187 558.47455
1924.683 1591.0975
1852.037 301.68518
745.9098 797.7444
526.2738 1102.4166
1293.4728 1793.1091
369.4023 1532.6897
742.59015 1433.4098
545.36 216.02
1776.6765 1981.402
1816.8616 245.56923
1498.9574 1809.9149
351.97562 1939.9025
765.73334 705.26666
1273.76 414.68
829.53845 268.0
1800.1261 799.12604
1068.824 1591.032
244.74359 1440.0256
180.69879 1223.8916
1849.0566 1865.8113
1066.7142 246.42857
1314.19 484.26
1200.5488 594.6951
1462.4517 1977.4193
1381.4667 1801.7667
1270.0814 1095.7325
377.0625 1485.2916
339.82144 686.4464
866.4557 1425.5443
1319.1348 1104.3546
1792.0739 422.60403
842.4186 1643.9767
879.9554 1165.4911
397.44446 119.013885
1479.4082 1470.2755
1964.7637 1860.5546
1511.6593 1591.4889
1955.4286 124.84821
199.47191 140.91011
959.8596 1834.5088
1250.3112 1784.8667
1153.1464 357.95123
1417.4073 321.07407
684.0376 484.6842
1354.4822 784.5179
1677.08 1395.04
1702.037 1630.8148
266.84 1510.98
100.44 1971.08
1532.5586 1205.1442
911.26746 823.5
174.37837 625.37836
1758.262 1796.0
213.88889 1915.2667
1880.2683 1512.2927
919.76 930.86664
156.57143 1231.8214
1825.6809 403.65958
1501.0819 1215.0819
853.75 1857.7778
1974.4231 1394.9835
434.72342 239.44681
1135.8175 1204.4745
145.30188 1370.6227
91.8 440.37143
1641.3334 1937.707
1547.8889 1234.4445
1075.5834 331.85416
901.72 305.62
1760.5264 221.7594
1928.3566 391.3101
1553.2273 1818.9773
1226.1282 544.4359
364.42453 1575.6887
1973.5089 362.125
1761.4286 1537.2322
1413.6414 109.565216
1312.8474 1935.4576
1289.8334 1707.881
465.10114 548.26404
1818.3096 1406.3572
1867.6812 993.49274
1312.0159 934.79364
109.73333 794.6148
1388.4894 1709.8511
586.5571 1037.8286
131.10606 542.1061
88.46809 1894.8511
1205.2646 1813.8235
1647.0857 352.2
1002.3467 1399.36
263.70493 525.5246
806.8148 1368.8148
880.7907 724.3488
349.58975 809.3333
1176.8276 543.36206
1307.6217 490.7254
1270.6582 1209.3038
1146.5087 1085.362
989.0143 666.2286
1365.7034 1974.1864
1352.5927 1123.9259
1565.0814 199.71852
360.5 1529.9032
379.92856 373.0
844.4516 1727.742
1310.7006 333.01196
341.03745 1552.0427
1258.5922 1541.1052
1800.6293 147.0337
43.894737 1937.6316
285.55295 1241.9647
1190.1904 1594.1428
1995.1562 640.625
1087.4912 496.29825
1353.703 1462.0792
1689.2354 508.31372
839.0183 1720.878
60.01282 1584.2435
1291.8561 509.99243
934.3267 1327.2178
1675.0098 407.56863
1415.6342 1711.7317
488.55435 1031.451
1678.4375 45.916668
538.5854 1657.439
266.65753 1690.9727
1866.8169 1627.8309
496.625 562.375
1780.1637 272.47272
681.88495 780.43365
1268.8197 1758.0984
768.3719 1173.7521
1275.4531 375.5
583.55316 750.5106
1416.1978 1697.2528
1445.2122 907.0909
1307.8298 1702.1489
1854.7142 1809.9286
1551.1298 1193.397
951.1746 1945.7778
1382.2354 121.94118
123.07692 1231.9231
617.5655 253.34525
1811.0178 1509.2858
1247.4562 1466.7894
208.2381 1627.4524
371.16278 1509.0465
37.11628 1379.7675
1605.906 231.90598
1611.1487 156.83784
1553.8116 1279.7391
454.78262 888.95654
641.5222 1506.8223
1294.4897 42.67347
421.9074 1360.7654
1603.3541 66.00694
902.7342 1609.4304
183.11111 588.5278
205.39536 321.8256
1486.7413 999.069
1591.6697 1564.844
1285.1262 1134.7281
376.70587 162.91176
669.94116 1261.1765
1755.5577 259.90384
1607.2395 954.64075
529.2239 1320.2239
1187.6976 1475.1046
1455.3167 1303.7916
209.9661 602.9153
594.3023 10.186047
1361.381 1838.0
1194.2532 817.8924
330.03226 1314.2097
935.0857 345.1
1767.6897 250.27586
1252.32 941.36
1677.7325 820.2229
1739.5536 721.4821
570.5 1334.6531
716.6667 1319.7179
275.725 1706.25
850.64 1862.38
180.69879 1223.8916
159.34285 1904.3857
1948.6935 544.0657
562.2889 1390.0592
382.58334 355.48334
1048.4103 1282.7179
724.9291 616.11346
3.2 1973.3
664.4483 1714.4138
1924.9833 976.55
568.19354 338.25806
854.913 463.21738
416.04395 294.7802
1727.2467 1302.1818
1293.4728 1793.1091
1467.909 1762.1364
574.8932 1856.4951
1527.2269 279.2269
616.08655 758.75
620.2532 1216.4684
565.5914 437.6559
379.53775 1499.9529
1271.2333 636.98334
1289.2 117.5
527.7568 275.35135
748.2222 1071.0873
143.13333 1508.6888
179.85507 885.71014
1217.6888 1593.1555
341.03745 1552.0427
1191.3062 1267.9387
1406.8948 436.21054
1738.4937 1566.6709
1581.3422 1801.8684
1952.3955 503.76865
945.7794 615.30884
822.6579 1818.3948
1054.8356 631.2192
1383.2858 1062.9375
644.4815 1783.6111
1758.5385 1555.7307
85.791664 1872.75
310.2143 1105.5476
1618.8167 1643.4944
988.908 1421.2988
382.58334 355.48334
1904.8445 1556.6111
1832.5283 1336.434
1014.68256 501.50793
537.65686 1253.2157
885.4643 1796.9286
1737.7822 1308.4597
1289.5955 1273.9214
1191.5098 1319.0197
70.354836 913.6129
377.0087 701.5217
1565.9329 1268.9104
368.34482 711.35864
771.06836 1574.2478
1437.0 633.597
1042.4271 1534.7916
1385.1212 1740.6465
1976.5 70.61842
1813.4117 574.3137
1358.7164 1386.194
1242.1666 170.33333
1678.5193 1449.7115
969.98114 1577.283
893.495 1076.7826
1618.1904 24.238094
898.6827 1590.6443
1963.3063 862.2793
1715.5333 711.7167
1423.4794 631.3223
1419.488 1236.112
374.84616 1228.1846
1785.1476 52.040985
1029.4646 1638.8425
122.33766 154.94806
1437.3795 422.38687
258.9771 1093.5955
1113.9375 240.875
120.09524 1476.4286
1368.9656 1437.2587
1657.3695 1896.8914
1897.7222 1782.1945
1478.46 204.54666
235.93259 1003.35956
1762.1646 670.2658
1649.6897 679.069
1798.8049 1123.4878
113.84247 184.9452
1043.2421 1381.9579
84.552086 274.7396
568.08984 1264.8503
424.96628 547.23596
1401.0 1294.0
1611.8636 1424.2878
1902.685 571.3307
298.48386 1896.1613
1168.3103 211.55173
340.54022 233.14943
1182.3143 1904.9572
949.25397 1378.7301
158.3077 941.10767
1352.0428 1742.9286
938.1685 821.23596
200.87325 1577.4929
1210.5897 618.4487
729.5575 1026.115
437.86206 868.81036
1901.6086 1577.6957
70.354836 913.6129
546.1368 278.04272
1630.337 958.10114
1594.3726 1285.7255
1929.8312 274.05194
582.6071 1419.3928
1216.9305 1216.75
162.70454 1527.4318
264.38235 1678.9559
1061.8269 1712.2693
1832.9535 305.27908
694.07574 348.16666
856.5248 831.54456
1048.8951 589.5806
280.94446 1404.4305
261.70865 540.8268
863.6269 1483.3582
1651.5198 1606.2599
1921.5518 1332.4138
1208.8743 1051.0972
359.92307 1092.3517
347.0606 1515.2122
1150.4166 855.5208
1881.7864 1330.6324
532.3913 831.7826
396.6216 1766.9459
406.76746 1453.8372
1788.3434 492.23495
1160.2344 1131.0625
583.7625 1426.9875
339.82144 686.4464
1206.8 643.1
47.7451 341.80392
1669.5532 1380.5745
1268.8197 1758.0984
676.2 1410.8
1124.5875 225.175
292.30768 55.5
1877.6765 1647.5883
1833.0 2.7959185
341.60464 1511.814
762.26807 499.8969
1304.8846 1267.0385
1024.7561 583.0
1859.2407 794.3611
970.3889 1051.3889
371.6 333.43332
1906.0217 770.8261
1178.7 175.06667
234.42703 871.77295
1123.9718 42.859154
1842.7567 1801.2162
636.2857 411.25467
1368.1046 234.34883
1475.0286 397.82858
564.51306 485.53043
699.08 1390.44
781.5966 271.2605
1346.6136 1339.8182
774.7857 1243.7428
287.975 505.175
1739.3805 1114.4457
536.26965 1324.6967
1747.9565 1722.884
756.44183 511.9535
738.35486 1475.1613
966.8936 525.55316
993.23254 1171.221
1643.2844 1361.7798
946.3143 1490.1714
1762.5 1766.8334
921.26416 966.15094
1664.25 1974.75
675.1163 1035.3954
612.2 362.84616
1719.8096 1386.0476
1144.1794 17.051283
1849.0769 1530.5769
1273.79 782.78
1116.5358 211.16667
1811.079 1855.079
692.3111 1961.6111
1646.0 1382.7142
844.4516 1727.742
1279.6531 1632.0613
1157.8163 1949.4082
1300.1685 1599.3579
387.45947 118.51351
209.38158 381.71054
1134.8346 593.7444
1913.3977 137.65909
1519.1278 875.8045
1715.4559 1209.2206
1281.0555 59.73611
1805.4546 1116.3182
1884.4911 845.0536
355.65 36.425
800.7985 676.84326
273.15872 571.2381
209.38158 381.71054
1580.8113 1002.90094
1351.0286 1490.5143
748.5106 1886.2554
415.86765 1754.7279
1013.4545 1961.6364
1294.0571 818.0476
661.6486 1408.7703
1578.1831 237.76056
1122.026 958.5455
278.79507 322.31146
1593.6356 954.7132
578.0357 1474.6666
98.2381 1473.0476
1185.264 1293.888
912.5952 1944.5714
1270.762 661.0119
848.375 1741.3125
494.98914 311.21738
1846.6666 466.14493
1401.638 152.0
938.211 1021.4954
1555.2885 200.34616
185.7317 1911.0853
1312.2 1779.2
726.92224 249.55556
10.375 1771.6
1071.1356 868.51697
1995.7333 44.586666
668.9796 1292.6327
185.77206 374.16177
1651.9279 1329.0619
1603.9025 581.4878
1011.1089 835.35645
165.82857 699.2857
858.4103 1845.9872
1178.6364 1054.7576
270.18182 1212.0985
491.35715 724.1071
1208.7142 997.63635
1303.0 1699.0
1904.8445 1556.6111
970.6383 651.42554
1258.6451 537.871
1053.7222 1274.3195
858.44366 62.74648
396.54053 1395.3243
1536.4558 272.93878
1097.3418 1165.5063
1390.2549 1624.8235
1039.1154 1507.7212
1137.6364 635.6818
491.29593 372.10205
1172.8125 1584.5
1193.5 723.7931
1078.1843 1070.2905
1034.3146 322.39886
502.2037 1283.5
1017.86664 1779.5111
87.0597 1881.7164
1574.56 1721.6666
939.8889 426.42328
1165.8584 1749.354
253.66667 622.1875
1474.5374 1428.806
875.49054 40.92453
1406.8948 436.21054
256.57648 1794.0941
1675.9147 1191.378
1614.0814 920.56976
634.4375 1460.5938
942.7159 10.181818
1135.3695 191.10869
328.02362 1429.7716
1068.5 539.7143
1916.4423 770.21155
1957.234 1692.9362
1128.0 605.0982
847.2222 1625.2667
171.89345 1414.7705
1270.5385 496.94873
934.9048 1139.9048
1085.3088 366.39706
1544.2693 251.8923
308.21918 1771.863
1953.1963 687.17175
89.121216 1336.1515
185.94737 1565.079
1219.723 1256.8616
784.7879 738.7273
310.5 1615.5
1470.3273 428.76364
1411.5564 1163.2256
854.0357 1329.4286
424.02063 1979.4949
196.52083 1817.0416
1270.9242 938.63635
1597.784 1142.8864
1209.2528 1789.0769
1068.2142 798.0571
1431.9656 434.18967
994.2447 292.88297
632.56604 1193.3019
883.918 1103.0
1324.0294 491.97794
685.7879 960.6212
1344.3113 877.2053
497.81396 478.48837
1301.2715 1277.5286
763.0404 271.76767
1407.4767 481.04672
1187.5 1649.5
601.3461 1294.8846
1233.6349 1107.7142
346.7024 494.4226
769.3906 1744.9531
1885.8572 955.26984
576.28 795.17145
1328.8983 437.661
738.35486 1475.1613
1899.5238 1584.619
530.6129 339.33334
47.68 920.9867
341.48 1988.72
1518.508 192.25
953.2558 733.8605
782.95917 1315.0204
1441.8219 889.65753
364.38 157.62
1447.375 1314.2291
1470.3273 428.76364
1195.8928 224.34921
153.54546 1587.5151
1977.372 1480.2644
960.73914 1574.4783
578.0411 774.50684
612.902 1372.6666
1811.1892 1789.9459
112.723404 1722.6171
1281.3016 1685.5873
359.33334 737.2564
1333.5853 64.98781
1187.5 1649.5
1702.0809 1123.2891
1413.5209 436.08334
43.75 901.11664
1334.258 91.97581
158.58594 893.5547
1142.8011 557.2216
620.2532 1216.4684
591.1688 1057.4935
113.333336 37.94872
1725.4182 1969.8727
261.47107 556.438
207.54918 1339.1721
778.7105 684.8421
586.90814 726.17346
378.45456 662.5227
979.6699 1316.2524
928.9167 1861.1459
1350.0 1608.2766
1565.9678 1205.2258
686.2286 1132.8
396.31668 1540.4333
1677.7325 820.2229
1133.9143 1531.6285
468.12424 1363.5776
1458.3055 1603.5
601.72894 1007.26166
1240.6346 1757.5577
952.4516 947.5806
1621.3608 1562.0361
392.78262 1622.3914
1747.4918 1570.8689
1751.9275 1761.5797
1430.2354 1438.2646
374.3857 1708.0143
1267.5927 975.9259
425.72415 1544.6437
998.26227 1202.3771
1008.0 1318.5897
1231.7937 1708.3016
957.74164 295.26666
43.894737 1937.6316
1148.85 951.93335
1905.1464 55.17073
1474.1844 1330.078
865.70935 1714.0493
547.3143 1371.3715
1751.0 1652.5
40.691055 839.7642
737.3585 1941.8868
251.32353 319.85294
1258.1531 1881.6224
446.10638 550.43616
1198.2523 35.121494
677.59406 460.14853
1192.253 164.55421
581.6436 583.4149
545.69696 1949.1515
867.7714 1651.2858
1837.55 1884.2167
1002.3467 1399.36
1044.9579 625.6421
691.96704 1441.2748
1992.0123 1502.8467
705.31647 509.68353
1387.2441 351.34885
1850.2098 293.55554
907.9375 1135.375
245.45 1850.6125
1262.5234 1214.2031
585.5816 620.10205
1829.4138 1747.8103
1625.6102 1093.8983
1398.6415 1387.4717
438.2805 1635.9512
1370.3889 458.31482
1241.7928 208.6568
897.8461 1827.5385
1372.509 110.145454
292.81396 1439.1395
1150.9861 337.90277
1544.2693 251.8923
580.2262 1535.131
375.1757 530.97296
1326.6415 68.56604
1752.1489 1673.0106
1628.6915 1136.3405
1669.5532 1380.5745
302.95395 1148.8158
1620.186 1106.9302
434.9892 222.1946
113.42373 1923.9661
733.6919 689.9892
802.0 1282.7354
88.25 395.83334
1690.0775 1107.1198
794.12726 1381.3455
115.02409 1486.2892
1173.5 1981.5
492.9836 793.3279
1766.8281 1819.4531
1284.7858 832.3393
1962.936 814.376
87.296295 1325.7778
1455.0 1115.1666
1323.9532 240.76636
1662.3234 1870.1578
570.60785 1255.196
704.1667 539.6212
406.35715 407.1837
1151.9849 1548.6515
1167.9824 403.89474
996.0561 1224.757
969.8525 1995.3442
545.413 1458.4891
1672.8523 84.13636
1687.192 1157.104
443.02438 1795.4147
424.82236 681.1579
404.9091 1713.9697
404.9091 1713.9697
781.49207 1856.254
1557.9656 229.44827
236.39394 1770.5758
507.0435 296.73914
850.1556 874.8222
1863.6 587.56
593.56525 1264.9711
1681.7521 1933.6777
270.51547 1449.4434
1552.6727 919.83636
1335.8837 404.23254
1716.8356 265.49316
81.431816 1335.159
909.75555 1832.711
403.71185 182.44067
8.357142 903.6429
64.16154 324.6077
1481.2441 491.46457
1348.0197 706.89545
1829.2354 1887.5059
1641.644 1371.7797
692.2714 380.52856
1263.803 435.65152
1187.0 493.5
547.3143 1371.3715
794.23334 281.7
1528.8125 957.0078
1716.1006 413.26035
963.30835 1411.4333
1219.28 1019.76
1966.198 936.0198
655.3906 623.1094
1236.5857 1010.6
245.9804 1115.804
1266.8032 516.4262
1022.4375 1553.5938
1543.0 1747.875
1909.2982 1632.4795
1585.5625 694.85095
610.7838 1529.1082
325.18033 358.32788
1021.6905 1003.4762
1876.8524 557.4918
1472.5745 1208.5532
1686.9359 1267.7821
1745.8286 1621.4
1196.847 1183.8
190.60869 860.2174
1008.6138 968.4897
253.01802 553.9459
131.10606 542.1061
1357.1313 81.73737
77.78322 580.021
1488.3219 1122.6781
903.2353 1987.447
602.4531 1252.8438
226.65454 490.78183
1293.9293 783.6061
16.44 1723.8
975.28235 1187.3647
1081.0667 1131.1666
21.576576 374.42343
315.76337 388.89313
1990.2739 131.17123
1952.0857 1951.6095
1758.5385 1555.7307
465.01886 300.70755
1743.4348 1166.9565
1221.6522 1888.1522
159.63014 552.8219
1456.9281 1095.59
1544.7426 498.9703
596.9857 1393.4714
891.328 1113.728
906.55817 1710.8837
1777.1573 645.5843
932.68 1633.43
1849.8445 439.37778
1094.8268 1204.9291
899.26 590.08
443.66666 1786.3158
648.58655 1732.9615
1863.9 1790.16
1945.5581 591.10077
1382.0895 283.99188
150.5 37.046875
1635.7257 665.54865
542.5789 1419.421
1610.0834 288.33334
1500.925 406.60834
1047.944 1098.5887
1210.0 341.11365
919.452 762.0411
1513.85 1275.525
1118.1389 577.3333
368.99066 692.4953
1089.172 638.07526
292.4898 1413.3673
1650.6666 1973.875
858.4103 1845.9872
1776.6765 1981.402
1464.596 1210.2878
1127.4736 51.157894
669.9583 1150.2916
1406.8948 436.21054
1331.3175 684.1746
1564.9073 1310.1852
1179.3556 1187.8112
1019.7742 1218.0
1262.3466 355.9716
1222.7354 528.65295
343.08334 1247.8889
158.53572 420.7143
432.5 1661.9117
76.37374 17.828283
510.14285 1956.2285
1896.5392 9.886956
247.11476 1604.1147
1818.4062 534.40625
64.975 593.85
251.13333 540.73334
1226.0 1659.16
1058.6705 656.0941
209.504 144.752
868.481 1396.6456
1326.9642 611.75
1180.5 829.5
896.3617 242.24467
1522.4894 1269.9574
762.20966 1668.9678
1990.2885 1573.75
810.28467 1506.6642
634.4375 1460.5938
213.65741 643.05554
1022.3173 432.46155
469.15094 185.75471
1900.048 311.4
1530.0793 108.57143
1217.2959 441.83673
1869.5853 1794.5366
1121.0078 1000.90625
380.62195 1534.8658
1290.7241 1590.8793
532.1558 21.116882
425.72415 1544.6437
478.863 532.53424
1655.2319 1263.6812
1697.7413 1206.931
1457.1326 1678.4579
1310.7612 463.9009
1574.7623 1150.1287
227.55357 1573.1964
246.39682 1838.8572
826.93634 522.7
1118.1389 577.3333
483.4272 1929.6505
1172.8379 287.56757
139.08 199.088
1111.7874 113.30708
1487.0 81.17461
613.5684 315.18948
1880.0952 1574.5079
1288.1904 385.7619
252.26901 155.63742
1175.8611 1862.2361
1121.6786 410.42856
1597.7097 626.29034
1482.6425 1234.6788
318.3153 1373.1082
219.36607 65.20536
956.6429 1955.3928
1561.6433 1387.091
1827.5139 993.0
68.07317 316.60974
738.82855 1678.8572
1204.9266 1248.2661
88.90124 1607.4814
149.14285 1545.8096
1488.4667 1632.5167
1255.8625 1466.7625
1271.0465 830.97675
669.94116 1261.1765
1706.2759 1846.3793
520.6087 1744.5217
1571.1666 1260.0
1514.8334 1762.9333
506.54544 1760.0243
293.19608 626.64703
1945.7969 697.35156
569.98224 223.91556
1552.1731 1810.9038
928.9469 974.4425
669.0661 1771.2067
1734.3069 509.0495
1858.1852 1488.5927
938.7071 1434.7878
822.30475 913.20953
1824.2975 164.7686
1995.1731 955.7692
1035.3636 1200.9272
100.44 1971.08
1641.3103 1466.2759
732.9902 568.32355
1685.2549 1815.098
514.9464 1348.5
1586.2179 653.2692
1093.0695 927.9861
697.6667 1909.9722
641.86206 602.9023
678.2875 1800.0125
1366.6184 677.7895
1645.3605 43.88372
745.46875 1848.8438
1166.1143 255.34285
844.4607 1408.6405
1622.9272 1305.7727
1903.791 382.55225
377.0087 701.5217
641.5143 800.4857
715.93866 1914.135
1646.6451 792.4194
169.09877 1319.8643
406.56097 1584.7561
1288.5122 1312.7805
1464.5745 299.48935
818.7 581.425
1135.8534 141.68
930.8571 275.17856
1243.4315 875.4842
927.8036 265.55356
1502.6263 1763.5824
1528.8125 957.0078
1367.8202 1792.3595
1901.4713 642.95593
1861.3948 1198.5922
1726.425 1529.425
1891.1586 539.20734
1482.3334 252.98743
1855.5 60.82143
415.0 1134.6389
939.34 525.49
700.0617 1624.1729
1437.2903 379.35483
889.04443 3.2666667
465.01886 300.70755
138.12698 550.2857
1680.7285 1422.4714
1166.0869 1341.2174
1291.4546 1713.1364
1853.556 1060.8551
234.42703 871.77295
1446.7345 303.31857
1462.1731 1895.7981
942.7708 1615.2916
100.210526 753.9298
332.30646 1516.371
506.59406 1797.3168
1024.7693 1389.9712
1194.591 1113.2651
204.3077 417.71155
1843.9315 1656.863
1619.4651 282.81396
16.538462 1288.7847
1693.6812 1468.7391
371.43396 151.98112
444.67322 635.7451
1734.5172 490.6207
1320.0728 918.8485
1523.7333 1910.0
674.96 1325.8
628.79486 1331.8206
686.4026 1984.4675
1415.1356 1310.7119
1477.5328 684.8033
1940.5 516.5
383.192 48.36
961.3077 812.9231
1607.0 840.1132
1408.5469 1467.4609
769.4595 1997.8649
755.56946 1474.6805
926.2241 1451.431
895.74 1265.9
729.46796 1006.6667
168.86429 573.3571
1681.7521 1933.6777
1452.7097 635.4516
868.8416 510.63367
1366.3818 1406.4728
73.546585 847.65216
170.7111 120.23333
715.3571 538.88574
1869.0986 1277.8451
1663.5614 473.0702
1725.5652 1700.9131
740.6829 1012.1545
466.7732 270.7732
1703.795 351.55737
48.694443 231.02777
1740.7952 1918.6989
864.1553 924.02484
539.17645 1682.6666
1570.2461 83.33846
101.23864 824.2045
1779.9131 1623.5652
1155.2937 871.5455
1979.2444 1621.1555
880.5278 1419.9861
1303.7213 213.81967
1176.6154 906.0769
708.8396 962.4434
1735.3055 1203.9166
957.38354 330.1096
1643.2844 1361.7798
1503.1072 1800.5143
1792.5834 815.25
1855.5798 967.2773
1161.3541 539.7917
411.459 1634.1803
1815.2041 1488.8572
1670.8434 1330.976
258.64285 1247.4048
285.10416 951.94794
1250.6824 691.02356
1668.359 53.205128
109.014496 1428.7681
1394.2655 26.070797
136.45349 759.55817
466.7732 270.7732
161.59375 824.125
1902.2838 421.31082
499.66187 500.8777
512.65 524.85
1565.6731 131.08653
1534.34 73.44
245.60811 936.2568
298.81885 1270.4492
656.5 1936.0
1776.6765 1981.402
81.71591 25.386364
1779.0382 1138.344
296.53436 1187.9542
1881.9615 1994.5769
1318.6621 212.0473
1603.9025 581.4878
371.96225 1756.1887
1720.5769 1518.9615
382.69696 591.69696
1903.4423 680.5897
187.0 1603.0536
1516.7671 1241.1918
1734.3069 509.0495
225.17857 1696.012
133.93182 1408.591
573.5156 810.3281
1585.92 1975.84
1902.1892 112.189186
10.72043 63.430107
350.88235 1282.1569
1173.9066 225.37912
1867.6509 841.3356
1261.4344 758.582
1837.081 1490.6216
1773.7076 1679.5846
1917.6371 1694.0968
1408.8372 690.81396
56.008774 603.0351
354.33334 311.125
133.35461 65.758865
1261.488 1091.448
979.6699 1316.2524
36.96124 100.35659
580.1429 394.69843
1521.1719 1632.6406
585.8829 204.87387
1111.0 1953.6852
1368.3334 516.8395
1263.3948 1179.6316
364.42453 1575.6887
447.74243 176.22728
87.0597 1881.7164
1299.25 1482.4117
437.86206 868.81036
1285.36 1636.44
1645.591 316.0909
1677.08 1395.04
1058.0137 1444.3699
1758.4117 1508.5294
456.0606 208.81818
1088.4255 1767.6595
185.0 1098.5604
870.96295 1482.4073
1.8571428 789.9286
233.19513 520.46344
1878.4286 68.45238
1810.4904 430.19232
847.53 1399.465
1994.6875 1429.4625
96.50495 1922.2476
1180.5895 623.81055
1462.0358 1642.1072
1544.7076 24.384615
678.2308 1821.4615
503.7027 54.981983
1716.8356 265.49316
253.71053 1777.5
985.4214 448.45282
853.34076 13.466666
1257.2484 212.24203
196.66055 1249.6605
1588.1311 1796.9672
1525.2139 988.56604
303.82144 146.10715
1865.2875 741.0
1513.85 1275.525
1482.2142 1724.9404
209.38158 381.71054
1198.7128 211.04256
261.7586 713.39655
253.18605 568.8605
1736.8572 1883.5714
437.60785 695.902
1876.8334 1300.3472
1184.762 231.82993
1077.6666 1042.3334
1320.5217 1577.3914
1009.8 7.690909
1392.7435 1644.2051
1386.473 1652.2162
1758.7142 119.28571
1502.0819 1052.2458
978.2237 9.5
91.38461 789.1539
1806.4445 1643.3334
1634.5574 253.5246
209.69273 784.3296
1266.2452 924.39624
1461.9524 1596.9048
1410.0446 414.12738
853.2478 4.973451
1407.9218 1969.1646
1442.0 903.13635
1803.0 1067.0
438.375 1586.0
1739.5536 721.4821
631.01666 1671.0667
1663.3582 324.59702
1879.3623 1189.4783
# COVID_SAMPLE_10_ROI_2
1077.7084 890.1458
1137.0405 1479.1082
870.25 1376.0167
638.53 462.22
1386.2593 326.53705
181.475 1684.025
39.151516 1520.6666
958.2321 338.125
1988.2174 1802.6957
443.0 155.5
1135.7252 454.5055
1069.3636 676.6039
968.85 1471.3286
1485.8148 122.111115
1292.1852 773.0617
1259.0869 1935.4565
1211.6517 1420.2135
142.3077 1450.0989
586.14026 1337.7256
1915.9423 306.59616
277.85507 1818.5652
945.3889 1324.8704
349.58694 1809.8043
1661.1818 1318.8334
212.7255 1210.9215
738.09375 798.46875
1182.8518 1755.8334
545.9298 51.58772
816.2963 1032.7407
450.52777 628.2222
980.4248 1213.7434
473.01828 765.9146
739.3958 1215.75
82.81982 1711.9009
1630.6538 1666.9231
716.04 790.6
1975.5588 1720.9117
678.83453 1192.8417
1569.7759 1011.0517
179.68182 1525.8636
1961.5122 1488.7805
21.58228 724.8608
1080.6907 1201.8557
1783.9147 1274.7805
1769.6923 995.1923
518.40216 1541.9891
412.7869 136.10655
141.95454 1403.2727
1370.534 1391.841
40.19718 535.08453
302.7931 1168.4828
937.63635 836.88635
879.8679 806.09436
680.375 1935.3541
1605.4352 627.2037
1454.2936 1223.4128
18.325 1274.4
492.8 970.65717
739.2222 489.84445
1480.3043 765.3217
174.08333 1493.0209
982.0 203.0
456.66037 1790.4717
591.73016 491.31747
1100.258 1978.5807
121.4 1994.0667
118.410255 973.8461
1195.29 964.87
59.08602 1841.9463
390.5946 515.37836
1283.0212 761.8723
1201.6555 657.5222
44.166668 1990.7
1156.3658 796.5732
1917.8733 1257.3944
1213.5745 990.383
1469.2646 1672.9706
926.1524 134.54286
1449.2188 1968.5781
1974.399 1441.843
520.7882 1595.6588
947.8261 1545.9565
635.7273 694.5227
1239.0714 1342.4048
1227.1177 1539.6471
644.0086 1722.4656
855.3521 648.4507
1430.375 1462.4584
1150.5581 1292.721
467.0625 858.0625
1298.0886 719.3418
1232.6316 795.3158
1334.1971 1030.2394
525.65625 298.34375
540.4318 403.03183
1116.2322 83.75893
1800.3334 1452.1333
722.68225 30.121496
1533.3805 1415.8805
499.37405 740.7939
398.6579 441.9737
968.3421 769.5526
459.74576 790.18646
1192.9459 312.3243
1508.9647 1717.4353
1275.2136 718.6602
691.52325 232.74419
1286.2151 1219.0215
1667.6132 957.4151
437.68054 759.9028
1558.7858 764.7262
51.122643 1850.6792
568.35925 893.3981
1291.6111 518.8611
784.5 529.2407
1487.3613 1305.4202
744.38464 1808.3385
856.55237 1367.1143
223.17545 1949.0878
784.0133 1880.2
381.08237 1900.4353
1010.44305 156.03798
1383.1084 1827.1034
567.0303 1020.1818
1395.8334 1280.5952
1934.5256 1979.2949
1155.1455 727.1091
1776.8223 1691.6
64.47561 653.86584
1073.6508 1934.8254
1372.4683 1980.0635
1457.939 359.0916
888.0476 1366.381
1363.1709 901.8038
1868.9811 783.84906
1608.0143 850.82855
528.6667 991.8148
578.669 27.359156
1236.2258 864.5161
1103.5834 1221.2916
1714.5873 70.333336
559.3467 1785.9467
1983.762 1187.381
517.5828 1137.4724
1574.3864 741.5568
768.07446 642.4894
1770.0 1704.4082
492.46066 1650.9663
1137.8636 724.36365
401.46808 674.5851
616.1711 233.14473
418.16666 449.6111
490.35065 376.97403
985.2778 1955.5278
1345.7188 955.5625
328.89795 207.14285
1403.1549 1440.7042
909.8611 1557.6945
1744.0317 907.96826
678.6835 1044.1223
1438.9185 981.0761
1446.415 1910.2264
310.22296 1546.7972
659.3978 1760.9032
939.93335 314.95
550.6866 1248.582
531.0 1652.6666
631.5833 926.9907
1824.6 785.6
48.545456 1777.3376
914.9474 975.2237
1576.2559 820.5814
1275.3889 1537.8611
1554.9342 145.80263
6.1190476 1768.6904
1329.9 827.9167
1670.4198 1317.8271
1207.125 953.6406
41.435482 615.3387
51.68376 784.24786
586.14026 1337.7256
362.0 563.3099
454.85483 1594.1854
1747.037 408.51852
1168.5068 1466.7397
960.8295 317.0341
367.77777 1393.2778
314.30695 1864.2079
533.2381 618.9524
326.56946 802.94446
1871.5264 29.697369
435.96295 608.55554
349.22223 157.0719
809.8226 1056.4839
1155.1394 1763.1885
1306.1786 1208.4822
979.25336 848.52
173.56667 344.63333
213.19643 115.625
1331.8462 710.3077
850.32 266.56
249.3125 949.0375
1570.8474 1289.4746
945.6875 688.75
628.116 1068.1326
1507.6381 825.97144
1270.2577 360.50516
686.0658 1933.4868
1741.0403 1072.8387
562.79034 671.9516
741.3302 255.19812
872.28815 1966.5593
1079.0222 1782.6444
1602.7656 1048.1719
167.65138 54.477066
791.2941 297.7353
1127.1279 105.51163
1054.2858 453.08163
643.9394 1200.9596
1806.9524 1887.4524
1958.9791 86.291664
894.59375 1738.9219
1212.042 701.1189
345.3889 369.1389
160.35715 624.7321
690.4783 568.12317
1380.7556 1021.5333
606.71277 739.3936
1482.826 857.0
496.75342 1138.2054
1572.3036 781.2857
8.071428 76.78571
898.2522 20.304348
1443.16 792.02
1222.9546 1583.8636
660.43475 1622.884
1298.3699 97.10959
468.34546 787.11816
1329.5308 1501.4539
768.087 110.13043
1437.4849 1483.3939
1537.1 1642.225
323.37964 379.66666
878.5823 1439.0507
477.61194 1959.3582
163.32433 1049.7162
1452.5143 492.74286
1674.7368 1869.772
44.62069 283.93103
1242.0289 921.7536
1591.514 798.1963
1451.1182 769.94543
288.39706 1939.4117
1403.3177 80.0
1526.56 1586.08
972.8889 1879.4445
1547.0676 345.63513
302.1413 508.81522
1151.9166 1643.8541
960.6531 1466.1224
514.71875 1471.3438
1205.9218 1900.4174
1456.1111 1941.7593
584.392 36.904
1374.5128 1596.0897
1692.82 392.2
1778.8798 1000.01263
590.8226 308.09677
1561.9 170.5
1580.5918 993.1429
1959.7015 1799.0
803.1739 107.0
1979.4556 93.7
299.82144 1527.1428
1564.7386 1520.4261
578.8831 1035.013
1875.6613 158.2258
331.59055 1693.7795
602.1905 1101.981
443.0 155.5
296.93152 291.726
153.23077 1131.9423
674.0494 1273.0618
583.8226 451.2097
1335.0901 1810.9313
1539.4878 1531.1464
145.2236 158.2236
1454.4048 1448.6904
1431.324 1025.3522
922.26227 876.4918
1355.2069 363.51724
1960.1428 743.5476
222.875 1694.8
1198.1208 895.0067
608.9804 1994.196
1648.8734 821.2152
448.9452 1793.9863
1258.3549 1213.5483
1573.056 915.972
1395.6552 598.7241
1529.2823 1955.5647
788.34546 1780.2727
570.24176 940.10986
1539.1034 384.31033
1175.6786 1273.7589
1894.0 677.54083
533.0417 580.125
30.292929 340.0101
1903.2206 992.0294
623.3333 1452.762
1062.2887 1728.4124
1836.6364 241.88637
636.4706 837.91174
1073.0 1892.0
1774.5272 1994.1455
1179.7037 1300.1543
1625.2935 383.03262
1823.8572 1857.5714
250.82191 755.35614
1399.6555 1511.7333
112.375 1740.8438
758.97974 387.61487
1286.945 295.05505
1199.386 601.3684
1992.0968 1223.0537
899.34784 763.34784
1211.3036 937.4286
9.133758 482.14648
1359.283 318.01886
734.9839 748.20966
1447.8309 1052.324
1105.0724 224.48027
1295.5847 221.37704
473.5 1710.8
1407.5352 600.6761
802.68964 63.03448
213.0125 10.66875
738.7174 1802.3043
948.84375 104.375
338.86365 1697.841
1731.317 1796.5853
665.6214 1771.3071
1023.2917 1870.0729
1749.841 1068.2727
1039.2297 1994.9324
1870.5272 796.4545
1.8965517 682.31036
1369.025 1505.9
982.9506 1259.4321
1366.3059 1984.0824
562.17645 463.5
173.1842 791.5921
712.1286 1469.2285
1173.4299 1856.1869
931.73505 752.0171
520.3288 1868.6849
311.89774 1840.716
1707.6154 1577.5385
1542.2759 1223.138
1046.6166 708.3534
1181.65 1896.15
321.35593 865.20337
1431.4773 1285.1136
726.12726 1217.8363
517.5828 1137.4724
1508.0 1371.585
670.1913 336.9478
655.9286 1851.6964
825.0992 988.22314
1591.2803 77.77273
597.4865 1262.5405
244.21333 1795.5867
1206.4878 902.87805
1572.3036 781.2857
1705.475 1468.9125
622.86365 1780.0
814.93256 1738.0562
267.77942 1407.9854
1534.15 778.4125
1206.2128 534.7234
1488.6975 834.84033
1827.9166 1123.5358
1257.5927 1854.7284
665.5 425.5
713.9483 912.431
24.555555 1481.5679
460.51825 1405.0219
1004.7672 1281.6085
665.5325 369.84415
162.25714 309.7857
1455.6309 1306.4678
618.2727 423.97272
659.3978 1760.9032
121.460526 1635.75
1594.9255 34.340427
1383.3529 1239.2354
200.18182 1679.1559
1184.0851 1945.6383
760.7692 1500.9231
1573.5752 1090.7168
1655.6617 93.73529
1857.5223 1890.8657
914.1797 149.39062
1926.0741 10.962963
1278.5641 1579.1538
1562.4595 1825.5
1178.4862 496.43118
1891.5143 1379.2476
1886.6936 183.30646
783.5783 1933.0
1574.3864 741.5568
1197.5614 1243.2982
1281.4203 834.2754
1468.228 1793.1578
298.82022 1920.2023
445.65152 1254.8334
1617.4375 888.625
1177.875 246.5
1871.5957 5.2765956
1084.6031 1824.3651
416.94232 895.0192
1486.1067 1278.2178
1239.8555 279.34137
953.95 1982.8
1457.2069 388.2414
50.70213 525.06384
841.6941 326.11765
42.487804 1411.6464
1719.8591 610.4648
173.2973 449.13513
1012.1698 1248.085
280.94232 1483.1538
994.24615 1301.6154
1995.2916 1909.6389
1366.9154 1955.377
1234.5735 518.06995
958.1539 832.1859
1632.0883 1885.5294
909.37115 99.87629
1927.7977 1079.5955
1610.1428 1910.6813
1217.2535 1318.3522
707.48303 1176.144
579.17645 1438.2941
934.2245 1708.3673
552.881 943.2238
544.60376 1918.2075
1697.1333 1602.0444
1257.8088 1455.3529
277.57144 926.9286
381.76666 788.51666
1175.8596 942.2456
853.5625 768.46875
1107.5508 1440.3048
449.45947 526.1622
259.34375 1911.0312
1101.6327 113.29592
506.91565 982.96387
1051.0758 1017.74243
796.9655 266.23276
717.7143 1846.4286
834.3905 1444.4556
1097.419 295.85135
1238.1046 736.6279
794.2155 1105.2328
1678.6562 1713.2812
943.52576 1548.5258
563.42053 854.3645
1506.44 88.89
1314.789 1032.6111
447.47675 167.60464
724.89026 163.81708
409.56668 1494.5
389.34445 1901.6777
1211.1 1479.4333
471.20407 100.244896
822.8315 51.64045
1571.9789 205.22536
418.55554 91.744446
1576.0 1903.0
1758.7778 1658.254
398.58066 398.64517
485.87943 431.5461
1586.428 248.68468
1544.6786 1396.1786
957.1494 1199.1609
240.95312 1982.875
901.04254 10.138298
1912.68 71.78
501.76596 425.87234
319.72726 1892.509
145.2236 158.2236
1341.1368 1733.7158
1778.6428 1188.1608
1640.0592 1247.0444
613.7045 109.67424
599.11865 108.32204
1486.6588 1808.5177
221.96774 628.30646
1319.5977 1046.7471
1487.3158 1870.079
1210.5454 1689.909
792.5921 1122.9078
1761.0938 1974.5
748.83527 1284.3412
997.64 1113.992
1303.6796 1909.9126
1878.8438 851.6328
98.666664 141.4
1817.6666 291.2
165.2 1525.7819
44.972603 977.53424
1490.814 1081.1628
1502.6183 371.3893
1449.3334 1600.3975
589.93024 1208.4186
958.4516 1791.1774
823.73334 1520.1833
1484.1549 808.2817
455.32654 934.0612
1272.3257 1735.16
1334.4935 742.79224
520.3288 1868.6849
991.9802 1124.7524
1234.4912 1024.8422
1284.5122 1883.0
650.025 561.05
546.169 480.84506
1737.8937 1138.1809
546.0755 355.3585
1601.625 1417.5
1190.1091 951.2
1191.4103 1315.0897
1184.7693 1354.9487
210.84091 1360.8182
1185.2727 1783.659
1492.5834 1351.1528
1664.134 1605.0619
1989.9833 1811.9584
784.5 529.2407
1344.8961 289.987
128.60715 422.26785
1184.8982 1603.25
37.79452 1583.548
602.3333 113.85714
1929.2529 360.26437
1986.5135 1676.5541
753.44446 1302.9877
330.80304 1047.3636
1175.8596 942.2456
698.3158 12.389474
1602.234 723.19147
1946.8611 1504.3889
731.63635 1641.5758
1076.0 183.40741
881.2941 1873.9412
891.11664 717.625
842.8053 1738.6106
1040.8734 1845.3544
701.01654 1887.1984
179.28181 1432.5
1541.0222 1489.9556
1121.7102 368.10144
91.111115 1826.0
736.7744 1001.689
1193.186 1839.4651
1597.2703 85.33784
1319.8182 655.8
1160.091 1638.091
164.55933 1367.4916
967.6087 1498.9131
1590.5057 871.0909
1155.0303 555.30304
1411.3363 291.57272
1342.3053 1756.2947
589.4488 1359.7086
386.14893 780.2341
1541.0222 1489.9556
773.35376 34.14966
362.53522 1418.662
1322.1818 3.7386363
577.2143 942.449
1751.0869 1369.4348
1961.6923 1387.2693
1558.9207 663.2778
1478.415 1610.6415
70.01212 303.5091
1192.5807 413.35483
1473.0739 370.05368
1901.2778 149.26389
1337.1892 1897.6216
465.40677 1294.322
83.20175 1644.0088
1347.721 1511.093
1741.509 1514.6909
1635.5098 823.7451
570.24176 940.10986
739.44653 346.17676
293.5238 1892.762
1208.2772 571.1881
864.0 662.0
1937.3135 1089.3513
847.2195 718.59753
361.77216 462.13925
1138.061 169.15854
1052.566 1888.4529
1144.961 1314.961
1339.449 860.9184
1332.5245 178.72131
1032.4722 1112.6666
973.4889 1246.4222
1102.325 1346.05
1336.6184 275.9934
157.55556 1449.289
1183.7053 1669.9286
307.43054 703.3333
19.2 1450.4445
240.70833 1569.0209
767.1 1388.975
945.95404 346.8506
676.3644 430.2034
1631.1025 768.12823
716.86487 868.5766
278.3846 1471.6154
1262.4144 547.72974
865.3012 1488.0361
1534.1 1181.875
529.92755 682.058
770.4074 1840.6296
363.07526 1523.3334
1120.5591 1145.699
628.3908 705.3908
1928.0322 1064.7983
1652.9836 266.9836
881.9231 784.46155
251.97873 1304.8298
106.29114 1130.038
731.2953 1758.7316
592.95404 32.45977
1158.5714 1475.881
838.7295 90.60656
541.7037 1075.2222
1623.3036 261.30356
349.22223 157.0719
904.9706 228.33824
1685.5867 1120.1733
983.2568 1408.8918
992.1948 247.83116
1743.1884 1490.4348
161.59872 416.24203
1363.2291 46.604168
345.3889 369.1389
1291.6111 518.8611
519.50604 1239.024
1776.7037 1592.0
720.6202 396.99225
1465.3541 901.1875
114.64151 1592.8679
686.0658 1933.4868
640.29333 806.1067
1077.2042 761.1197
1808.9714 1220.6714
781.98114 1533.8113
725.5517 1471.2413
1754.4198 1862.1234
541.413 1901.5435
386.38776 801.0748
1455.5741 470.81482
504.1216 1569.5946
596.28986 118.565216
1712.8221 902.1595
1256.127 1332.0238
161.59872 416.24203
1935.2858 366.4643
1141.4337 715.14795
1744.25 232.65909
1186.3037 689.0
801.36505 1087.0159
1787.2775 1087.7977
1006.3333 1460.0416
681.87177 929.8205
675.80884 1954.7206
959.5789 767.3553
486.67606 37.140846
1028.336 741.7049
1936.9535 1455.6976
117.90476 1460.9048
7.245283 253.03773
1812.3778 44.511112
270.6415 1167.8302
1076.395 320.8395
1217.279 626.4651
563.8611 835.6111
1921.6154 273.25
979.25336 848.52
1461.7051 1490.2435
298.55814 1694.279
630.2376 408.82178
902.4239 1329.1957
1341.5 480.96054
1552.791 1882.418
244.21333 1795.5867
1931.6666 1555.3175
1924.463 303.66666
382.08334 129.75
744.5231 1858.1538
87.10227 1419.3636
1343.6863 1493.8823
597.1081 181.64865
1057.2389 1477.1681
396.21817 1357.8545
369.16867 36.746986
1495.0328 1505.1476
1707.3572 209.87143
743.6962 1078.557
1710.7113 1294.8866
1251.8715 735.38574
971.73914 440.0435
1769.2709 93.0
1290.4348 884.13043
492.46066 1650.9663
1627.2441 1486.7441
1767.3334 742.8571
1553.1915 1324.4468
899.52893 1708.7604
451.8022 470.65933
1374.807 1738.5438
951.88464 785.2308
1981.0186 763.0741
1674.5226 1131.5355
1803.1364 105.795456
583.1786 1247.3214
1282.3889 1868.8195
1441.0834 1975.6666
308.61627 995.5
1468.1578 626.1053
1730.8405 953.8298
262.0 49.0
1817.8103 1375.1207
180.39285 972.1429
1671.9333 1549.9333
1933.2869 1026.0465
1217.194 747.6418
1302.4972 311.3842
1744.1085 1585.5714
758.7111 198.08888
1901.3334 30.125
1619.711 10.677778
1593.16 1920.64
446.07144 761.119
1188.8572 1894.5306
1548.1538 1727.8462
1674.5226 1131.5355
1822.6 1998.475
697.34546 132.90909
289.9013 1279.4736
615.5909 1170.2727
582.8564 1114.6102
1429.875 784.2981
170.32076 1235.7548
1221.4595 1889.7838
229.30338 1643.7191
1787.1039 1772.4155
1145.8889 919.0833
800.14813 601.90125
1723.6111 1135.7556
1430.4667 1824.4
1782.9633 1577.9725
480.18094 1483.2095
1324.1506 238.19179
398.64444 1904.6666
502.20636 843.9048
830.2909 1681.4182
1332.2307 1941.3173
287.73984 56.674797
108.30159 1175.9207
1424.3922 1920.4314
1328.7294 492.0353
1513.841 1067.784
1233.7524 1797.6534
25.063694 517.3248
960.6531 1466.1224
1239.1852 934.8889
1142.2236 184.85527
1530.2087 209.74783
1280.2659 1240.4304
1669.4832 1330.6293
15.9765625 1556.6484
1478.7727 1188.909
1199.4216 1749.9398
472.57144 1491.3214
1631.4313 1237.8125
1661.6129 561.0968
1446.925 1563.05
1634.869 1046.4524
1035.3334 1222.4774
1139.2162 1612.0676
1257.8088 1455.3529
490.0182 700.0364
357.23685 569.0526
1524.186 1517.1395
1716.4634 1323.5122
1710.7113 1294.8866
1403.5685 1993.1895
1308.8541 3.4166667
394.64062 510.14062
1316.8772 1521.0176
903.88574 26.171429
550.94934 275.35443
1301.4592 563.2296
26.093023 1443.721
1448.3182 1920.7954
1246.5518 1144.5862
1800.8085 1134.7872
540.4677 470.46774
1338.7073 1868.317
1725.0322 1348.43
1203.1566 1618.3132
1720.2 1280.5555
393.48236 1605.6705
904.9136 110.51852
3.9156628 1661.8916
349.84616 451.05127
864.6989 1558.0
312.0198 1312.7426
890.4667 128.17778
1258.4694 861.0
1318.907 1086.279
1212.9697 1679.1818
1589.0234 1052.655
336.03796 1455.1519
775.3871 663.4
994.7 876.76666
939.1781 863.49316
1190.3684 1500.1974
834.65924 1836.4297
116.74074 1864.8148
1402.909 541.06494
1167.9395 1744.0605
1760.8788 1428.9697
1725.8438 1810.4375
1.7586207 1925.1034
180.39285 972.1429
439.41284 31.12844
72.508286 426.1547
787.2241 868.15515
771.9872 190.29488
1828.0266 1941.1067
1162.9619 1659.9238
520.1707 757.4878
1230.1769 1157.7415
588.875 735.0455
741.907 1638.4884
1243.218 251.32526
125.589745 431.1282
911.17474 739.534
1518.4464 1679.9108
1961.6771 1869.4062
290.74286 1689.9429
1322.4242 1425.7576
1547.75 814.13727
1101.6327 113.29592
1285.6761 808.2857
422.74765 384.0
620.71875 810.71875
1438.6824 903.15295
1339.4333 1066.6666
698.12823 1523.4615
578.8372 620.18604
715.0 1714.8524
1040.8734 1845.3544
30.190908 1308.8273
1706.0 1908.5
1571.8701 1897.1039
50.45 803.375
1640.6888 238.06667
1824.0588 314.05884
1517.619 410.57144
1656.1827 1239.5269
1226.125 1785.4584
306.56522 1854.826
1760.4524 1703.762
1997.6976 295.51163
1815.3485 1176.2046
1708.5333 221.15
1995.317 1355.8292
1380.9022 1466.188
1846.8113 264.45282
1860.696 762.91174
912.04877 1160.5122
1284.7273 1769.409
1780.9546 144.59091
897.0 1154.5
356.85715 541.6531
390.5946 515.37836
958.18665 1016.17334
717.7143 1846.4286
509.66666 1638.4667
151.14706 1101.4706
512.6429 1708.4082
540.9101 1432.4944
116.23622 1607.9921
270.2143 16.285715
1891.5143 1379.2476
127.28 1988.1733
53.185566 1178.7217
1458.8928 1077.4822
900.7917 1457.3334
1105.2 1382.9143
882.6905 859.5238
1859.925 1401.8
1524.1428 1503.5824
1031.0156 1859.9062
1874.2325 1088.8489
1214.7152 449.47018
1669.4832 1330.6293
306.05884 919.7353
1943.0312 1729.9062
907.2373 1462.8813
1633.1127 1974.4507
1287.7013 927.2857
680.7328 367.05173
1064.1632 1113.0918
632.5476 1761.6666
1620.7875 1673.05
1283.292 875.7168
218.1282 1653.2307
701.3333 1996.2963
1434.0469 1742.0312
513.7083 1858.5
225.79874 93.73585
448.22223 1225.2323
101.16304 1522.25
946.44446 261.4074
233.17857 599.4143
768.55206 1565.6041
596.54346 809.06525
958.4726 157.31506
1185.0449 1535.2809
1004.17444 75.558136
1722.8524 1402.7869
570.35614 465.80823
857.2364 1755.409
1597.9166 1552.0
636.2727 1401.1364
578.2963 1445.5741
1130.5369 43.010525
1216.2018 1449.6055
1584.0978 1211.5264
1242.452 408.17807
1463.1063 1546.8405
402.52728 364.94547
878.5823 1439.0507
1584.494 677.5542
1138.3966 1129.3966
1023.2733 1190.9266
1848.5 1924.9117
1565.2222 1306.9814
1958.6094 1994.4688
447.78378 801.32434
583.81036 880.0
197.78261 1098.8695
963.8919 894.2432
324.31146 1419.4755
527.7851 656.2066
1654.92 951.14
1270.44 930.2
691.45715 520.45715
10.271739 743.98914
523.2826 1568.7826
594.4912 1018.9298
269.05634 1317.4789
211.58333 1842.9584
5.571429 1983.3062
500.61176 1651.2471
186.21568 793.1961
1576.2559 820.5814
800.9877 1303.5186
1193.8136 788.98303
1808.4546 1464.25
1909.3895 1353.9474
1847.7174 300.13043
1451.0 695.26666
175.22223 965.55554
1162.742 553.4839
1289.1818 1677.1136
538.9136 1749.7963
267.85858 1103.9293
918.36707 585.96204
1082.1471 848.0294
1156.8572 1554.8068
251.2931 1092.1897
1090.3226 1584.371
1239.2544 765.6491
644.3816 1962.8684
1354.534 774.9318
274.0 1608.1757
1419.7709 1409.2188
715.7453 756.67926
1444.6605 443.50458
100.67816 1180.6897
666.7717 1007.68475
990.9815 1248.0247
758.875 1274.0469
1038.6586 1622.1708
995.4583 1466.2084
208.24562 1847.5438
1738.8536 1508.7561
674.1262 1370.9708
994.2759 734.4138
1990.0594 1506.0396
1162.6595 724.31915
961.59576 1809.0851
695.89343 965.06555
1632.0883 1885.5294
118.45206 1962.0137
506.7857 930.2551
1654.1642 1613.6418
72.695656 1784.7826
1289.1818 1677.1136
1944.1604 1452.717
436.59793 489.28867
1552.676 1522.4789
1860.5454 835.0455
1910.0 1938.4869
22.04878 1080.2927
1604.0303 67.464645
1886.567 725.3402
974.4516 23.290323
353.4433 941.7835
1407.5352 600.6761
1812.1724 1576.3707
1156.1724 216.10345
569.44 1767.08
333.5965 372.2807
400.55725 814.12213
278.1 1165.4667
168.57648 1827.153
1932.0714 1387.2142
885.3391 135.89565
1064.826 498.73914
874.98334 579.95
308.37036 1320.642
251.86792 256.33963
356.24347 870.0696
1670.4314 891.5686
1137.0405 1479.1082
720.6202 396.99225
259.33636 923.13635
46.51064 1582.2979
1289.1818 1677.1136
636.3939 218.09091
490.34784 1638.2174
1738.4314 1122.8235
494.7342 1500.2911
621.548 300.76712
1876.7805 152.09756
182.30556 318.5
504.3924 1257.481
1421.0322 163.19354
704.4421 887.2737
521.75757 1664.4242
1924.0178 315.7143
69.04348 1988.8695
588.875 735.0455
1476.8202 714.05615
233.55 35.0
1001.6383 1652.3191
1487.8767 1122.411
1306.1786 1208.4822
1552.9108 1132.4464
424.2517 403.2857
1863.25 22.264706
1302.1389 266.55554
1798.9688 1035.4688
45.113636 997.36365
1379.1936 1744.8549
1285.7927 40.591465
1244.434 775.5283
93.048195 1714.9277
1273.1333 565.70667
930.8461 191.34616
868.9355 1949.242
685.1951 1213.7073
1080.4742 1251.2166
947.4932 1535.4528
621.02563 1911.0256
459.23254 368.68604
439.19446 1737.2222
214.31818 1974.0151
1525.8943 1056.0569
1813.5614 1841.5614
575.4032 975.19354
1877.7252 1427.5714
307.14285 1595.5
989.8333 1191.369
1334.3861 1489.9504
243.9759 888.5422
1518.2413 996.9885
694.375 662.625
1925.6443 1250.7019
829.9143 373.57144
763.2449 1853.3469
871.9194 661.871
1508.676 868.5141
380.9737 1550.7632
1380.9022 1466.188
1074.7404 376.43268
1426.3857 377.92856
606.22076 10.87013
818.6071 802.6548
906.0213 1374.7446
649.0 289.97827
837.8143 1463.2858
804.6667 1872.4921
1522.5349 731.4186
1487.8228 1063.2659
782.8936 1787.234
758.13635 522.0
831.0 888.1194
1523.8292 798.2561
907.4138 703.13794
1166.2344 1947.5156
1709.5 1943.5
138.02803 1748.8691
1576.7949 1240.4615
1744.1085 1585.5714
1407.5352 600.6761
1629.0869 1467.3152
541.2308 1576.6923
226.608 1651.488
468.34546 787.11816
337.28302 977.5472
1345.7059 1190.0471
1832.386 6.359649
1593.1177 290.05884
1541.5769 1022.90173
1234.591 111.86364
119.13333 273.02667
1156.7709 221.8125
1859.925 1401.8
476.41727 677.2518
884.11664 549.8
630.0594 969.43567
597.1081 181.64865
1215.5758 1766.1212
1346.0194 1289.7767
1346.3334 113.5
608.9804 1994.196
1995.1608 840.8125
1777.9307 1497.505
365.02063 1450.8145
1024.0349 1312.8256
1229.4067 196.86441
441.57144 722.3214
424.1111 603.7593
1185.5264 763.3947
600.0476 238.35715
436.24677 1882.2858
1725.9712 1594.3077
1860.5454 835.0455
440.16394 1259.8306
742.8274 1231.2322
1294.8667 841.13336
985.6667 997.63635
1556.4762 1792.238
1192.2433 867.8378
572.7315 1530.5555
1540.3816 1755.0132
1307.161 917.79663
777.2727 1862.7122
454.55768 1971.5769
1380.4706 1284.3698
1980.2628 371.9927
468.0645 1432.5807
447.375 560.3875
1651.9121 1850.9011
1215.5758 1766.1212
962.36365 1798.6182
1298.3334 1418.5333
911.475 1053.175
563.42053 854.3645
1039.8766 1420.3334
773.35376 34.14966
816.2963 1032.7407
1430.5641 464.46155
1436.8572 1993.4108
787.0804 614.6161
# COVID_SAMPLE_10_ROI_3
1432.9429 219.67143
1071.7849 69.354836
1013.7037 1656.7222
1749.7794 924.9706
589.0 822.55695
688.5566 1785.6698
1586.3906 1814.5156
823.60297 1288.7354
1548.4166 1569.7916
1118.7822 1061.604
530.6747 434.87952
1832.0 72.0
1983.9727 1768.6713
779.6442 1685.1057
1934.4025 1417.4634
917.913 1691.5217
379.1207 880.3563
1717.8096 1008.9524
824.0339 309.27118
1496.5238 768.619
1771.0167 953.63336
496.44827 445.68967
686.5303 1271.0
398.23456 271.35803
1474.1428 722.119
1925.0922 1524.8684
1730.598 1834.7354
1198.2821 609.38464
1785.0 1230.4073
634.6087 5.2608695
511.272 1400.28
1977.5256 616.10254
1979.0197 566.62744
1620.7383 466.52338
159.26744 1884.6976
1135.3813 760.93646
687.7959 911.0
1233.1814 1738.1628
1375.849 461.49057
1817.8672 1605.4141
464.6081 326.6216
358.63333 1597.6333
812.9677 183.87097
1531.179 1816.5264
866.13434 1146.0
1312.3334 1573.2565
795.9778 435.46667
254.1875 779.0625
1072.7727 1635.6455
1824.3739 70.53043
1144.027 200.83784
1665.1212 1316.8485
1532.537 1321.7222
763.5741 1099.0
1003.26044 251.91667
1153.6471 1591.0883
1325.6923 613.95807
27.137932 1853.9138
235.65384 629.1539
1391.4073 1549.4445
1659.2307 526.989
1590.8043 1638.5869
710.5655 561.67584
846.34784 863.34784
1677.341 991.3409
841.1184 1285.8816
1961.7341 1957.9747
1700.5143 397.6857
1692.55 1785.62
1267.2124 59.486725
302.51852 517.58026
617.7083 1095.8472
774.81195 428.3248
1325.5 1044.3529
1452.2094 1607.5116
1243.1666 1306.4166
1740.2789 1137.7347
491.76923 74.07692
978.6071 1605.6608
1301.7206 981.89215
878.10345 692.7069
1991.3729 783.322
695.06384 1554.2554
1914.9 1266.3
509.2807 958.3246
1296.2032 1442.5934
1417.0 1526.0
639.96704 234.54945
633.80646 1516.3064
1296.8125 714.1458
1540.0381 1471.7428
1109.4554 1551.3268
77.565216 435.26086
578.9515 1541.3204
449.9469 751.83185
203.0376 304.22556
1686.5411 1313.153
634.89655 528.4655
696.6269 1470.0597
263.05334 784.86664
1294.0 1112.0251
1306.3914 1807.0869
905.087 1085.5217
1095.5641 1819.3975
1189.4517 1096.5807
1774.6213 1410.9708
969.4958 551.89075
293.11865 1656.1017
2.0 588.0
577.69446 378.79166
1483.25 242.96428
1704.8 1669.1
1831.7424 1331.1061
1007.4091 1795.8068
1979.5726 629.7742
720.1731 1288.125
65.068184 161.59091
1556.0143 1401.9
745.7479 782.5714
1334.909 1319.909
1800.9259 1400.3704
511.59277 404.70587
669.70966 265.4516
631.5417 1709.4584
99.052635 1442.921
1179.8334 469.53125
825.81915 584.1277
22.262295 571.39343
190.42105 444.89474
424.62964 1778.0
1334.6428 143.53572
1342.0159 568.9365
408.08823 286.2647
1219.75 21.928572
1531.6957 510.47827
1764.4286 554.4
1968.8413 474.38095
1007.2124 1350.1681
1777.0 1606.0
1760.4062 1539.5312
712.24243 156.85606
1547.6818 1309.2727
1391.26 1636.99
1474.3907 1169.9885
1442.2593 1599.1111
885.0274 570.8082
408.65384 1350.3462
704.86664 951.4
25.859156 756.1972
944.875 868.3333
557.6604 941.7547
1960.96 946.4
913.4 1733.4182
1215.3077 1831.3397
945.8393 1066.8214
1002.4314 793.2157
357.34286 136.57143
1903.862 1271.862
1099.9895 1744.8632
291.0 445.5
403.73914 1900.4348
547.7826 902.2174
814.0352 937.7042
734.67444 272.44186
633.1172 1424.5859
1163.4708 62.506725
1328.39 1036.67
1449.7246 1056.6666
1715.4177 1401.8861
1756.0975 551.12195
320.8095 1128.238
1995.5 445.60715
1824.8572 1610.8392
1600.31 556.99
1243.9775 839.0337
1147.3146 815.6371
1494.7361 191.90277
1841.4066 1851.5824
705.78644 1056.6602
1919.1837 1248.6938
1836.7639 999.3611
1138.8987 513.7848
1901.5834 864.65
136.33333 1344.75
1253.5883 734.58826
297.0 1340.4333
903.6852 1263.8889
1877.8572 1206.8096
584.7971 1111.4058
1388.8235 441.86273
592.6721 1659.8524
1661.44 1862.54
752.7586 223.7931
653.3137 272.07843
1507.5151 136.48485
404.875 1096.425
1314.1451 1478.4517
300.41306 1001.4457
1766.1702 1348.5319
39.52381 861.0095
1187.8616 1374.3385
1634.9286 1346.1786
1171.5172 1287.8966
1480.0385 1632.0769
1560.5278 1736.3889
1527.1034 816.2414
1052.6344 307.96774
1860.9255 52.648937
1001.8148 960.5185
688.5566 1785.6698
294.0814 1005.56976
803.26086 796.06525
469.57745 1832.4929
296.5634 1860.9155
191.70409 513.9286
1780.7612 1920.6119
1898.2878 837.0303
1406.8524 1619.0
1091.7838 70.12162
381.2353 895.9706
768.3125 1930.5416
655.1104 817.8405
1051.3489 1095.8837
1038.9135 1464.3943
1323.8302 926.7925
23.683332 717.85834
1249.3846 113.89231
1520.5471 1763.8868
352.1 1544.3583
1923.2413 1298.8276
1574.6207 1396.7701
1554.5271 567.6357
1824.4517 1316.7742
1253.4 1591.2
1536.05 938.85
703.3261 1216.2391
622.6264 1413.3956
1363.1077 1629.5846
1972.279 1233.7441
273.2973 162.97298
1231.1389 1619.5927
691.94904 1009.0573
1172.4606 937.1842
1221.7 876.0333
1182.0555 652.0
680.9388 1494.0613
1602.6118 1400.847
123.15 199.44167
392.41428 71.07143
778.95123 259.0122
782.3571 422.82144
966.86957 997.4783
1466.1538 1077.0
1860.4459 1413.5541
295.95 121.51875
1377.7 563.4278
726.24286 1347.9857
644.75 413.9
1080.4678 1879.6451
155.71428 1821.6493
1724.2322 1323.3928
1632.4963 586.3259
1818.7826 1291.8695
864.0893 1439.6072
241.28302 80.79245
795.9778 435.46667
634.1 33.644444
558.2459 1121.1803
524.4954 972.9174
1443.9429 260.57144
877.13544 1170.8854
1350.5347 855.64355
354.90244 1273.9756
844.25 585.2344
1672.4828 1560.5172
256.66666 974.8889
1218.2285 1605.1714
427.4151 1348.0754
1546.0267 781.492
457.66666 1351.2222
1548.1333 975.9667
619.36957 1617.1086
910.37335 468.37332
1533.0891 980.3267
1430.3096 437.0
240.47423 512.82477
1582.0 11.735538
1209.4127 1905.246
1151.6538 1006.0961
286.3908 1928.4597
297.58975 1812.2051
1388.6824 343.9647
1628.6774 1538.0646
809.44183 1206.0233
175.8125 1266.1562
198.176 69.752
506.65518 1042.9482
782.4752 586.9703
735.9 1645.62
1436.8029 765.6479
1419.4944 897.0333
1103.7317 1885.5853
212.30302 138.81818
1442.2593 1599.1111
782.0292 54.40146
588.9844 1676.1562
817.1531 760.3571
1600.1111 401.77036
62.074074 1009.321
1684.7397 1571.9178
1467.9546 123.454544
1062.1132 430.66037
173.88095 568.4762
1272.4392 1439.944
808.087 299.19565
1124.7822 1780.7327
1055.7222 1994.5278
355.37778 452.46667
342.32352 989.58826
1091.8252 202.86407
1730.5385 1661.4103
1344.3279 1088.6721
1186.375 951.3125
1673.4911 621.7054
1219.3684 91.47369
975.0833 1826.8334
1019.2772 1006.6238
303.6875 1988.8959
1884.909 433.39395
182.69388 186.0204
412.46054 808.5
1205.8611 987.5
1983.0741 701.1111
816.3953 1879.279
1427.0294 1561.3529
423.2857 481.1905
1370.0667 1553.3833
309.08334 1248.2291
1322.7106 1348.9736
426.57144 547.6964
16.076923 684.96155
73.89655 402.05746
788.39514 156.64516
459.63416 615.9268
1456.0 24.5
1612.8877 692.7449
248.09091 651.4545
786.3226 127.30645
667.80554 1626.6852
1552.8019 678.3679
1565.9612 1269.2233
68.741936 153.51613
1097.3103 1907.1034
74.318184 1677.1061
1443.9736 276.05264
841.8333 211.33333
230.02655 1977.2655
1313.3898 1964.9323
1700.8429 315.65714
287.5625 1262.2084
708.0 1663.3572
429.81915 1840.5426
172.17857 677.5536
559.44116 412.79413
1446.5741 1423.4073
627.37616 871.0826
1154.2544 645.4737
1266.84 1685.28
827.81354 381.52542
1092.6056 147.7183
1072.5555 1961.3175
250.74483 141.42068
382.7738 154.82143
461.5 551.63336
732.94196 766.54193
61.37838 1372.3243
1632.115 1752.7126
861.47 884.01
640.31775 103.747665
377.76746 1187.721
1545.5555 1606.6666
511.51797 279.97122
842.32 508.56
958.78906 669.39844
593.65125 716.7605
1893.5154 1639.6692
120.607475 18.331776
546.6375 1600.0125
442.2289 526.8554
374.28 491.66
305.56604 1067.4246
1262.1782 730.9109
1547.5962 966.7692
1873.7 1866.7363
153.85556 133.81111
1494.6809 236.05319
216.5091 1174.2424
577.8143 1645.1571
1884.3429 1585.8429
1322.8148 241.59259
1308.3727 1063.2273
1885.6316 441.26315
1562.2 1034.3636
1569.7412 391.25882
1059.6929 897.81104
739.95917 1228.0408
1300.6307 637.2
886.2857 831.9643
488.23456 1454.0123
568.80164 1533.0331
1552.2858 1594.2858
143.95349 124.38372
328.39062 91.78125
923.95105 943.979
371.4 420.675
1189.6093 167.68965
664.44037 1675.6973
785.9429 1089.2
1184.0 2.3846154
1969.2188 1137.25
1691.7142 713.8929
616.32355 549.14703
906.36664 698.36664
704.375 310.89584
1737.9008 1818.6312
322.8737 198.42105
1014.0986 120.676056
560.0247 257.4568
958.78906 669.39844
478.3913 459.21738
777.2549 120.82353
930.2099 346.22223
678.625 1015.75
2.3333333 1828.2051
1228.6769 960.0769
569.3333 379.20834
1954.0217 539.76086
807.91895 133.45946
1394.4608 314.83478
1236.2871 1601.8514
1379.2821 1156.8718
216.42064 601.73016
1058.5416 632.5208
1472.2307 333.7436
415.77777 1826.7037
1108.2031 334.42188
1318.3628 7.318584
239.39131 815.56525
88.77391 429.29565
395.78125 440.21875
1488.9822 953.1607
726.62164 859.27026
1286.2646 1587.7059
1702.0989 988.8132
1911.2258 993.5806
674.71185 1308.5254
439.26086 1529.826
1010.52545 302.0339
810.4048 645.4524
714.64355 1218.8713
597.5593 1580.9661
860.383 1532.9362
920.41174 1283.4706
130.04 1897.88
1562.7358 860.0377
534.75 1489.1771
1714.4255 632.8723
1027.8596 718.4737
1721.1428 791.1429
1164.5637 1730.8456
1926.3889 767.55554
1831.3876 100.379845
1700.0646 1803.0646
408.95 419.025
713.3514 694.43243
1835.1364 1854.3636
1668.4678 1777.742
296.76315 1878.9736
997.0 897.75
1062.7959 407.7755
1406.4757 1969.0582
1868.4928 1784.2754
1121.5063 1175.7341
734.5333 928.86664
1892.8545 1934.7819
856.8 1141.76
28.328358 158.26866
140.75 416.8
870.3182 1158.409
1671.6765 106.088234
1934.8223 573.5333
220.13333 153.20952
1156.6 1565.525
407.73334 1363.8
876.56604 1574.151
1229.8689 1465.0164
1164.5652 597.087
743.2059 1636.7059
1049.7747 1936.986
1557.5 1223.0
348.0476 1338.1904
1776.909 981.5606
1731.458 1769.1298
261.78262 1971.6957
1122.7609 1865.0869
486.49194 1628.8064
1557.3914 1576.5652
1760.4062 1539.5312
251.50714 1316.25
1431.2457 278.9661
1363.0834 563.86664
1136.9028 444.8889
602.95654 931.73914
1879.0546 577.6
408.65384 1350.3462
1978.695 1335.7627
467.81033 1983.1207
1987.4324 413.78378
1747.0 27.5
1048.1616 140.18182
1255.5714 1373.7715
1080.183 1939.9634
1442.6 147.1
27.378788 840.92426
1442.2593 1599.1111
1919.1154 1705.8654
1083.0 1828.2678
1255.9584 1365.9166
753.18115 666.62317
310.36923 778.87695
1215.1282 1042.5256
634.1 33.644444
1358.6154 1666.2307
1889.5375 881.875
811.83673 1892.0204
164.38235 522.14703
201.42857 126.95918
1712.8572 992.2321
1241.0641 941.02563
1566.8986 624.3333
1678.5667 589.5333
1837.8928 186.46428
1772.75 1756.3677
1467.9851 1746.0448
1003.0267 1520.9266
388.6857 531.7286
1190.674 1798.4565
480.2676 469.831
536.36633 375.49506
1189.9143 982.9
221.20454 817.61365
949.1667 488.73334
536.7143 774.1429
1418.2051 1225.0256
1925.0922 1524.8684
877.3111 1209.7
1477.9803 1745.8823
564.40967 1643.6506
1487.8495 198.92473
1317.0753 1071.5161
1646.4131 1608.5869
1646.6174 626.99133
1680.0646 678.25806
674.71185 1308.5254
341.0392 838.27454
1718.091 1553.7273
917.75 610.4091
1306.68 619.24
1928.9 1204.2667
523.88464 615.0481
1949.2069 1236.3103
1175.6086 1110.9565
1123.4513 1630.354
1790.0731 1497.0975
471.62186 1821.479
491.76923 74.07692
7.826087 581.0
1096.9368 106.898735
291.7143 1257.4286
976.8 917.2889
48.864407 1079.4576
1567.5826 1548.5479
1737.1146 274.0104
1429.4896 1065.6146
1211.425 1994.3875
1686.2458 305.7377
1786.4833 1008.7
1361.6882 1171.8602
1256.7709 1883.25
371.94 157.18
1336.9642 1284.5714
5.548718 949.0923
1634.955 342.73874
1517.0 168.5
869.0706 574.0
1770.1744 1505.093
1517.6207 158.32759
359.92648 928.8677
321.27118 755.47455
474.71875 782.4375
1307.0677 730.9153
113.99248 189.70677
1853.0 882.46155
1337.6102 1870.1356
171.45714 36.8
1862.8608 1199.9391
90.8 1117.075
1065.1704 1946.7046
456.65347 165.44554
1948.25 1849.75
227.59016 1000.8197
676.0455 1034.7273
788.5 174.42308
1092.4348 1745.6086
1086.9459 834.32434
1355.6111 1868.5555
1529.0426 478.61703
1905.5 100.5
1758.7395 1713.6051
1742.45 195.73334
1932.375 337.1875
1891.2927 22.707317
1369.6666 1130.5238
597.5593 1580.9661
1401.0975 1626.5366
1670.5728 381.6
1526.6821 348.98013
565.1239 1654.2655
864.3267 966.36633
777.9733 541.6667
1503.6353 362.94116
648.5238 640.73016
1954.0217 539.76086
1715.6888 511.73334
817.1531 760.3571
1556.6 1789.96
1107.0408 75.11224
1791.1428 1229.3214
1982.0227 371.45456
1107.066 1863.7877
1323.4375 1499.9062
1150.0426 228.70213
173.24445 1132.6666
1879.3226 858.20966
1256.9286 1426.9286
150.91176 868.7647
1010.6177 361.38235
1271.3241 1813.4344
1240.1364 870.2955
1982.8158 867.8816
427.4151 1348.0754
173.98 1378.1
997.2 1045.05
974.9342 1737.1448
1827.2625 567.6312
1520.2858 164.5238
7.623377 787.93506
1996.7693 1002.97437
715.7914 1207.2158
1008.5862 71.10345
1067.5 288.96054
1758.6923 1448.7032
1168.0143 460.5
1256.8354 862.9114
1046.5927 1672.9259
1793.8379 1485.4595
1248.8334 191.06667
552.7215 116.73418
1113.4736 595.0
1532.6552 1949.4138
779.7093 1543.4535
869.82355 737.80884
645.1177 1404.3677
310.66666 1476.2084
350.1 1986.3223
226.20454 1285.9318
334.25 1788.5714
1653.6344 372.5699
484.87756 1055.6735
1370.7715 929.3714
1592.3334 1816.2963
463.08737 621.9612
682.22974 1477.5
577.1527 841.99506
1826.0 4.390244
1931.0 1478.0444
1915.8673 1260.2653
1469.2048 1100.2892
1585.5131 28.243479
594.6508 1595.0317
1143.6923 505.92307
88.77391 429.29565
283.97345 998.7345
511.9155 1460.4789
849.2345 950.069
1628.6774 1538.0646
1422.6182 387.83636
555.81396 1131.2559
1466.45 182.9
1026.7142 1963.0952
1691.7142 713.8929
1357.5454 905.2121
711.4341 905.89923
522.4217 963.5663
1905.0625 1223.9625
1442.2593 1599.1111
332.09656 755.0276
1997.5143 59.942856
1695.4026 120.46753
697.6 45.86
813.3947 1645.4474
636.0 492.7931
1175.0193 264.1154
1663.1846 1659.5692
1584.6852 1989.9073
1954.0217 539.76086
1111.9429 1777.4286
703.3261 1216.2391
1184.0 2.3846154
1383.9885 446.68967
63.069767 1723.9767
1454.5714 1098.6786
367.57648 140.23529
283.4762 1733.6548
1970.4509 917.451
1371.1398 232.75269
1892.8545 1934.7819
967.8823 922.9706
1609.2059 1020.2059
945.8393 1066.8214
1978.695 1335.7627
480.52307 262.6
1631.6923 1937.9231
1069.4711 381.08264
1137.0698 147.09302
197.68831 1927.8052
704.1923 1456.6827
103.01588 1106.4286
486.23685 688.3158
1945.6052 446.9013
966.74286 1408.8286
1119.7029 196.34782
1118.7822 1061.604
394.08047 1751.046
1548.1333 975.9667
1615.1685 423.14737
861.47 884.01
267.21335 1809.28
1271.5765 1108.6306
314.7763 1965.6578
1518.0978 309.38043
482.4074 1335.9259
1972.3798 543.6709
521.12 1722.32
603.64764 259.1619
697.6 45.86
1979.0197 566.62744
1371.1398 232.75269
161.18033 330.81967
1112.9572 1655.3715
893.25 963.2566
310.66666 1476.2084
1949.7556 1174.0444
1103.5483 1496.271
1388.7653 1153.7449
1963.3167 317.23334
420.6111 353.46295
1515.8296 1423.0568
145.94624 32.139786
249.67778 1200.2667
1331.45 996.61664
763.6491 353.14035
1936.8654 1140.0962
1796.7042 1477.1127
1880.3263 1820.0316
889.7738 640.5
1220.1686 1990.1798
1088.8197 137.04918
1705.2931 1643.0862
1298.4219 952.59375
657.5476 722.0952
1708.35 1693.5
510.3846 1757.1282
1678.0 1434.1364
1362.7084 55.010418
1549.8136 693.21185
1847.4468 1321.0851
1822.211 578.06665
1053.0 1521.2291
1454.3871 210.7742
309.33334 1135.7843
888.5625 1296.3021
1496.9062 1930.125
1108.6265 51.73494
334.45 734.0
1365.1154 1323.1923
2.0 588.0
1530.7255 1224.6078
1363.5333 105.55556
1098.6581 1872.3846
1781.9056 402.34906
240.45 271.41666
162.12675 1865.8029
1118.7822 1061.604
1087.1538 1472.5449
720.3929 127.44643
1985.9155 1861.324
1959.4231 484.65384
1396.4857 442.07144
32.151516 1159.8182
7.189189 355.47748
1191.091 1442.784
1082.9117 414.61765
1053.0 1521.2291
732.85 895.15
1343.9302 1606.5116
443.56384 1589.1277
1163.6608 1051.9464
1336.5974 614.03894
1648.54 1553.11
1406.5555 23.765432
106.045975 1415.0919
389.43182 1673.6136
1409.3 218.95
1512.0515 1673.0825
1457.9714 441.48572
567.2143 211.27142
229.44681 1265.4043
1177.6632 1719.684
930.5431 1183.6034
997.0 897.75
1657.4166 419.85416
1240.1364 870.2955
1296.8125 714.1458
737.8343 1939.5326
178.79453 392.9589
1461.1805 286.83334
1027.5625 1979.5625
1482.75 110.93421
713.3514 694.43243
1428.3871 57.80645
1074.3 1022.3143
1986.5581 1854.6511
1966.1724 1207.3793
1260.8871 1111.3549
413.98148 1673.0741
1371.324 1159.5282
696.6269 1470.0597
1095.38 1547.66
1467.9546 123.454544
820.9859 64.746475
67.896904 273.59793
1707.4884 1510.5698
299.0297 1078.8317
641.2516 1048.0251
707.576 1067.56
1471.6694 37.79339
946.9138 890.37933
1961.6239 799.22015
201.65672 1385.4926
202.89 752.23
764.3421 88.7807
535.34 1233.38
13.4 307.58334
891.8176 1190.522
107.905266 749.87366
1831.3876 100.379845
1980.8379 306.55405
430.5625 695.40625
644.2471 1615.447
1896.8148 574.4074
1536.5483 415.8387
505.32654 103.265305
96.264366 191.60919
860.383 1532.9362
12.304878 728.03253
1213.1772 1156.9368
1594.2 370.24
103.89552 1312.6716
89.3 1442.5667
1146.7977 312.23596
1574.6296 1789.0
1329.7539 1780.723
272.31082 195.62163
772.1575 901.4094
745.22644 700.32074
1859.9467 878.18665
1362.4359 1374.8206
1722.5416 1265.5416
905.9706 991.6177
37.342464 43.9863
533.672 701.192
1408.8206 1104.2565
258.6516 1754.0516
182.59259 24.87037
1437.7273 1575.7819
300.67856 900.9643
85.82417 661.0879
1212.878 1844.9269
243.01021 1013.96936
212.77856 105.8
1842.9404 1843.262
850.88116 273.59406
337.467 1054.2081
1415.8853 1365.4098
414.79825 1344.0614
1221.1758 1929.2635
241.05173 180.91379
1855.38 141.28
1114.0123 1641.0741
895.87286 74.21186
205.02174 450.17392
1424.1897 1792.8793
941.0795 684.2955
677.6604 1323.1792
1552.8247 499.60825
313.9589 1811.548
1751.67 665.3505
1508.5432 529.6049
1112.7084 417.375
582.26 36.83
1594.2 370.24
986.32434 588.62164
97.49451 1420.2858
1677.0 1308.0
1893.2858 1073.6753
654.291 974.41797
78.416664 301.19446
1185.8735 755.34485
1832.36 1338.76
133.68 393.84
1584.5938 765.3073
1753.907 1488.2559
1056.2 1030.88
618.3853 311.5413
536.2105 989.2632
853.8461 544.28204
1126.0526 1501.228
1935.1724 777.7586
1152.931 1192.3724
1427.6349 1391.5714
1797.5 1418.0
1487.1321 909.0755
1660.0225 856.85394
37.342464 43.9863
1289.3966 1528.6552
801.5 76.416664
166.31111 373.93332
1347.3457 1361.4073
1890.5902 573.93445
1942.4894 1457.6595
1053.0 1521.2291
585.6429 1607.4762
7.623377 787.93506
135.2 471.54544
1705.9315 1286.137
1079.08 924.05334
1942.7106 1180.8948
554.7561 1310.1464
1848.4857 1047.2
630.9552 968.02985
1510.45 1387.025
911.4815 1140.4073
1887.7755 859.11224
521.12 1722.32
1090.409 1943.3864
831.27203 1642.8971
1488.9265 345.41177
1966.7361 454.05554
496.48572 1022.69525
1456.6517 389.73035
1426.5938 144.71875
888.5625 1296.3021
377.9091 908.5227
662.6083 556.567
1939.2098 73.987656
377.93903 408.04877
375.53845 1316.0615
1319.2023 954.4719
380.42554 233.68085
361.00894 247.03572
678.53845 450.15384
1081.0244 1644.122
185.5 1336.5
1517.0 168.5
1209.7297 1167.6487
519.0 1291.3508
1718.091 1553.7273
1179.7333 1406.8334
1077.1084 1741.0
1170.4305 958.68054
1493.7858 1473.5
201.05556 610.8333
653.2057 59.96454
1138.5254 1119.5763
1678.8116 1008.5797
1696.4862 958.34863
245.29546 606.7955
562.3919 600.6622
1430.0161 1827.6451
213.63158 39.991226
370.34427 853.39343
1187.806 562.7015
1730.0594 1509.3564
2.2285714 714.7143
332.59375 1686.4688
477.9366 1953.2324
1670.7527 633.7742
571.32434 1578.3243
254.13208 96.90566
984.6591 438.5
311.6182 1888.7273
328.6154 1032.9807
853.5472 798.56604
1221.1758 1929.2635
918.75 563.1
300.67856 900.9643
974.9342 1737.1448
1037.374 1987.5773
777.9091 1127.909
1445.7142 1342.4921
1790.814 11.488372
1492.0 1938.0
1097.3103 1907.1034
662.6083 556.567
1374.5 1803.0
874.8955 1556.0149
1310.2858 1450.8857
1309.7935 1049.6522
1788.8209 1474.791
633.61536 429.03845
1551.123 418.73846
1056.0193 1763.2885
235.22989 1900.0115
495.0 624.5
1486.7234 1515.3191
1337.6097 1639.7723
716.8808 704.96686
696.96936 54.785713
547.35443 788.94934
1836.567 1864.0103
1710.5 1951.5
1216.7561 922.561
1574.6207 1396.7701
1552.3435 131.12213
1498.3617 1691.9788
1589.68 1785.08
1195.3684 1337.2368
1165.7028 335.991
1593.5927 1871.7407
278.8718 179.48718
870.0946 919.41895
502.8 708.02856
130.04 1897.88
894.2 722.6625
1503.1875 1162.8125
1348.9495 281.25253
981.1515 1725.6666
817.9323 816.5489
575.5857 539.8143
1910.2894 802.3947
1250.3959 288.54166
594.35034 880.51825
349.98877 1324.9102
1509.3928 1459.9286
1863.679 1245.963
538.8571 410.7143
878.8889 1035.7778
1965.7455 1500.091
1519.0869 226.17392
1178.3889 286.8611
1267.2152 1923.3544
1388.6824 343.9647
228.02222 174.97778
940.36 769.93335
1777.3833 929.4667
111.01724 100.465515
358.94186 1689.0
154.07594 335.13925
1620.9341 1386.033
879.44446 1225.1414
1175.0193 264.1154
1549.6364 930.57574
465.51428 1281.9143
1972.7129 1959.8713
806.28357 1616.9701
307.89536 1756.3546
1775.8438 717.5625
258.62265 955.4717
1872.3103 983.0
578.0959 250.0137
1388.8572 614.8214
370.34427 853.39343
223.97939 1277.8969
1893.5154 1639.6692
630.3555 1688.2556
1260.3163 1387.4082
1646.8313 845.89154
47.25926 1033.4445
1096.5103 294.30612
1529.1746 281.92062
330.12 1298.5067
61.95652 578.61597
1399.965 1660.228
660.6667 1564.2262
1431.3948 784.6579
225.32654 1234.898
353.36 867.68
1609.5518 1884.5862
1066.5128 296.0
1781.3448 994.18964
422.21213 808.9545
910.9241 1329.3038
1332.3715 1914.5571
262.29825 994.7632
924.0597 1341.1493
898.7241 944.5575
481.23657 561.4946
1977.1818 1680.4364
1770.1782 1735.604
855.18665 1008.4667
1501.7609 257.86957
1173.5303 1614.0151
21.079365 1525.4286
1568.2838 774.29675
1515.3427 257.17484
398.72092 1816.7325
766.625 1939.8214
1913.4861 25.11111
1682.1163 1993.186
768.4167 1353.8334
1116.9517 403.9516
825.8977 642.5909
342.44202 1181.884
1864.75 1045.2273
1657.9512 1310.2927
46.756756 202.1892
1980.909 1018.5455
1492.5304 1392.2695
1802.5807 1584.0646
1159.32 1741.88
791.94794 1862.6979
1926.091 641.0909
50.727272 1457.8182
1242.0741 22.74074
388.76746 1757.279
1844.1904 1544.8452
609.45654 1513.1522
51.863636 485.68182
1547.7142 1660.5714
1939.2098 73.987656
665.44 530.08
654.75 1348.8182
72.5042 74.37815
1051.1818 1959.4242
397.8866 210.87628
1198.2821 609.38464
1122.2716 1313.3704
1170.7428 591.84283
1128.213 1019.7593
1927.6666 622.35803
1545.2 1407.2
1446.4286 586.0952
879.44446 1225.1414
# COVID_SAMPLE_5_ROI_3
833.4717 1225.6415
2774.8953 1246.3024
1612.6714 255.77142
93.882355 190.88235
785.56525 215.28986
103.433334 609.26666
1508.84 192.28
2024.6364 1195.4546
32.398148 309.80554
2088.1492 495.48508
1214.0364 452.74545
1425.125 559.6125
506.57144 1079.1047
2431.238 903.01904
2363.243 598.3
926.3871 1051.8839
1024.3539 108.0
2150.0344 310.2414
2054.711 519.21094
569.0 478.0
2180.106 671.9294
3278.1 92.46667
1407.5944 631.5
2028.6213 59.300972
202.97368 666.5789
785.5 1003.5
1814.8572 676.4286
1256.8636 731.1818
1827.2468 989.53796
2352.41 14.704918
81.24286 341.6857
817.2185 292.93277
1625.6842 351.22806
2416.8162 468.72415
27.948277 160.24138
3187.2573 719.4257
1662.2646 427.0
234.35849 801.26416
371.5946 1125.2028
2838.1785 623.36426
2169.378 257.22562
833.2727 972.8182
1331.4897 750.04083
2618.4717 1202.5283
1202.6471 340.68066
2900.4912 58.824562
722.51483 927.9109
245.85185 840.0494
2575.099 121.21374
1053.5 617.5
2193.8906 366.125
2354.152 563.60144
2196.698 87.35849
935.46576 283.58905
2329.3076 258.63077
396.33783 1225.5541
1054.45 1017.55
2540.4019 846.9902
1805.8611 353.6111
3350.6719 1140.0469
1966.3334 419.09723
2323.58 1188.34
338.93103 309.6276
3356.5881 215.92941
1627.0107 110.32258
1995.8 602.7778
2227.2856 347.2143
650.3354 882.36646
1962.3396 578.10376
545.43616 271.47873
3413.721 508.74417
1102.6383 300.59573
1681.8158 104.289474
2646.3333 204.4
2887.8271 538.2469
2755.3572 983.6607
1422.1459 273.70834
2848.9834 1156.6167
830.97437 242.60257
303.09525 251.79366
2349.6985 1074.8889
2006.4891 993.9457
1494.9833 89.075
1534.6227 810.15094
1496.1025 593.85895
789.6445 1080.2667
2476.7368 1023.0789
1502.0328 185.40984
1392.9849 1226.3485
2184.6572 600.4143
1370.9272 190.71819
2935.575 735.825
1985.1351 959.7027
3289.1084 140.89157
911.95715 311.6143
2363.79 608.67
2618.85 674.3
207.1338 612.60565
2296.8074 579.65186
1062.1818 960.5
1447.3059 193.51765
1713.3276 14.784483
1501.2354 115.117645
132.02727 297.27274
2606.1052 1020.9737
2612.8333 463.7381
1452.0392 1101.9215
59.077923 485.89612
2526.3765 216.32022
3184.5044 755.10254
812.5 984.2125
3034.4133 123.986664
491.3125 446.51562
504.18292 1233.6951
1580.1052 221.86842
338.93103 309.6276
2050.6758 1148.6216
3187.2573 719.4257
1370.6482 357.55554
531.2436 1114.641
3212.8918 1021.02704
1752.1132 977.5723
2093.937 263.81104
907.63116 720.95905
83.00826 120.53719
1382.6333 582.93335
1632.1177 753.5441
1168.6311 280.07767
3231.3809 343.87302
3182.6743 551.0909
1057.9149 267.76596
1400.4263 1044.3442
2698.5154 933.6503
2561.771 1038.3359
494.4918 390.34427
477.15625 1220.2656
2295.1738 332.86957
672.13416 1009.95123
940.72815 1096.699
1312.5869 916.63043
2963.8708 1203.7097
3292.2964 103.44444
3395.373 911.3016
316.80246 317.23456
1277.8334 1145.5
753.4316 269.23157
2757.4558 1106.8734
1358.2477 865.3211
1852.9395 744.7273
958.7059 746.0294
1238.4672 75.65574
3068.2974 793.2973
3091.774 386.27826
718.3467 1217.8933
3268.4102 250.36752
992.1429 854.4286
1681.8158 104.289474
2312.6562 1003.9844
712.7931 473.48276
1860.9814 852.2222
718.3467 1217.8933
119.77143 772.3714
3330.8125 941.6875
3101.5122 455.40244
2783.0308 1036.0618
2057.9375 1137.0834
2245.0 805.0
1062.5454 264.0909
2746.2163 1133.2703
2427.879 634.42426
1736.0 498.07693
1119.125 121.25
381.7647 1005.4902
1274.6145 181.79518
1600.75 537.9286
753.01666 239.88333
2206.8523 885.48865
1999.4679 1041.2753
2959.7114 1158.3462
833.84045 982.06384
1718.4921 785.9524
3340.5605 783.3333
2406.1667 748.06665
2457.2432 261.83783
754.44684 288.93616
3007.0137 540.16437
2378.3196 228.45361
3044.6436 622.1782
3086.5 1054.7858
1360.75 513.1667
742.75824 1080.0659
347.47223 1063.8334
1432.8438 315.125
1269.091 559.0909
2093.937 263.81104
3087.6265 995.17584
3146.6287 1230.9857
2311.1128 692.8871
2567.3257 131.88373
1741.0 195.27777
1540.7916 592.5
1551.8718 664.5897
1082.6832 951.60394
813.7458 342.67798
1387.4773 359.0909
1989.8989 616.2584
2275.878 1050.4084
1243.625 829.84375
242.34375 106.28125
617.46295 883.35187
1842.1904 149.38095
940.3913 298.43478
1334.3583 107.175
2923.1516 1052.2424
1114.4595 14.27027
761.2692 1158.859
497.9737 1241.2368
1551.8718 664.5897
656.65625 213.96875
63.51923 245.76923
1455.119 871.5476
768.48486 569.5909
920.7805 634.86584
553.0 1161.1595
2705.2603 529.71234
2625.7097 1230.2634
622.8 290.8737
1528.9474 74.92105
63.51923 245.76923
3310.7842 190.75
592.3022 734.8849
1993.4056 1020.2028
659.1539 237.84616
3478.0 1033.7441
2119.8538 1116.1464
2427.879 634.42426
1741.0 195.27777
712.13544 950.21875
1268.1857 1157.9572
2769.788 920.163
214.8481 1050.6075
1508.6852 271.81482
479.07925 204.38414
1268.1857 1157.9572
1676.1647 509.6588
1442.6 445.3143
958.8732 999.60565
531.2368 1235.3684
610.2857 488.74286
3477.5278 1065.5695
3360.7463 667.558
1844.2787 435.34427
2606.1052 1020.9737
1559.9524 280.1111
101.14103 322.82053
798.6727 399.74545
2526.7144 497.3095
2685.3333 576.4722
546.13727 347.2157
3069.0256 757.97437
847.0476 819.78094
553.1948 339.81818
642.07776 158.24445
984.0 500.0
2575.066 87.70782
809.3555 299.87778
729.32074 1001.9623
1438.4082 702.95917
1648.3077 32.01923
2363.889 622.3737
400.0877 80.192986
1852.5 324.0
1403.3667 369.63333
2623.7544 634.1579
1250.0605 550.8788
2719.8572 561.5
1782.1538 70.87692
549.5742 1102.7871
1304.5106 738.40424
3012.4258 1202.6436
2329.9443 535.87036
2413.3967 1141.254
2448.6047 981.4274
2900.4912 58.824562
2918.3193 462.37814
2661.8333 143.52563
1924.8472 845.3472
3206.9736 121.01755
993.5441 266.08823
769.7561 546.0
578.12164 907.1622
943.1087 321.63043
622.8 290.8737
901.0465 1203.2325
907.63116 720.95905
3139.1987 684.8077
2924.1846 108.59223
1590.0934 315.61334
2329.4517 989.2258
666.1058 1041.6154
1069.7347 255.22449
1814.8572 676.4286
774.10236 1121.4279
2864.889 754.03174
772.0156 1194.1094
2819.0 900.2946
2258.301 707.4854
657.3457 804.76544
3268.608 663.27454
1415.7753 350.39325
2328.34 1150.7
590.9894 662.117
669.087 271.08694
430.56818 1246.7046
2831.074 145.59259
1449.8925 1187.5161
242.34375 106.28125
926.9697 335.57574
508.24658 44.232876
2876.32 709.32
2269.0 479.13333
661.13727 1143.8235
1336.3411 713.94574
612.296 1133.8
1728.3552 658.4633
2900.8572 959.7273
730.5 1154.0
2749.945 409.2088
2766.4634 603.29266
1539.803 279.19696
1411.0 318.84076
2918.3193 462.37814
1407.5944 631.5
1422.1459 273.70834
3450.4443 73.31746
396.33783 1225.5541
1010.1667 314.25
371.0 135.0
2206.2876 769.43835
1975.6713 950.41095
2381.618 792.82025
1459.9224 769.64655
557.33765 914.33765
1695.7761 129.29851
740.4146 300.02438
1223.7 158.74286
2869.6567 23.014925
1970.0781 358.79688
1955.6666 902.5
1502.5164 257.61438
896.1412 469.77646
273.03677 810.33826
785.5 1003.5
479.07925 204.38414
3113.0134 792.8933
671.56525 524.11957
1422.1459 273.70834
2600.2046 989.11365
3060.3845 706.4231
2653.7544 583.3947
2796.6162 1148.4445
190.7619 1066.2142
949.8036 700.5714
2785.139 1058.7593
1736.8158 166.89473
2739.725 1114.6
2933.8057 1050.5555
101.14103 322.82053
1666.5347 384.26733
1530.122 803.4878
606.1295 658.0
2690.5 910.3947
645.5909 674.3182
2862.375 1044.775
875.125 305.91666
632.0 915.36957
606.1295 658.0
461.62744 1209.6274
2726.0386 733.3077
1132.6515 870.86365
956.65515 304.18967
33.689655 1095.2069
96.05344 310.58014
227.56667 799.8333
1779.619 298.5238
644.07935 182.84126
717.32465 995.8442
421.47916 1207.3541
2262.5625 772.1875
1860.9814 852.2222
3190.3684 620.1579
2854.2295 221.90164
867.2778 825.9074
777.39746 1107.7565
1805.6666 512.2889
1615.7241 222.55173
758.39825 541.04425
550.5 373.0
2668.5461 1152.5308
2755.2458 1205.3442
30.756098 232.09756
306.339 310.69492
2660.2185 1212.4713
3357.9077 382.5077
3024.9268 1062.7073
1270.6709 209.53165
2813.3518 1223.1482
3202.205 693.9487
92.544716 512.3577
477.15625 1220.2656
1368.2759 1165.4138
118.42478 150.70796
3015.5347 1156.6238
2068.2534 1094.6533
1593.1809 240.46808
2224.6643 154.83571
114.37037 131.39154
2615.4158 1232.4495
3270.761 1102.8805
953.0208 1180.1736
2079.3289 1130.0922
1943.228 416.8158
729.9722 1032.3055
3354.028 1247.4507
452.046 322.4023
1369.4314 661.96075
2467.724 1009.4483
2326.125 1127.3334
2609.6667 499.8611
610.2857 488.74286
# COVID_SAMPLE_5_ROI_1
1992.0652 879.40216
1264.0 1132.5264
932.02856 668.17145
1893.9512 97.07317
1099.1559 479.16882
831.8947 14.0
1894.5132 1352.3816
934.17566 1626.4324
1253.8474 1612.241
1136.4615 266.07693
1536.7188 1370.4375
458.60242 78.89156
796.3205 1699.7949
343.2 189.8294
430.45 908.8
1841.8334 238.0
1682.1666 1904.5
1338.15 188.2375
1213.3771 1323.7542
1119.794 795.3359
796.2679 5.821429
1203.7662 6.1168833
235.93024 1282.6744
781.1634 433.60132
1842.1167 1997.6167
1421.725 1856.7125
656.9515 1325.0194
1960.2354 1730.2354
463.55264 767.0789
686.8 273.45715
721.2766 1358.5106
1675.6066 1888.2458
1079.5343 599.8493
1483.8265 461.64285
181.54839 1031.2903
401.32693 199.98077
721.2766 1358.5106
1682.1666 1904.5
1146.4346 864.8095
390.95715 569.88574
882.9589 691.3699
455.54544 597.2727
1315.6528 553.93054
1553.1885 1104.8853
1447.2142 75.5
729.7692 282.41025
559.7442 1314.4884
852.26666 634.2
1695.9247 546.44086
420.12122 561.1212
1618.7383 657.8037
659.0 812.0
981.9231 548.6667
871.3 814.74
1891.5312 220.64583
1933.1904 1781.0476
606.8904 1024.0822
1118.5432 1383.4445
1298.091 910.5909
1918.1754 1806.3334
73.08989 731.2584
1845.3462 246.34616
44.6 142.36
832.7755 110.31633
196.90565 1012.86163
1732.6333 1445.6333
903.1111 20.711111
1981.0 309.5
797.7838 33.12162
598.3684 334.07895
1758.8214 1697.5714
1734.125 1317.3334
622.6047 394.93024
530.78 1720.26
1411.0187 1186.5608
1371.1451 1869.1451
1526.7678 1800.5
50.692307 277.76923
1367.7721 1904.538
816.11566 885.2585
593.5222 567.26666
608.56335 861.95776
300.13635 1847.6818
1871.1154 1679.2885
406.18643 229.88136
626.7143 1783.1428
42.440678 1150.0339
934.2222 699.6667
541.0 206.5
984.03296 1876.8572
686.9722 334.37036
752.85 844.45
1441.52 1739.584
839.8137 1192.5098
1469.6666 1079.2277
192.17021 3.5744681
942.0909 867.9394
76.2518 217.89209
704.2059 443.88235
1765.075 231.975
406.18643 229.88136
779.3461 987.6539
1892.0807 1281.3226
704.1111 1199.1389
964.09436 502.90567
556.9667 712.6667
1466.1196 293.7436
1087.1818 1333.2424
916.3472 668.75
747.8461 130.8
1947.509 830.4727
809.0513 592.38464
832.13336 1523.3334
1866.9062 671.1125
709.0 1222.5
536.34283 751.5143
1493.1143 58.74286
721.70544 27.96124
1043.8485 812.75757
1331.3036 133.30357
1422.7639 1864.8472
777.64105 153.15384
841.9032 612.6774
1402.4166 1959.2
1596.2264 1436.1887
938.7264 783.97015
707.6 1183.48
587.4286 500.07144
252.78334 1796.6666
1185.5641 1156.0897
1234.5 704.0
583.433 325.68042
419.81052 592.0105
484.01065 382.84042
1198.7965 1071.1105
1785.1887 699.6541
1892.7587 1273.8793
665.64075 1298.4951
1643.5278 1864.3889
930.64 430.48
39.789474 1115.5088
620.25 550.1042
1696.1798 1715.337
1338.3043 1913.2609
9.608 913.896
833.3013 1205.25
623.20514 291.43588
551.9101 893.6629
1949.5758 1877.697
1943.0834 1915.4166
668.37836 431.0811
956.2549 1995.0491
189.02083 894.625
473.70587 800.5
1397.3055 941.4722
1555.725 1825.275
1530.3873 1399.9099
158.41304 923.0
1211.2428 6.957143
450.7843 774.3137
1721.8223 501.5889
232.42857 1327.1786
404.30646 352.4597
1232.3096 1654.0
1526.0217 1749.1086
108.59494 201.60759
745.37036 790.1852
1170.2446 1313.9362
1555.725 1825.275
350.9091 1558.8485
1042.5428 648.3714
740.0 205.83333
1557.0454 542.38635
1824.0385 1483.6923
1433.0 344.5
309.92682 116.15854
1997.64 1776.68
1396.4131 501.86957
438.42856 223.94286
459.8889 343.6389
32.403225 1087.4758
363.52777 219.44444
227.45361 590.4949
589.6326 479.83673
1053.0388 340.5534
1109.218 923.9248
1641.9674 209.25
791.2308 1034.7693
781.025 129.35
1344.963 68.07407
626.9407 1135.0254
1659.1647 1947.2118
1597.5714 691.619
136.18182 45.363636
425.29507 714.21313
1492.681 682.4914
1004.1875 475.22916
558.91895 365.86487
811.2763 376.2237
1744.3018 1148.3793
313.66666 199.38333
1891.9296 1840.5352
704.2059 443.88235
1529.0 326.72073
698.78 122.23
1945.0 222.5
1642.9166 697.0833
604.9259 695.5926
462.74026 473.61038
1624.4562 1282.3684
157.55057 1510.4832
1524.9 1857.3
1312.3243 1251.9459
1781.0862 1683.9656
704.62335 248.03896
1009.35297 678.7647
534.7162 716.9054
1765.075 231.975
1984.08 1459.56
561.2727 1415.6818
1865.9615 1775.5962
326.13513 306.0
1070.5588 614.32355
592.6701 1162.866
1054.9706 768.05884
30.045454 940.13635
443.24445 57.555557
659.4857 359.08572
1225.8511 572.4787
1712.5483 697.4194
1996.3541 886.125
1454.1833 1058.6
317.72223 1837.0
1817.9878 782.8415
352.2125 1965.7125
865.9773 661.9091
1362.421 986.5263
1952.6 1806.0
1437.2678 229.25
1598.7069 1908.9828
645.25 361.4405
1845.3235 192.41176
648.19354 1301.6774
1560.0435 341.08694
744.2778 287.52777
653.22107 1204.6842
736.7895 1752.7236
1098.9546 539.5227
535.3137 1008.8823
649.30347 1046.8345
1210.0658 1058.4736
1347.0476 145.92857
1749.8701 1521.3376
758.5 177.1579
1817.9878 782.8415
351.14755 589.0
356.20203 1901.8282
986.0933 1248.2667
1046.6262 365.77777
889.5185 679.8889
1695.9247 546.44086
1056.5 644.5
1898.6483 1369.044
1226.2858 1418.974
997.3129 781.40814
552.7727 1264.8
556.9211 1034.1842
1843.1792 1671.3113
555.06946 961.9028
1161.4384 563.6301
298.76813 1239.3043
1636.9535 246.55814
781.025 129.35
1393.8972 746.7477
467.24637 1195.9855
1604.7261 1331.452
141.63158 625.2982
389.23077 1557.9807
1031.7941 555.6323
1120.9485 1794.866
445.9853 860.4706
336.05 1838.4166
1268.87 1857.15
1320.875 1023.8333
756.40173 1784.0342
577.0677 1154.827
1257.7185 141.35556
1402.4166 1959.2
519.6667 144.11494
629.5714 688.0
1816.0339 1820.517
1510.6279 1898.7675
877.1277 655.4681
747.8461 130.8
416.53085 527.8148
781.50726 464.31885
736.49316 273.93152
458.66666 814.2
445.76364 390.30908
500.2927 490.36584
468.72223 237.06944
450.375 580.4375
1389.6207 896.0
461.16522 638.1652
1973.4807 732.63464
1539.5454 309.90152
1246.8723 1229.6595
434.74075 798.5926
1.3214285 1887.7142
752.85 844.45
1729.0 310.75
280.80768 97.53846
465.32693 619.5
598.10345 307.27585
1412.8314 338.2472
594.9365 1279.3334
1344.4375 23.9375
716.4533 301.84
758.8475 450.2034
790.41174 27.470589
1651.5217 1358.8695
487.69446 1230.2778
1414.0161 727.629
1146.8414 625.95123
1698.7241 1707.7413
515.925 1200.2
130.11111 1060.0605
988.8406 579.96375
1104.0708 405.86725
1310.0769 1847.3462
56.720932 1523.6395
417.9737 724.1184
430.45 908.8
1866.9385 1730.5538
1395.8096 1946.0476
712.9596 587.9091
642.4103 926.4872
652.0 9.425532
584.9704 533.6923
76.2518 217.89209
961.03595 1841.9137
1277.7727 1919.1364
518.3148 939.0741
802.6989 112.50538
1433.1477 1962.9318
668.5823 981.03796
732.0179 225.39285
181.94643 1300.5178
434.1905 809.0714
363.06757 552.8378
527.8 133.675
1087.1818 1333.2424
317.75385 1843.9385
45.714287 338.02856
14.5 942.8919
765.94116 121.07353
477.8 815.41815
345.28333 1959.0834
1123.7778 629.0833
364.97794 561.56616
1750.4286 621.0714
448.3243 717.1892
1592.8334 243.67545
1627.4546 337.84848
456.61176 1176.7412
542.13635 1255.1364
1637.8508 368.5263
75.962616 1665.9065
1651.8682 242.17583
247.64062 961.34375
922.4894 1884.4255
1749.8701 1521.3376
1667.2727 529.6061
608.31946 702.375
402.45947 216.21622
499.74252 1937.0599
600.65576 1376.0328
1388.4529 254.35849
459.23685 651.7632
751.10126 165.74684
1636.0 407.24
329.45834 1829.2084
638.4151 7.716981
1995.5518 662.87933
1115.0483 567.69354
1619.619 1050.0
484.9355 430.3871
117.0 1051.0
652.44116 584.67645
1318.9269 1737.7317
1757.7307 1836.1731
653.3125 1441.5625
822.14636 566.95123
720.6177 70.97059
674.9355 1250.7097
1701.5146 1642.2059
622.8198 1704.081
920.561 563.2683
254.44067 1337.8474
641.0 224.0
1748.2474 798.165
1918.6964 784.9643
108.53782 1542.4874
1466.5845 393.32468
309.92682 116.15854
833.4259 591.37036
1866.9385 1730.5538
1052.3292 319.41464
1379.0 107.10526
780.4872 143.92308
1219.4807 672.21155
1123.7778 629.0833
231.73077 22.73077
419.9123 461.1228
48.481926 1556.4819
1146.4346 864.8095
1645.0 1888.5172
479.33334 336.9405
1465.3253 711.75903
9.775281 121.2809
1492.681 682.4914
475.725 1185.725
1667.2727 529.6061
612.3415 1344.6342
1354.1396 19.374302
1798.6666 1862.0181
1313.753 465.30865
# COVID_SAMPLE_5_ROI_2
1871.5227 1264.5114
1936.7742 161.32259
210.48781 214.59756
1890.2307 1224.7307
630.10657 957.0492
1633.4863 1515.7123
1988.3208 1079.4434
1520.2609 580.36957
433.54544 570.2727
644.339 1280.839
1725.4512 1776.622
765.7258 196.12903
85.818184 821.7364
1091.6116 1825.7852
1878.6267 583.0933
368.01562 1347.9688
969.5263 293.53946
561.28235 730.61176
1313.0526 1649.6842
1732.8485 869.2727
1610.6459 1494.4584
771.93616 1264.6312
1139.0281 117.607475
429.60675 1589.3033
268.2647 1415.7059
538.6226 1212.9811
1256.2609 833.7826
1634.4078 1854.5
1904.0 50.5
692.5172 712.5977
860.6144 467.54248
1228.1333 659.1667
1056.025 198.325
1859.172 988.5159
1601.279 8.55814
1469.9459 756.43243
907.92725 396.69092
1210.9688 82.671875
1313.0526 1649.6842
1138.7241 6.551724
1956.6693 1760.3859
918.0 1357.5
1137.2406 1731.9387
70.209305 1183.9302
439.75555 1261.7778
151.46956 1301.1478
527.9818 1559.5818
1517.0469 1314.6094
187.29411 1207.8
50.183674 1533.4694
873.6429 1817.3214
333.49542 1087.6697
947.6636 30.018692
320.95764 50.38983
651.3333 428.39215
371.69812 1312.7925
66.046295 604.44446
1506.2976 8.214286
1446.6875 524.5833
1862.5 1909.1428
1085.8302 1231.2075
1635.2 59.133335
1025.8156 1399.5603
1633.3226 1271.1936
619.85297 520.21765
1455.6562 1443.5312
1764.7589 1564.4911
353.2966 1485.2712
1990.8259 6.223881
1375.5405 1533.4054
672.381 846.0
1884.3158 172.03947
1997.1666 1368.7333
1255.9849 304.07574
252.31007 417.41086
1330.7284 622.49384
1223.7097 714.2258
110.09804 1264.4314
2.909091 905.59595
1548.2242 1436.9019
799.2742 627.50806
164.96 1186.22
1659.909 1597.091
349.21738 398.13913
494.8889 1468.0
55.239132 1539.5652
1375.5405 1533.4054
760.1045 1663.209
1973.4546 19.954546
1702.119 956.6429
346.30435 469.82608
1708.5 1617.0
808.9394 275.98486
1370.0 1272.131
1800.6923 1954.6346
1139.5343 355.8904
1363.9293 230.16162
1449.6371 1589.1774
1482.7755 1285.1224
1651.8472 1806.9445
299.9277 1074.1807
1068.6333 1719.1666
1446.5476 395.40475
774.1983 745.37067
1391.5143 306.47144
1968.8158 1139.3948
1252.2203 699.4407
1190.8 1416.925
774.03925 1454.5294
95.16832 1559.5149
976.03674 375.84558
433.54544 570.2727
46.56579 747.3026
161.088 1119.096
1985.3363 1570.0818
814.86804 1448.875
1325.6771 1552.0052
1822.8767 1538.8562
597.78705 1526.8796
881.4107 1549.9464
1160.36 722.28
1872.8232 616.3702
472.5339 44.957626
1461.6761 1121.1523
1150.7444 621.9699
627.51807 1271.2169
1242.6171 1017.9787
10.339286 924.4821
599.0923 719.9077
1528.1464 960.8293
378.5242 1132.3629
1794.757 31.979166
1244.5807 442.4516
1982.7914 1514.1963
1323.3066 184.61333
906.0789 1003.1316
1732.9824 807.5088
1049.5 920.2143
233.84616 327.67032
1773.7455 1543.7455
159.21666 1256.3583
473.23636 1929.9697
1958.9048 1527.9048
1318.0413 1505.567
1152.8462 1867.9744
1580.6086 985.7826
1229.459 633.3279
1379.1372 1677.9412
1614.2924 555.0
627.8889 926.1111
218.15306 159.72449
455.67825 1453.7653
286.8547 232.18803
1970.625 158.58824
1379.1372 1677.9412
1598.7844 1394.8103
1916.0297 1658.4258
1821.4584 1958.6548
247.22772 439.20792
939.04443 839.57776
90.02105 1480.9526
970.13043 44.069565
1441.6666 1513.8
213.68582 1355.5824
133.22105 228.52632
1801.9604 1518.2485
68.0 978.2676
1648.5784 622.03613
1835.3971 693.2059
1044.4177 742.2658
69.747826 1235.6957
1197.659 393.98486
1504.4193 1697.914
123.88 1180.36
336.4 92.44
1850.7931 419.02298
1982.7135 1486.4108
782.9077 1065.0308
702.971 952.5507
1480.7122 1265.5834
1324.3846 1393.3654
805.2714 1701.3715
449.89285 1575.8928
1497.2451 1803.2941
45.82716 1223.5679
151.46956 1301.1478
1.8571428 966.6429
1922.0392 124.166664
257.64948 1157.299
1414.8441 1475.7142
239.83487 748.13763
528.45874 1487.1652
1033.3168 1342.0859
842.3939 1500.5151
825.0093 1439.8472
802.325 1778.625
131.96875 1966.4688
1737.2533 602.92
510.9079 1517.2106
1601.2687 714.19403
807.7647 1218.8235
1665.695 1601.5933
856.4091 1199.159
929.42426 1692.9395
1186.6888 1689.0111
313.59595 1397.2323
313.92 1086.82
178.48685 1805.921
113.861115 1200.6111
762.2963 1590.037
1638.3158 419.42105
1040.3914 1742.9565
1658.6364 1008.6116
1430.6296 1513.0741
61.585365 432.97562
196.67857 1717.5
1232.8375 1355.8625
89.333336 1345.9467
1657.0714 678.25
779.98285 565.8686
414.6258 1029.2903
1758.909 227.09091
715.86664 1577.5333
371.55554 1996.6666
242.18321 1163.6488
1055.5087 1438.1982
1985.4845 739.85565
1931.8833 1351.8223
1997.0968 850.19354
1299.9877 985.6543
268.80264 297.7763
1302.8375 1201.1937
1961.1852 984.5926
36.0 743.0
1461.6761 1121.1523
522.0526 126.92105
1816.9688 806.30206
112.1 243.9
112.832 25.84
323.96924 504.86154
429.54544 1256.7046
901.0541 940.5045
806.54285 1122.0714
62.261307 994.79395
1274.7567 493.73874
1745.0189 1905.717
1148.1395 1625.3721
1142.8198 1599.1454
1012.6229 539.63934
148.08257 278.29358
1658.7319 1667.3551
1995.6528 1944.7639
1932.3623 1233.8116
56.0 1463.2812
757.42773 1020.5301
1599.3103 578.0
273.08 1023.56
1511.5448 1544.4138
191.67296 317.03775
236.28313 1195.1265
133.9665 1897.177
1571.629 248.03226
835.1705 86.97727
1051.7545 406.1182
1534.4694 467.14285
672.381 846.0
1725.4331 1015.2992
185.93024 168.67442
980.026 1494.5195
1881.6848 1671.5543
1146.7233 892.8036
630.2661 224.62903
1538.5116 668.3798
1432.7413 833.2759
569.6556 1629.0111
128.59804 241.47058
1258.1575 1405.6929
267.43637 1341.5454
928.05634 1462.7887
1249.4756 711.86584
599.0923 719.9077
1079.5044 978.3717
1992.3143 1507.6428
372.0357 1081.2858
1384.22 1529.38
971.44104 867.61536
78.10619 277.59293
130.63934 250.78688
568.0814 700.22095
1641.1875 303.6875
1337.8948 1873.272
1280.4445 1486.4691
988.46576 1936.5616
1745.7358 793.1698
810.8823 118.661766
108.870964 200.33064
1694.2467 920.8896
311.44116 1161.5294
991.4286 671.551
1543.512 1676.6072
657.86664 1269.88
624.88464 475.48718
375.06522 1090.6522
1147.576 311.93478
263.95456 1556.8864
965.8571 741.76624
80.210526 133.92105
1664.8467 1464.32
1329.0834 1492.4166
53.16129 762.9355
973.2573 344.53677
146.45946 1349.081
1224.6923 383.6769
942.71326 1295.011
811.1056 39.782608
1256.0952 1643.1904
1713.675 724.5
1817.0492 968.40985
1444.174 185.13043
1333.1235 232.45506
1492.1182 1763.4646
1258.3214 952.5714
1845.909 279.9091
1360.5 430.0
1319.909 1681.8052
290.5849 1357.2925
1922.5927 682.46295
446.3 1387.2667
319.55933 1290.7034
1429.7866 607.1067
1698.188 140.17094
1819.4535 1940.3721
876.5909 465.89774
1778.3694 309.2883
1654.4642 1364.8036
1425.28 1215.04
889.0 509.5
1995.7113 1406.3093
1866.8585 370.11322
988.704 452.032
1424.4806 1784.0698
1593.8511 462.67023
1344.9647 1390.7412
1343.0828 679.5564
747.9839 1465.1936
372.62265 1893.585
874.0 1564.968
1986.6097 1431.0731
1083.4445 488.57407
1462.2805 1407.3309
1568.9172 1315.2551
1698.188 140.17094
442.5 34.128204
35.11111 1090.0159
1358.4841 216.74603
1398.5526 562.9079
1683.1575 741.9449
41.0 1567.7377
1870.7821 737.1923
1997.6154 940.0
1736.6666 249.36111
249.42982 1215.386
1643.7373 1451.0677
375.494 1220.524
1170.8823 837.53674
895.55554 740.1667
1081.3729 747.2712
222.48296 1134.9716
142.1269 1498.599
99.47727 1158.3182
802.325 1778.625
144.5238 887.0714
1290.8766 471.66666
152.48781 110.31707
93.28571 1984.5798
1227.1147 582.0984
130.53049 458.37805
1397.0714 588.9524
1507.7358 1239.9434
1313.0526 1649.6842
1641.0 824.55
1357.6465 1586.091
555.1884 1816.5604
1995.4073 15.462963
1309.1449 1422.174
478.57144 105.98268
1199.2444 763.2
873.15686 693.22546
409.3762 735.4381
1530.0577 576.9711
1497.5287 1585.2413
763.4138 12.413794
911.1685 1579.2247
1491.0962 363.75
966.48834 1320.0698
656.4605 1191.6842
1541.1562 687.1875
646.6 1046.1625
1154.3208 1456.415
407.69885 1395.1421
1018.14514 472.0484
408.0 1661.5625
1371.7343 1250.4965
373.5198 963.6782
969.5263 293.53946
1897.1193 291.0
4.745098 146.80392
1101.08 1251.0533
561.28235 730.61176
1459.1062 1795.0
914.2361 253.45833
591.85895 265.79486
1809.0753 207.19893
1646.2969 563.3594
1081.7858 1858.3766
216.79167 171.66667
1801.9604 1518.2485
1823.588 1356.2546
1384.8549 1231.0807
9.134454 508.479
1868.3562 647.8082
1995.6632 973.9158
715.81134 290.13208
1846.8855 1416.4427
972.9481 1575.8074
1795.0 1382.5
1115.9338 1828.7356
1541.8654 1743.9904
78.17073 1368.2195
1348.9365 507.44446
375.3913 394.21014
967.6829 1458.3414
559.07355 1217.8677
196.41585 212.16832
954.14813 347.51852
1539.256 30.288
1506.3 1391.4333
1990.865 64.141106
1729.7251 964.87134
1840.486 1139.8037
296.57938 537.00793
1158.8923 1587.8154
387.93637 1788.6364
1272.1538 1542.7949
1366.6595 75.90426
1703.6732 174.86139
1690.9231 1313.0128
1971.579 1368.0878
944.94446 1592.6296
1616.7333 1357.5834
854.28235 974.0941
1956.9333 1935.8334
725.68536 285.57303
1507.3334 1580.6863
603.5789 739.2105
1725.4331 1015.2992
935.55756 1781.3212
1786.1034 956.4483
308.0082 344.5
1745.0189 1905.717
198.37805 1270.561
1081.4562 430.7193
1722.8043 1480.7174
1466.1183 551.80646
1559.1466 1635.76
729.1818 766.3333
1622.0176 1882.8246
241.95349 1265.0698
725.3333 927.28735
379.6081 117.74324
1716.7018 1877.579
1258.1575 1405.6929
174.98181 89.01818
1775.8625 1194.6641
213.70454 1215.9773
137.02837 1171.6951
1412.1448 1912.0132
1985.4845 739.85565
904.90564 847.2453
1954.9365 1108.1428
1496.3617 684.305
1517.538 5.5310345
1895.375 1410.9688
1445.5773 1646.4471
7.3040543 1422.8379
359.34375 1776.4688
1712.3893 470.3423
136.48235 1153.5294
1690.878 1443.7805
255.09775 972.609
898.4545 848.24243
126.454544 1349.25
1194.9366 71.30282
1512.5618 1630.0449
256.05746 383.3793
1854.0804 1233.4482
318.01562 1064.8281
1636.942 1652.826
1716.7018 1877.579
1479.8387 1241.25
78.051285 797.4936
89.13333 865.44446
1473.2916 579.8958
78.17073 1368.2195
1529.2545 1677.7819
302.85715 1414.0
1922.2424 1199.8788
199.82979 1324.0638
543.92065 665.73016
840.0226 877.6554
1632.3549 1208.4839
309.55682 1962.7954
1367.9459 1687.6216
1771.3112 1467.0
1806.5333 937.44666
779.98285 565.8686
1214.0947 727.7579
1561.4479 1663.9375
1224.875 1680.75
909.375 987.4286
302.8581 448.6284
1207.2222 897.91113
1915.4077 851.4923
364.42767 504.2327
355.0 574.0
306.00854 1357.8975
898.3919 508.45947
223.2295 1592.3115
75.38333 590.225
1817.738 1215.3175
167.99167 354.96667
1637.9711 445.52173
1997.7667 1703.2
1933.0312 963.2969
636.3874 1267.2703
1274.0088 1668.614
1689.3699 1522.9863
720.1071 719.3571
139.38542 1382.5625
1971.579 1368.0878
466.47574 1234.3107
185.42857 1011.20636
1585.7457 4.576271
1575.5275 1299.5055
1279.4767 1398.3721
640.13336 568.04443
242.45871 1070.0092
903.2232 1308.4017
1433.8977 1427.9546
1202.2812 1070.7812
1502.3 1568.98
656.464 475.208
1348.156 703.308
622.8 180.3
1193.1111 1371.2526
1947.8 726.54
410.64902 1324.0331
946.43665 1486.986
1091.6829 1966.0793
776.9677 1400.9839
1297.027 58.10811
1282.866 848.9162
1809.619 1426.5793
121.86 1124.9333
111.95149 1187.8246
1784.8053 80.74737
1396.023 1409.4045
663.8106 1123.909
1119.3914 388.5826
1472.8591 1817.8029
166.01219 1334.8049
949.4474 1358.1316
539.2121 357.9394
264.85416 346.6875
1062.0714 1284.1173
1861.0889 25.11111
658.13684 633.3579
917.9561 1557.0878
452.12857 1621.3143
1113.4884 1747.8372
1734.5775 755.0493
902.2258 1672.5
1539.4426 1450.5574
1142.6177 904.30884
1347.2593 1383.4073
152.28847 266.73077
1687.9445 2.3055556
1447.29 1841.206
1894.1265 969.1839
330.5 1196.9073
757.42773 1020.5301
1349.5662 1990.0441
1597.6803 206.75
305.14706 1451.9117
1191.5865 251.8077
933.6087 1141.0435
1843.4762 946.0476
487.5 1338.7273
1403.45 395.5
76.35345 1259.2413
363.89832 1675.4323
1880.6475 785.29486
1900.2135 1949.1573
227.82654 1537.0306
81.47222 1470.0834
1234.0892 263.82144
1718.0891 1151.7134
1596.5 524.2059
