# HEALTHY_SAMPLE_1_ROI_2
0 1 0.0 44125.219297179996
0 1 0.0 37250.35337698439
0 1 5523.642850883905 36432.23322284395
0 1 0.0 30200.795442230017
0 1 0.0 25077.7483213886
0 1 0.0 19288.603898690024
0 1 0.0 17814.790305068967
0 1 0.0 16321.285607679987
0 1 363.26884217420866 15847.840631969591
0 1 0.0 14336.791300151075
0 1 0.0 12170.131319263492
0 1 36221.77073356398 48387.84415347719
0 1 0.0 12086.699526049975
0 1 4217.0055215099455 15977.286177200003
0 1 0.0 11283.664160100385
0 1 2549.048757919996 12900.16056210001
0 1 0.0 9803.059487264703
0 1 0.0 8635.771229684502
0 1 0.0 8181.481313967515
0 1 952.7250420839828 8939.205220298823
0 1 0.0 7922.699007460004
0 1 0.0 7550.019025069991
0 1 0.0 7282.010086981126
0 1 0.0 7225.776859559598
0 1 0.0 7168.113162893638
0 1 6.6277139469366375 6551.194815744031
0 1 0.0 6505.531447664062
0 1 284.0345088799861 6063.446609879969
0 1 0.0 5084.041808782918
0 1 0.0 4990.510804196039
0 1 27665.844591330355 32305.21828747562
0 1 0.0 4470.0804984799815
0 1 543.7279507740077 4965.163473806009
0 1 0.0 4322.976076611174
0 1 0.0 4275.365204664022
0 1 0.0 4222.583924769997
0 1 193.9575463600156 4255.699841879984
0 1 0.0 3694.853283559958
0 1 248.96795912000198 3819.0553331499905
0 1 0.0 3043.703306069954
0 1 0.0 2899.7637600000116
0 1 0.0 2874.2836986696148
0 1 0.0 2840.4720143899976
0 1 0.0 2779.511637640011
0 1 0.0 2773.150754680699
0 1 51.02819630999079 2801.6824546300113
0 1 6305.828691606024 9044.607047584526
0 1 0.0 2727.2257914399943
0 1 0.0 2712.0044520000083
0 1 0.0 2639.1461793600065
0 1 0.0 2484.2108156599934
0 1 0.0 2462.5580430599907
0 1 0.0 2456.673220830002
0 1 0.0 2435.277047822099
0 1 2119.4379085903856 4453.143905462488
0 1 0.0 2234.5984050508087
0 1 0.0 2227.035773273601
0 1 0.0 2215.5878830680995
0 1 567.7571927100489 2707.7424521800067
0 1 0.0 2059.692211830021
0 1 489.09323898998036 2521.2118127700223
0 1 0.0 2014.3643876099723
0 1 0.0 1997.2601921121022
0 1 4997.05203804363 6978.951265753609
0 1 0.0 1975.5413512096138
0 1 0.0 1961.8945640535067
0 1 0.0 1871.0534191600436
0 1 0.0 1863.6124928555992
0 1 0.0 1856.8403550375028
0 1 0.0 1848.904153110004
0 1 0.0 1837.0512577283957
0 1 0.0 1820.9970383100099
0 1 0.0 1818.2352410499861
0 1 0.0 1764.610599000005
0 1 953.4867903531076 2655.5017084260026
0 1 0.0 1701.7664017259822
0 1 0.0 1646.5649951300036
0 1 0.0 1520.9640718825103
0 1 664.3158760000224 2172.2182655099896
0 1 0.0 1494.8228228499693
0 1 0.0 1478.2443072900605
0 1 0.0 1472.9425491224902
0 1 0.0 1448.0964369607236
0 1 0.0 1404.9310192955927
0 1 0.0 1395.342415102395
0 1 0.0 1363.3386099812128
0 1 0.0 1358.7283703575058
0 1 0.0 1331.709270822501
0 1 0.0 1325.64753277601
0 1 0.0 1209.9740364563932
0 1 118.03241599999456 1241.9272700000051
0 1 0.0 1089.8965673399962
0 1 0.0 1089.633277747992
0 1 0.0 1080.2723323814917
0 1 0.0 1066.8530924615782
0 1 0.0 1061.388097329996
0 1 1163.3765963872156 2220.716239784003
0 1 0.0 1030.3083816974977
0 1 306.6394073092056 1332.757298242896
0 1 0.0 1014.6920813883985
0 1 1370.415265653205 2379.317435359674
0 1 0.0 993.7829106600002
0 1 0.0 993.4186174782922
0 1 0.0 980.1505225999972
0 1 0.0 970.0303793567036
0 1 506.9156378300231 1418.809679120026
0 1 3507.5259236565134 4363.037689372532
0 1 1136.415653133995 1966.9426671579977
0 1 0.0 825.2197736691069
0 1 1238.136010549969 2016.0342882299651
0 1 351.40972153999337 1116.8696482399828
0 1 1126.3374659990964 1885.632988629098
0 1 0.0 752.7720380716025
0 1 0.0 750.9457694602943
0 1 0.0 745.68279346703
0 1 0.0 726.609442935096
0 1 63.07942066880054 788.6317740301029
0 1 140.6556659893622 859.2407616619894
0 1 0.0 707.7250612656051
0 1 0.0 706.5286255800017
0 1 403.9722646900002 1097.2811377059954
0 1 0.0 685.7797943667983
0 1 590.3978863700386 1258.2119844639801
0 1 0.0 655.8477927091984
0 1 1473.6576834974767 2123.4738382274663
0 1 0.0 630.8711802500029
0 1 847.2069386559401 1470.7858870614982
0 1 0.0 616.5024056599955
0 1 0.0 611.5835723699935
0 1 0.0 607.5163454308149
0 1 1103.6480036399917 1696.1495615956055
0 1 0.0 579.3325729899784
0 1 0.0 569.2361139783903
0 1 0.0 565.774848814998
0 1 0.0 557.0716420025237
0 1 0.0 543.8279015679018
0 1 1576.720448350005 2115.043821070019
0 1 0.0 512.453756198403
0 1 0.0 505.1737040204016
0 1 0.0 496.4840792099876
0 1 2274.6686797080965 2764.6000559999884
0 1 33.022547964238356 499.30683517064585
0 1 0.0 442.93262070999435
0 1 8.284367369975826 437.2819523999974
0 1 0.0 416.784947184502
0 1 0.0 408.845738037503
0 1 0.0 405.64334576509594
0 1 47.85240000000249 440.29541609790067
0 1 5867.037681186521 6258.490107686397
0 1 0.0 386.13656925388386
0 1 0.0 372.23824827000954
0 1 0.0 371.4332217723804
0 1 0.0 370.1818888284115
0 1 2811.7213675799844 3179.4211748000107
0 1 0.0 355.69468101490065
0 1 0.0 351.5081664100139
0 1 0.0 326.3003368799948
0 1 0.0 325.91313130950334
0 1 0.0 324.6157827625015
0 1 0.0 316.60775034509425
0 1 0.0 313.33754220240064
0 1 0.0 313.2513468205316
0 1 0.0 312.7412288611047
0 1 307.7428506399956 616.8072802261104
0 1 457.14825501601445 766.1957170400055
0 1 0.0 303.12840932999654
0 1 0.0 300.5689929400087
0 1 119.0259050892173 408.8239458271971
0 1 0.0 288.9624150243926
0 1 0.0 279.590209189515
0 1 2595.098087603573 2865.993728729989
0 1 0.0 270.5967845243813
0 1 252.6327330800059 520.3025462200007
0 1 1378.0805556199957 1628.2813549335215
0 1 0.0 236.99175567999487
0 1 210.95317960957573 436.1565281283638
0 1 68.83187592579088 292.8004256249942
0 1 355.6107891600195 579.5769670599993
0 1 0.0 221.56992927001102
0 1 0.5464702569038309 221.92111394690392
0 1 0.0 209.60016796161176
0 1 0.0 207.22233824999728
0 1 103.75911020000467 303.0964777500051
0 1 0.0 191.29395281640222
0 1 661.0711179064022 844.4361490639917
0 1 0.0 158.18558559449684
0 1 0.0 151.8297479500293
0 1 0.0 146.3858921175015
0 1 0.0 146.2952747999932
0 1 0.0 145.6800510400036
0 1 0.0 145.00763442974494
0 1 1209.5758148911013 1351.6718969975736
0 1 0.0 141.93865150108013
0 1 124.56031435001478 265.6645290800095
0 1 0.0 134.30545370959953
0 1 0.0 130.27958397999828
0 1 0.0 117.60082281000695
0 1 5056.834707872007 5165.434789970771
0 1 220.64225278999766 329.0220521110989
0 1 801.3181761127794 902.9777414576979
0 1 0.0 98.07860028000005
0 1 0.0 72.75019132399848
0 1 255.761547880001 323.1310921200384
0 1 154.19585240249307 202.4666219699984
0 1 0.0 42.433243186101464
0 1 0.0 36.254212683932565
0 1 0.0 28.12175000000093
0 1 0.0 24.978851372105964
0 1 0.0 15.313307750005833
0 0 0.0 inf
0 0 0.0 3987.592491266888
0 0 0.0 146.67398661001062
# HEALTHY_SAMPLE_2_ROI_1
1 1 0.0 37092.487176829614
1 1 0.0 34542.045839510014
1 1 0.0 26741.016086767537
1 1 19274.296586358014 45777.213084863426
1 1 0.0 19707.22347555147
1 1 0.0 17986.45012725357
1 1 0.0 16031.983527550012
1 1 0.0 15709.618843800043
1 1 5919.150890792927 21522.574377256307
1 1 0.0 15305.26487570002
1 1 0.0 14680.542894203598
1 1 0.0 14646.855241355612
1 1 0.0 14634.472696017523
1 1 0.0 14153.441442532461
1 1 0.0 13832.246340854403
1 1 229.46939817756356 13623.354869141955
1 1 640.2622834335943 14015.639893230005
1 1 559.2145153803904 12774.084985722013
1 1 0.0 12151.008728981096
1 1 4767.258720343265 16190.54573904918
1 1 0.0 10664.926763857198
1 1 6237.391443322901 15939.701946946856
1 1 6472.862164865512 15455.319177716887
1 1 0.0 8890.71759640961
1 1 0.0 8805.085066341417
1 1 0.0 8690.014195349933
1 1 11791.167709299245 20310.844936726575
1 1 1733.4867221551967 10020.045896034004
1 1 0.0 8163.159917642313
1 1 0.0 8066.022563319996
1 1 0.0 7876.301695903592
1 1 702.8312685199835 8521.932241125987
1 1 0.0 7679.803167784354
1 1 0.0 7562.370987339316
1 1 0.0 7359.74579039251
1 1 0.0 7225.746961909988
1 1 13359.708858735416 20360.86359627483
1 1 2812.377088239944 9165.58400554996
1 1 0.0 6151.665373755977
1 1 0.0 6097.28786451005
1 1 86.71987649109622 5657.581553448444
1 1 6660.784191280029 12221.571201699971
1 1 0.0 5341.638040256001
1 1 9.247013301990137 5333.75284186361
1 1 0.0 5103.768537852884
1 1 0.0 5083.283337150391
1 1 0.0 5047.960434960009
1 1 1991.1508118496026 6963.361362639599
1 1 0.0 4967.545395547619
1 1 0.0 4704.469095628103
1 1 0.0 4596.499243331076
1 1 0.0 4547.806394210111
1 1 6948.705684725497 11460.61430025365
1 1 7219.629707969985 11310.59641741001
1 1 0.0 4037.2031701900123
1 1 1193.9265108587215 5224.382696567499
1 1 0.0 3796.1894121100086
1 1 0.0 3690.081796317174
1 1 0.0 3654.5052622199983
1 1 0.0 3652.9416897699757
1 1 0.0 3578.3387267200205
1 1 2659.248953929955 6133.215036858008
1 1 0.0 3390.780360239997
1 1 0.0 3366.0703478600044
1 1 0.0 3177.172104739986
1 1 1202.4488881963962 4276.000668156399
1 1 0.0 3035.9192478072146
1 1 17.16515467150566 2915.609009844711
1 1 0.0 2858.940208204249
1 1 0.0 2830.0884490805975
1 1 0.0 2467.5774532099995
1 1 0.0 2444.0248797600216
1 1 0.0 2442.1825187599934
1 1 1402.9164719060427 3831.8529914812243
1 1 0.0 2388.294059400024
1 1 0.0 2355.4600914299867
1 1 0.0 2325.4271690100127
1 1 0.0 2282.352973349505
1 1 0.0 2182.515464072426
1 1 7596.168826439942 9773.68361702998
1 1 4460.810831450037 6628.961972072477
1 1 0.0 2109.666698925015
1 1 0.0 1953.4574294599934
1 1 1363.1899494994323 3166.5494791299934
1 1 944.5441412015989 2642.5909085223007
1 1 0.0 1613.4865099999934
1 1 1056.3776230256994 2645.1183018861057
1 1 0.0 1534.6720010800236
1 1 0.0 1517.7351273600061
1 1 0.0 1404.908378841208
1 1 0.0 1382.9053020300144
1 1 0.0 1334.8816185012201
1 1 0.0 1278.409269740027
1 1 0.0 1258.7307509199936
1 1 0.0 1168.4351131803605
1 1 0.0 1128.361525560802
1 1 0.0 1113.9863516326732
1 1 0.0 1101.9017370004012
1 1 0.0 1086.9459114399706
1 1 0.0 1072.6683982600066
1 1 1488.220533433585 2500.3437165999676
1 1 3825.71030349003 4756.402501680013
1 1 0.0 926.278152200387
1 1 0.0 817.2204467298097
1 1 0.0 776.0249631648603
1 1 0.0 762.3678557900184
1 1 946.020754662296 1633.494670064797
1 1 359.7722467125109 1016.8217159976175
1 1 0.0 643.4796048499884
1 1 99.93820482958381 723.3019904544078
1 1 0.0 619.7809055999992
1 1 1198.757234969573 1785.4747453039854
1 1 2639.4323333300017 3205.414036730017
1 1 0.0 512.1754905741982
1 1 0.0 508.91071945999465
1 1 422.26569123148147 922.1224691607022
1 1 0.0 488.0802786700067
1 1 0.0 478.8797573800093
1 1 0.0 472.9856588176117
1 1 0.0 460.4042856419977
1 1 0.0 422.89210422831457
1 1 1048.4283528800188 1461.4067197699915
1 1 0.0 373.6729621635088
1 1 0.0 321.8535985199926
1 1 0.0 318.04344827918976
1 1 0.0 299.00530634200186
1 1 0.0 241.7803214471969
1 1 0.0 203.736494019573
1 1 0.0 189.62865344999136
1 1 0.0 167.93548168190318
1 1 1922.391806759988 2053.626549930017
1 1 0.0 120.0244745699938
1 1 1076.2016554650672 1186.5531124758654
1 1 19.54851439651702 116.99842362997515
1 1 1971.8960913299652 2062.230918999994
1 1 0.0 68.0238579145971
1 1 330.54414608759544 364.3575217875841
1 1 0.0 20.036676824000097
1 0 0.0 inf
1 0 0.0 2966.654597519705
# HEALTHY_SAMPLE_2_ROI_2
2 1 34.46361969399368 47493.215502230065
2 1 0.0 29383.846225649908
2 1 0.0 27279.74973347957
2 1 0.0 25267.03894422289
2 1 0.0 25155.178670957088
2 1 0.0 24649.22535841003
2 1 13476.833557513468 37173.78847305937
2 1 0.0 22793.82925046851
2 1 0.0 22630.139305000037
2 1 0.0 17776.76068070395
2 1 0.0 17260.325839710014
2 1 0.0 14832.665322432436
2 1 0.0 14742.926095769995
2 1 0.0 14362.379350446025
2 1 4934.749047646848 15283.688534079996
2 1 0.0 9481.447945322065
2 1 3455.5619898033146 12423.849982059597
2 1 0.0 8877.810202504825
2 1 0.0 8715.557801890489
2 1 0.0 8370.83213911051
2 1 0.0 8139.954057599984
2 1 0.0 7944.878865079991
2 1 0.0 7474.961162531592
2 1 0.0 7420.896162090001
2 1 0.0 7349.7407467199955
2 1 683.5145056099973 7309.510970487596
2 1 0.0 6615.297418992501
2 1 4094.8426242899877 10634.621294770019
2 1 0.0 6318.341959509584
2 1 1793.2122689300759 7909.716960978698
2 1 645.9637705604191 6703.520397754026
2 1 0.0 5618.762727201083
2 1 0.0 5565.618869149988
2 1 1375.7862373999487 6797.869833599962
2 1 215.76334349998888 5379.473449439996
2 1 0.0 5139.79683219001
2 1 396.2413086100278 5412.701325750024
2 1 0.0 4955.2565270299965
2 1 497.0182744544072 5421.802793469966
2 1 0.0 4865.920310195981
2 1 0.0 4833.037708720014
2 1 0.0 4672.436234678382
2 1 0.0 4355.028853355321
2 1 0.0 4226.32516081561
2 1 0.0 4188.144813614032
2 1 0.0 4124.666567460409
2 1 0.0 4086.4919933465003
2 1 0.0 3552.3211608650963
2 1 4574.940453750021 8017.766270280035
2 1 0.0 3417.4938284099876
2 1 0.0 3329.085936521986
2 1 0.0 3317.740058279931
2 1 937.2292703200001 4184.052011622389
2 1 0.0 3219.7778322064078
2 1 1209.867831878455 4326.028723647989
2 1 0.0 2854.971002500003
2 1 0.0 2759.9515441064905
2 1 0.0 2736.4359943999734
2 1 0.0 2657.4920495331007
2 1 0.0 2654.4926307456044
2 1 0.0 2597.8982803199888
2 1 0.0 2576.543889750315
2 1 0.0 2529.7718531093615
2 1 0.0 2508.930302220004
2 1 3328.210731940004 5599.858500820026
2 1 1757.9650880900572 3969.2363322600177
2 1 0.0 2169.193631249953
2 1 0.0 2099.241125262816
2 1 1250.471669489998 3342.9506932203967
2 1 0.0 2052.910246849953
2 1 0.0 1995.1445890231807
2 1 15416.746426543292 17366.59459668
2 1 0.0 1928.344448824393
2 1 0.0 1894.7489360547788
2 1 710.6597784703868 2554.605594108405
2 1 0.0 1782.7873755651008
2 1 0.0 1760.9894041395855
2 1 0.0 1736.403243774892
2 1 0.0 1550.7721003700408
2 1 0.0 1492.6508450672045
2 1 782.8029299527261 2267.8536853699943
2 1 66.14368799999284 1466.8765005900104
2 1 0.0 1385.9538771504576
2 1 0.0 1367.487124920026
2 1 0.0 1173.2948914334593
2 1 7468.883884750019 8559.28899565003
2 1 0.0 1080.112050328
2 1 0.0 1050.5010652422206
2 1 3696.820198500006 4735.509264220023
2 1 311.0876761725067 1345.2050401725137
2 1 0.0 961.8683713999926
2 1 0.0 862.2511639516288
2 1 280.9145212799813 1111.7292999999772
2 1 3166.265009963993 3972.4318047339857
2 1 0.0 684.712218446396
2 1 0.0 682.5168919860043
2 1 702.0959840700452 1367.198888579991
2 1 1672.4478425388916 2333.1321420914974
2 1 0.0 641.5246722136062
2 1 0.0 603.5712820924891
2 1 0.0 597.0716171100212
2 1 0.0 564.558274690004
2 1 869.8267429404095 1385.65095236041
2 1 7472.738739828921 7956.105032944502
2 1 626.937728377894 1068.8488215761256
2 1 0.0 438.67488506999325
2 1 0.0 429.8139820899887
2 1 51.00022022401117 462.8849523556082
2 1 0.0 407.1746422229062
2 1 6000.757324169994 6400.36687083001
2 1 0.0 394.80628423998905
2 1 13209.941219499608 13594.3541314071
2 1 0.0 267.4249808932773
2 1 0.0 262.8722240731113
2 1 4789.610066230091 5021.590667453199
2 1 0.0 230.81931610000197
2 1 3808.535476511028 4024.3687849070575
2 1 5789.03712389756 5987.496715747664
2 1 2221.0210614420175 2403.374766209501
2 1 0.0 154.10104238719214
2 1 116.55532261240296 264.2855201660036
2 1 0.0 101.5390752095991
2 1 0.0 71.60169212520339
2 1 0.0 67.48737640003037
2 1 0.0 4.096783790002519
2 0 0.0 inf
# HEALTHY_SAMPLE_1_ROI_1
3 1 0.0 25946.67682092351
3 1 0.0 22967.75708575756
3 1 0.0 19807.56388852401
3 1 0.0 19529.01692674312
3 1 527.3658089779929 19006.065428688293
3 1 0.0 17641.782814885184
3 1 3416.626367909974 20069.80184737203
3 1 0.0 14375.771866432442
3 1 17699.231152421562 31763.1409907149
3 1 615.6925186029002 12409.824404793479
3 1 0.0 10776.148545982498
3 1 6849.896191964645 14654.249862717328
3 1 0.0 7460.77033143888
3 1 0.0 7108.377076129994
3 1 0.0 6159.544787046005
3 1 0.0 6079.119654583106
3 1 669.7212709777832 6672.485074965998
3 1 0.0 5112.756340663896
3 1 0.0 4737.226803365299
3 1 529.1676456959958 4884.864856051494
3 1 0.0 4199.4266677056985
3 1 0.0 4035.8672958000107
3 1 0.0 3849.40621787322
3 1 0.0 3409.9190403544844
3 1 1799.6665566425108 4990.2261361188985
3 1 0.0 3152.134449465584
3 1 0.0 3001.7272649864117
3 1 0.0 2519.7250926699935
3 1 1962.3489653685065 4377.542210686401
3 1 0.0 2117.347722702958
3 1 0.0 1981.470002692101
3 1 0.0 1975.2127818774961
3 1 0.0 1777.4550695399794
3 1 200.15955522000104 1969.8775301036144
3 1 0.0 1716.3877429651957
3 1 0.0 1648.0360854259989
3 1 17392.173274756424 19005.231242692378
3 1 0.0 1579.779845352012
3 1 0.0 1571.8153669115975
3 1 0.0 1436.3511889838956
3 1 0.0 1395.223167830889
3 1 0.0 1378.7716375663
3 1 151.3991746235024 1476.1155651844
3 1 0.0 1296.1468672160736
3 1 0.0 1287.3962304835
3 1 23061.56022181 24305.05325505069
3 1 0.0 1240.7693691240056
3 1 0.0 1227.8756899199889
3 1 0.0 990.8329009149074
3 1 31.52639510100046 870.6104875753031
3 1 0.0 831.0941184286958
3 1 0.0 792.7503636799988
3 1 3299.8859654015214 4021.308668348607
3 1 253.64611254149713 969.6888668961992
3 1 0.0 702.2365577478977
3 1 0.0 681.6083587188032
3 1 0.0 634.2830208999967
3 1 0.0 585.1447122550026
3 1 0.0 545.9936742230766
3 1 0.0 459.30755734162085
3 1 0.0 448.8653213124976
3 1 1036.6321784330867 1416.5644121925036
3 1 18552.811908032774 18911.560905418595
3 1 0.0 338.51347306509706
3 1 0.0 316.7310150803985
3 1 0.0 272.5932430923997
3 1 511.42783223999777 766.4832601874969
3 1 0.0 255.02119527350442
3 1 0.0 238.627852817195
3 1 476.698536400012 709.9606564400019
3 1 191.72514309960115 390.9974075195996
3 1 0.0 189.1497931074989
3 1 0.0 165.85133985000147
3 1 0.0 160.3695040800003
3 1 0.0 148.5809213661014
3 1 0.0 138.99580856999683
3 1 236.31541937497968 346.2129054399984
3 1 0.0 94.53149595999776
3 1 0.0 75.02167358600173
3 1 0.0 10.877917880001974
3 0 0.0 inf
3 0 0.0 923.7691154301981
# COVID_SAMPLE_8_ROI_3
4 1 0.0 9755.408550003318
4 1 0.0 9311.903167703178
4 1 0.0 7938.5832452995965
4 1 0.0 7892.189069400699
4 1 0.0 7860.325280839962
4 1 0.0 7688.386753759981
4 1 0.0 7568.385716869965
4 1 0.0 6635.337161826878
4 1 0.0 6526.929504559968
4 1 0.0 5677.236829140371
4 1 0.0 5567.967776759897
4 1 0.0 5513.851669560003
4 1 0.0 5289.008986949973
4 1 0.0 5178.909437019601
4 1 0.0 5150.388627989996
4 1 0.0 5073.887411329997
4 1 0.0 4862.809576480026
4 1 0.0 4690.667214950012
4 1 0.0 4591.782667246385
4 1 0.0 4416.780743715309
4 1 0.0 4223.358477689971
4 1 0.0 4180.520074247586
4 1 0.0 4095.539859399988
4 1 0.0 4009.0441128500024
4 1 0.0 3809.3798187697043
4 1 0.0 3797.9321978960033
4 1 0.0 3796.626518747502
4 1 0.0 3791.1774166742816
4 1 0.0 3735.7974722920944
4 1 0.0 3717.9496842009094
4 1 0.0 3685.373671712492
4 1 0.0 3582.870690160023
4 1 0.0 3533.452447999991
4 1 0.0 3521.4278421760814
4 1 0.0 3459.873218929997
4 1 0.0 3450.9667421700105
4 1 0.0 3419.507209504696
4 1 0.0 3392.9427012322158
4 1 0.0 3364.996614463984
4 1 0.0 3362.535578827503
4 1 0.0 3291.7839853003907
4 1 0.0 3291.763349907994
4 1 0.0 3252.1468676924787
4 1 0.0 3121.8986506399883
4 1 0.0 3062.7319490274867
4 1 0.0 3062.2104176884914
4 1 0.0 3057.2282146442885
4 1 0.0 3011.1461338595145
4 1 0.0 2976.678814250011
4 1 0.0 2881.752129002899
4 1 931.1833801228095 3764.0666197500204
4 1 0.0 2806.155571999997
4 1 0.0 2803.8530922300106
4 1 0.0 2746.763047520013
4 1 0.0 2727.483190958302
4 1 0.0 2700.2675544854656
4 1 0.0 2688.1671634399877
4 1 0.0 2637.0260373899932
4 1 0.0 2581.700077849995
4 1 0.0 2563.6262989116203
4 1 0.0 2556.9354396098943
4 1 0.0 2549.4854668079943
4 1 0.0 2536.4980602828964
4 1 0.0 2458.1066180798775
4 1 0.0 2456.7031673780057
4 1 0.0 2438.100369349957
4 1 0.0 2429.188709114009
4 1 0.0 2366.773939040021
4 1 0.0 2358.1059084420035
4 1 0.0 2357.604858537511
4 1 429.9870532620116 2787.160978274401
4 1 0.0 2354.5514550900007
4 1 0.0 2334.0598304100276
4 1 0.0 2309.9694848555955
4 1 0.0 2279.8393689999757
4 1 0.0 2263.3518573117094
4 1 0.0 2202.5153125775023
4 1 1216.9043931300403 3400.1506873500075
4 1 0.0 2178.0992522520046
4 1 0.0 2167.0134688671033
4 1 0.0 2143.372195410031
4 1 0.0 2138.810755205613
4 1 289.7905469660318 2425.9220332160016
4 1 0.0 2118.6945237664
4 1 0.0 2096.6984707230945
4 1 0.0 2093.520949812493
4 1 0.0 2051.642874780422
4 1 0.0 2044.224914993707
4 1 0.0 1910.0090983010953
4 1 345.58370076350366 2252.9530976681926
4 1 0.0 1901.0173480162957
4 1 0.0 1883.444148469357
4 1 0.0 1858.668754252902
4 1 0.0 1809.959135964884
4 1 0.0 1800.8049011328976
4 1 0.0 1800.072416349995
4 1 0.0 1784.468330719982
4 1 0.0 1726.0633514674973
4 1 0.0 1699.0277376799868
4 1 0.0 1692.314942930012
4 1 0.0 1691.0287223750993
4 1 0.0 1672.7918026000016
4 1 84.68900681002197 1741.0238667100066
4 1 0.0 1646.546288871601
4 1 0.0 1645.0756331500015
4 1 0.0 1624.8597838799983
4 1 557.5868688536084 2168.7434465488013
4 1 0.0 1610.986844700301
4 1 453.82779036999455 2055.9031112099565
4 1 0.0 1596.6409736543999
4 1 0.0 1593.3260721525276
4 1 0.0 1590.079465800008
4 1 0.0 1573.7611954092026
4 1 0.0 1550.9080999428038
4 1 0.0 1541.1576449420022
4 1 0.0 1532.9591569472993
4 1 0.0 1532.6940880884104
4 1 1135.35853167002 2658.830428469993
4 1 0.0 1521.9763711164005
4 1 0.0 1516.7096169139913
4 1 0.0 1510.7732858956092
4 1 0.0 1509.8766822425014
4 1 0.0 1509.7880929599796
4 1 0.0 1497.1070125174983
4 1 0.0 1488.3288073100039
4 1 0.0 1480.5804085832006
4 1 0.0 1475.1004367716018
4 1 86.15448840391696 1549.630897464488
4 1 0.0 1456.1971347538984
4 1 0.0 1455.145061020998
4 1 0.0 1454.6605318860047
4 1 57.21333988001197 1509.5682558099988
4 1 0.0 1421.2484592875967
4 1 0.0 1410.9301835966019
4 1 0.0 1391.0497053099868
4 1 287.20657484604453 1675.1386126400066
4 1 0.0 1364.0309347074835
4 1 0.0 1352.2900775965036
4 1 15.186881249997896 1359.008042119989
4 1 0.0 1341.8947873198981
4 1 929.672818040015 2239.1944316400213
4 1 0.0 1296.580932630925
4 1 72.46961736150479 1364.9738953907945
4 1 0.0 1290.1363322579787
4 1 372.34429862521483 1647.1971623999987
4 1 0.0 1273.1273579296126
4 1 0.0 1272.5683736215815
4 1 261.56659845280547 1497.6456419712022
4 1 0.0 1227.3968795200128
4 1 0.0 1219.218418899996
4 1 0.0 1219.0992052299903
4 1 0.0 1212.0694847999966
4 1 0.0 1206.6704545016132
4 1 0.0 1202.278480807505
4 1 0.0 1202.0984611200174
4 1 0.0 1197.6895844773371
4 1 2620.8806473592103 3818.3002839593028
4 1 0.0 1194.032070273517
4 1 45.43278374990078 1237.8885954745028
4 1 0.0 1185.9460571699938
4 1 0.0 1167.691288399999
4 1 0.0 1153.8105935955045
4 1 0.0 1150.2216796875
4 1 549.5343977599841 1667.8619661199818
4 1 0.0 1111.3218708576023
4 1 0.0 1095.760324852492
4 1 0.0 1072.4950943668932
4 1 0.0 1059.7315582867063
4 1 1009.007667924684 2039.7593784686878
4 1 0.0 1030.204106963769
4 1 0.0 1024.3930864288004
4 1 0.0 1018.484034929992
4 1 0.0 998.4907148283028
4 1 191.55815964510361 1187.3996811259976
4 1 0.0 986.8619510499911
4 1 0.0 979.821703199972
4 1 0.0 959.9263206955975
4 1 185.78458880001017 1129.805266869987
4 1 0.0 943.8282782399765
4 1 0.0 913.4909834136188
4 1 0.0 912.8585111344073
4 1 0.0 911.3777840500029
4 1 0.0 905.9813347620934
4 1 1138.2726180599875 2041.3483174400149
4 1 25.17761594639478 918.1188367220991
4 1 1274.719476799983 2153.549604439974
4 1 0.0 871.9051753598987
4 1 0.0 859.0379583475187
4 1 0.0 858.6915721599762
4 1 641.1386031235993 1497.7093710800023
4 1 0.0 855.2966563095033
4 1 0.0 854.6862149715089
4 1 0.0 852.5131841729203
4 1 0.0 841.4618954354978
4 1 0.0 839.6827143431235
4 1 0.0 827.8144375204156
4 1 0.0 824.4506133400005
4 1 531.2307362527822 1348.9538141846806
4 1 2550.5425513902974 3366.2329898755816
4 1 0.0 796.5056021383971
4 1 0.0 790.4481209940031
4 1 58.73800094640637 846.5287566560169
4 1 0.0 785.3291447276065
4 1 0.0 784.8530036204083
4 1 0.0 778.5842540032045
4 1 0.0 778.5622725599878
4 1 55.053137839998726 823.5959681200089
4 1 0.0 766.1335920295023
4 1 0.0 742.6345435743087
4 1 0.0 736.2458622614995
4 1 0.0 735.7360773199853
4 1 311.3452936335798 1026.4190503999725
4 1 0.0 713.2918589300035
4 1 0.0 712.2397991136008
4 1 0.0 703.6726286699911
4 1 0.0 693.0517600906978
4 1 0.0 692.5550721999966
4 1 15.827016742508476 705.6131932924902
4 1 949.0821646403838 1633.675649054388
4 1 0.0 671.832370057477
4 1 0.0 658.851326470005
4 1 0.0 650.375046298001
4 1 0.0 641.2117582000026
4 1 0.0 628.2066025100028
4 1 0.0 624.0755687299816
4 1 0.0 615.5536000499969
4 1 379.7890855200171 983.9129073000099
4 1 0.0 600.5299648834975
4 1 0.0 598.9847488215008
4 1 236.01003484040848 829.3559800000003
4 1 0.0 592.5920894151141
4 1 0.0 590.2881200719913
4 1 0.0 590.2331136670855
4 1 131.29491612160336 720.0534767300137
4 1 0.0 567.4708094980642
4 1 0.0 559.1130399100225
4 1 383.40329198361087 934.3717424774795
4 1 0.0 549.7947865799993
4 1 0.0 549.6366541589
4 1 0.0 547.8875586300994
4 1 0.0 547.3374566400089
4 1 0.0 545.6297263658976
4 1 0.0 536.9555523900021
4 1 0.0 533.0274315600254
4 1 8.420515739997029 528.1115027099877
4 1 0.0 512.2977292294372
4 1 0.0 510.1726938690979
4 1 0.0 499.36660453318063
4 1 0.0 489.5440717515885
4 1 548.2428708559999 1036.4269392788096
4 1 0.0 469.6597670800056
4 1 0.0 469.5989305919022
4 1 0.0 469.1103122427062
4 1 0.0 463.740954040014
4 1 0.0 461.7369726044044
4 1 0.0 459.9367561284057
4 1 0.0 459.84751952690203
4 1 0.0 458.7516821316003
4 1 0.0 457.7253125759835
4 1 125.66484762797882 578.9891922500033
4 1 0.0 453.06803530001116
4 1 0.0 450.85371366079744
4 1 0.0 447.2384596383822
4 1 0.0 435.2208326379923
4 1 0.0 434.1486670850991
4 1 0.0 433.52318338158966
4 1 0.0 429.38043467999887
4 1 0.0 422.25462461997813
4 1 320.5840775043084 739.4465724651011
4 1 0.0 414.7452639583885
4 1 0.0 412.4620496975158
4 1 0.0 401.00415604001
4 1 176.00481624440704 572.507289941306
4 1 36.448416649989326 431.24032573999614
4 1 0.0 394.5783241124964
4 1 126.54627091950533 519.8061089599078
4 1 327.67979501800613 720.4267371328933
4 1 0.0 381.9182159519032
4 1 363.7464441172999 742.0343756931015
4 1 2004.3678103827829 2381.9969406712003
4 1 0.0 371.90561284995056
4 1 0.0 366.7031155795976
4 1 309.1593284099872 675.2245305600118
4 1 7185.195836709976 7544.6164810375085
4 1 2990.234013110019 3349.4255913599964
4 1 778.2187702896977 1132.7219819739184
4 1 1533.0497207499911 1887.3269422499943
4 1 161.58180072490086 515.4802918125024
4 1 0.0 339.9941601074005
4 1 0.0 326.8296621048007
4 1 0.0 325.0620048500002
4 1 0.0 314.5925722300067
4 1 0.0 310.90234629120096
4 1 0.0 303.3221455135881
4 1 0.0 299.0172588959831
4 1 0.0 289.27144109511164
4 1 0.0 273.7977397987006
4 1 0.0 271.8813941024973
4 1 0.0 270.3886921467538
4 1 0.0 269.53460266410093
4 1 0.0 268.3968245754977
4 1 0.0 260.0823423174952
4 1 0.0 259.70866064639995
4 1 0.0 249.16056338719204
4 1 0.0 248.96475240519953
4 1 17.482123178905113 266.28657967470053
4 1 0.0 245.50616995634437
4 1 1457.951460064407 1693.4872993964088
4 1 0.0 233.33377356249866
4 1 0.0 224.74160202999428
4 1 0.0 221.7865428
4 1 0.0 216.80829137040655
4 1 0.0 214.38939052170122
4 1 0.0 213.68744661479923
4 1 454.7506462800004 656.6452747748981
4 1 0.0 200.87317091039313
4 1 0.0 194.0307235200023
4 1 2523.308582673104 2711.763933910894
4 1 0.0 183.78090357759766
4 1 0.0 182.18175644870917
4 1 0.0 177.3347442300012
4 1 0.0 173.058872374497
4 1 0.0 171.49463829720167
4 1 0.0 167.37868784289458
4 1 0.0 164.39681479999672
4 1 0.0 162.82515627240082
4 1 241.30222967320879 397.4258954255954
4 1 0.0 153.93069221000678
4 1 205.73253190046398 358.76574890039774
4 1 0.0 144.15159734079134
4 1 477.11888467051085 616.4709677265187
4 1 0.0 138.18561224001633
4 1 0.0 138.1780917660135
4 1 0.0 134.09375057997386
4 1 60.2364411155022 194.13064697749996
4 1 0.0 133.73245609560854
4 1 0.0 133.07934402998853
4 1 589.2335099853153 717.5093504104143
4 1 0.0 124.55305114521161
4 1 0.0 121.90561504001198
4 1 424.734933239989 543.4147796460131
4 1 0.0 102.91958643700082
4 1 0.0 101.98780955889606
4 1 38.2012496860001 139.86629971199488
4 1 946.6431807680256 1044.2806590243308
4 1 0.0 93.95236925279369
4 1 0.0 91.72377382610193
4 1 0.0 88.14361736960427
4 1 0.0 83.61274629250943
4 1 0.0 75.62687191529403
4 1 0.0 71.34413373679905
4 1 0.0 69.21065109998699
4 1 0.0 67.7839719155013
4 1 0.0 65.8631283199968
4 1 0.0 63.313662122507594
4 1 0.0 62.182575290038585
4 1 0.0 60.821422289992825
4 1 0.0 58.86769387090135
4 1 0.0 52.830245187603396
4 1 0.0 50.7593655957985
4 1 0.0 46.70476027680115
4 1 182.4995830082961 229.19022932479686
4 1 0.0 42.27184543148542
4 1 2115.213918759906 2154.2703582099894
4 1 0.0 37.643820501904884
4 1 0.0 36.801311427494056
4 1 0.0 30.660992786124893
4 1 46.999683240898776 76.74783636587563
4 1 1470.2828109928805 1496.8830673995972
4 1 0.0 25.93740318720029
4 1 0.0 22.828094901998895
4 1 0.0 22.38050890999648
4 1 279.18776659390267 298.34509330940205
4 1 0.0 12.00890178120153
4 1 0.0 11.354854524095344
4 1 0.0 3.3585921399826475
4 0 0.0 inf
# COVID_SAMPLE_8_ROI_1
5 1 0.0 15324.08888889109
5 1 0.0 12231.795756143989
5 1 0.0 11773.421955993119
5 1 0.0 10018.479786969969
5 1 0.0 8820.575075097993
5 1 0.0 7761.034072464141
5 1 0.0 7347.531026070112
5 1 0.0 7280.243681999624
5 1 0.0 7013.270216780038
5 1 0.0 6999.04387551998
5 1 0.0 6633.837761550013
5 1 0.0 6512.580751270395
5 1 0.0 6347.523223519989
5 1 0.0 5878.136166470014
5 1 15740.920972466702 21595.003363097105
5 1 0.0 5705.208207126425
5 1 0.0 5501.343191430005
5 1 0.0 5321.287302637096
5 1 0.0 5211.271413602516
5 1 0.0 5041.446594673598
5 1 0.0 4995.081415032005
5 1 0.0 4906.753663761569
5 1 0.0 4891.235962049923
5 1 1275.0340905199864 6155.8469484599755
5 1 0.0 4579.548391809347
5 1 0.0 4086.9052005904014
5 1 767.8605918564117 4706.560244662391
5 1 0.0 3870.180646018396
5 1 0.0 3863.7704367888964
5 1 0.0 3856.107025678303
5 1 535.0798273600558 4339.04015771
5 1 0.0 3746.517571526807
5 1 0.0 3616.1153364119887
5 1 604.7976170983875 4214.8172102076005
5 1 0.0 3594.8243865600016
5 1 0.0 3545.9236708800004
5 1 0.0 3364.7852549199806
5 1 0.0 3300.9908080541945
5 1 0.0 3264.0089637600295
5 1 0.0 3170.4782000000223
5 1 0.0 2999.2956769544126
5 1 0.0 2744.764681069997
5 1 0.0 2697.2988143299317
5 1 0.0 2627.57377574993
5 1 794.5248127509558 3412.879890338503
5 1 0.0 2587.657553535093
5 1 0.0 2577.2689865759944
5 1 0.0 2551.2700842423073
5 1 0.0 2473.1040209783846
5 1 46.09809284993571 2500.8401162500027
5 1 0.0 2449.2601004116023
5 1 0.0 2438.5035404000055
5 1 0.0 2424.3570674923794
5 1 0.0 2414.89637871995
5 1 0.0 2403.6126290643906
5 1 0.0 2362.7138391599638
5 1 0.0 2349.52237721001
5 1 0.0 2337.2587227319937
5 1 21.34757759359934 2335.027789110396
5 1 0.0 2290.5071988100135
5 1 0.0 2249.225903609993
5 1 0.0 2230.101528489952
5 1 0.0 2229.5533175321057
5 1 0.0 2191.3858963200237
5 1 0.0 2190.923647267207
5 1 0.0 2178.2083493645023
5 1 0.0 2140.0446250000105
5 1 0.0 2128.6218292490967
5 1 0.0 2125.417175613118
5 1 0.0 2121.843478159999
5 1 0.0 1991.4109887999912
5 1 0.0 1987.1203213120002
5 1 0.0 1953.8711393599933
5 1 0.0 1950.1060064928033
5 1 0.0 1934.3739196435922
5 1 0.0 1931.2913950099792
5 1 0.0 1928.465433942485
5 1 282.1737540699978 2164.904653040015
5 1 0.0 1870.9095531000003
5 1 2438.6698006899933 4294.0385295299875
5 1 0.0 1818.4695096300184
5 1 0.0 1816.430746996397
5 1 0.0 1813.5290048884985
5 1 0.0 1773.557695490003
5 1 0.0 1767.1346462184897
5 1 39.94001963998653 1799.2681148514948
5 1 0.0 1749.5879243771087
5 1 0.0 1746.6942537299979
5 1 0.0 1714.1531552559072
5 1 0.0 1706.5193406800117
5 1 0.0 1702.723981130509
5 1 30.69366133199901 1709.6515306662998
5 1 0.0 1675.0292809272978
5 1 782.8889231884095 2451.372248768388
5 1 0.0 1654.7598033283903
5 1 1101.183025349981 2753.343573971616
5 1 0.0 1618.755620929992
5 1 0.0 1593.0247738699745
5 1 0.0 1580.3561465603925
5 1 0.0 1580.3340596432008
5 1 0.0 1565.9202567900138
5 1 0.0 1558.7576710349113
5 1 0.0 1545.316673760021
5 1 0.0 1540.3926287300042
5 1 795.2895864594561 2318.6546441920177
5 1 0.0 1418.9548067100095
5 1 0.0 1404.109003989613
5 1 0.0 1399.9779596873032
5 1 496.3603813100026 1868.3428363699866
5 1 0.0 1337.0449498715968
5 1 0.0 1333.7571178696526
5 1 0.0 1332.2877043899803
5 1 0.0 1312.2326632940021
5 1 0.0 1309.163959425603
5 1 0.0 1301.6654013163984
5 1 1872.7798223599957 3159.363158810017
5 1 184.9701933300148 1469.199661590028
5 1 0.0 1278.3104635600057
5 1 0.0 1272.2452179199827
5 1 0.0 1269.076815322549
5 1 0.0 1255.7058229400282
5 1 0.0 1234.0399542063924
5 1 0.0 1232.8706816699942
5 1 0.0 1201.5393930861078
5 1 0.0 1200.4166779200168
5 1 0.0 1182.8070732499928
5 1 0.0 1176.8644991199935
5 1 0.0 1163.4105665099928
5 1 0.0 1134.698089055917
5 1 0.0 1132.647118520019
5 1 0.0 1128.660503116807
5 1 0.0 1128.6494554000365
5 1 0.0 1127.7905101125134
5 1 0.0 1119.8669296105363
5 1 229.9944654432079 1348.2470970029062
5 1 0.0 1116.5550216588053
5 1 1437.1886375999566 2546.1072759699364
5 1 0.0 1103.4491053103875
5 1 0.0 1098.3478197160894
5 1 0.0 1093.502705813104
5 1 0.0 1075.1661628499996
5 1 0.0 1066.4630717100085
5 1 0.0 1065.498938122407
5 1 0.0 1058.364961904302
5 1 0.0 1043.7543751000037
5 1 353.51384952089165 1390.3688278690913
5 1 0.0 1027.2801106731984
5 1 0.0 1018.6619252000183
5 1 309.07620799351844 1314.4559194095164
5 1 0.0 1000.8055068599874
5 1 0.0 998.9331344460734
5 1 0.0 976.5522415583882
5 1 0.0 976.4601386700006
5 1 0.0 975.8607347653024
5 1 0.0 969.5328372991935
5 1 278.65034866840006 1246.9895450540055
5 1 0.0 949.5480137469058
5 1 0.0 944.8306251012996
5 1 0.0 930.4191892465003
5 1 1711.1147750063792 2637.2294897571046
5 1 0.0 911.3807123999968
5 1 247.7088888763924 1139.3680559188833
5 1 0.0 890.9988398807945
5 1 106.16426911400367 972.0701850984005
5 1 0.0 858.4332491756124
5 1 156.84602240601225 1011.0496334952077
5 1 0.0 844.6932680399877
5 1 0.0 841.1047063488963
5 1 0.0 832.8759640400058
5 1 0.0 832.6117779868682
5 1 0.0 827.4171401400044
5 1 0.0 826.0029989684363
5 1 0.0 823.3453720800007
5 1 0.0 821.4004894199986
5 1 70.32669787001487 891.5874186899923
5 1 1057.1334087500236 1865.4432970808
5 1 464.24240699558413 1269.3094165839952
5 1 0.0 792.8534755681212
5 1 0.0 788.6435316471006
5 1 0.0 786.5764691012919
5 1 1230.7143300199923 2012.6709574000115
5 1 565.3632008555901 1344.699962429997
5 1 0.0 778.1148237164814
5 1 0.0 769.6332821699816
5 1 0.0 769.1543041200048
5 1 0.0 737.3184950643945
5 1 0.0 725.7988975400069
5 1 865.2042809329032 1583.310300910096
5 1 132.39923619080037 848.0573026529593
5 1 0.0 713.3860562700211
5 1 0.0 708.8270101850999
5 1 0.0 707.3736052500012
5 1 0.0 707.1737698716095
5 1 900.5576664200053 1605.3949167200062
5 1 172.79384490161283 875.861804370028
5 1 0.0 702.033844289982
5 1 0.0 696.0035027149333
5 1 0.0 688.3556606600037
5 1 0.0 675.0072189910038
5 1 0.0 669.9583344704979
5 1 570.837671828026 1231.3520081999682
5 1 0.0 659.4563921079816
5 1 0.0 637.8203925823866
5 1 0.0 637.4194245760953
5 1 0.0 631.8288610305026
5 1 0.0 629.6529086399842
5 1 0.0 627.791464459093
5 1 0.0 626.630366297095
5 1 0.0 625.5342971477648
5 1 436.0842053624017 1053.871409266008
5 1 0.0 616.1206372799948
5 1 0.0 607.5054482371825
5 1 0.0 606.251422118512
5 1 0.0 593.5671231599918
5 1 0.0 583.3431048699922
5 1 0.0 578.8217624425029
5 1 0.0 576.0645777599943
5 1 50.812457511704 625.3165534500031
5 1 0.0 570.605970884398
5 1 0.0 568.9588273799945
5 1 0.0 568.8532362400147
5 1 0.0 554.8525133119801
5 1 0.0 549.3288670875045
5 1 0.0 542.7519865835839
5 1 12.936686277503782 555.1751765524978
5 1 0.0 540.6464567340013
5 1 0.0 528.289743378946
5 1 0.0 513.9539313700034
5 1 0.0 511.2012771583977
5 1 41.51925377439875 551.4087647583037
5 1 0.0 507.57848995500535
5 1 0.0 507.4352084506345
5 1 0.0 494.80671844440076
5 1 0.0 493.8286139590998
5 1 4691.939975390054 5179.199724829991
5 1 0.0 487.24716564310313
5 1 0.0 486.73737544759297
5 1 0.0 478.44482043001335
5 1 0.0 478.23998098760785
5 1 0.0 463.58360841999
5 1 3.5336789299917655 462.1148952000249
5 1 0.0 453.39099662640683
5 1 0.0 447.665744909987
5 1 0.0 446.45133075030094
5 1 0.0 445.3016334792037
5 1 434.20244916001593 876.5846937500082
5 1 0.0 442.2436217499953
5 1 0.0 438.4076919230993
5 1 0.0 435.26034610799206
5 1 0.0 432.83631149649455
5 1 0.0 432.47277673109807
5 1 66.11876246999009 475.40232262999825
5 1 907.4017074400085 1306.9003713200043
5 1 0.0 399.4658451455016
5 1 0.0 396.1775816100037
5 1 0.0 388.27134322699226
5 1 0.0 383.7331500500213
5 1 0.0 383.7248650700981
5 1 1817.2169351580023 2199.552612961681
5 1 0.0 381.09539761748783
5 1 150.48247557439572 523.1804922512031
5 1 460.3870500000073 828.491828700001
5 1 0.0 355.5801439324955
5 1 0.0 354.62967534839436
5 1 0.0 352.145758201455
5 1 0.0 351.8802145838972
5 1 0.0 349.63104430999215
5 1 0.0 346.99364148490895
5 1 0.0 344.18117645499956
5 1 0.0 335.82090638629757
5 1 0.0 331.54482412277866
5 1 0.0 325.671194591996
5 1 0.0 320.0015806300098
5 1 391.9149432009003 706.4602865008856
5 1 0.0 312.27415469040216
5 1 0.0 299.4268092300149
5 1 0.0 293.09136194490475
5 1 0.0 292.60872654249897
5 1 0.0 289.114323490405
5 1 0.0 282.5404656244946
5 1 0.0 271.33719851999285
5 1 0.0 268.8879028209726
5 1 0.0 265.1879307203926
5 1 0.0 260.8273482872951
5 1 0.0 249.58576276869212
5 1 0.0 246.28026295999462
5 1 795.4392498080092 1041.5529930228072
5 1 471.0922827455979 716.3922691814978
5 1 0.0 241.0444900376956
5 1 0.0 240.39543069160754
5 1 0.0 230.93915270967955
5 1 0.0 229.94808128001705
5 1 0.0 229.20582469759722
5 1 0.0 225.49848720509925
5 1 0.0 218.31219382399377
5 1 0.0 211.42507771540426
5 1 96.98197240320042 304.205766583495
5 1 131.14188441989938 335.39624469130683
5 1 0.0 204.21932100997037
5 1 435.1601782000221 635.0316926784185
5 1 0.0 199.14415862239662
5 1 2371.3755270549045 2568.509867920002
5 1 62.42681780959265 257.28879566250725
5 1 693.1237662399917 882.052137230004
5 1 0.0 188.7069984700106
5 1 0.0 182.70029305931575
5 1 0.0 180.50212112999702
5 1 0.0 176.03311630109965
5 1 124.23934234550484 295.8973565796123
5 1 0.0 169.21729744879121
5 1 0.0 163.38399471800585
5 1 654.5953173819016 816.7793103828017
5 1 0.0 160.6237385027971
5 1 0.0 160.31678831360296
5 1 0.0 158.60691810839603
5 1 254.73681288589205 409.33879527949523
5 1 0.0 147.79640037239074
5 1 0.0 139.4343233659606
5 1 8.381110768393 147.12179803398908
5 1 21128.345080768486 21265.442965277998
5 1 0.0 135.95938276001243
5 1 0.0 135.6821237048
5 1 0.0 135.2012427974994
5 1 0.0 134.320742649993
5 1 0.0 131.59105036850315
5 1 0.0 131.2761916799509
5 1 1149.7713603544044 1275.2447335243987
5 1 0.0 118.76304018199698
5 1 0.0 118.32127152999283
5 1 0.0 117.06294024839463
5 1 0.0 116.04253011639548
5 1 0.0 115.42929479769418
5 1 0.0 113.22212335679296
5 1 0.0 112.76178470999844
5 1 0.0 107.08197058350424
5 1 0.0 102.98963807999866
5 1 0.0 99.07840044000613
5 1 0.0 93.83718821359889
5 1 0.0 93.1542607696017
5 1 222.68384899930356 313.56988767470284
5 1 116.07700213000294 206.807465119097
5 1 0.0 83.43302877798669
5 1 183.72117624759312 266.4212307504986
5 1 433.2909170799817 511.96113007999384
5 1 0.0 78.36966858239612
5 1 586.0440725245007 663.9712502490013
5 1 224.92444981589313 299.20287692159536
5 1 294.0948851280009 363.07702928039134
5 1 0.0 66.81727337718985
5 1 17.856502286041703 82.59953880620105
5 1 0.0 64.62263206750504
5 1 0.0 64.33915225839678
5 1 1016.0407828500101 1080.2894562374981
5 1 0.0 63.59939871839947
5 1 165.8819191903949 227.1533948339993
5 1 0.0 60.33687596010196
5 1 0.0 59.42095555850983
5 1 0.0 55.50152324290684
5 1 0.0 46.79486434319904
5 1 0.0 46.58801922279724
5 1 0.0 43.637097149997544
5 1 238.10653503199887 275.99175902349816
5 1 0.0 32.643359238405026
5 1 423.4301126523934 453.0979402912924
5 1 3.5989982304015484 31.413976576000948
5 1 0.0 27.808140639998328
5 1 0.0 23.56762037069859
5 1 0.0 16.324504017500402
5 1 19.291616199997804 30.70758647999945
5 1 311.4823492699875 322.75326473149426
5 1 0.0 6.824641341898769
5 1 603.6447253065048 609.9965344443996
5 1 0.0 1.5261963737011683
5 1 0.0 0.30398517430066363
5 0 0.0 inf
5 0 0.0 14549.650046309582
# COVID_SAMPLE_20_ROI_2
6 1 0.0 32176.522165851515
6 1 0.0 16061.630961945606
6 1 0.0 15225.666345504034
6 1 0.0 12932.035733180008
6 1 0.0 12111.117610386942
6 1 0.0 8689.382728371993
6 1 0.0 8453.568569534444
6 1 0.0 7449.464771610003
6 1 0.0 7156.858388313711
6 1 0.0 6806.366995294303
6 1 0.0 6560.816977126107
6 1 0.0 6430.688223319979
6 1 0.0 5774.667828050898
6 1 0.0 5704.539636510008
6 1 0.0 5466.422686620017
6 1 0.0 5258.737587639972
6 1 0.0 5069.860328449983
6 1 0.0 4890.650770153584
6 1 0.0 4683.0489962793035
6 1 0.0 4655.171611740019
6 1 0.0 4500.651413130006
6 1 0.0 4416.3255131524975
6 1 0.0 4252.139876500908
6 1 0.0 4226.229940389998
6 1 0.0 4130.78738110349
6 1 0.0 3956.1119148280177
6 1 0.0 3823.9539498299873
6 1 0.0 3810.681146469995
6 1 0.0 3687.1008685982897
6 1 0.0 3670.9187917525005
6 1 0.0 3668.61353158561
6 1 0.0 3649.392597544016
6 1 0.0 3608.1504260274987
6 1 0.0 3443.3227964963953
6 1 0.0 3394.923091560002
6 1 0.0 3354.5557068500093
6 1 0.0 3341.1708236099853
6 1 0.0 3323.7475954428096
6 1 0.0 3261.206746699996
6 1 0.0 3171.6848119523893
6 1 0.0 3165.0382555100377
6 1 0.0 3154.6110020591987
6 1 0.0 3102.5852382585103
6 1 0.0 3092.1244488216007
6 1 0.0 3035.935691640013
6 1 0.0 3019.905275307502
6 1 0.0 2923.2810647619854
6 1 0.0 2881.8779321303045
6 1 0.0 2843.339713080906
6 1 384.08160578451316 3216.3892634269023
6 1 0.0 2792.531685886399
6 1 0.0 2763.429424630016
6 1 0.0 2760.1106853999972
6 1 0.0 2741.40366582391
6 1 0.0 2715.1208420699804
6 1 0.0 2701.6082257410317
6 1 0.0 2658.9507882500056
6 1 0.0 2651.688326330296
6 1 0.0 2567.421771782405
6 1 0.0 2556.4555172515998
6 1 0.0 2540.855090509991
6 1 0.0 2534.390714410015
6 1 0.0 2511.840219989738
6 1 0.0 2464.25641955999
6 1 0.0 2415.6288058524046
6 1 0.0 2415.481254512015
6 1 0.0 2397.2860228315003
6 1 0.0 2391.978938080013
6 1 144.86198162041546 2491.1090509800038
6 1 0.0 2312.2885750463984
6 1 0.0 2311.607784482502
6 1 0.0 2288.3912458799978
6 1 0.0 2256.9782932393027
6 1 0.0 2238.646961269996
6 1 0.0 2207.1238170655943
6 1 0.0 2195.347036390005
6 1 0.0 2176.6135087520042
6 1 0.0 2153.1582488418953
6 1 0.0 2149.024209560012
6 1 0.0 2148.054988542689
6 1 0.0 2138.4028409999974
6 1 0.0 2123.9596141355996
6 1 0.0 2109.6833068187416
6 1 0.0 2061.9550922470867
6 1 0.0 2002.2015703111229
6 1 0.0 1971.4193196503866
6 1 0.0 1959.9730015139976
6 1 0.0 1949.1398132769036
6 1 2860.312289199981 4788.697005839986
6 1 0.0 1910.01900281998
6 1 0.0 1908.3068265230913
6 1 0.0 1902.486617949906
6 1 0.0 1859.8553440235883
6 1 0.0 1845.062847139307
6 1 0.0 1838.850086570017
6 1 0.0 1829.4704046799955
6 1 0.0 1815.3360466448007
6 1 0.0 1814.6118547228998
6 1 0.0 1804.5442256864067
6 1 0.0 1787.523812271902
6 1 0.0 1782.1844067902994
6 1 0.0 1768.2725130216086
6 1 0.0 1765.6368925835022
6 1 0.0 1759.537698299995
6 1 0.0 1750.4644284500064
6 1 13.95461184843225 1753.9890161366066
6 1 0.0 1728.2033069000036
6 1 0.0 1726.0969190559963
6 1 0.0 1722.4306673199717
6 1 0.0 1715.4851616000005
6 1 0.0 1715.3392586379905
6 1 0.0 1671.2240362399843
6 1 0.0 1634.7467281820036
6 1 727.4045400000032 2357.2836973100084
6 1 0.0 1615.8222733464277
6 1 0.0 1598.9720064700387
6 1 0.0 1587.6658497825101
6 1 0.0 1581.335262899982
6 1 0.0 1574.5793655770976
6 1 0.0 1562.9815798667846
6 1 310.89929731999564 1857.7777887099865
6 1 0.0 1538.84880757186
6 1 0.0 1508.344359470002
6 1 0.0 1470.424434599997
6 1 526.3488353147995 1977.5628143331987
6 1 0.0 1411.0343758080166
6 1 0.0 1410.206227789997
6 1 0.0 1404.9699647300172
6 1 0.0 1402.3312502699946
6 1 0.0 1387.8708791915042
6 1 0.0 1387.6157393536114
6 1 0.0 1376.6071059200253
6 1 0.0 1367.223472664
6 1 0.0 1366.3067614600059
6 1 0.0 1364.3067301199962
6 1 187.28316077809905 1530.4325988705145
6 1 41.864472125994325 1352.038790800494
6 1 0.0 1292.649525344541
6 1 0.0 1282.3634169095017
6 1 0.0 1281.6880504378812
6 1 0.0 1277.3514222799895
6 1 0.0 1272.3917584574892
6 1 0.0 1261.9754891792882
6 1 0.0 1243.6468741699955
6 1 0.0 1242.2594694519034
6 1 0.0 1241.7226766699714
6 1 0.0 1241.102677580007
6 1 0.0 1228.4216127300147
6 1 580.6063287579955 1803.0161278100168
6 1 0.0 1212.1210548048111
6 1 0.0 1201.9716841500049
6 1 381.2202228219944 1577.8875343379882
6 1 0.0 1175.3656311550822
6 1 0.0 1160.435582840001
6 1 0.0 1159.9926162393022
6 1 0.0 1144.3733312299928
6 1 0.0 1143.7341744480004
6 1 0.0 1138.3549253599995
6 1 0.0 1130.026584117304
6 1 0.0 1129.3174349255996
6 1 0.0 1116.1673994755097
6 1 0.0 1089.1780074800192
6 1 36.92909477869762 1121.990270626397
6 1 0.0 1078.1264248640086
6 1 0.0 1076.464169449996
6 1 0.0 1074.685330022411
6 1 0.0 1074.358150284301
6 1 0.0 1066.4236892900112
6 1 0.0 1049.7572745300017
6 1 0.0 1037.6038597199997
6 1 0.0 1027.6627319339968
6 1 0.0 1016.3861111359965
6 1 0.0 1004.8196882799939
6 1 0.0 983.3620530449025
6 1 0.0 979.2850687611071
6 1 0.0 968.7765871199663
6 1 0.0 951.7371254567984
6 1 0.0 949.6834350600029
6 1 0.0 942.4030114943889
6 1 0.0 937.3677728099833
6 1 0.0 934.4444270279955
6 1 0.0 921.7602508065038
6 1 0.0 921.2963975049925
6 1 0.0 920.6652874610904
6 1 0.0 902.9695932225063
6 1 0.0 902.6115779175957
6 1 0.0 897.7024769550615
6 1 0.0 895.1950238200056
6 1 0.0 894.6416583899963
6 1 0.0 893.3384973759973
6 1 0.0 877.015495999997
6 1 0.0 874.9867618799987
6 1 0.0 871.7392220274951
6 1 0.0 862.5318983251168
6 1 0.0 862.1092262825073
6 1 0.0 845.9805035600157
6 1 0.0 843.5878549524205
6 1 0.0 842.1033115055958
6 1 0.0 833.5087530899975
6 1 0.0 827.0057737176046
6 1 0.0 825.4816068168911
6 1 0.0 815.3764047852012
6 1 13.239253430001895 827.1506615501071
6 1 0.0 809.9971185848999
6 1 0.0 803.1073619651697
6 1 0.0 792.807077262503
6 1 0.0 787.7473385561063
6 1 280.08434950199626 1062.6653060448116
6 1 0.0 768.0754857099973
6 1 0.0 764.8299993500209
6 1 0.0 762.9046098023964
6 1 0.0 751.1316855999999
6 1 0.0 750.9799298496041
6 1 0.0 742.9815901200034
6 1 0.0 735.3917945038957
6 1 0.0 732.0265028399924
6 1 0.0 730.424468276894
6 1 0.0 727.9644077414073
6 1 1076.8261761071008 1803.5541661623047
6 1 0.0 715.7842452111017
6 1 510.50394105998566 1215.0641696324042
6 1 0.0 701.9325641900068
6 1 0.0 700.9806479100026
6 1 0.0 699.1959865648159
6 1 0.0 697.6475239748816
6 1 0.0 683.0203594743018
6 1 0.0 674.1139553300045
6 1 0.0 673.9135858351865
6 1 476.63817095002014 1140.9038780300443
6 1 0.0 661.6399309945041
6 1 0.0 655.5674030720021
6 1 125.1635938499744 777.7703305460077
6 1 0.0 643.4366181069026
6 1 0.0 639.9949805199803
6 1 0.0 637.8889503148864
6 1 0.0 637.6236260899921
6 1 0.0 637.025982090021
6 1 0.0 629.0290145565
6 1 0.0 626.0429241342872
6 1 0.0 620.7106113683953
6 1 0.0 620.4266795749045
6 1 0.0 618.3488222800041
6 1 0.0 614.5292660220102
6 1 1.7732882752014802 611.6800355247967
6 1 0.0 600.2657817911033
6 1 2173.2317151040006 2769.0125306168075
6 1 0.0 588.345065853194
6 1 0.0 582.3681576471954
6 1 22.158526573302424 604.1668484000045
6 1 0.0 581.2911626000096
6 1 0.0 580.7792816718967
6 1 0.0 577.6606783899942
6 1 0.0 573.0408591400005
6 1 0.0 567.0273315000095
6 1 0.0 555.6687103935851
6 1 0.0 552.8645600896095
6 1 388.6318034493273 937.0099578460724
6 1 0.0 546.3285765335077
6 1 0.0 544.8293025900053
6 1 0.0 540.2771013700019
6 1 0.0 534.4824037355024
6 1 0.0 524.2756873200055
6 1 0.0 522.7482329600014
6 1 0.0 515.0609030808971
6 1 0.0 513.7978846060003
6 1 0.0 513.5238401529
6 1 0.0 509.93995744999484
6 1 0.0 509.7878765967248
6 1 0.0 505.59435464641683
6 1 0.0 502.4883366900003
6 1 0.0 488.87945989880154
6 1 0.0 483.76392570999246
6 1 0.0 482.82019470199464
6 1 0.0 474.55667764000964
6 1 0.0 472.1671968003999
6 1 0.0 470.4489500540046
6 1 1590.1090900504078 2060.3136498027015
6 1 0.0 466.2683224299881
6 1 369.12459099002444 831.9374885900143
6 1 104.00276343000178 558.1446491699744
6 1 0.0 451.45839636039636
6 1 0.0 451.2882518243998
6 1 0.0 449.0795427116195
6 1 0.0 448.39232507279485
6 1 0.0 448.235426913574
6 1 0.0 446.1727285484012
6 1 0.0 439.88021009423096
6 1 0.0 436.8500505139018
6 1 0.0 434.61270703650735
6 1 0.0 433.7869889600097
6 1 0.0 430.37791030001245
6 1 0.0 429.5666239823961
6 1 0.0 425.386043949994
6 1 0.0 425.2100566503882
6 1 121.65264655640408 546.8488899999968
6 1 0.0 422.86544803999595
6 1 0.0 422.5121106699986
6 1 0.0 418.7219081099938
6 1 0.0 417.89971607999837
6 1 0.0 417.70859818270606
6 1 0.0 407.85909759549645
6 1 78.4473457600227 479.145642590007
6 1 0.0 399.01264059039113
6 1 0.0 397.10251168610284
6 1 1396.4042696499946 1791.4419679600069
6 1 206.1002832674967 600.6507269099802
6 1 0.0 391.7726332920429
6 1 0.0 387.1329358088947
6 1 0.0 383.4058509863985
6 1 0.0 380.70781659999705
6 1 0.0 380.4238259500071
6 1 0.0 378.91171918999044
6 1 0.0 376.5980024799973
6 1 0.0 374.01896769159794
6 1 0.0 367.80009410999793
6 1 0.0 367.70410455850583
6 1 0.0 367.4495102899896
6 1 0.0 365.3151559967964
6 1 0.0 363.9885064500115
6 1 0.0 363.88229305000004
6 1 131.0699732040971 494.5758462637068
6 1 0.0 363.0546253220997
6 1 0.0 360.5345606700089
6 1 0.0 351.911963037595
6 1 0.0 348.6553146252081
6 1 0.0 324.86656257999766
6 1 0.0 321.7593303075173
6 1 0.0 318.9109917204162
6 1 0.0 310.65207744001805
6 1 0.0 310.57876857664587
6 1 0.0 310.4761501275025
6 1 0.0 308.9237943400013
6 1 187.647901120009 482.23359999998956
6 1 107.4488528799883 396.46270623999317
6 1 0.0 285.48581701670423
6 1 73.73554308804262 355.57944587559984
6 1 0.0 268.69733618000464
6 1 0.0 268.0650066900107
6 1 269.3403079699883 536.9944102209047
6 1 294.7536813183806 562.08604865081
6 1 26.042716982400634 293.20041610753833
6 1 0.0 266.37819132000334
6 1 0.0 266.32012386999895
6 1 0.0 261.3138721800119
6 1 0.0 259.54019544000266
6 1 0.0 259.1740385300079
6 1 494.27168925959586 749.0280834199975
6 1 0.0 253.7224394927889
6 1 1228.7971166899997 1479.8945412699964
6 1 0.0 250.42971252015923
6 1 0.0 249.5175990100024
6 1 0.0 249.0102558000026
6 1 0.0 248.47878037489863
6 1 0.0 248.16258405000008
6 1 0.0 237.31818514802444
6 1 0.0 236.29534489879734
6 1 0.0 235.94275836998872
6 1 0.0 235.4225863963975
6 1 0.0 232.8684435899928
6 1 0.0 232.42614181689896
6 1 0.0 231.50658949999524
6 1 0.0 231.02902123999365
6 1 0.0 229.87588449252326
6 1 0.0 218.21786744999963
6 1 349.0524035138951 559.9210772063934
6 1 0.0 210.77060788000108
6 1 0.0 208.83889072897
6 1 0.0 205.73234492000063
6 1 0.0 204.93039709639856
6 1 0.0 202.49839646799296
6 1 0.0 199.99618432002535
6 1 0.0 199.3403285690979
6 1 0.0 198.95185471491823
6 1 0.0 198.59276112000532
6 1 0.0 195.611103120003
6 1 0.0 192.42631219040595
6 1 174.57059013250637 363.73132337931565
6 1 0.0 188.9438766295957
6 1 0.0 180.70117399510127
6 1 0.0 179.04451796280182
6 1 2802.6914407564027 2979.3180544575794
6 1 0.0 175.38924719359227
6 1 0.0 173.48619226440223
6 1 0.0 171.89143925000462
6 1 0.0 169.88831387840207
6 1 0.0 162.71285721649872
6 1 0.0 160.59625184639822
6 1 0.0 160.57843125750333
6 1 0.0 158.0838599999994
6 1 0.0 152.39781345380334
6 1 0.0 150.55698066680907
6 1 0.0 143.93794929000865
6 1 10.748254770401445 152.5428167364015
6 1 0.0 136.0052167647807
6 1 0.0 134.5771019600079
6 1 160.33108641489162 294.1164760404031
6 1 0.0 132.9071745680003
6 1 0.0 130.00844373498052
6 1 0.0 129.34418142719323
6 1 0.0 125.88040574999513
6 1 0.0 125.82083897600455
6 1 0.0 125.37012407550083
6 1 0.0 122.9926833699974
6 1 0.0 118.82578010439994
6 1 891.3647460676048 1007.2757539304907
6 1 0.0 110.53499851559832
6 1 0.0 107.64836642000819
6 1 0.0 98.9409684208008
6 1 0.0 98.64625333759886
6 1 0.0 96.74750857551226
6 1 0.0 95.88692586001343
6 1 0.0 92.19396060490249
6 1 0.0 91.08172420089954
6 1 0.0 90.80011025998465
6 1 226.24228315589767 316.1683504599025
6 1 0.0 88.80003975529996
6 1 0.0 87.19453365560094
6 1 149.83863680001105 236.03166400000305
6 1 66.72157284000878 152.20053905000236
6 1 0.0 84.17572872936125
6 1 0.0 81.45603743000288
6 1 49.245618799977365 130.55477369001323
6 1 0.0 75.1558889439948
6 1 140.10019298750217 212.13756381789813
6 1 0.0 70.74772548000556
6 1 0.0 70.29176591999158
6 1 0.0 66.03951027999642
6 1 49.1055560820036 114.43874243999574
6 1 0.0 63.918787739999516
6 1 0.0 63.17461374440336
6 1 352.5188296861023 411.82668344360013
6 1 2459.382800257325 2518.5273160864176
6 1 0.0 55.6453807673488
6 1 0.0 55.03108198199902
6 1 0.0 53.68954661999726
6 1 0.0 50.43222775999584
6 1 0.0 50.35492292599724
6 1 0.0 49.25759534069857
6 1 0.0 47.42544336209926
6 1 1622.236671080047 1666.3592069199594
6 1 240.3888284900172 276.9360081599971
6 1 0.0 33.82120411998949
6 1 0.0 32.49735577999945
6 1 2332.416916710492 2364.2926775124943
6 1 0.0 28.796594329995287
6 1 0.0 27.77637467837667
6 1 0.0 27.337681949100443
6 1 0.0 26.345363538243873
6 1 0.0 26.06699136000441
6 1 790.7853715199913 816.6491287999929
6 1 75.7798857405017 99.47374215529976
6 1 0.0 20.78469365001365
6 1 0.0 15.388549459099295
6 1 0.0 14.176804561355539
6 1 0.0 9.881978820002189
6 1 0.0 5.316940580398281
6 1 769.9918006295068 774.8166508515069
6 1 0.0 3.8112306885107046
6 1 0.0 0.23048809000647452
6 0 0.0 inf
6 0 0.0 15.376204635210911
# COVID_SAMPLE_19_ROI_2
7 1 2074.6507689868854 114238.50654421066
7 1 5156.581386620001 37110.832420750005
7 1 0.0 31390.064829565188
7 1 0.0 30604.71506317233
7 1 0.0 25894.401222223205
7 1 0.0 25087.450073491626
7 1 0.0 23245.872330810045
7 1 0.0 19274.959615959568
7 1 0.0 18694.304653847095
7 1 0.0 12251.252357198387
7 1 4209.351094760032 14492.232460380028
7 1 0.0 9932.024402026109
7 1 0.0 9724.21271303001
7 1 0.0 8963.883278889598
7 1 0.0 7933.416201779922
7 1 0.0 7411.062523276005
7 1 0.0 7341.939494220416
7 1 0.0 7212.240844282296
7 1 0.0 7090.989987170017
7 1 0.0 6929.337781759976
7 1 0.0 6437.122902491616
7 1 21.651119999894945 6400.518108338494
7 1 0.0 5827.290582519889
7 1 0.0 5523.878046719996
7 1 0.0 5445.770383350405
7 1 0.0 5441.064729887604
7 1 0.0 5310.718043592291
7 1 0.0 5187.667045464009
7 1 0.0 4865.001308515805
7 1 231.43842320251406 5065.9679726630975
7 1 0.0 4517.397466919998
7 1 0.0 4334.070897299438
7 1 0.0 4054.0931666199926
7 1 0.0 4034.7579869899005
7 1 201.91937087871338 3929.7876072275103
7 1 0.0 3553.4000761199823
7 1 0.0 3490.065063280397
7 1 0.0 3481.8989001515693
7 1 0.0 3448.4928351160106
7 1 0.0 3143.5876473844005
7 1 0.0 3103.7864075400084
7 1 0.0 3002.5242160672033
7 1 0.0 2917.825394860498
7 1 0.0 2867.1969261299873
7 1 0.0 2853.246451050698
7 1 5799.803831689991 8643.446235450036
7 1 0.0 2747.257740696422
7 1 0.0 2568.022771499973
7 1 0.0 2561.8474981983873
7 1 0.0 2555.139876697186
7 1 0.0 2546.9475554774926
7 1 0.0 2464.676046799982
7 1 1941.0702740399993 4346.704751119988
7 1 0.0 2362.0987334899996
7 1 0.0 2345.71546663998
7 1 487.78564011109665 2773.2761457143024
7 1 0.0 2225.782467679975
7 1 0.0 2187.8966454800457
7 1 0.0 2172.5461090779927
7 1 1381.918522358797 3542.9163731759986
7 1 0.0 2083.0856234099965
7 1 0.0 2045.922300849998
7 1 0.0 2032.4164669499896
7 1 0.0 2010.8159406800964
7 1 0.0 2002.9553718499965
7 1 0.0 1976.9632017566696
7 1 0.0 1858.1516077500255
7 1 311.3125706475148 2165.4793209526833
7 1 0.0 1810.1467997300106
7 1 0.0 1777.9376847200044
7 1 0.0 1752.479497499587
7 1 0.0 1750.4659089470674
7 1 978.1156096499853 2722.1251921499725
7 1 270.8038409085698 1949.429217770633
7 1 141.0324834526973 1795.564875904795
7 1 0.0 1646.1064539599965
7 1 0.0 1642.7215955800211
7 1 0.0 1634.3572727763967
7 1 0.0 1634.1339041055971
7 1 0.0 1632.0336184799908
7 1 140.18241129748844 1751.625352218287
7 1 0.0 1609.0606958299932
7 1 0.0 1604.623714677597
7 1 0.0 1597.8578406123816
7 1 0.0 1571.7889638974939
7 1 0.0 1570.4919971666704
7 1 0.0 1569.491147550004
7 1 0.0 1554.1316351000046
7 1 5608.315374664206 7147.588041358471
7 1 0.0 1532.148290290902
7 1 0.0 1527.530832089994
7 1 0.0 1525.7860104612087
7 1 0.0 1518.141216600014
7 1 0.0 1500.999946450584
7 1 0.0 1489.4377758300016
7 1 0.0 1486.532030479998
7 1 0.0 1479.0293260024137
7 1 0.0 1465.5786567900109
7 1 0.0 1455.9840629631954
7 1 217.95584418998533 1658.7348630900178
7 1 0.0 1439.1031392500126
7 1 0.0 1422.3374636552116
7 1 0.0 1390.039481797579
7 1 0.0 1374.2993235299928
7 1 0.0 1368.8527229025021
7 1 0.0 1338.186819474698
7 1 0.0 1322.5837137999815
7 1 0.0 1309.9799894199932
7 1 0.0 1305.0793376594893
7 1 0.0 1282.161498239111
7 1 0.0 1274.3216329899954
7 1 0.0 1258.911937749987
7 1 9.386475019999125 1256.2358442023833
7 1 1339.3333949673197 2509.1980343408704
7 1 2941.599824642901 4110.893492340292
7 1 286.12081783720214 1449.5126282375895
7 1 520.5656241500083 1669.0780687500016
7 1 0.0 1148.2391809547953
7 1 0.0 1139.4279630100082
7 1 0.0 1132.4579996639068
7 1 9.790343030012536 1108.0689100000009
7 1 0.0 1091.0579056575039
7 1 0.0 1081.0040393599888
7 1 0.0 1074.5961420924828
7 1 0.0 1061.8256243209034
7 1 0.0 1060.185247710002
7 1 0.0 1055.9535506999728
7 1 0.0 1052.8581247500001
7 1 0.0 1044.2985854072022
7 1 0.0 1037.096334572011
7 1 0.0 1026.6112713708999
7 1 0.0 1025.5307390175258
7 1 641.9047194744962 1629.1644925856083
7 1 0.0 985.9703486888
7 1 0.0 984.5187710699911
7 1 0.0 968.0438759199938
7 1 0.0 930.2533409899909
7 1 1400.5623224022888 2324.666505036787
7 1 0.0 916.0465716600042
7 1 0.0 900.2535357600236
7 1 0.0 897.1980608639833
7 1 230.5393312992037 1126.9759958359095
7 1 0.0 895.1397602299812
7 1 0.0 892.3269792521387
7 1 0.0 885.7122385000253
7 1 0.0 884.2863897396005
7 1 0.0 881.8716872493064
7 1 69.93401667229273 930.5517843543821
7 1 0.0 859.5960788808952
7 1 0.0 856.5512472784922
7 1 0.0 853.6543178799948
7 1 0.0 850.6103389999971
7 1 272.7190815391077 1119.7942342083834
7 1 0.0 842.3687182499834
7 1 0.0 841.7444013599961
7 1 580.2150102307919 1404.082748763197
7 1 0.0 812.2754384399805
7 1 0.0 801.7678435655912
7 1 0.0 792.9614944299965
7 1 229.16545100760186 1006.5701274244086
7 1 0.0 770.9788718359998
7 1 0.0 767.9638475199972
7 1 0.0 756.3409752399803
7 1 0.0 745.4796014740972
7 1 11416.28860323042 12158.337159201394
7 1 0.0 736.3961659448047
7 1 0.0 733.3316750900058
7 1 354.2858083999927 1067.7445050400022
7 1 0.0 710.9827365251995
7 1 0.0 709.1240281523997
7 1 0.0 708.9173928000016
7 1 0.0 704.9937259239978
7 1 0.0 704.0283812624953
7 1 0.0 694.193069689994
7 1 0.0 689.6241361160155
7 1 0.0 683.6554308799952
7 1 0.0 674.3162048364084
7 1 0.0 668.6632483844069
7 1 0.0 667.8788090500025
7 1 0.0 653.409538170009
7 1 0.0 652.3591504999954
7 1 0.0 645.8117432824997
7 1 13.129499820462115 656.2471322571919
7 1 0.0 640.0279200319947
7 1 0.0 627.2512040884112
7 1 0.0 623.8863402974998
7 1 0.0 618.6278493899968
7 1 0.0 613.1536894500141
7 1 0.0 611.3016472099025
7 1 0.0 605.2714202284005
7 1 0.0 595.5373778799933
7 1 10461.968340350017 11053.315186389991
7 1 0.0 586.1839103300049
7 1 0.0 583.9640107971425
7 1 8.35044127689116 563.2723723797017
7 1 0.0 550.5714277216125
7 1 0.0 548.5461427600064
7 1 0.0 547.6104860399864
7 1 83.8848427700043 625.8205884433087
7 1 0.0 535.3390193999985
7 1 0.0 524.4558975300117
7 1 0.0 520.6199293744002
7 1 116.2160503699829 626.3107994699815
7 1 0.0 508.6061417979072
7 1 0.0 507.1455965924988
7 1 0.0 501.30747504001556
7 1 0.0 490.67565011561555
7 1 0.0 489.03725406999524
7 1 0.0 484.20129794882814
7 1 0.0 483.7924756899931
7 1 635.3148169999722 1119.0364643399926
7 1 0.0 481.71426870999176
7 1 0.0 481.3565130899974
7 1 0.0 476.38865977000137
7 1 25001.69120472 25476.456465569998
7 1 0.0 458.1923818122
7 1 0.0 440.75972662170034
7 1 0.0 440.3792868299947
7 1 0.0 440.1166978224985
7 1 0.0 436.2219498984673
7 1 271.98535755000944 702.6111060683934
7 1 0.0 427.3919284831999
7 1 0.0 427.09413898409935
7 1 2622.44241519994 3043.048427769986
7 1 0.0 419.0531873734981
7 1 0.0 412.5810298500137
7 1 0.0 408.35000214998354
7 1 0.0 397.32961047509593
7 1 0.0 393.98839603998897
7 1 0.0 392.8706480100059
7 1 0.0 389.4547026300031
7 1 0.0 383.97326426931204
7 1 0.0 382.4354211899969
7 1 0.0 375.4630886479859
7 1 0.0 375.462872357205
7 1 0.0 375.0122916368009
7 1 0.0 373.59086348401524
7 1 580.7468086037306 949.0354334675044
7 1 0.0 363.7199455445116
7 1 0.0 362.43670658560643
7 1 0.0 360.999351608005
7 1 0.0 357.24156744999937
7 1 0.0 354.57237452997924
7 1 0.0 341.7277343700026
7 1 0.0 337.5744678464962
7 1 0.0 332.27347604643774
7 1 0.0 331.91092516369827
7 1 0.0 324.981342724408
7 1 0.0 324.62961516000394
7 1 0.0 313.78469073997803
7 1 0.0 313.30506362240385
7 1 791.1583203955906 1101.196240536894
7 1 0.0 308.44694558280094
7 1 0.0 308.4195782516904
7 1 0.0 301.9290143900025
7 1 0.0 295.1610926776002
7 1 0.0 293.36877458580034
7 1 597.7902544070998 885.3527088806954
7 1 0.0 286.11814110120577
7 1 237.08369765601674 515.4441098198531
7 1 225.03264475998515 503.1460979499901
7 1 0.0 272.81327795999164
7 1 0.0 267.8787617891009
7 1 0.0 265.5177493715926
7 1 0.0 261.3046856199958
7 1 978.209544814003 1236.2731301644035
7 1 0.0 247.17866363001667
7 1 0.0 246.27658655989944
7 1 0.0 239.267455778899
7 1 212.0853953052174 448.97451932209697
7 1 0.0 233.75907385160986
7 1 0.0 230.9143539804013
7 1 0.0 227.41952234789596
7 1 3386.778807791895 3611.3938477374813
7 1 0.0 222.18146143999365
7 1 0.0 221.9445373306985
7 1 92.24309543000652 311.6441051099969
7 1 1620.437025772495 1839.4604295662994
7 1 0.0 217.52867239998966
7 1 915.6926296517004 1129.2722389819019
7 1 66.95732505001229 273.6475004099932
7 1 474.4571277084078 679.9860139688953
7 1 0.0 204.22396569600573
7 1 0.0 203.0106164500121
7 1 0.0 200.89017043999712
7 1 868.03391574999 1066.8595752099902
7 1 0.0 197.74015738999356
7 1 0.0 187.82196835000332
7 1 0.0 185.12888593999105
7 1 0.0 183.2373880455957
7 1 0.0 178.601435280008
7 1 0.0 176.0684220800075
7 1 0.0 175.04570638868518
7 1 0.0 173.36976806490108
7 1 0.0 170.41787383049268
7 1 0.0 168.17536907250224
7 1 0.0 164.63700345489724
7 1 0.0 162.2175258463982
7 1 0.0 161.26727294909892
7 1 0.0 159.37850684000023
7 1 0.0 159.32972946600466
7 1 0.0 157.6532276800117
7 1 0.0 156.51398740050467
7 1 467.0496857755152 621.8376084095037
7 1 535.3934256600078 686.793039200003
7 1 1239.0398800000003 1389.6882041834806
7 1 0.0 148.94594178850275
7 1 244.132460909997 388.71737492998454
7 1 0.0 141.67178335186145
7 1 0.0 138.6944008499894
7 1 0.0 138.35835844999565
7 1 0.0 135.98093007000148
7 1 0.0 135.81096674160744
7 1 0.0 135.5953565439945
7 1 0.0 133.95809657598954
7 1 0.0 125.45001912000544
7 1 0.0 124.81839381999407
7 1 207.32214765000435 329.80499896001834
7 1 0.0 121.89340841357614
7 1 1491.2403979539868 1612.526101806393
7 1 0.0 120.1593975999964
7 1 0.0 118.76283336000074
7 1 0.0 118.53157256199847
7 1 0.0 116.59683006990144
7 1 0.0 115.01901927000847
7 1 0.0 106.9130785199925
7 1 0.0 102.48828336001316
7 1 0.0 98.75145866999901
7 1 0.0 98.36150243999577
7 1 0.0 96.18570338998666
7 1 0.0 95.4955232899922
7 1 0.0 95.06552103286822
7 1 0.0 93.7953673700016
7 1 0.0 92.97828405749783
7 1 0.0 90.49055202001728
7 1 409.9487231823855 498.6381462399954
7 1 0.0 85.15528878041118
7 1 0.0 81.60944578651242
7 1 0.0 79.04959223001015
7 1 0.0 78.45528360999333
7 1 0.0 75.71072328001583
7 1 0.0 75.00165067199481
7 1 0.0 74.2442407600006
7 1 0.0 73.14827639190162
7 1 446.63260181161104 519.3192443219932
7 1 0.0 72.00696096960178
7 1 0.0 71.41140635000397
7 1 405.9113255200027 473.83911221000517
7 1 0.0 55.333956262714764
7 1 0.0 55.17890797860332
7 1 0.0 54.823214499995174
7 1 0.0 48.881406230002085
7 1 18.317669210005988 65.77248837000525
7 1 0.0 44.547770207099234
7 1 1618.2968982999846 1659.8571321400068
7 1 231.3814789199938 272.35606427998846
7 1 0.0 40.39621485002499
7 1 287.19799780997437 326.8451541599952
7 1 0.0 39.322402792490266
7 1 119.8171189244058 157.7893684736041
7 1 716.0921240138055 753.7527702478924
7 1 0.0 37.60752543999979
7 1 51.2453265899876 85.81805892999614
7 1 253.656574296504 286.6912223395948
7 1 0.0 32.951256590001094
7 1 0.0 32.913612880020764
7 1 0.0 28.93843592998519
7 1 0.0 24.34706610249941
7 1 756.4639917499967 779.3333114100031
7 1 464.9272591247959 486.1422816478961
7 1 0.0 19.813376749997246
7 1 0.0 17.962235550004152
7 1 0.0 13.402403690006622
7 1 194.94203987839182 207.82852017329878
7 1 127.16303206999748 136.70730905750224
7 1 663.9780722208002 673.2891197624
7 1 0.0 5.490369753201094
7 1 0.0 1.784871615591669
7 1 0.0 0.30704649770211745
7 0 0.0 inf
7 0 0.0 214.7568307099
7 0 0.0 123.95898077999573
# COVID_SAMPLE_14_ROI_2
8 1 0.0 66811.26977979355
8 1 0.0 40835.32740680639
8 1 0.0 33261.34212944999
8 1 0.0 27887.763883949963
8 1 0.0 18811.922006158453
8 1 0.0 17360.549244837457
8 1 0.0 14428.344686303364
8 1 0.0 12597.468857492397
8 1 7493.428745120022 18733.805236619977
8 1 0.0 10948.513797186406
8 1 4881.891084809962 13857.25517824008
8 1 0.0 8537.304947780507
8 1 0.0 7538.032852560005
8 1 0.0 7455.248304870009
8 1 0.0 7294.909281048922
8 1 0.0 7234.787998986017
8 1 0.0 6590.95025400831
8 1 0.0 6370.519240769978
8 1 0.0 6049.971138419594
8 1 0.0 5984.139344823998
8 1 0.0 5542.300358102366
8 1 0.0 5341.540432050022
8 1 0.0 5085.2729124775
8 1 578.6475102799923 5643.5092820399805
8 1 0.0 4963.776846519982
8 1 0.0 4891.4247900874925
8 1 0.0 4837.841101790054
8 1 0.0 4685.7834645725015
8 1 0.0 4539.951745940101
8 1 0.0 4361.292821731191
8 1 0.0 4341.625620809982
8 1 0.0 4236.547302959967
8 1 0.0 4227.795570022366
8 1 0.0 4211.858980654417
8 1 0.0 4206.399192275499
8 1 0.0 4095.516641553613
8 1 0.0 3956.2563801699816
8 1 0.0 3868.8652980000197
8 1 0.0 3864.4318232200103
8 1 0.0 3752.928096309979
8 1 0.0 3743.535746131311
8 1 0.0 3620.7070527884853
8 1 0.0 3580.0510432080036
8 1 0.0 3564.9459760005448
8 1 0.0 3561.35737737
8 1 0.0 3525.0068376674953
8 1 0.0 3379.8748634125
8 1 0.0 3303.6859482599793
8 1 0.0 3244.2336425599988
8 1 0.0 3200.9239127619985
8 1 0.0 3091.704686591612
8 1 0.0 3073.8172846444922
8 1 0.0 3065.0938427300052
8 1 0.0 3057.3893350575054
8 1 0.0 2975.3356393289905
8 1 0.0 2891.021446880016
8 1 0.0 2873.3155501799974
8 1 0.0 2872.3729859800223
8 1 0.0 2801.791718920004
8 1 0.0 2757.893154160024
8 1 0.0 2640.65999196999
8 1 0.0 2585.0734110424855
8 1 0.0 2526.626110679963
8 1 110.99842117998378 2574.965785199979
8 1 0.0 2459.2787746123995
8 1 0.0 2411.1144891480017
8 1 0.0 2398.762844505485
8 1 0.0 2371.438335547506
8 1 0.0 2281.428691315202
8 1 0.0 2214.598540642507
8 1 0.0 2197.0202669304936
8 1 0.0 2165.694649131834
8 1 0.0 2127.461329640005
8 1 0.0 2033.67420093689
8 1 0.0 2003.296085012937
8 1 0.0 1967.0483171200012
8 1 0.0 1945.6001921748002
8 1 0.0 1936.6610845075957
8 1 0.0 1925.7920848714994
8 1 0.0 1915.9010400775005
8 1 0.0 1861.0955351154948
8 1 0.0 1802.3502263600094
8 1 0.0 1791.1289765599877
8 1 704.9248502647988 2493.900063774003
8 1 0.0 1746.5337940399995
8 1 0.0 1735.06665421439
8 1 0.0 1728.7323663547922
8 1 0.0 1718.6093097400153
8 1 0.0 1691.9258356771998
8 1 0.0 1675.3811231625568
8 1 0.0 1637.274700175578
8 1 0.0 1633.9048603199858
8 1 1126.1567681600309 2726.674038540021
8 1 0.0 1595.5783740044244
8 1 0.0 1589.5829619764036
8 1 0.0 1570.8376268369004
8 1 492.996142243499 2061.7577076563025
8 1 0.0 1528.6180506719816
8 1 0.0 1526.9019742651974
8 1 0.0 1521.783230175302
8 1 7632.728299950011 9132.74309264
8 1 0.0 1397.6353492184026
8 1 0.0 1320.1726292035787
8 1 290.85451897161147 1605.7851469695088
8 1 0.0 1302.6984977300017
8 1 0.0 1248.0866953024033
8 1 0.0 1246.7785632508012
8 1 632.1448635799934 1869.2685298624638
8 1 97.14253284349797 1333.1070974856102
8 1 0.0 1208.1629269375135
8 1 0.0 1188.017126430982
8 1 30.008138324908032 1205.0024183087044
8 1 0.0 1170.6945002789444
8 1 340.8430733074165 1497.2812610137535
8 1 0.0 1124.7791429846993
8 1 0.0 1104.53554455
8 1 1337.0307562284124 2427.3865815695954
8 1 1301.3298919395088 2389.3263969634
8 1 0.0 1080.2229675199933
8 1 0.0 1046.0969182924941
8 1 0.0 1039.5073871000086
8 1 0.0 1039.1035542725112
8 1 622.9542077628957 1644.311279262498
8 1 0.0 1015.7490800000196
8 1 188.70642789640033 1201.5352436189955
8 1 0.0 986.3565529620496
8 1 0.0 967.9007468099835
8 1 849.9355844939864 1795.7644893199922
8 1 0.0 944.8377577499978
8 1 0.0 940.4966671279772
8 1 0.0 929.5109111231759
8 1 0.0 917.6215837536274
8 1 4999.582602130009 5883.242602110135
8 1 0.0 876.8066455000198
8 1 0.0 862.1514489274964
8 1 0.0 853.3145796394929
8 1 0.0 841.6536684445027
8 1 0.0 825.9028610799837
8 1 0.0 820.7125729872059
8 1 0.0 775.3108677700111
8 1 0.0 763.7019613200007
8 1 0.0 763.3862656100068
8 1 0.0 753.3852453599916
8 1 0.0 748.969820199989
8 1 0.0 717.9186939604093
8 1 0.0 702.4271122799828
8 1 0.0 701.1071934499782
8 1 851.9811287580105 1519.1774302210142
8 1 0.0 662.3587865708078
8 1 0.0 657.7465115541008
8 1 0.0 614.2169359896934
8 1 0.0 611.2264086100213
8 1 0.0 610.2569839716016
8 1 0.0 591.2151055012719
8 1 0.0 584.8367629996178
8 1 1353.8255375024987 1936.9968434400193
8 1 0.0 582.1669257600292
8 1 0.0 563.7036922000407
8 1 0.0 555.2197936017351
8 1 0.0 531.716034270009
8 1 0.0 529.85153339001
8 1 0.0 510.6401221575976
8 1 0.0 509.87305493249914
8 1 0.0 506.290819445996
8 1 0.0 503.93230299001584
8 1 0.0 498.7116354324089
8 1 0.0 497.14420254998004
8 1 0.0 483.21108743640275
8 1 0.0 472.4949021899999
8 1 0.0 472.0311581584938
8 1 0.0 460.18855088255077
8 1 0.0 454.62391977570087
8 1 0.0 434.53678079999827
8 1 0.0 428.7720380243924
8 1 181.67651234600908 599.2338859616211
8 1 0.0 396.9212839347085
8 1 0.0 388.3202825120088
8 1 0.0 383.77256215478064
8 1 0.0 357.3939598236975
8 1 0.0 345.06187527800387
8 1 0.0 341.21386488079406
8 1 0.0 330.5432146000403
8 1 0.0 324.887076910004
8 1 0.0 316.07449577000716
8 1 0.0 295.01157607010464
8 1 0.0 292.1943474799973
8 1 0.0 290.3655612000043
8 1 0.0 284.9131159019771
8 1 0.0 279.16012205002335
8 1 0.0 266.26697487041747
8 1 0.0 266.0122374300354
8 1 0.0 260.1129654980996
8 1 0.0 251.3724375099855
8 1 0.0 221.77103252728466
8 1 0.0 219.31345942060307
8 1 0.0 216.92514351361115
8 1 0.0 215.71465871000873
8 1 336.0234682499861 545.0702528700067
8 1 231.46101374029422 436.8678840955017
8 1 0.0 194.7648517864077
8 1 0.0 193.5484631393997
8 1 0.0 179.5713286994926
8 1 0.0 170.93309330510033
8 1 0.0 161.7925098263886
8 1 0.0 149.28882019268303
8 1 0.0 135.1297767274027
8 1 0.0 120.25096053192465
8 1 0.0 116.28387315720647
8 1 661.2082777542073 764.164252915301
8 1 0.0 97.6443625643924
8 1 0.0 92.88606467000773
8 1 155.29756080310014 237.3537963267985
8 1 506.61583317927943 584.1448373699841
8 1 0.0 67.0160185731188
8 1 0.0 63.610510599979534
8 1 523.1090504237036 581.1720125724951
8 1 2956.272434258491 3005.5237584143956
8 1 0.0 48.00220715040223
8 1 125.02905913006543 168.15174184995522
8 1 1287.5913141039 1317.046724605907
8 1 292.4391875225383 320.38906965000933
8 1 0.0 26.275590126505676
8 1 3206.428494029995 3227.524669112012
8 1 3.2670397980000416 16.95338397290743
8 1 0.0 9.525943576498776
8 1 0.0 6.995581352704221
8 1 0.0 1.4610748200047965
8 0 0.0 inf
# COVID_SAMPLE_14_ROI_1
9 1 0.0 19695.2990636063
9 1 0.0 17826.861254165597
9 1 0.0 15611.768942313614
9 1 0.0 11261.707487574306
9 1 0.0 9551.12389856001
9 1 0.0 8602.998360170031
9 1 0.0 8581.505915570011
9 1 0.0 8498.9107222016
9 1 0.0 7876.151840479963
9 1 0.0 7734.2192346899665
9 1 0.0 7641.035312439975
9 1 0.0 7451.81961005152
9 1 0.0 7132.368933058015
9 1 0.0 7029.0834616500015
9 1 0.0 6800.951107606914
9 1 0.0 6584.623734054392
9 1 0.0 5898.112551815607
9 1 0.0 5722.9918559020125
9 1 0.0 5446.0154436800185
9 1 0.0 5430.592740600037
9 1 0.0 5380.53497336039
9 1 0.0 5105.288191682388
9 1 0.0 4991.239002939973
9 1 0.0 4901.811122719987
9 1 0.0 4874.3874656906655
9 1 0.0 4813.534141823105
9 1 0.0 4795.391425169967
9 1 910.3942219100227 5579.760075129984
9 1 0.0 4594.330275450899
9 1 0.0 4380.300843185592
9 1 0.0 4348.987396799999
9 1 0.0 4326.002297296376
9 1 0.0 4288.814985273597
9 1 0.0 4265.357645846316
9 1 0.0 4224.715591312011
9 1 0.0 4156.200259521947
9 1 0.0 4136.540687062419
9 1 0.0 4095.2424635999705
9 1 0.0 4089.096706869993
9 1 0.0 4035.2375778035002
9 1 0.0 4010.8173963694453
9 1 0.0 3913.015730309983
9 1 0.0 3827.7372309300117
9 1 0.0 3725.842254849993
9 1 0.0 3704.580283579996
9 1 0.0 3684.8124358124996
9 1 0.0 3603.691037640406
9 1 0.0 3578.264063119987
9 1 0.0 3461.7580123399566
9 1 2352.7749599572317 5668.124088874398
9 1 0.0 3250.6632827900194
9 1 1760.4879073000266 5002.775627969973
9 1 0.0 3203.0382247987945
9 1 0.0 3118.778435810007
9 1 0.0 3089.2444648875226
9 1 0.0 3026.281747644014
9 1 0.0 3020.4468404999916
9 1 0.0 2945.8592209599838
9 1 0.0 2885.357779239999
9 1 0.0 2877.660551808014
9 1 0.0 2793.836341960008
9 1 0.0 2764.798208623909
9 1 669.8230985255923 3396.6241075577946
9 1 0.0 2656.711571149974
9 1 0.0 2620.714435737522
9 1 0.0 2603.5660386276213
9 1 609.3969513311804 3150.7950122883994
9 1 1707.0669987499805 4240.654057389993
9 1 0.0 2528.5358511515824
9 1 0.0 2525.535311637116
9 1 0.0 2434.968753414363
9 1 0.0 2428.285996080376
9 1 0.0 2428.0645626087944
9 1 0.0 2334.9202060264142
9 1 0.0 2332.1407254900078
9 1 0.0 2329.1881340300097
9 1 0.0 2280.9754449999823
9 1 0.0 2271.052327161994
9 1 1226.8859831900281 3467.5820307699887
9 1 0.0 2236.0476378374697
9 1 793.6275631355943 2956.2355598579916
9 1 0.0 2140.0938286800156
9 1 0.0 2116.6970238420217
9 1 0.0 2055.5983204099903
9 1 0.0 2014.6940141355008
9 1 0.0 1997.5992100221374
9 1 0.0 1986.7989204425264
9 1 0.0 1898.0241851471
9 1 0.0 1890.1611595200293
9 1 0.0 1878.0999929099744
9 1 0.0 1819.0864255199922
9 1 0.0 1815.1296286680163
9 1 0.0 1813.2072554800047
9 1 0.0 1810.4093059963934
9 1 0.0 1800.9471524951914
9 1 0.0 1796.5327333199955
9 1 0.0 1730.1556789868364
9 1 0.0 1666.795418789996
9 1 0.0 1637.1947724799975
9 1 0.0 1633.916670999979
9 1 0.0 1617.4456084064905
9 1 0.0 1609.221841607985
9 1 0.0 1597.3949337385093
9 1 0.0 1575.2384469499866
9 1 0.0 1554.0663180805104
9 1 0.0 1486.0771216400035
9 1 0.0 1485.3605795839821
9 1 0.0 1479.598603479997
9 1 0.0 1473.9468206368986
9 1 0.0 1462.9923937275025
9 1 0.0 1454.8650426099932
9 1 0.0 1432.0229699365104
9 1 0.0 1422.6813285504104
9 1 0.0 1421.8192271399803
9 1 0.0 1395.3989817308984
9 1 0.0 1391.0178491909
9 1 0.0 1380.662091580496
9 1 0.0 1378.4526289900286
9 1 0.0 1357.5082598479976
9 1 330.53154719000486 1667.35275267841
9 1 0.0 1334.827456800027
9 1 0.0 1321.6337713644098
9 1 0.0 1317.0925068976085
9 1 5853.314613025219 7166.321013859095
9 1 0.0 1305.6209600000034
9 1 0.0 1286.8539783708165
9 1 0.0 1268.1552071599872
9 1 0.0 1256.8333608299954
9 1 0.0 1250.5591678099931
9 1 73.51496599000711 1311.0961234099727
9 1 96.0070661199843 1267.0471044099922
9 1 0.0 1133.9902193939627
9 1 0.0 1122.5373899000087
9 1 0.0 1118.3917455167175
9 1 549.509771391391 1665.8005220999962
9 1 0.0 1114.355816167509
9 1 0.0 1112.2708407741084
9 1 0.0 1099.276446450007
9 1 0.0 1096.1956100926654
9 1 2234.2109358130965 3315.964257350006
9 1 0.0 1068.4445643829222
9 1 0.0 1062.2267698100295
9 1 0.0 1056.1132516010978
9 1 0.0 1053.677743569986
9 1 0.0 1042.9646807199733
9 1 0.0 1037.5429350300046
9 1 0.0 1021.1021585625117
9 1 2369.699810502392 3387.5116766749106
9 1 0.0 1015.2414555651894
9 1 464.89202016970694 1476.0993017026867
9 1 0.0 983.7804918016045
9 1 4454.427545479981 5427.821481959962
9 1 2395.892759934217 3367.832611417605
9 1 736.2356578899817 1685.1025551200041
9 1 3443.1847829299977 4334.254039869997
9 1 0.0 865.203428587507
9 1 0.0 842.1254008020996
9 1 1370.8553478400117 2211.439804299991
9 1 0.0 817.0745911199788
9 1 0.0 809.4260732200041
9 1 207.20505332028915 1010.9644591129036
9 1 368.9957447445886 1168.6507684095013
9 1 0.0 798.3057795961922
9 1 459.71531970999604 1254.8996345499927
9 1 0.0 794.3133251800054
9 1 0.0 794.021792995487
9 1 0.0 774.007470779992
9 1 0.0 748.0034552199813
9 1 140.59037993000493 884.4288641100256
9 1 0.0 739.424150910005
9 1 1045.8997094700048 1765.236667739991
9 1 0.0 705.4402486655904
9 1 3324.427623691404 4027.609562522847
9 1 0.0 699.523690391502
9 1 0.0 699.1985050000039
9 1 2277.6565526903996 2972.0474331504174
9 1 0.0 671.1656546228005
9 1 0.0 665.0556633599986
9 1 3005.633042500005 3626.6187907655994
9 1 0.0 610.2108847500058
9 1 0.0 593.5354864203987
9 1 0.0 582.1863051548021
9 1 0.0 574.0201099999981
9 1 0.0 572.4087778176054
9 1 0.0 568.6407773300034
9 1 0.0 550.3182281093095
9 1 0.0 536.7440728300012
9 1 1493.8125436759856 2027.2523736984072
9 1 0.0 529.4579511687969
9 1 214.5089116300096 742.2408740300048
9 1 969.0182810096835 1486.8857960607875
9 1 0.0 507.6372935213567
9 1 0.0 501.3786407807911
9 1 0.0 489.5168503823953
9 1 0.0 477.48408018150826
9 1 0.0 470.91691988480306
9 1 0.0 466.2817107300052
9 1 0.0 448.4289326247117
9 1 0.0 439.3758461459961
9 1 0.0 433.7645435359782
9 1 0.0 422.2745135635955
9 1 0.0 421.93741281800294
9 1 0.0 419.61593704759935
9 1 0.0 396.79094048558454
9 1 905.7275188680369 1279.095343004411
9 1 0.0 370.7012452579838
9 1 0.0 357.85648401205526
9 1 0.0 353.6643265900152
9 1 585.3982199695988 925.476802159993
9 1 0.0 329.03186059000495
9 1 0.0 310.3466882306963
9 1 348.174578123615 652.3188773851016
9 1 0.0 296.7689446464001
9 1 217.27796749200343 507.3918735980046
9 1 6.540095129990732 286.9319052300052
9 1 1297.7861098418962 1563.7698795293945
9 1 0.0 254.57890306489662
9 1 0.0 246.73586771360715
9 1 0.0 232.34437745000196
9 1 180.89695119520457 407.4468304836123
9 1 0.0 226.41578091360748
9 1 0.0 225.36633185002574
9 1 0.0 218.7506531691024
9 1 0.0 214.8604320551276
9 1 409.9676877599986 615.4263206699852
9 1 0.0 186.549341067368
9 1 0.0 176.45359399560152
9 1 1540.896746172095 1696.8897209199904
9 1 0.0 155.68000650999556
9 1 0.0 152.79578810250007
9 1 0.0 149.7429721385006
9 1 383.5751082099773 512.2272618800166
9 1 0.0 127.49249318920192
9 1 1998.088665822017 2123.527392929909
9 1 0.0 121.27533781748843
9 1 0.0 119.05242377950344
9 1 0.0 116.13985376000369
9 1 0.0 114.70961362949947
9 1 188.79237059158004 298.6031077245025
9 1 0.0 102.02185412000472
9 1 1666.8038307711968 1768.7091809199937
9 1 0.0 101.72683401640029
9 1 342.17725356289793 421.2950795303942
9 1 0.0 67.30066326720771
9 1 210.08391876809765 268.286547620899
9 1 1631.7906933499762 1686.524191059988
9 1 1453.1943868799863 1500.8151349920063
9 1 0.0 45.70444154999586
9 1 2510.254648632501 2554.858157492501
9 1 0.0 36.983425805999104
9 1 0.0 24.634428772473257
9 1 0.0 14.037868701800107
9 0 0.0 inf
9 0 0.0 540.7589222800084
9 0 0.0 37.65434064999681
# COVID_SAMPLE_20_ROI_17
10 1 0.0 36934.04363200998
10 1 0.0 26410.845245174387
10 1 0.0 23645.605970042543
10 1 0.0 18717.577739960005
10 1 0.0 16900.30423478307
10 1 0.0 16817.333271761603
10 1 0.0 16563.736660238777
10 1 0.0 15451.068911213086
10 1 10125.252560203488 23284.493970817835
10 1 0.0 11166.891144284005
10 1 2003.8342727525305 12372.053544672573
10 1 0.0 10009.782297521993
10 1 0.0 9630.66675025003
10 1 0.0 9392.155783824284
10 1 0.0 9259.647360803956
10 1 1006.7898458604031 10080.476397767146
10 1 0.0 8846.04008603995
10 1 0.0 8308.783360606203
10 1 0.0 7686.230982657529
10 1 347.49072929110844 7088.578125163981
10 1 0.0 6545.949172335692
10 1 0.0 6542.823795156904
10 1 0.0 6541.99890991878
10 1 2850.4549657604985 9300.912225572494
10 1 0.0 6119.531281214007
10 1 0.0 6003.5157434000075
10 1 0.0 5988.382709709976
10 1 0.0 5937.481489599995
10 1 0.0 5797.885842592012
10 1 0.0 5743.028366956802
10 1 1950.35685859355 7640.3109028323015
10 1 476.480978459992 6030.994481299973
10 1 0.0 5067.8888266745325
10 1 0.0 4885.307709866491
10 1 0.0 4856.855887920008
10 1 2910.4150318499733 7619.327506504005
10 1 0.0 4679.7646744116155
10 1 0.0 4334.27046579001
10 1 0.0 4334.181259200002
10 1 0.0 4218.974604211284
10 1 0.0 4170.901761700023
10 1 0.0 4104.60544675999
10 1 0.0 4098.922322661981
10 1 0.0 3917.926012473734
10 1 962.2130501675065 4879.021363537461
10 1 0.0 3748.6273450880235
10 1 51.241299710009116 3798.534901880019
10 1 0.0 3598.691215865603
10 1 611.1165935700328 4177.386341129999
10 1 0.0 3531.782045394495
10 1 0.0 3516.8830358792984
10 1 0.0 3494.0259407513004
10 1 4861.1064362499765 8345.363810457591
10 1 0.0 3459.5810387138836
10 1 0.0 3430.4652986152205
10 1 0.0 3349.1585500075216
10 1 1316.052730245865 4642.999040296959
10 1 0.0 3225.257342416782
10 1 0.0 3213.7423538399544
10 1 0.0 3205.371744350001
10 1 698.4482628500277 3895.154597290007
10 1 0.0 2926.1055060047784
10 1 0.0 2856.4405049300167
10 1 0.0 2752.832329209985
10 1 0.0 2616.694383495884
10 1 145.86639553010264 2760.826473888508
10 1 0.0 2594.911637158807
10 1 0.0 2551.675592601081
10 1 0.0 2481.706075309991
10 1 0.0 2372.984871192496
10 1 0.0 2347.9645243999944
10 1 0.0 2310.5584611925133
10 1 6381.870713697641 8638.883384582368
10 1 173.52960933758732 2425.606770179982
10 1 0.0 2236.6409936700165
10 1 31.803225079987897 2209.66572652149
10 1 0.0 2170.6067864299894
10 1 0.0 2127.8442277800073
10 1 785.7133914612123 2911.481025589206
10 1 0.0 2000.6125439800057
10 1 0.0 1987.143505590002
10 1 0.0 1956.974821503998
10 1 15592.138867468911 17547.413442898796
10 1 0.0 1953.3371202400322
10 1 1865.645853330002 3811.636506600017
10 1 0.0 1945.5623307999904
10 1 243.98430791761984 2187.7777197332052
10 1 1542.8067141125066 3483.297327240007
10 1 245.03480367353677 2158.5072328168453
10 1 0.0 1888.620198545941
10 1 0.0 1825.630888054914
10 1 4894.922080927905 6707.318793788911
10 1 0.0 1786.3619994399953
10 1 0.0 1706.0338619963986
10 1 0.0 1705.6355162520313
10 1 1737.9904445600332 3423.53945081
10 1 0.0 1668.907286557509
10 1 0.0 1664.7217097999865
10 1 0.0 1615.3710851087967
10 1 0.0 1563.2839335200188
10 1 0.0 1546.4572280743957
10 1 0.0 1536.619763599987
10 1 473.7157302428973 1951.015819790001
10 1 0.0 1475.7338224489158
10 1 0.0 1456.8352992500154
10 1 0.0 1453.5780351600006
10 1 0.0 1428.7964422700315
10 1 0.0 1425.4568620100008
10 1 0.0 1411.1588321400104
10 1 0.0 1404.3880577460004
10 1 2431.927349070582 3815.9053565986196
10 1 0.0 1334.2945018660002
10 1 1825.9108188760974 3157.4937778240046
10 1 0.0 1310.0895402719984
10 1 0.0 1298.62918943889
10 1 677.9013670139875 1948.685109145913
10 1 0.0 1258.5348374000241
10 1 0.0 1206.9279143953208
10 1 0.0 1185.997717919994
10 1 0.0 1160.8090425300215
10 1 0.0 1149.4431781600017
10 1 0.0 1080.9600790405093
10 1 776.7748665504209 1853.8523974111104
10 1 118.19691270994736 1156.321959449957
10 1 0.0 1025.4177091199995
10 1 0.0 927.1419985799989
10 1 0.0 901.9100683299976
10 1 879.6084514491076 1715.1141741385022
10 1 206.50121914305055 1035.1603236530573
10 1 0.0 817.4031442499863
10 1 0.0 802.6982655805405
10 1 0.0 796.1274060348023
10 1 0.0 794.2507665558896
10 1 3427.2272049360035 4210.715478929618
10 1 0.0 777.4108993900254
10 1 0.0 766.2196916255148
10 1 268.65747170005477 1027.0544894050172
10 1 0.0 748.4967250799677
10 1 0.0 735.278942821582
10 1 246.1237101533004 973.2175813429049
10 1 0.0 703.9764121124881
10 1 0.0 690.8068745557143
10 1 239.58195740003794 922.6004366000343
10 1 110.81380222999042 781.0894223200005
10 1 0.0 666.2605732100037
10 1 0.0 665.8814125054869
10 1 0.0 654.083503332003
10 1 0.0 629.8230521279966
10 1 410.13883879239324 1037.9952642015971
10 1 0.0 625.4495561224899
10 1 0.0 618.9300047841034
10 1 1909.8638569363852 2506.601993674166
10 1 2265.838958659988 2855.138947169984
10 1 0.0 584.6647966699929
10 1 0.0 582.6916619487911
10 1 493.9257212899911 1075.6966839483994
10 1 0.0 560.3948639199989
10 1 3516.1861413499914 4074.4651871999927
10 1 1301.5258395936835 1849.2490882138836
10 1 0.0 496.5547520665018
10 1 842.276981050014 1229.5479653999955
10 1 422.6510571500321 797.5694987999923
10 1 0.0 362.6099434800126
10 1 3437.301565627078 3795.232613360021
10 1 0.0 351.9883414899939
10 1 0.0 336.3260035376968
10 1 165.6908659374957 496.1247937050887
10 1 0.0 326.44050959999595
10 1 0.0 322.3374586274981
10 1 0.0 306.2093544098825
10 1 0.0 298.18175808000353
10 1 0.0 294.3864265100192
10 1 5071.314943747488 5365.388110419302
10 1 19.11124480755734 291.35986248309564
10 1 63.90411978749995 319.35037606249836
10 1 0.0 254.7952040778864
10 1 849.5577622661294 1099.319639669102
10 1 0.0 247.53326931468428
10 1 708.3764525548977 929.8367621907964
10 1 4594.111993930086 4814.86101758002
10 1 13.861117355188071 231.34360591890118
10 1 0.0 216.04668353189936
10 1 0.0 210.86036402001764
10 1 228.63694774002397 431.4672719999885
10 1 36.23586919999252 238.97487602001183
10 1 0.0 191.8526845525032
10 1 432.10096381305993 623.3171850888757
10 1 0.0 184.13044842999557
10 1 247.31832479999593 429.990804649997
10 1 100.0113853999992 268.85511748238963
10 1 0.0 168.37336547000837
10 1 0.0 157.89618089000896
10 1 0.0 155.25652827360864
10 1 312.9844412506927 464.768978443905
10 1 0.0 146.4782484547959
10 1 664.011392430024 803.1950725299826
10 1 0.0 137.63473000000135
10 1 0.0 125.22505675000077
10 1 21.264189485504176 144.46210500239772
10 1 0.0 120.43782345000511
10 1 1021.9120518300124 1141.8167189200312
10 1 0.0 111.55303354750367
10 1 576.190152458907 685.2228768909113
10 1 0.0 107.65708846778125
10 1 0.0 94.02444204999676
10 1 0.0 81.23159197000564
10 1 0.0 77.81286415558793
10 1 186.74674080801697 263.580165437113
10 1 0.0 72.13402684470839
10 1 0.0 71.8905166414986
10 1 775.2491219776039 847.017929193582
10 1 0.0 70.68444726240386
10 1 0.0 61.238502015594776
10 1 43.84704884200141 103.23174637999858
10 1 0.0 51.70838348000143
10 1 0.0 51.38780069199868
10 1 0.0 51.09620637389901
10 1 5818.7070438899555 5868.585758399988
10 1 0.0 43.45310122999399
10 1 0.0 41.56286849850687
10 1 547.5998995770897 589.064469069599
10 1 0.0 34.92632737930944
10 1 0.0 33.68781938000069
10 1 0.0 31.150744840002517
10 1 294.27086378550393 321.001538966053
10 1 26.786480649202986 47.91921351809822
10 1 0.0 19.113295788893026
10 1 215.93210762110186 229.09663545330216
10 1 0.0 11.093202029997542
10 1 0.0 8.76703230919611
10 1 1169.9516928699943 1178.7034309420014
10 0 0.0 inf
10 0 0.0 2636.133115319997
10 0 0.0 523.2336413099993
10 0 0.0 336.55728727688256
# COVID_SAMPLE_6_ROI_3
11 1 0.0 9197.2304110428
11 1 0.0 6613.935523277498
11 1 1624.1653638476018 8103.3966573713005
11 1 0.0 5318.349814756808
11 1 0.0 5277.0755333588895
11 1 0.0 5201.429530047297
11 1 0.0 4923.0816607300785
11 1 1815.4371521200028 6703.530643519994
11 1 0.0 4846.840394964701
11 1 0.0 4630.321647384633
11 1 0.0 4446.382055843174
11 1 0.0 3864.2572863225028
11 1 0.0 3745.162196400014
11 1 0.0 3613.255153359195
11 1 0.0 3582.9431091200386
11 1 0.0 3515.2729883774973
11 1 0.0 3460.0604345648753
11 1 0.0 3438.791153789971
11 1 0.0 3319.5885333616143
11 1 0.0 3235.5691822799713
11 1 0.0 3142.827046922484
11 1 0.0 3131.526842799971
11 1 0.0 3088.2047135882967
11 1 0.0 3042.576281431605
11 1 0.0 2940.50196313348
11 1 0.0 2938.2285259836062
11 1 0.0 2827.8071883996063
11 1 0.0 2774.4732749839986
11 1 1907.3486326392558 4609.815249000007
11 1 0.0 2600.063372250006
11 1 3125.879339250014 5720.890900230051
11 1 0.0 2555.005939439995
11 1 0.0 2506.6775893880053
11 1 204.6323746731896 2637.621407819992
11 1 0.0 2395.704004000403
11 1 0.0 2345.768050870689
11 1 0.0 2341.2267706255006
11 1 0.0 2282.5435903754897
11 1 0.0 2247.7735710290963
11 1 449.74589264999736 2632.4151962199803
11 1 0.0 2030.9985359600037
11 1 940.415781966396 2955.920624598004
11 1 0.0 2013.9819626128024
11 1 0.0 2013.9650805500064
11 1 137.41381981049972 2131.4695583616067
11 1 0.0 1988.527915855986
11 1 0.0 1964.7982147151038
11 1 0.0 1946.0686887582888
11 1 560.8887484499946 2478.744680343595
11 1 0.0 1912.4061142965143
11 1 0.0 1854.882700475082
11 1 0.0 1812.838920820007
11 1 0.0 1804.6505003761013
11 1 0.0 1776.4244486927992
11 1 0.0 1766.3625632523508
11 1 36.87131434001003 1791.0610201444042
11 1 0.0 1732.6195266826385
11 1 0.0 1697.2091016900176
11 1 0.0 1684.7265857115963
11 1 0.0 1680.4381712861368
11 1 0.0 1676.5170338503322
11 1 0.0 1666.909400986005
11 1 0.0 1660.5075451599787
11 1 0.0 1628.2247453199875
11 1 0.0 1583.3318084468006
11 1 0.0 1576.511162405981
11 1 0.0 1572.9226796272155
11 1 169.01282956278192 1723.8397316959808
11 1 0.0 1530.8010863783984
11 1 0.0 1518.741999718203
11 1 0.0 1500.3396151515014
11 1 0.0 1487.6117200318954
11 1 0.0 1478.0429652807052
11 1 0.0 1420.352968822412
11 1 0.0 1378.9067355974857
11 1 241.97047847000294 1618.1159654016064
11 1 0.0 1350.9074208550774
11 1 0.0 1348.7164388567942
11 1 0.0 1345.7454553199993
11 1 569.0213276054999 1902.0802407935987
11 1 0.0 1296.7549721699954
11 1 0.0 1263.0143873599932
11 1 0.0 1232.7009672660079
11 1 0.0 1213.2430055105178
11 1 0.0 1171.8845955344902
11 1 0.0 1155.0723779759994
11 1 0.0 1154.1212228212053
11 1 124.16848371917877 1265.084578164685
11 1 282.75547835998805 1421.333489279983
11 1 0.0 1126.5628876638998
11 1 0.0 1060.587980374391
11 1 22.542167721609076 1070.437472917095
11 1 0.0 1047.8419581556038
11 1 0.0 1047.4983075940036
11 1 0.0 1023.4612179709056
11 1 0.0 949.8709428998218
11 1 0.0 945.559150958894
11 1 0.0 940.0608584009005
11 1 0.0 934.5941929300006
11 1 0.0 934.3056014109038
11 1 0.0 909.7903267268985
11 1 0.0 884.336021986006
11 1 0.0 877.764461359995
11 1 0.0 855.5695356924986
11 1 0.0 820.5182306464167
11 1 0.0 819.019037785602
11 1 129.44608836761608 938.1664880762951
11 1 0.0 808.6731049200012
11 1 0.0 807.7563374024903
11 1 0.0 804.3531352377786
11 1 91.77585287998954 886.8707367299976
11 1 0.0 723.2145778924946
11 1 485.57094482200205 1204.124652560005
11 1 0.0 713.7628872581045
11 1 0.0 708.7352268205054
11 1 0.0 701.413084592491
11 1 0.0 700.8946377475122
11 1 0.0 682.9412882103961
11 1 336.1455541275002 998.8744096873043
11 1 129.83782062360592 772.6243475171987
11 1 0.0 617.5032566683903
11 1 73.41616207358311 681.2787485500044
11 1 0.0 606.4686641864005
11 1 0.0 596.6989080044186
11 1 0.0 578.6224433595958
11 1 0.0 533.643132339992
11 1 158.54859968199162 678.7143852800009
11 1 0.0 515.088034975598
11 1 2164.944500107491 2676.7921219679047
11 1 0.0 511.6124317060285
11 1 0.0 503.4798571600022
11 1 0.0 481.9774143400091
11 1 0.0 468.1619098171982
11 1 510.15394904961477 973.5517591596094
11 1 0.0 452.8927893824965
11 1 0.0 449.1440385599959
11 1 0.0 443.81317402039076
11 1 0.0 432.4273670150998
11 1 3.428594705894511 430.2360972799829
11 1 0.0 420.94487638683677
11 1 0.0 394.1582626438367
11 1 0.0 388.2506609629527
11 1 0.0 369.8002577500106
11 1 0.0 367.24817255998096
11 1 322.15560117242035 680.021217702402
11 1 0.0 344.171088717304
11 1 704.111225449991 1030.7035914800008
11 1 245.37570394980207 557.1038636364976
11 1 0.0 306.2784756725014
11 1 0.0 295.6836706764111
11 1 0.0 275.5943944312112
11 1 0.0 270.35916314640144
11 1 0.0 262.691439581195
11 1 0.0 239.93120183997053
11 1 580.6764744723032 791.0092779653983
11 1 0.0 206.82316044949502
11 1 0.0 200.0197840959952
11 1 0.0 190.36456534399645
11 1 175.39653085150894 361.0972692266978
11 1 0.0 182.24338499360175
11 1 0.0 157.37708625790765
11 1 602.3631169315909 751.3598597999903
11 1 0.0 132.8671242983919
11 1 469.8791666122022 601.9505727136002
11 1 461.3653980483989 591.2820025420026
11 1 575.577995412506 693.7048472067004
11 1 0.0 115.24412710079957
11 1 1458.6844373431995 1553.4840459908046
11 1 0.0 79.2615244926892
11 1 120.9984680558963 197.74301107510473
11 1 0.0 56.62359828812441
11 1 0.0 52.17223308360735
11 1 0.0 45.854004912412165
11 1 1196.2032546475039 1222.4853491269232
11 1 0.0 21.158490562497718
11 1 0.0 14.342353627478587
11 1 0.0 12.654248738309889
11 1 0.0 11.752230701294138
11 0 0.0 inf
# COVID_SAMPLE_6_ROI_1
12 1 0.0 41451.20273679745
12 1 630.4034773461099 37181.03473554252
12 1 0.0 13263.753380615992
12 1 0.0 10622.372701871689
12 1 0.0 9700.970796964288
12 1 0.0 7292.905622631005
12 1 0.0 7283.940553800372
12 1 14339.704843237545 21484.866255428446
12 1 3075.6670315284973 8720.039651071696
12 1 0.0 5575.795801745102
12 1 0.0 4493.867823012882
12 1 0.0 4278.570609987503
12 1 0.0 4132.131097857477
12 1 0.0 4060.712129096878
12 1 0.0 4022.4547749800786
12 1 0.0 3979.9474366140767
12 1 0.0 3535.2829217499893
12 1 0.0 3333.6104766599856
12 1 0.0 2892.0269211039977
12 1 0.0 2861.2724908285027
12 1 0.0 2834.822714766401
12 1 0.0 2822.743056511108
12 1 0.0 2798.678471528019
12 1 0.0 2748.7013480237206
12 1 0.0 2737.638114518726
12 1 580.4169225504229 3268.2895565263916
12 1 0.0 2670.8281208584394
12 1 3043.2632708579868 5638.042022266296
12 1 0.0 2590.028113361087
12 1 0.0 2566.4049794304115
12 1 641.515629769201 3170.737726669892
12 1 0.0 2447.642089581477
12 1 0.0 2328.1289066674767
12 1 0.0 2302.159448439982
12 1 214.96834614799354 2479.5832226799153
12 1 0.0 2249.899213268148
12 1 0.0 2134.373542799096
12 1 0.0 2087.6687505716072
12 1 0.0 2031.7665416800128
12 1 74.98606898089929 2105.3647547393166
12 1 0.0 1884.3728340275948
12 1 0.0 1874.420838899989
12 1 0.0 1866.5499104214928
12 1 0.0 1831.1495142969143
12 1 0.0 1830.3450819229047
12 1 0.0 1804.6394602900143
12 1 0.0 1803.3190831675936
12 1 0.0 1771.4012369615912
12 1 0.0 1622.4177088235
12 1 0.0 1542.4684146799882
12 1 0.0 1507.823385539999
12 1 0.0 1465.0834932299942
12 1 0.0 1463.2182750923878
12 1 0.0 1453.9804868131573
12 1 0.0 1448.5418620272048
12 1 0.0 1412.0094148782036
12 1 0.0 1408.759972431101
12 1 355.48130762239816 1759.325011578001
12 1 0.0 1361.1118093223936
12 1 0.0 1336.9217267200174
12 1 0.0 1243.0037117300153
12 1 0.0 1226.4502792400099
12 1 0.0 1193.910776940799
12 1 0.0 1167.6410577699867
12 1 0.0 1157.6075948724028
12 1 0.0 1157.0573064303185
12 1 0.0 1134.5995611000026
12 1 0.0 1115.4718864495053
12 1 0.0 1109.9507040444037
12 1 1466.8831541543948 2554.3132407156127
12 1 0.0 1076.869274760007
12 1 0.0 1068.1005117300047
12 1 0.0 1068.0129770391075
12 1 0.0 1047.511924284402
12 1 0.0 997.5874737215829
12 1 409.93244367999773 1405.651042549994
12 1 0.0 983.4585733536019
12 1 134.83088025249913 1118.210495960001
12 1 0.0 969.9116840000133
12 1 0.0 953.0690711949946
12 1 0.0 942.8880124416119
12 1 0.0 928.08942709149
12 1 12950.98400170241 13833.094629337453
12 1 0.0 860.9356500900016
12 1 0.0 850.8784394170984
12 1 0.0 842.7713599203933
12 1 0.0 825.8989735360956
12 1 0.0 818.9307745363903
12 1 0.0 813.0157661599974
12 1 0.0 799.9529678428848
12 1 14483.358327727525 15275.154966637565
12 1 2045.0387531085016 2821.6614610048964
12 1 0.0 737.7992579619993
12 1 0.0 721.3479129775142
12 1 0.0 717.5226166116036
12 1 0.0 704.6364515276618
12 1 0.0 702.0193838154008
12 1 0.0 693.4117866795077
12 1 0.0 665.9837140168993
12 1 0.0 661.5267885923913
12 1 0.0 658.3158616131072
12 1 0.0 641.4221777918974
12 1 0.0 638.1550677425184
12 1 0.0 628.7029068815957
12 1 416.33285712839916 1042.3952435911065
12 1 0.0 608.0098618132606
12 1 356.94162605440533 962.7793806487853
12 1 0.0 601.7071630502005
12 1 678.1587728699942 1253.7492141107068
12 1 1217.6193620235108 1783.2697604255745
12 1 0.0 530.3829776499941
12 1 0.0 521.6704910493086
12 1 0.0 520.1324923585044
12 1 0.0 516.1644700907962
12 1 0.0 497.4906986399792
12 1 0.0 451.5222599300114
12 1 0.0 451.5000676934959
12 1 0.0 442.61773347569715
12 1 1066.2336271104004 1508.2499628565029
12 1 0.0 427.9775493432044
12 1 0.0 426.862273040005
12 1 600.7297585975152 1018.0000408900364
12 1 1652.1474425054075 2067.151130893104
12 1 0.0 400.2769269660005
12 1 0.0 398.3003779427072
12 1 70.86850776001211 462.5039885716142
12 1 0.0 384.951712067603
12 1 31.10138941999685 408.8145633999893
12 1 0.0 372.84879134330004
12 1 0.0 359.5892338036142
12 1 1134.3172322492828 1490.6710096952902
12 1 0.0 353.29805070671455
12 1 0.0 327.3467037236005
12 1 0.0 324.65585276999855
12 1 654.2869468025019 950.962176413098
12 1 0.0 295.10312620440254
12 1 0.0 287.79557065959125
12 1 0.0 281.9113955089481
12 1 22.98166006999054 301.175312233104
12 1 0.0 267.4633491908885
12 1 0.0 264.625094177999
12 1 0.0 263.2628852579992
12 1 2793.3545170088946 3041.011260798865
12 1 0.0 246.014420071097
12 1 0.0 245.3362427907432
12 1 0.0 241.54281929640024
12 1 0.0 232.5812797171027
12 1 893.9288033954995 1112.3522085639029
12 1 0.0 214.5285723359964
12 1 0.0 214.16312943999992
12 1 0.0 205.91574170374236
12 1 0.0 203.1188754404966
12 1 0.0 198.02655841759588
12 1 0.0 197.97539299090465
12 1 58.46671752359907 254.35131160460105
12 1 0.0 194.00791074480594
12 1 6.617202799998722 198.54269246999957
12 1 417.3851768738996 605.6329965415057
12 1 0.0 185.04671106188744
12 1 0.0 184.45399943249595
12 1 0.0 184.26177525770186
12 1 0.0 180.96235378451104
12 1 0.0 167.45962062329454
12 1 0.0 150.95199389031404
12 1 0.0 149.54963712761037
12 1 164.72497768650112 312.3477939274982
12 1 0.0 138.22159713617884
12 1 0.0 134.59075430600024
12 1 0.0 133.88705281480088
12 1 0.0 127.32646092409459
12 1 0.0 111.72305729000345
12 1 0.0 110.1377204271821
12 1 0.0 105.43374963559927
12 1 17.041852912000117 114.74082372100054
12 1 0.0 93.64364435560262
12 1 0.0 91.32194761751464
12 1 203.48911852318952 294.5369321465
12 1 171.8785340799941 255.4011584624668
12 1 0.0 68.67872565209916
12 1 462.48661082528133 526.0962550088802
12 1 0.0 62.97554129139985
12 1 0.0 59.36155677900069
12 1 0.0 58.078695738128374
12 1 0.0 57.976308729942275
12 1 0.0 55.16663311265256
12 1 0.0 48.38883607159778
12 1 0.0 45.20610099040914
12 1 139.83518697070394 183.2328911207003
12 1 103.43840219999208 144.3854994060066
12 1 124.60068767030094 149.58443369470092
12 1 168.79499879552532 189.4363033589275
12 1 0.0 19.485615579492332
12 1 158.45815100665675 169.24145751362857
12 1 0.0 8.794363782488745
12 1 0.0 4.646073580400753
12 0 0.0 inf
12 0 0.0 393.95860987479045
12 0 0.0 75.83061728049847
# COVID_SAMPLE_6_ROI_2
13 1 0.0 25522.713019914914
13 1 9725.644199067301 23909.18968615133
13 1 0.0 14163.065129288012
13 1 0.0 11706.86905927999
13 1 0.0 9127.905554740832
13 1 0.0 9072.059599350374
13 1 0.0 8743.200800588253
13 1 0.0 8643.93239550251
13 1 0.0 8586.939244919999
13 1 0.0 8315.088815519894
13 1 0.0 8057.79809894997
13 1 0.0 8034.690459189973
13 1 0.0 7037.016778919997
13 1 0.0 7001.369738222494
13 1 0.0 6535.161499799982
13 1 0.0 6391.174614944899
13 1 0.0 5991.3077430473095
13 1 0.0 5886.245931819594
13 1 0.0 5620.85174139871
13 1 0.0 5580.688792549916
13 1 3895.704129191101 9442.345131657703
13 1 0.0 4985.506256511603
13 1 0.0 4308.732771569978
13 1 2601.2254596831117 6827.881583869972
13 1 0.0 3910.1541074331117
13 1 431.00146317622057 4271.624513772884
13 1 0.0 3413.4404371100954
13 1 0.0 3369.438457681033
13 1 0.0 3364.4934060125124
13 1 0.0 3336.165175049601
13 1 2160.819858129631 5348.161410740711
13 1 0.0 3120.5991194084
13 1 0.0 3108.3962743715965
13 1 0.0 3039.7271998472015
13 1 0.0 2987.7548973127086
13 1 0.0 2840.6124060457078
13 1 0.0 2804.4994046363863
13 1 2497.514920024387 5248.874795955622
13 1 0.0 2683.562817459403
13 1 0.0 2405.2678269741564
13 1 0.0 2278.696463311693
13 1 0.0 2056.1994201232155
13 1 0.0 1934.6348027007061
13 1 0.0 1820.5165137239956
13 1 0.0 1639.7505526248
13 1 0.0 1601.1637975727972
13 1 0.0 1594.937438851508
13 1 530.415621850404 1982.2253254229008
13 1 0.0 1450.3936453396
13 1 1103.3500780331078 2540.3259102229013
13 1 196.20120333330124 1546.0876624935045
13 1 0.0 1102.8489156146989
13 1 553.6289773995832 1574.1376051467023
13 1 0.0 1019.188509527844
13 1 0.0 1004.2914818642125
13 1 0.0 921.9212354100032
13 1 0.0 875.9847630623972
13 1 0.0 857.5943077180013
13 1 0.0 781.338495361204
13 1 0.0 731.0957086682956
13 1 0.0 701.8784643289036
13 1 0.0 669.8353422930895
13 1 175.710689951703 775.4196824738874
13 1 0.0 583.4628611199014
13 1 0.0 577.9173756672956
13 1 248.13611037890405 797.3620202594977
13 1 0.0 539.0119731446539
13 1 906.685474285674 1419.131580912483
13 1 0.0 492.8941716027066
13 1 0.0 442.53273423250266
13 1 0.0 411.8164365525081
13 1 0.0 406.74005899731765
13 1 0.0 395.691606501618
13 1 0.0 348.77914639400274
13 1 0.0 339.97346673998436
13 1 710.7017559374963 1030.7466503249989
13 1 0.0 311.0964750395906
13 1 0.0 299.4617803999681
13 1 0.0 293.71603306181714
13 1 0.0 291.7041888520989
13 1 0.0 241.2765766964011
13 1 0.0 237.74564267999904
13 1 530.3804507115856 748.6996815714692
13 1 0.0 212.9372201151
13 1 0.0 203.36902146249668
13 1 0.0 169.79914763069837
13 1 0.0 157.27248475250144
13 1 172.3438371156035 283.84518395371015
13 1 837.9757021172773 947.8648915183767
13 1 0.0 63.113940098975036
13 1 0.0 28.91065754290139
13 1 0.0 27.138732710396653
13 1 0.0 13.983663585633622
13 0 0.0 inf
# COVID_SAMPLE_11_ROI_2
14 1 357.43891022249863 58357.42176869001
14 1 0.0 26290.829041219997
14 1 7653.275069489908 23655.40023246007
14 1 0.0 10832.382756462348
14 1 0.0 9514.346764588769
14 1 0.0 9384.50469075998
14 1 0.0 8516.391932433988
14 1 0.0 8437.493947460496
14 1 0.0 7768.897602952507
14 1 0.0 7710.855059637197
14 1 192.8881240753003 7632.584198379996
14 1 0.0 7258.44296355724
14 1 0.0 6913.808781325525
14 1 0.0 6455.141299510016
14 1 0.0 6384.80955563315
14 1 0.0 5334.344791380012
14 1 2338.458375788621 7551.667495714075
14 1 1405.3305778525 6514.7840814725
14 1 0.0 5084.8562274868045
14 1 0.0 5050.231680811203
14 1 0.0 4932.1195698376105
14 1 15966.62672214799 20889.4465758548
14 1 0.0 4893.603930150419
14 1 0.0 4355.7207157764915
14 1 0.0 4302.300023880591
14 1 0.0 4052.0943239459893
14 1 0.0 4008.5250946374895
14 1 0.0 3992.9165838492063
14 1 0.0 3934.6272274600415
14 1 739.9995926399952 4613.890025164019
14 1 1524.8343906672026 5395.2874032445525
14 1 0.0 3867.0068905631488
14 1 0.0 3832.181141351861
14 1 0.0 3696.4774560810984
14 1 0.0 3584.0145952575713
14 1 0.0 3438.658950465598
14 1 0.0 3351.3139184963775
14 1 0.0 3348.025832020392
14 1 2025.0513789599768 5369.875978869994
14 1 0.0 3327.601601049979
14 1 0.0 3196.853309130058
14 1 0.0 3050.2090777410913
14 1 0.0 3032.2410684855295
14 1 0.0 2923.9513190999483
14 1 0.0 2863.094091070488
14 1 325.43185554999855 3093.4162895400113
14 1 0.0 2759.36547687029
14 1 0.0 2744.5932219363904
14 1 0.0 2717.3726040000156
14 1 2058.7306602319986 4747.472530745903
14 1 3266.9178394155006 5935.336253831603
14 1 0.0 2638.2858627125042
14 1 0.0 2584.1820475755794
14 1 0.0 2563.6865244183937
14 1 0.0 2494.959887776904
14 1 0.0 2488.1623703656146
14 1 0.0 2393.8011035904074
14 1 0.0 2390.714385280042
14 1 0.0 2382.578929180396
14 1 0.0 2376.0949964856027
14 1 0.0 2352.6443975499706
14 1 0.0 2344.2015949400025
14 1 0.0 2338.656028577596
14 1 0.0 2328.121394658281
14 1 0.0 2322.086890839606
14 1 0.0 2315.2446904316002
14 1 0.0 2300.6870255363956
14 1 0.0 2291.1293345400245
14 1 0.0 2181.6719620199738
14 1 0.0 2157.350071920009
14 1 0.0 2120.4891750516754
14 1 0.0 2098.134249649982
14 1 0.0 2090.382401174409
14 1 0.0 2067.557402028405
14 1 514.833425759989 2554.290399649959
14 1 0.0 1983.364989233506
14 1 0.0 1954.3601986344024
14 1 0.0 1939.5326374925025
14 1 0.0 1901.337160750033
14 1 0.0 1895.0697677075127
14 1 0.0 1875.3015445236206
14 1 453.66617593082174 2267.2980093071856
14 1 351.24289088999694 2156.155416790796
14 1 1909.7638871024883 3707.5021216224986
14 1 0.0 1774.3789656679328
14 1 0.0 1761.9152530499578
14 1 0.0 1736.0965258175083
14 1 0.0 1734.2930821899758
14 1 0.0 1723.9322644723784
14 1 1977.3552281388656 3683.6958753899726
14 1 0.0 1667.026642121582
14 1 0.0 1655.3706075625832
14 1 0.0 1599.1532255845027
14 1 0.0 1594.4945330931077
14 1 0.0 1571.9549344475054
14 1 125.7934184602318 1683.0390662728046
14 1 0.0 1554.7630413860988
14 1 0.0 1551.339431735967
14 1 0.0 1504.4458937599575
14 1 0.0 1485.765275170003
14 1 0.0 1479.8204675001307
14 1 0.0 1462.2621514520274
14 1 0.0 1456.5054728300056
14 1 0.0 1456.058544319938
14 1 0.0 1435.047085317493
14 1 0.0 1421.429881468391
14 1 0.0 1394.9992668640139
14 1 0.0 1366.449354216701
14 1 0.0 1343.9210372352027
14 1 0.0 1321.7127390274982
14 1 0.0 1318.8031499700255
14 1 0.0 1265.106004807999
14 1 0.0 1250.46860795671
14 1 0.0 1235.0092200420054
14 1 0.0 1231.742626186905
14 1 1542.274146209303 2769.697879108
14 1 0.0 1225.583281249999
14 1 0.0 1223.1185567144073
14 1 0.0 1203.501691446005
14 1 0.0 1201.322159680014
14 1 0.0 1188.17739900998
14 1 0.0 1165.3921552694947
14 1 0.0 1149.5438915475934
14 1 0.0 1144.846960960006
14 1 0.0 1135.9526179604045
14 1 360.0336210775058 1483.6103382099982
14 1 0.0 1117.324743778399
14 1 0.0 1085.2880669299811
14 1 0.0 1080.58171715751
14 1 0.0 1065.7577197343662
14 1 0.0 1062.8865516700098
14 1 0.0 1059.983599662905
14 1 0.0 1058.4836819600032
14 1 0.0 1058.0911376624017
14 1 0.0 956.0742637299836
14 1 506.95244351997644 1460.1950786900227
14 1 0.0 921.8988285120122
14 1 360.61913629121136 1278.228470761691
14 1 0.0 914.2302860139953
14 1 0.0 899.7449824875175
14 1 0.0 882.6285950608008
14 1 0.0 872.6819355200005
14 1 0.0 867.1403537052902
14 1 0.0 865.1165802475871
14 1 0.0 853.5658831220971
14 1 0.0 837.3724361900036
14 1 0.0 822.2219839872923
14 1 0.0 813.8725589899968
14 1 0.0 807.6687088585013
14 1 826.207814240006 1628.5455599599227
14 1 452.7367046820036 1253.18368271477
14 1 0.0 800.0112924024988
14 1 5728.758413197509 6518.0839846875015
14 1 0.0 770.4640887635887
14 1 0.0 764.9590918575996
14 1 0.0 728.3437956503831
14 1 0.0 723.3987847256003
14 1 83.69324028830488 783.0044932340079
14 1 0.0 697.4024819998849
14 1 0.0 690.1738453700109
14 1 0.0 679.2890716319914
14 1 0.0 673.1514498399977
14 1 0.0 666.4638519980163
14 1 0.0 659.6367701100071
14 1 0.0 657.5061921799888
14 1 285.8417260791059 936.1008007601149
14 1 0.0 634.847261369996
14 1 0.0 612.8777809700023
14 1 0.0 605.7160913820098
14 1 0.0 576.1793597607962
14 1 0.0 576.0457673948981
14 1 0.0 566.6389760499815
14 1 0.0 562.3924059024948
14 1 0.0 558.2276806774007
14 1 0.0 552.7907020996136
14 1 0.0 548.6030187700076
14 1 0.0 539.6701287217975
14 1 0.0 533.4466075876071
14 1 0.0 521.0527152600075
14 1 0.0 506.87736874400844
14 1 0.0 501.53537155999675
14 1 0.0 495.7514295080009
14 1 0.0 485.65407456080163
14 1 0.0 470.1363627484127
14 1 0.0 466.6649697707953
14 1 0.0 466.2145935279009
14 1 0.0 464.2526189600035
14 1 0.0 458.29010778560223
14 1 2399.140630540008 2850.525685020007
14 1 0.0 430.8145840100119
14 1 0.0 427.72011520030856
14 1 253.34973409919985 676.6705934884849
14 1 1257.4865167084063 1679.7396133863954
14 1 0.0 418.22630380440273
14 1 0.0 414.60271716496754
14 1 0.0 405.9527904907005
14 1 0.0 395.32367022032486
14 1 0.0 390.20597981000446
14 1 0.0 388.5059761300113
14 1 0.0 386.5657901359939
14 1 0.0 381.5816923124803
14 1 0.0 377.66224568480266
14 1 0.0 377.2593403899873
14 1 0.0 376.58740475239915
14 1 0.0 369.2008842423036
14 1 508.9391821628983 877.0237263024032
14 1 0.0 365.9166911135994
14 1 0.0 363.02015752402076
14 1 0.0 354.1841405844002
14 1 0.0 353.3078463104016
14 1 0.0 337.25497349162015
14 1 0.0 328.78086277637203
14 1 443.5426184582959 771.9997373027952
14 1 0.0 317.189720003199
14 1 0.0 311.8302535067817
14 1 0.0 309.72086340000897
14 1 0.0 302.1611183099966
14 1 0.0 300.3437658263981
14 1 0.0 298.41900866649416
14 1 0.0 290.5727266399854
14 1 0.0 284.2059330099937
14 1 0.0 281.5158035099903
14 1 0.0 281.11062443998844
14 1 0.0 279.245969279973
14 1 0.0 278.3121115292961
14 1 0.0 273.6254796399835
14 1 0.0 258.4935615643941
14 1 0.0 256.9805036496091
14 1 0.0 251.99532787000499
14 1 0.0 250.5512708704041
14 1 0.0 248.59690916000318
14 1 0.0 247.4161552703008
14 1 0.0 247.3126799555962
14 1 0.0 241.57012955439222
14 1 0.0 241.16420409188913
14 1 0.0 240.3437876719031
14 1 0.0 219.63439275020937
14 1 0.0 215.85955505489437
14 1 0.0 209.66654992000554
14 1 0.0 205.6802443873038
14 1 0.0 200.83895586999876
14 1 0.0 197.62765766390112
14 1 29.124215884645764 220.84908438458115
14 1 0.0 189.0528547000008
14 1 581.1084006701944 768.0757537196914
14 1 0.0 177.23235324757616
14 1 79.76634897998701 250.320703959992
14 1 0.0 162.17286586999626
14 1 0.0 159.49796214638855
14 1 0.0 159.12338807730782
14 1 0.0 153.89911936909766
14 1 0.0 152.70457872690895
14 1 0.0 148.68615020590482
14 1 0.0 148.49329722999983
14 1 0.0 139.17874545999234
14 1 0.0 138.0651580999786
14 1 0.0 135.16087006249927
14 1 0.0 111.99383071749207
14 1 0.0 110.75214606949203
14 1 1111.7490293899873 1215.8711139499947
14 1 0.0 103.26562076999002
14 1 0.0 102.20364944400671
14 1 0.0 96.21906425910811
14 1 249.5103255700019 344.51972877000344
14 1 0.0 92.27293089800719
14 1 0.0 91.9266814500179
14 1 18.200381152486443 99.46327497748098
14 1 0.0 75.24029733000333
14 1 600.0551372193036 674.8490348846979
14 1 77.5125005216164 150.91172952998022
14 1 0.0 65.35567559000549
14 1 0.0 64.84617648120263
14 1 0.0 58.29028412002299
14 1 171.43111629000077 221.6567973600172
14 1 30.232335809990218 74.98575692999862
14 1 211.40944791530296 251.90344971950367
14 1 0.0 31.20239500000116
14 1 129.27512167319446 156.06604838040084
14 1 0.0 24.060692578298585
14 1 0.0 23.530955857982917
14 1 0.0 22.8294056299942
14 1 0.0 13.105439729989484
14 1 0.0 10.627967260102423
14 1 401.56851610720787 412.16022291630816
14 1 166.12785868760045 174.65325784560696
14 1 0.0 3.7380083630000627
14 0 0.0 inf
14 0 0.0 176.70605128998477
14 0 0.0 39.47253737419669
# COVID_SAMPLE_11_ROI_1
15 1 0.0 44369.88873826365
15 1 0.0 26572.735085039967
15 1 0.0 21183.054949157806
15 1 0.0 10161.258898589935
15 1 0.0 8690.060549080019
15 1 0.0 7463.964774186709
15 1 0.0 6219.9131940592015
15 1 0.0 5674.428267769104
15 1 0.0 5659.453232878504
15 1 0.0 5593.121867969585
15 1 0.0 5396.235386926503
15 1 15810.058426279962 20775.470593240025
15 1 0.0 4869.355370000023
15 1 0.0 4807.539303369096
15 1 0.0 4764.618808253803
15 1 0.0 4578.480505609115
15 1 0.0 4354.896412319984
15 1 0.0 4330.489810325076
15 1 0.0 4325.037101879996
15 1 0.0 4037.190967933566
15 1 80.53451285601011 3820.7468994824985
15 1 0.0 3648.858392841501
15 1 0.0 3545.1675488869114
15 1 0.0 3429.1323187127127
15 1 0.0 3356.5645790899844
15 1 0.0 3307.3911017225173
15 1 0.0 3251.8264812015095
15 1 0.0 3142.4899659900475
15 1 0.0 3140.3835799499893
15 1 0.0 3111.375478075972
15 1 0.0 3089.2694253900363
15 1 0.0 3069.362485667494
15 1 0.0 3026.4736858674955
15 1 0.0 2966.174308869995
15 1 0.0 2951.326003108501
15 1 0.0 2896.2630857500117
15 1 0.0 2845.970563224093
15 1 0.0 2824.070792494813
15 1 0.0 2806.693779999998
15 1 0.0 2722.1543897351085
15 1 0.0 2716.697278628417
15 1 474.756462462522 3128.5674038899742
15 1 0.0 2649.164706608124
15 1 0.0 2621.0005103600033
15 1 157.90155338637442 2764.1608050523837
15 1 0.0 2550.8426127619905
15 1 0.0 2507.062457999996
15 1 0.0 2454.272595669988
15 1 0.0 2449.7237904412113
15 1 0.0 2342.0704055699844
15 1 1654.073850407226 3970.023894915007
15 1 0.0 2293.636410119955
15 1 343.7317906236008 2633.7089507724822
15 1 611.0032533464018 2886.556816767582
15 1 0.0 2273.4966642531085
15 1 0.0 2271.234794060011
15 1 0.0 2269.8765627200055
15 1 0.0 2237.1147905258963
15 1 0.0 2209.9005689004025
15 1 0.0 2192.5316791200034
15 1 0.0 2170.9131846925193
15 1 0.0 2164.349823598397
15 1 0.0 2137.2610280135946
15 1 0.0 2136.841796359988
15 1 0.0 2109.219932019615
15 1 0.0 2103.1561159943867
15 1 0.0 2093.0719828700085
15 1 0.0 2083.5814042927996
15 1 0.0 2060.608648799983
15 1 0.0 2031.867241170003
15 1 667.9675888999884 2684.1036520525195
15 1 0.0 1989.2876158200106
15 1 0.0 1975.4456505044081
15 1 0.0 1973.1531878280011
15 1 470.1299566699936 2417.62909304001
15 1 0.0 1928.5153832304013
15 1 1038.5063427799996 2957.3316037499862
15 1 0.0 1913.728927611498
15 1 0.0 1896.516199732474
15 1 475.09510552199663 2364.722249119992
15 1 0.0 1866.444384569977
15 1 0.0 1852.8559730081151
15 1 161.15783173561522 2003.933550439987
15 1 0.0 1798.3730875691126
15 1 0.0 1798.0045908275051
15 1 0.0 1789.9971028400496
15 1 0.0 1783.0936361999934
15 1 0.0 1770.7863222842038
15 1 0.0 1716.4231399199734
15 1 0.0 1709.584777950795
15 1 84.3121257825178 1765.0345326825172
15 1 0.0 1654.532618742502
15 1 0.0 1649.3310895576124
15 1 0.0 1623.763454000018
15 1 0.0 1622.8658257075513
15 1 0.0 1616.6021422100107
15 1 0.0 1582.433270729999
15 1 418.38478256001144 1997.8780017199952
15 1 0.0 1577.7298584880136
15 1 0.0 1560.9572823874291
15 1 0.0 1559.5403969019999
15 1 0.0 1557.156889396701
15 1 0.0 1550.0791343700075
15 1 0.0 1525.2028579700009
15 1 0.0 1518.0857901071981
15 1 0.0 1475.5626426447052
15 1 0.0 1458.901412587512
15 1 0.0 1453.5091260800245
15 1 0.0 1448.0809706819928
15 1 0.0 1446.4956527300074
15 1 0.0 1445.1270603910993
15 1 0.0 1443.360543296994
15 1 0.0 1437.7218870799607
15 1 0.0 1361.1723855499995
15 1 0.0 1350.5881316500054
15 1 0.0 1332.5683493100069
15 1 0.0 1329.3119127600348
15 1 0.0 1311.535698902392
15 1 0.0 1301.4129027864074
15 1 0.0 1295.291272897502
15 1 802.6585260823731 2089.664140727768
15 1 0.0 1271.962149840023
15 1 0.0 1265.7163721599995
15 1 0.0 1255.7289294500042
15 1 0.0 1254.3291447421013
15 1 0.0 1246.2784860770234
15 1 0.0 1246.0030709899875
15 1 0.0 1240.316683439987
15 1 0.0 1239.8724199199978
15 1 0.0 1236.7739738299974
15 1 0.0 1235.5526492405031
15 1 0.0 1221.8234169319999
15 1 0.0 1220.3607992000016
15 1 0.0 1216.9166839599961
15 1 0.0 1214.7810924048931
15 1 0.0 1210.2954735899832
15 1 0.0 1206.626148669979
15 1 98.86746369000684 1295.1236346500118
15 1 0.0 1191.1305333168175
15 1 2685.9172909466142 3861.3776856831046
15 1 0.0 1169.4511616799834
15 1 0.0 1164.1296630143993
15 1 145.0394568423976 1299.6630950424951
15 1 0.0 1154.0433148199954
15 1 0.0 1151.6919286399952
15 1 0.0 1111.6679389747019
15 1 0.0 1085.5997807203012
15 1 0.0 1063.602860776699
15 1 0.0 1062.1951196099908
15 1 0.0 1048.6428611999922
15 1 0.0 1046.6421176343024
15 1 0.0 1044.9149678800086
15 1 0.0 1021.9154721600037
15 1 0.0 1014.9996281199819
15 1 138.21423034248755 1152.9669960075043
15 1 0.0 1001.282566640004
15 1 336.98870999038445 1333.382056256385
15 1 0.0 987.9550505750958
15 1 0.0 976.9772120900009
15 1 0.0 972.2243320000052
15 1 0.0 967.744642687499
15 1 0.0 960.8475975600268
15 1 0.0 954.1925679121076
15 1 0.0 939.362246859987
15 1 0.0 932.8231167000085
15 1 0.0 931.3517015360139
15 1 0.0 926.3263337980027
15 1 0.0 925.408509060374
15 1 0.0 921.1198393706873
15 1 0.0 918.7862659200109
15 1 0.0 916.9704648961083
15 1 0.0 906.8140605486003
15 1 0.0 894.2683161019938
15 1 0.0 891.3439126968005
15 1 0.0 886.1167069848998
15 1 0.0 885.189929195989
15 1 0.0 884.9767161999969
15 1 0.0 872.2553811124008
15 1 0.0 872.0749956205955
15 1 0.0 871.5691382230114
15 1 0.0 869.6301411421009
15 1 0.0 866.6879306077135
15 1 0.0 850.9530675072081
15 1 0.0 834.2837420899759
15 1 0.0 829.9716417499803
15 1 0.0 823.2562092500099
15 1 0.0 822.3728667828236
15 1 0.0 812.5766246700205
15 1 0.0 810.8696890699844
15 1 0.0 801.4369753900178
15 1 0.0 787.3932120799923
15 1 0.0 783.1874173599849
15 1 0.0 782.5035626699939
15 1 0.0 781.5570299000094
15 1 0.0 781.4596627107894
15 1 0.0 779.7931530000014
15 1 374.85705510839375 1134.8036531475982
15 1 238.3436457992011 992.7684242189662
15 1 0.0 747.763045920002
15 1 0.0 743.6114611471965
15 1 0.0 735.9278062140074
15 1 0.0 730.0330531199968
15 1 0.0 726.5801883075985
15 1 0.0 706.1887623599887
15 1 0.0 697.493244640008
15 1 0.0 670.7933674200033
15 1 0.0 669.9483594399917
15 1 0.0 665.4615121199815
15 1 0.0 653.7913388600014
15 1 0.0 650.7244094528035
15 1 0.0 644.8876581340032
15 1 579.5815117799839 1221.0429738398939
15 1 0.0 641.2881680874946
15 1 1927.1451203487113 2560.8881848809215
15 1 0.0 629.9762210218923
15 1 1269.5953543540063 1898.9876673299855
15 1 0.0 627.2785119875307
15 1 85.04007256000205 710.2152912000051
15 1 0.0 612.4990766348988
15 1 1250.4249793500067 1860.1661637664047
15 1 240.77398447998576 850.4946139199899
15 1 0.0 604.7596330000042
15 1 0.0 601.3574308175992
15 1 0.0 600.1505267344
15 1 0.0 599.3263555404985
15 1 1799.872842319999 2398.5835299519977
15 1 0.0 595.1004660708011
15 1 0.0 593.0337153300006
15 1 935.0487111896 1525.729862938502
15 1 0.0 590.0660976803154
15 1 0.0 588.3127872004115
15 1 0.0 586.0751473615901
15 1 0.0 585.8205952864053
15 1 0.0 583.7268390000004
15 1 29.121259480118624 597.1222553446164
15 1 54.51256964048116 619.9728044764959
15 1 0.0 562.567225171096
15 1 0.0 561.3954411599905
15 1 0.0 561.0645651824138
15 1 0.0 560.3627072040997
15 1 0.0 550.1015476599925
15 1 118.33683117320379 663.7165346355068
15 1 0.0 541.4096342600196
15 1 0.0 540.8298991412025
15 1 0.0 537.7465917209618
15 1 0.0 532.6257231974946
15 1 0.0 530.477611119577
15 1 0.0 521.7355723896999
15 1 0.0 519.7460221914964
15 1 0.0 519.4656431124998
15 1 0.0 516.1183315935972
15 1 0.0 514.2924135107246
15 1 0.0 512.4338451592
15 1 0.0 510.72364807851955
15 1 0.0 509.6575922433067
15 1 0.0 502.4299370000067
15 1 0.0 492.88289464200807
15 1 0.0 480.6963005479911
15 1 0.0 474.79025253659483
15 1 0.0 471.2557735667922
15 1 0.0 467.29585032280147
15 1 0.0 463.44042908000506
15 1 0.0 461.8106085715956
15 1 0.0 459.48575216639733
15 1 194.5356490900058 651.4378490100007
15 1 0.0 452.9705311400062
15 1 288.54690097999514 740.6429700704034
15 1 0.0 449.66585787000236
15 1 0.0 447.45107883000173
15 1 0.0 447.05645399199284
15 1 0.0 445.2662854499981
15 1 0.0 440.87304277080693
15 1 0.0 432.77126215800854
15 1 0.0 431.94757957380625
15 1 0.0 428.2153572883981
15 1 66.70833692126735 491.00615133679787
15 1 0.0 412.15028216001883
15 1 0.0 410.3636374189175
15 1 0.0 401.16865526439824
15 1 690.8011996637047 1090.8485543005045
15 1 0.0 388.1706104176053
15 1 0.0 379.3752071999967
15 1 0.0 376.65775189270335
15 1 1435.9264919999982 1811.9671661800085
15 1 0.0 375.64317815320044
15 1 0.0 375.16437499542644
15 1 0.0 373.9504588636969
15 1 0.0 373.0905108699808
15 1 1162.9674367100176 1535.5541334300121
15 1 0.0 369.6961789739835
15 1 0.0 366.64041120000206
15 1 0.0 364.7262260100056
15 1 0.0 364.6483353007181
15 1 0.0 356.84675405799794
15 1 741.5230754595873 1094.2045735216066
15 1 2349.0067795244986 2697.892759996502
15 1 0.0 339.4781470599992
15 1 0.0 337.50235712319454
15 1 0.0 333.7085047919909
15 1 0.0 330.237609089977
15 1 0.0 328.90830761250663
15 1 0.0 324.0183907684077
15 1 525.6521840336068 844.1295468345045
15 1 0.0 316.1526727256951
15 1 0.0 315.3672360724988
15 1 0.0 314.243356053596
15 1 544.9885242900045 859.1130746899762
15 1 100.59135600002173 412.0141007200091
15 1 0.0 311.3427704099904
15 1 0.0 307.4379904905936
15 1 0.0 307.01437102239106
15 1 292.9337973197398 599.3287463932975
15 1 0.0 303.967895170008
15 1 0.0 301.6755359164002
15 1 0.0 301.5474266668016
15 1 0.0 295.72859671750587
15 1 0.0 290.4841397941095
15 1 0.0 290.45253899999034
15 1 619.954343873505 906.7465204305025
15 1 0.0 285.5826312026975
15 1 0.0 285.5620715038996
15 1 0.0 282.48731244000624
15 1 0.0 280.74764980289365
15 1 36.17660628000476 315.09556285000326
15 1 0.0 278.7257774488011
15 1 0.0 277.2345124499957
15 1 0.0 275.8690279883965
15 1 0.0 273.7917516100042
15 1 54.13525261999723 317.25375108519347
15 1 0.0 262.34871346309365
15 1 0.0 260.35306531600054
15 1 0.0 259.10904047000463
15 1 0.0 251.2759700763878
15 1 104.02945509952133 350.0447037084949
15 1 0.0 240.61317527200708
15 1 0.0 239.79708704000456
15 1 0.0 237.9415067999944
15 1 188.44708169038518 423.1878113376067
15 1 0.0 229.76684988680404
15 1 0.0 229.06862370309182
15 1 0.0 228.45509185770607
15 1 0.0 226.15964419650015
15 1 0.0 224.24487420000116
15 1 0.0 221.44445783059928
15 1 0.0 216.56802787001175
15 1 130.46011452000675 340.9761517600107
15 1 0.0 210.04775281529157
15 1 0.0 210.00240655000675
15 1 0.0 208.17292859320196
15 1 425.26636039716914 631.8802363624002
15 1 0.0 205.71697918859996
15 1 0.0 201.24553511798604
15 1 465.6502762096902 666.0094041637412
15 1 0.0 199.8846215836013
15 1 0.0 197.74124699999106
15 1 1067.8318852570783 1265.3884267990961
15 1 0.0 193.59384942849715
15 1 0.0 191.2968828224955
15 1 0.0 188.76092336372494
15 1 97.94614673959995 284.7505241360989
15 1 0.0 177.92035423159518
15 1 100.40152147561639 277.644020335596
15 1 0.0 173.54181443756625
15 1 0.0 172.8275273999975
15 1 0.0 171.9006634444006
15 1 0.0 168.12364367730106
15 1 450.0563706976102 613.5709585440179
15 1 0.0 163.27806187519718
15 1 0.0 162.46231262999893
15 1 0.0 161.9134329024182
15 1 0.0 160.92194139814364
15 1 129.7789537995004 290.45543749799253
15 1 0.0 153.75562141840305
15 1 0.0 144.19068365748672
15 1 590.3403756479969 731.2811066147997
15 1 0.0 138.0794077031985
15 1 339.808867890024 477.2996876200182
15 1 0.0 135.67494541220003
15 1 0.0 129.22736155001257
15 1 0.0 129.06562548200236
15 1 0.0 128.96791339998663
15 1 1780.8160261725134 1907.3159426600105
15 1 0.0 126.34628787999964
15 1 456.32315575001803 581.2756516300099
15 1 0.0 124.75755318000404
15 1 132.2067088800086 255.68130000001293
15 1 0.0 123.18588044399834
15 1 0.0 120.6655247163967
15 1 0.0 120.52171253039904
15 1 2487.879591719593 2608.244820609978
15 1 0.0 116.4299572226023
15 1 0.0 116.27795912959942
15 1 0.0 111.87049253490522
15 1 0.0 111.31727039857071
15 1 0.0 109.35396608999895
15 1 0.0 106.09683977750797
15 1 0.0 105.91978832000677
15 1 31.24763736881596 136.56184435665864
15 1 0.0 104.94082197110322
15 1 0.0 104.41819837320145
15 1 1954.8315338899797 2059.1278116500002
15 1 0.0 103.0508590976001
15 1 0.0 99.10489297890763
15 1 1237.458737675217 1335.751960380001
15 1 0.0 96.87414867930715
15 1 0.0 94.60931258100254
15 1 0.0 93.5876336339013
15 1 0.0 92.81035467999095
15 1 0.0 88.55491628639982
15 1 64.00361985999962 151.47098445000756
15 1 0.0 86.3049741099965
15 1 0.0 85.81799790998411
15 1 0.0 82.76339913840039
15 1 0.0 81.3451527839893
15 1 0.0 80.53524904894005
15 1 552.9277845752067 633.2638580808116
15 1 0.0 78.32513220737201
15 1 0.0 77.68872816998487
15 1 0.0 76.59929520799051
15 1 0.0 76.46117894080055
15 1 0.0 72.62574312000106
15 1 60.99650476639522 130.99125852910095
15 1 0.0 66.39319258839737
15 1 0.0 64.508004251702
15 1 0.0 63.746729429998936
15 1 0.0 62.80554868999582
15 1 192.2109662799955 255.0155686299919
15 1 0.0 59.20040563360658
15 1 0.0 53.008644681600344
15 1 0.0 49.6251188087881
15 1 1987.8190581340018 2035.8602589847092
15 1 0.0 46.737654502394435
15 1 0.0 44.75786689001825
15 1 59.233625425992614 101.61327572550272
15 1 107.80477764690909 148.68749520600431
15 1 0.0 38.44612886999448
15 1 0.0 33.39790968760042
15 1 0.0 32.06932286039648
15 1 0.0 26.941418290005913
15 1 0.0 26.465303366100443
15 1 0.0 23.738663939400737
15 1 0.0 21.30282781999449
15 1 0.0 20.597513547500057
15 1 327.2830961327054 345.31693983402874
15 1 0.0 15.640111279994926
15 1 66.80769566080573 82.19555396600572
15 1 0.0 13.897679987996526
15 1 0.0 13.622248170000375
15 1 1682.0190950499882 1694.4088409599908
15 1 0.0 8.61244063239883
15 1 0.0 7.921435150000434
15 1 0.0 7.268261440011429
15 1 0.0 6.839338429994086
15 1 0.0 5.939221520500723
15 1 0.0 4.012108347094454
15 1 0.0 2.2110876800243204
15 1 0.0 1.7986672070962868
15 1 0.0 0.7390900913015912
15 0 0.0 inf
15 0 0.0 49.03288911999056
# COVID_SAMPLE_4_ROI_3
16 1 0.0 17187.64245924286
16 1 0.0 12599.775379313902
16 1 0.0 9152.172546931257
16 1 0.0 9056.58169728891
16 1 789.5622524299961 8975.808652530017
16 1 0.0 6931.011818145112
16 1 0.0 6045.493441429991
16 1 0.0 5992.133988316498
16 1 0.0 5925.189547362417
16 1 0.0 5567.219031749957
16 1 0.0 4979.505102366099
16 1 0.0 4887.231733280001
16 1 0.0 4639.70214707248
16 1 0.0 4627.899390299996
16 1 0.0 4539.523914987609
16 1 0.0 4463.848543879987
16 1 0.0 4421.967862777106
16 1 0.0 4378.537052850046
16 1 0.0 4144.959902012506
16 1 0.0 4005.0472100299885
16 1 0.0 3885.0181239764006
16 1 0.0 3869.027284939996
16 1 0.0 3865.4715569258883
16 1 0.0 3642.612040620006
16 1 0.0 3612.035131539711
16 1 0.0 3607.1365096009013
16 1 5.709210740029448 3591.358472049995
16 1 0.0 3471.0003580800103
16 1 0.0 3431.9630798229155
16 1 0.0 3308.836272089972
16 1 0.0 3279.1714329020074
16 1 0.0 3248.5427279438045
16 1 0.0 3236.1025317300246
16 1 0.0 3170.5561787900033
16 1 2104.7689352300094 5272.38464448957
16 1 0.0 3059.5978883364924
16 1 0.0 3031.873540919986
16 1 0.0 2978.43625972652
16 1 43.35387230149172 2975.7246045891025
16 1 2.7341974610772013 2907.2216021381155
16 1 0.0 2817.1470766960065
16 1 0.0 2816.1769887220044
16 1 0.0 2786.6041847075885
16 1 318.01667601639383 3053.6553798348887
16 1 0.0 2703.41586830953
16 1 0.0 2685.8527958700097
16 1 0.0 2626.5400413299985
16 1 0.0 2603.4010749999957
16 1 0.0 2598.466385360004
16 1 0.0 2551.224860059304
16 1 0.0 2537.4769981115005
16 1 0.0 2520.2645626896924
16 1 0.0 2519.042311124019
16 1 0.0 2496.6450611000455
16 1 0.0 2486.6078051600034
16 1 0.0 2448.333331097303
16 1 0.0 2436.913047312395
16 1 0.0 2422.3137530159897
16 1 0.0 2384.9681625100097
16 1 0.0 2336.509633392893
16 1 0.0 2263.4423820899783
16 1 0.0 2197.7807460149097
16 1 0.0 2148.0706121400053
16 1 0.0 2136.0608259623946
16 1 0.0 2091.5948312516844
16 1 0.0 2067.8021368096925
16 1 0.0 2028.6009126811878
16 1 0.0 2013.676059774392
16 1 0.0 2001.6972146000012
16 1 0.0 1994.0374880499849
16 1 0.0 1976.4280794556048
16 1 0.0 1967.6908831800201
16 1 0.0 1964.3965841724948
16 1 0.0 1952.579832209975
16 1 0.0 1938.3919891808023
16 1 0.0 1935.1411875100039
16 1 0.0 1933.5016063500188
16 1 0.0 1927.6085902557043
16 1 0.0 1920.7813454268162
16 1 0.0 1913.3416660512898
16 1 0.0 1871.8784265400295
16 1 0.0 1866.2054463751028
16 1 0.0 1865.1265089836006
16 1 0.0 1831.954651628413
16 1 0.0 1822.8158204191386
16 1 0.0 1822.0579014639802
16 1 0.0 1808.8493548923961
16 1 0.0 1800.2853080556606
16 1 98.15770961118994 1896.2092521600036
16 1 1044.405487856021 2833.812067999863
16 1 0.0 1774.3069321592034
16 1 0.0 1739.082532025589
16 1 0.0 1719.247513840024
16 1 0.0 1684.9033244124785
16 1 0.0 1668.7155536019036
16 1 0.0 1660.6224043364055
16 1 1096.6972872959932 2733.366950361604
16 1 0.0 1623.7873672676078
16 1 886.5999373200264 2509.320690489122
16 1 0.0 1611.4798250735998
16 1 0.0 1580.359428550007
16 1 0.0 1577.4969159200114
16 1 0.0 1560.5363861000096
16 1 0.0 1553.6652772099965
16 1 0.0 1550.5222132099912
16 1 0.0 1542.7910650000001
16 1 0.0 1539.0389601099773
16 1 1044.6215817816192 2580.827219909481
16 1 0.0 1535.516705995201
16 1 0.0 1526.0709670499846
16 1 0.0 1517.0901832599948
16 1 0.0 1501.1218092000227
16 1 0.0 1475.9431286400054
16 1 0.0 1468.5146156559854
16 1 0.0 1451.460001099983
16 1 0.0 1450.712779778104
16 1 1392.9709726899982 2839.488390009986
16 1 0.0 1442.7269619319795
16 1 0.0 1435.164331149988
16 1 126.38532654759365 1558.1361406974702
16 1 0.0 1409.5540780299716
16 1 181.16540984997846 1582.4262068300204
16 1 0.0 1386.3133654311023
16 1 44.42537109597106 1414.5738415320102
16 1 0.0 1339.0350905360035
16 1 0.0 1327.777717642885
16 1 176.84828390600433 1503.6510178096041
16 1 0.0 1316.9402000899863
16 1 0.0 1311.8569595180088
16 1 0.0 1299.231378812392
16 1 0.0 1291.8933629911035
16 1 72.69148615961967 1360.862308440388
16 1 0.0 1284.1241381346956
16 1 0.0 1277.0879403805027
16 1 0.0 1242.8501823780061
16 1 20.82114544000251 1258.7902978495817
16 1 0.0 1217.7862428077124
16 1 0.0 1217.3741614050884
16 1 0.0 1216.8015834379758
16 1 0.0 1213.3492042444022
16 1 0.0 1195.9626364000078
16 1 0.0 1194.7698324387989
16 1 0.0 1167.6554364999943
16 1 0.0 1161.145127553962
16 1 0.0 1160.6384823460085
16 1 0.0 1153.3448711435972
16 1 0.0 1151.4206666820016
16 1 0.0 1150.6857198100142
16 1 0.0 1146.0213158744123
16 1 0.0 1145.1018467200397
16 1 0.0 1142.3126971099944
16 1 64.90456890641781 1201.0511045856092
16 1 0.0 1127.4366914674956
16 1 119.27612605399338 1239.921134049263
16 1 526.8126966167908 1645.1063107363245
16 1 0.0 1116.411966363592
16 1 0.0 1100.1165692967093
16 1 0.0 1095.4555431652025
16 1 0.0 1094.089295879974
16 1 0.0 1079.8574432495898
16 1 591.1485487599698 1665.3153529199658
16 1 0.0 1073.6633514400073
16 1 0.0 1071.5121761100036
16 1 154.98076443310038 1222.6000786489312
16 1 0.0 1064.5887348100046
16 1 0.0 1062.0226086099792
16 1 0.0 1044.170882892391
16 1 0.0 1043.0115636603998
16 1 0.0 1037.362629929979
16 1 334.4213135199992 1356.5543463499926
16 1 0.0 1020.8685859700013
16 1 0.0 1019.5029169311042
16 1 109.38220242842772 1123.718569567302
16 1 0.0 1013.8044066079956
16 1 0.0 1013.6768859153008
16 1 0.0 996.9504397155043
16 1 0.0 982.9957518198967
16 1 0.0 976.9885185450953
16 1 0.0 949.4627351888072
16 1 0.0 939.5760033015958
16 1 0.0 922.3210694199752
16 1 0.0 920.8446198413121
16 1 0.0 920.1778185600133
16 1 0.0 918.0105722655048
16 1 0.0 916.7159942899907
16 1 0.0 909.0507337400061
16 1 0.0 908.1641258419991
16 1 603.671984694482 1508.1050775111835
16 1 0.0 901.0804599475096
16 1 387.81934749001766 1277.26878273
16 1 396.922983840886 1275.958674665997
16 1 0.0 871.2482017583961
16 1 432.5893065064738 1303.0530583215568
16 1 0.0 870.2366871299928
16 1 0.0 862.1058120500056
16 1 0.0 838.6213304475064
16 1 0.0 830.1602299232065
16 1 528.7973392800013 1352.772563090015
16 1 0.0 820.5150927144978
16 1 0.0 810.2293964119999
16 1 482.1011945709097 1286.5300482027899
16 1 0.0 801.0884486399951
16 1 0.0 794.0379117999737
16 1 1425.5089754973087 2216.8199819412002
16 1 0.0 788.177727199834
16 1 0.0 787.0301341840021
16 1 0.0 785.1822564942008
16 1 0.0 757.3463002203898
16 1 0.0 745.3640056200134
16 1 0.0 744.9602860399932
16 1 299.8065288200048 1042.575962739991
16 1 0.0 741.7013713999834
16 1 0.0 741.6273551164998
16 1 341.1792149219973 1080.257914370407
16 1 0.0 736.5706450200091
16 1 229.79102054999748 962.9608267999852
16 1 0.0 723.9938062619785
16 1 0.0 722.9206833315964
16 1 0.0 715.9059831400004
16 1 0.0 709.8254477735936
16 1 0.0 708.328144280008
16 1 522.913308941289 1218.60550899001
16 1 0.0 695.0672256511966
16 1 0.0 692.7093655832169
16 1 0.0 690.0410153472042
16 1 0.0 685.2238272000086
16 1 98.83930656001894 782.3697329500196
16 1 0.0 680.7959141300073
16 1 0.0 677.5784274100001
16 1 107.3124384827986 780.2003009408027
16 1 0.0 671.0526931891072
16 1 0.0 670.7708931744012
16 1 0.0 669.6541818960186
16 1 0.0 658.2579818099833
16 1 0.0 656.7788112799958
16 1 0.0 652.7168973630924
16 1 0.0 651.4227336140157
16 1 0.0 643.6384863699909
16 1 0.0 643.6046779224993
16 1 0.0 626.2202244180053
16 1 0.0 615.0579627899942
16 1 0.0 609.4721134661072
16 1 0.0 607.3969999999908
16 1 0.0 599.4123741299718
16 1 0.0 596.4064071209068
16 1 0.0 594.6770409403889
16 1 0.0 589.9103342400131
16 1 0.0 581.9287234375962
16 1 236.63367684997047 806.3445139279024
16 1 0.0 560.879584117989
16 1 148.00400663250412 706.7957082224966
16 1 0.0 551.4946805599982
16 1 0.0 545.2806315368048
16 1 0.0 544.1648653793072
16 1 0.0 538.1080025525002
16 1 0.0 535.5510391999896
16 1 0.0 534.4081648509
16 1 0.0 533.2692657499924
16 1 0.0 530.7332546500102
16 1 0.0 528.8175343009252
16 1 0.0 528.116422630005
16 1 0.0 527.2872397323974
16 1 347.2870117139955 872.9774443860001
16 1 0.0 524.5923634899937
16 1 0.0 523.7038671900089
16 1 0.0 518.29653489871
16 1 0.0 516.4228638727081
16 1 396.6720199112442 910.8907067435266
16 1 0.0 501.4548814310999
16 1 0.0 490.92511886998886
16 1 0.0 489.6998421816111
16 1 0.0 486.40686635999737
16 1 0.0 485.58711871000014
16 1 0.0 485.3606469199967
16 1 0.0 474.74011733610223
16 1 0.0 468.5544257240074
16 1 0.0 462.4995880919946
16 1 0.0 458.1418251479872
16 1 0.0 451.8339714900053
16 1 0.0 446.97436868000204
16 1 0.0 438.92977842839855
16 1 172.45647803040106 609.992636481599
16 1 0.0 425.3581522799918
16 1 948.036624660007 1368.5078404799888
16 1 0.0 420.277539914493
16 1 0.0 417.30129626680673
16 1 293.009821610025 710.270087200006
16 1 0.0 405.87044505073754
16 1 151.5589750000072 551.2007372900125
16 1 6.283963580025556 404.1798408500008
16 1 0.0 396.58673534029276
16 1 0.0 395.26559970998915
16 1 304.2980043599896 693.5909351199821
16 1 0.0 376.37661969000374
16 1 1056.1076950399947 1430.1950596700017
16 1 441.8192749626885 809.760815481616
16 1 30.59507454999948 397.46867738999845
16 1 84.62215019999803 450.23971380001694
16 1 0.0 364.3114870536058
16 1 0.0 361.64333332000444
16 1 0.0 359.5125976874808
16 1 0.0 359.50529189000486
16 1 0.0 358.5837363636042
16 1 0.0 358.5215579999963
16 1 0.0 346.1104583450947
16 1 0.0 341.01378255990676
16 1 0.0 334.26703497999733
16 1 0.0 333.94327420209265
16 1 0.0 330.4777821717
16 1 0.0 328.77545476004616
16 1 325.86029552929904 653.2271191124025
16 1 0.0 325.519585760002
16 1 0.0 322.93812819000755
16 1 0.0 322.38416367996797
16 1 0.0 318.1790051899875
16 1 0.0 317.7560170099978
16 1 0.0 311.933559880011
16 1 0.0 306.37694531089255
16 1 0.0 305.1135579372003
16 1 0.0 301.88334627840777
16 1 0.0 300.0274376100051
16 1 0.0 298.96683274329916
16 1 0.0 290.7423781835887
16 1 0.0 289.77552713038676
16 1 1699.0698477011879 1988.4291943151884
16 1 0.0 289.21682731319885
16 1 3536.0152966425057 3822.0772271383084
16 1 0.0 281.82272136000574
16 1 0.0 280.8853683538018
16 1 0.0 280.65013009000086
16 1 0.0 279.9057751199982
16 1 0.0 275.7003461056047
16 1 0.0 274.7606522674987
16 1 0.0 273.9054578700111
16 1 0.0 272.9205623099997
16 1 0.0 268.22962003200746
16 1 677.5892085285011 945.7657191263963
16 1 0.0 265.3028025903832
16 1 0.0 262.75777066670094
16 1 0.0 259.73749594240326
16 1 0.0 259.1052885600002
16 1 1183.692584310008 1440.5352628800042
16 1 0.0 252.52349284149818
16 1 0.0 251.63886880289942
16 1 0.0 249.1058955600056
16 1 0.0 244.59976255998072
16 1 0.0 242.73941672000018
16 1 0.0 242.59544253001604
16 1 0.0 241.49495848809897
16 1 0.0 238.93157607000148
16 1 0.0 237.59708060998992
16 1 0.0 236.8700649200082
16 1 0.0 231.30160116000025
16 1 762.867440220014 993.6867491900016
16 1 0.0 223.4127371599957
16 1 41.31479564248957 262.0682956800092
16 1 0.0 215.93198876760198
16 1 0.0 215.56358834999628
16 1 0.0 214.15103383000678
16 1 466.1531153999813 677.3707911099932
16 1 83.80571397999074 293.3410845399849
16 1 21.451052871993397 229.6412474143931
16 1 0.0 206.7587891364883
16 1 0.0 197.14435077600137
16 1 518.4759779299975 714.2271211000343
16 1 0.0 191.33332283999653
16 1 0.0 190.50949852798294
16 1 0.0 190.49603922870438
16 1 0.0 189.51037466800028
16 1 0.0 189.46259765799994
16 1 0.0 184.23000706079847
16 1 0.0 183.8009582051008
16 1 0.0 178.4962586133222
16 1 1.83645273120419 179.37422086849642
16 1 628.2159294727744 804.807860812105
16 1 0.0 176.38727587039193
16 1 0.0 175.90785308360216
16 1 0.0 169.08689927730165
16 1 0.0 164.35176000558977
16 1 0.0 162.97657995600446
16 1 0.0 162.82055102889956
16 1 0.0 157.56370218004395
16 1 2315.0014340680036 2466.870448338007
16 1 0.0 151.43306123998536
16 1 0.0 151.2110981009048
16 1 0.0 149.24758799160008
16 1 0.0 148.20286848000273
16 1 0.0 148.0385833699977
16 1 0.0 146.9452846112972
16 1 0.0 140.44346919750143
16 1 30.85420452480207 169.0625789500017
16 1 0.0 136.13965474199858
16 1 88.69156614999974 224.22387229089168
16 1 0.0 132.89430586121125
16 1 1437.6269814076022 1568.0856860572003
16 1 107.51760288480091 237.96796360110147
16 1 0.0 119.32879229759692
16 1 589.3303056174805 708.5802102799857
16 1 0.0 119.07317569107863
16 1 1161.157504559994 1278.56186583
16 1 124.32386308000628 240.90879216000258
16 1 0.0 115.67276013680407
16 1 0.0 112.17082941719423
16 1 0.0 106.07019589000197
16 1 0.0 104.80401041399546
16 1 0.0 101.25406528890153
16 1 99.73291121238549 196.5996162723893
16 1 0.0 95.57338522709642
16 1 176.76174759101332 271.02407328351705
16 1 0.0 93.49585071729052
16 1 0.0 91.41717496280035
16 1 0.0 88.97433301000365
16 1 0.0 86.0763201863947
16 1 0.0 85.32753012999778
16 1 0.0 73.4223531699954
16 1 610.6877306221027 682.1611767075976
16 1 770.388163517704 839.1615142755018
16 1 476.2610303939955 542.9912064075834
16 1 1183.2448472634883 1245.9845887904974
16 1 0.0 62.3893649000006
16 1 224.78580284998202 285.23637111999676
16 1 36.73631693520065 95.24399801170034
16 1 0.0 58.28063287489681
16 1 935.016251260794 992.6732061419934
16 1 0.0 57.418902342497404
16 1 0.0 55.61214968519971
16 1 659.9229100355005 714.1634985800051
16 1 0.0 52.28309460750461
16 1 32.79938125999706 84.3374879728135
16 1 0.0 48.8892336699887
16 1 2593.721972119967 2642.5904221199908
16 1 0.0 47.53838530318353
16 1 0.0 47.34915197000737
16 1 0.0 47.2133700600009
16 1 0.0 45.89121928999168
16 1 80.74667477444405 122.98838683138229
16 1 0.0 35.30092148920039
16 1 99.88488509597983 134.66162223030278
16 1 0.0 31.92557271950045
16 1 0.0 29.79596721000098
16 1 0.0 29.097696869994707
16 1 0.0 29.013427036800067
16 1 0.0 11.292979119995834
16 1 0.0 11.062223149982856
16 1 117.56808906998504 125.06778160000522
16 0 0.0 inf
# COVID_SAMPLE_9_ROI_2
17 1 0.0 13763.28911554398
17 1 0.0 10723.185109873091
17 1 0.0 8871.574168245614
17 1 0.0 7446.556685623778
17 1 0.0 6503.364259592522
17 1 0.0 6187.431778549989
17 1 0.0 6078.56646895879
17 1 0.0 5974.1804304000125
17 1 0.0 5763.016567939991
17 1 0.0 5525.104525280007
17 1 0.0 5320.699799660375
17 1 0.0 5316.311389161589
17 1 0.0 5310.483135017597
17 1 0.0 5279.198727680013
17 1 0.0 5267.023874907603
17 1 0.0 5122.937238999996
17 1 0.0 4981.0212820716015
17 1 0.0 4944.257977859977
17 1 0.0 4780.018595119996
17 1 0.0 4710.0370435899995
17 1 0.0 4688.779257050008
17 1 0.0 4598.242306349982
17 1 0.0 4513.596116255747
17 1 0.0 4341.873730830005
17 1 0.0 4324.554319089972
17 1 0.0 4096.1820447344035
17 1 0.0 4095.2031810699864
17 1 0.0 4045.136936368803
17 1 0.0 4045.0640756929006
17 1 0.0 3955.6001033944176
17 1 0.0 3878.9417162623704
17 1 0.0 3844.0944105031103
17 1 0.0 3822.200170479984
17 1 0.0 3739.765921861106
17 1 0.0 3729.8122260275086
17 1 0.0 3719.2081254284076
17 1 0.0 3705.494582214511
17 1 0.0 3623.286533673083
17 1 48.16011304287895 3645.65496760003
17 1 0.0 3536.059426504904
17 1 0.0 3473.41039253141
17 1 0.0 3276.1527427591936
17 1 298.68732834570164 3572.8618517090963
17 1 0.0 3240.703389479999
17 1 0.0 3233.3296372968975
17 1 0.0 3215.4511148800148
17 1 0.0 3197.711696450029
17 1 0.0 3063.310200266505
17 1 0.0 3058.972724479965
17 1 831.7457284487054 3821.7976382638026
17 1 560.3784348147847 3511.405849108808
17 1 0.0 2934.439064181096
17 1 0.0 2928.0029365715945
17 1 0.0 2876.5502640800214
17 1 0.0 2825.9135691590836
17 1 0.0 2709.1746773955183
17 1 0.0 2668.6454801724794
17 1 0.0 2627.3639682214935
17 1 0.0 2593.203526756394
17 1 0.0 2588.625935336116
17 1 0.0 2575.4918227200214
17 1 0.0 2574.5765770400185
17 1 0.0 2552.1406955599914
17 1 0.0 2480.0208430799817
17 1 0.0 2470.1488101810946
17 1 0.0 2458.412204381987
17 1 0.0 2425.762372638881
17 1 72.81733072589623 2487.2721095425013
17 1 0.0 2413.0511604700023
17 1 0.0 2411.520935734805
17 1 0.0 2411.5016894000237
17 1 6.143484379969777 2407.4031692599447
17 1 0.0 2315.1417324299728
17 1 137.76046815200152 2439.724861890202
17 1 909.5773911637034 3210.0621618849973
17 1 0.0 2295.7100722763957
17 1 877.6025153291953 3169.8547747183993
17 1 0.0 2248.99200093949
17 1 0.0 2230.987198711702
17 1 0.0 2230.4453179799743
17 1 0.0 2199.2448670956164
17 1 0.0 2173.5827208231003
17 1 0.0 2120.478920217097
17 1 0.0 2110.7142348899906
17 1 0.0 2106.4042007140033
17 1 0.0 2032.8545800699862
17 1 0.0 2005.5116402096282
17 1 0.0 1989.3812868463883
17 1 0.0 1985.4619642500038
17 1 0.0 1951.3056688094748
17 1 0.0 1922.545801875603
17 1 0.0 1890.5691629444068
17 1 0.0 1886.4437412299967
17 1 0.0 1831.215376159993
17 1 0.0 1827.7371402974932
17 1 0.0 1813.7313070799764
17 1 0.0 1789.3858656284146
17 1 0.0 1788.667224534694
17 1 0.0 1770.134130632783
17 1 0.0 1700.9078335100273
17 1 0.0 1690.8277741548063
17 1 0.0 1641.1013697600083
17 1 0.0 1638.8539196928987
17 1 0.0 1638.4469677619973
17 1 0.0 1630.9149019200158
17 1 0.0 1629.9863915443962
17 1 0.0 1626.7814457047807
17 1 0.0 1611.3810436496096
17 1 0.0 1568.6154034650006
17 1 0.0 1556.585479990004
17 1 564.8760196500007 2121.1404957600043
17 1 0.0 1531.8744547175938
17 1 0.0 1517.169636444789
17 1 0.0 1503.2108571899907
17 1 0.0 1471.102925640027
17 1 890.3131317379812 2352.527487289988
17 1 0.0 1430.7415783652868
17 1 0.0 1416.5113992799938
17 1 0.0 1403.6736889549084
17 1 1350.5083282599662 2729.5851881800077
17 1 0.0 1376.707124465599
17 1 0.0 1353.1253569965393
17 1 0.0 1347.495409439985
17 1 0.0 1335.3476966299904
17 1 0.0 1335.3150439480191
17 1 0.0 1328.3484814199883
17 1 0.0 1293.2646913908725
17 1 0.0 1276.4440163299987
17 1 0.0 1256.9013844848005
17 1 713.5517063199754 1970.0335243799968
17 1 0.0 1254.0942991380011
17 1 0.0 1248.1966247920016
17 1 0.0 1244.2207289343996
17 1 0.0 1242.0079023194912
17 1 0.0 1235.1054076600076
17 1 602.0178698199916 1830.684920369999
17 1 0.0 1207.4334960574915
17 1 0.0 1185.7518346900097
17 1 693.7584211877347 1879.2854398228956
17 1 0.0 1174.8795260627965
17 1 0.0 1169.5861484579946
17 1 0.0 1140.807192242405
17 1 0.0 1135.2140272524955
17 1 0.0 1120.210381717999
17 1 0.0 1115.4193642968007
17 1 0.0 1115.0939543829
17 1 0.0 1080.5440056072935
17 1 400.52220062251126 1480.8317110600083
17 1 0.0 1075.8852169987822
17 1 0.0 1074.9475796676006
17 1 0.0 1069.6523180199729
17 1 0.0 1059.6673969374988
17 1 0.0 1059.3143087176086
17 1 0.0 1055.9072724999914
17 1 0.0 1047.9637440895585
17 1 0.0 1046.77095326762
17 1 1753.4634014244293 2774.554824944429
17 1 0.0 992.0445247616044
17 1 0.0 987.4950976430932
17 1 0.0 970.8127197312897
17 1 0.0 967.2503976186977
17 1 0.0 955.4940713540013
17 1 0.0 954.7320912699897
17 1 131.5040068595374 1086.234795181581
17 1 0.0 928.1497609300231
17 1 0.0 914.7503498931096
17 1 0.0 912.5725340268154
17 1 0.0 905.0233746004984
17 1 0.0 900.7647089099964
17 1 0.0 897.2397319599913
17 1 0.0 892.4532029299958
17 1 47.17504941749121 935.1332008731033
17 1 0.0 884.5138287299956
17 1 0.0 879.4243766486982
17 1 0.0 876.3261471999945
17 1 0.0 875.0257457411954
17 1 0.0 866.9570912400036
17 1 0.0 863.9308609836971
17 1 0.0 862.555584015594
17 1 0.0 855.5371565699875
17 1 0.0 855.4834476499918
17 1 0.0 848.4400614400074
17 1 0.0 847.7510174774625
17 1 836.8715839307092 1662.712517172486
17 1 0.0 825.3517698782016
17 1 187.96139341001162 1007.7747842192005
17 1 0.0 815.0469158259971
17 1 0.0 811.5598757050964
17 1 0.0 804.0263906291018
17 1 881.9305725318945 1684.3045334699982
17 1 0.0 800.6011298959954
17 1 0.0 795.7178448523946
17 1 0.0 786.9770337984023
17 1 0.0 786.1385907264139
17 1 0.0 785.3688278099917
17 1 0.0 784.6369801799992
17 1 0.0 775.1853062279747
17 1 829.556310386004 1603.5517269100492
17 1 0.0 758.3251403099976
17 1 0.0 757.0313059999944
17 1 0.0 753.0023800274953
17 1 0.0 732.477354989981
17 1 0.0 730.0929150320105
17 1 0.0 727.120715311614
17 1 0.0 726.6766549280228
17 1 0.0 726.2725185824993
17 1 0.0 726.0257103000058
17 1 0.0 722.742503855095
17 1 0.0 722.3098673089011
17 1 0.0 722.1153794606716
17 1 0.0 715.9787596085023
17 1 0.0 709.864729150012
17 1 931.5218233500173 1639.7278214320895
17 1 0.0 697.2939073175176
17 1 0.0 695.8175777061961
17 1 0.0 693.2512560363848
17 1 0.0 692.2282194135903
17 1 0.0 691.7801085776
17 1 0.0 690.8230581856233
17 1 0.0 680.1745666174911
17 1 0.0 677.8895025144011
17 1 2809.6042391835867 3480.153009035609
17 1 1702.2083769399906 2366.459502968002
17 1 0.0 661.4960056147979
17 1 0.0 659.7039381119948
17 1 0.0 644.2659600310972
17 1 0.0 634.3669868926993
17 1 492.6236136868001 1122.986963993609
17 1 0.0 625.6739964144023
17 1 0.0 619.4343265600046
17 1 0.0 609.21821936999
17 1 0.0 608.3372068546987
17 1 0.0 604.1322459200082
17 1 0.0 600.5748780017047
17 1 300.9554352947007 893.2019007073332
17 1 0.0 571.1839384708992
17 1 0.0 566.885817454895
17 1 0.0 565.673865680009
17 1 0.0 563.2898801400306
17 1 0.0 562.457940535086
17 1 0.0 558.3967636625121
17 1 0.0 558.0360823299839
17 1 0.0 553.8771605842903
17 1 0.0 548.3775668799954
17 1 0.0 548.2385221200121
17 1 0.0 546.2671004800118
17 1 0.0 544.1072001440034
17 1 0.0 528.9288860961663
17 1 0.0 520.4703232688898
17 1 0.0 519.4561809283014
17 1 0.0 519.1794577040082
17 1 0.0 511.6834471100042
17 1 407.63941221950085 918.8914362714988
17 1 0.0 510.40540471065617
17 1 392.12374307248456 893.6641641324777
17 1 0.0 500.88012144999084
17 1 883.1066161804027 1382.5286707708972
17 1 0.0 484.49459209170345
17 1 0.0 483.56080052000857
17 1 0.0 482.3729662800033
17 1 292.0413491499926 767.2035231420048
17 1 0.0 470.35003263998715
17 1 61.79157652808999 517.2326571788863
17 1 0.0 454.9848893399992
17 1 0.0 454.18534318599905
17 1 0.0 452.53978806530677
17 1 0.0 450.3607612699934
17 1 0.0 433.48297749998756
17 1 0.0 433.3920750772986
17 1 0.0 429.85574717998816
17 1 0.0 427.18952476002596
17 1 0.0 420.498555858004
17 1 0.0 414.4807213160966
17 1 3150.8735756400347 3564.220133919992
17 1 0.0 412.8252319575013
17 1 0.0 411.47572785152306
17 1 0.0 411.37522131129776
17 1 0.0 408.7941184563956
17 1 0.0 408.43612803999827
17 1 540.2714798927047 948.5239931946994
17 1 0.0 406.9566429900007
17 1 0.0 406.14517399090937
17 1 0.0 402.4602377099998
17 1 0.0 398.59776345720206
17 1 0.0 395.31059441889556
17 1 0.0 387.5889133225728
17 1 941.1245483248099 1328.6625715216114
17 1 0.0 383.24239049789503
17 1 0.0 382.9464716425075
17 1 0.0 377.9381592639993
17 1 0.0 373.38508055809143
17 1 0.0 367.2927961239984
17 1 276.10423324001977 642.19288477998
17 1 1129.8362174547983 1494.7182049152002
17 1 3240.1962409400203 3604.160979299999
17 1 0.0 360.75456183151255
17 1 0.0 353.8027363940055
17 1 0.0 353.0517331199944
17 1 0.0 351.4585086075176
17 1 0.0 342.29574023089026
17 1 0.0 341.31334444890217
17 1 0.0 338.86708423599873
17 1 0.0 335.71253548000163
17 1 0.0 329.4088041275061
17 1 1872.8880242234977 2198.6541146167
17 1 0.0 323.94540720599707
17 1 2778.7565327204074 3100.4653098144026
17 1 120.71550002438426 424.05046173959363
17 1 0.0 300.2141420769012
17 1 0.0 299.46283217759265
17 1 0.0 298.78701976749926
17 1 2310.552333928689 2598.6422754800114
17 1 10.52346371999306 296.80952125439404
17 1 0.0 283.9100204759561
17 1 0.0 280.8879389649003
17 1 0.0 277.35899763160455
17 1 0.0 276.02600994530144
17 1 0.0 273.42134830002055
17 1 0.0 271.16759488910293
17 1 0.0 264.2185485799996
17 1 0.0 254.3258433899947
17 1 0.0 249.81271594080374
17 1 0.0 243.98861742149256
17 1 0.0 241.78392033249952
17 1 0.0 239.33531857760426
17 1 0.0 237.51386607149954
17 1 0.0 237.33933574950106
17 1 0.0 237.29002286800528
17 1 44.11183022249122 280.9050975774978
17 1 119.1987614500024 354.7779828300054
17 1 0.0 225.5473320499907
17 1 0.0 221.7081321276998
17 1 0.0 218.21281161741445
17 1 0.0 214.52833757639598
17 1 59.793441495297884 273.60644187289563
17 1 0.0 212.13339430799056
17 1 0.0 211.27571419001083
17 1 0.0 208.87836220128702
17 1 0.0 208.41495065999788
17 1 0.0 203.4316142500029
17 1 0.0 197.48929716000202
17 1 0.0 193.3035274687793
17 1 0.0 192.15505740990213
17 1 0.0 185.0406027404033
17 1 372.4383090962947 549.9394400656156
17 1 0.0 175.80511800001113
17 1 0.0 170.94946460000483
17 1 0.0 169.19016015889937
17 1 0.0 168.80420167749799
17 1 634.7732764599759 803.3275768219746
17 1 0.0 163.82325135252177
17 1 0.0 159.55039272689464
17 1 155.0488730396985 313.4868082549024
17 1 27.103737463997504 185.46767691209334
17 1 190.98070154180118 348.8673570651904
17 1 0.0 152.2083028089
17 1 0.0 143.1480408024002
17 1 0.0 140.69497105989888
17 1 0.0 140.58908432000226
17 1 0.0 140.29344370001672
17 1 664.7185137181973 804.9178312372101
17 1 16.741657345517297 156.64857319800467
17 1 0.0 129.5849067008068
17 1 0.0 129.4062982764981
17 1 0.0 127.73000891199968
17 1 0.0 126.25708961440967
17 1 0.0 126.25198404999969
17 1 0.0 123.64451049790148
17 1 1056.038330680045 1178.4183293200222
17 1 588.2226633679977 710.1303483300027
17 1 0.0 119.48771399999748
17 1 0.0 119.37394663450368
17 1 668.4855256799692 784.8909819299743
17 1 0.0 112.91645449410498
17 1 0.0 111.73895118600092
17 1 0.0 109.99604653650414
17 1 882.6837981399967 991.8828052812089
17 1 0.0 105.48257251998712
17 1 32.86305560158485 135.14143911959582
17 1 0.0 98.2844968315967
17 1 139.3240674015983 237.51017385000887
17 1 1232.2773827317283 1329.0056421241134
17 1 0.0 96.34710074310817
17 1 1207.4637812558913 1296.4655782255031
17 1 0.0 87.14657186240038
17 1 0.0 84.81024542190232
17 1 0.0 84.76473164369946
17 1 0.0 79.99938949249463
17 1 0.0 79.57679359999429
17 1 0.0 70.85608341130103
17 1 89.99897558998487 159.1035494300005
17 1 0.0 67.04159485120363
17 1 17.591192368499662 84.34609130529816
17 1 0.0 61.72278919249652
17 1 743.165376805804 803.0908803344015
17 1 0.0 59.26903639999949
17 1 0.0 55.95822897599669
17 1 0.0 50.8739656800019
17 1 225.7363586565034 273.5412930152006
17 1 0.0 45.8488102674944
17 1 513.4814699886965 558.3352043268023
17 1 0.0 41.64963724068389
17 1 0.0 36.33495242400909
17 1 0.0 32.081102119986554
17 1 74.59509236870076 106.4646604395034
17 1 133.87615049989301 164.83474505029994
17 1 318.6012296200024 348.41709488040715
17 1 1202.304268178017 1231.7509264659966
17 1 0.0 24.665806758399413
17 1 63.02419620750288 87.14769240990131
17 1 0.0 24.01465939050263
17 1 0.0 23.25046110490031
17 1 213.13918796790244 234.15712254310142
17 1 0.0 20.029924108065188
17 1 550.4614784499936 569.4106409099995
17 1 0.0 18.63566163320138
17 1 0.0 17.531971777495073
17 1 0.0 17.248294379001777
17 1 0.0 17.040706530399007
17 1 0.0 17.029792622505965
17 1 0.0 15.034033350001437
17 1 0.0 13.933497206397533
17 1 166.26002530349842 178.18884269729665
17 1 14.401418220422329 25.42267195921454
17 1 0.0 10.015168434000316
17 1 8.567696997965129 13.308209256401994
17 1 0.0 3.1068948960037233
17 1 0.0 0.41892305250439676
17 0 0.0 inf
17 0 0.0 303.5074979699948
# COVID_SAMPLE_4_ROI_2
18 1 0.0 21848.360401020018
18 1 0.0 20674.358464139994
18 1 0.0 15537.376312799977
18 1 0.0 10617.037848073116
18 1 3801.586523751179 14397.404570551238
18 1 0.0 9776.71971903996
18 1 0.0 9729.753279595587
18 1 0.0 8850.448618679999
18 1 0.0 8843.786521769991
18 1 0.0 8815.473349799988
18 1 0.0 8704.460919770036
18 1 0.0 8185.91529687358
18 1 0.0 7628.993674029996
18 1 901.3647992179831 8326.745467542914
18 1 0.0 7344.742275486893
18 1 0.0 7134.757453709994
18 1 0.0 6980.882452250004
18 1 0.0 6931.323820980331
18 1 0.0 6753.489204384003
18 1 0.0 6025.060067319972
18 1 0.0 5941.603490189964
18 1 1202.1106417199844 7095.860284309994
18 1 0.0 5877.105841231988
18 1 0.0 5874.622551571591
18 1 9.69541930998821 5856.810198960047
18 1 0.0 5671.372323309977
18 1 0.0 5512.875796363271
18 1 0.0 5502.862939014884
18 1 359.90062071998 5792.479143041093
18 1 0.0 5245.334502059317
18 1 0.0 5126.5863001292
18 1 0.0 5075.5107432174955
18 1 0.0 4876.396978252504
18 1 0.0 4864.903945489996
18 1 0.0 4738.416527459964
18 1 0.0 4593.732523580027
18 1 0.0 4581.474343465161
18 1 0.0 4330.633476639626
18 1 4685.544024972885 8995.63515315199
18 1 0.0 4267.26585496215
18 1 0.0 4084.9317429346925
18 1 0.0 3928.557040818485
18 1 342.32123999999885 3978.3433400355
18 1 2877.3983184000463 6511.475209519967
18 1 0.0 3603.9071679103927
18 1 0.0 3591.956396192488
18 1 0.0 3590.1215078400055
18 1 0.0 3565.408193305825
18 1 0.0 3505.320250479498
18 1 0.0 3450.084331759199
18 1 0.0 3309.0643112274893
18 1 0.0 3304.9211140799835
18 1 1755.4007918524967 5005.531372643603
18 1 0.0 3200.5112436736026
18 1 0.0 3136.599139558688
18 1 0.0 3084.7548140168055
18 1 296.68043426041186 3368.502026884389
18 1 970.0784473899948 3926.908974370026
18 1 0.0 2949.3011361978997
18 1 453.99429683000926 3400.6224053200176
18 1 0.0 2880.143073502477
18 1 1559.8338900855997 4425.487532518786
18 1 0.0 2850.738505479986
18 1 0.0 2842.8676988918983
18 1 0.0 2786.5782019679727
18 1 804.3038982300495 3581.030085750028
18 1 1000.831749316887 3775.511593406887
18 1 0.0 2650.1541577968765
18 1 0.0 2599.7777103599765
18 1 0.0 2576.374581666498
18 1 0.0 2526.7771381515045
18 1 0.0 2462.051123974423
18 1 1760.0468951400362 4196.454123676432
18 1 0.0 2397.3735606085
18 1 0.0 2396.5968269524965
18 1 0.0 2395.317541104807
18 1 2243.097996869995 4564.511360490003
18 1 0.0 2244.5778969100074
18 1 0.0 2236.2851575140194
18 1 0.0 2233.8978153472
18 1 0.0 2211.715056357476
18 1 0.0 2178.1221394443864
18 1 0.0 2070.520484757496
18 1 0.0 2012.5256699600295
18 1 2528.825038830011 4540.322324370012
18 1 0.0 1969.5296604323007
18 1 0.0 1902.8218653456051
18 1 0.0 1892.336409241605
18 1 0.0 1889.658391184702
18 1 0.0 1882.5904785721164
18 1 0.0 1877.8516655920066
18 1 0.0 1857.966255894009
18 1 0.0 1855.957553423992
18 1 1125.9584759124023 2932.7788058423935
18 1 0.0 1786.4295986200968
18 1 0.0 1774.609915909593
18 1 94.23929976479803 1863.5574374774992
18 1 0.0 1762.7147838067976
18 1 0.0 1761.3928284784201
18 1 0.0 1747.2762345999827
18 1 0.0 1744.8553737622897
18 1 0.0 1726.2362972799747
18 1 0.0 1721.4578878300097
18 1 0.0 1601.6801285399952
18 1 0.0 1596.0228693071776
18 1 0.0 1583.2883422925051
18 1 0.0 1559.555093553995
18 1 0.0 1551.675240945624
18 1 0.0 1545.4313352319991
18 1 0.0 1538.3124185100023
18 1 0.0 1531.0175394079924
18 1 0.0 1528.1654424582994
18 1 0.0 1514.1437121300196
18 1 0.0 1502.8767177263967
18 1 1353.9350990016392 2829.5912316700196
18 1 4586.7131769299995 6057.875402359976
18 1 0.0 1451.108127178868
18 1 0.0 1434.7840072024946
18 1 0.0 1415.079859669986
18 1 1206.876777569989 2605.988619799975
18 1 0.0 1350.1768640004148
18 1 763.5694878636123 2105.1235716049196
18 1 0.0 1288.8589600300093
18 1 0.0 1245.1215964699732
18 1 0.0 1224.2710327807872
18 1 0.0 1222.384576865998
18 1 2593.269986754499 3812.547571568479
18 1 421.4581516235103 1638.3986117187014
18 1 1531.7984194689316 2716.797118804423
18 1 0.0 1176.9498030444847
18 1 0.0 1172.4162119307894
18 1 0.0 1155.497787165872
18 1 0.0 1143.1868437056187
18 1 0.0 1102.1598527006995
18 1 0.0 1090.6367971824075
18 1 0.0 1089.8691917047909
18 1 0.0 1069.964134672392
18 1 0.0 1069.6073488400157
18 1 0.0 1046.670982435082
18 1 0.0 999.4299953199052
18 1 0.0 998.2701985599961
18 1 0.0 946.2385471025088
18 1 13.806946795587464 944.5444376064029
18 1 0.0 927.1020255899784
18 1 0.0 922.6314385124751
18 1 1078.482735099933 1969.9754988299246
18 1 65.87869853729717 937.6009527160836
18 1 0.0 869.2742069807973
18 1 0.0 854.264895437205
18 1 0.0 848.2018049799963
18 1 0.0 838.2837833999693
18 1 50.10746693000772 872.6445627070912
18 1 156.71353774450608 978.9371188916002
18 1 0.0 817.3368827922941
18 1 0.0 796.7918676768998
18 1 0.0 795.2097430900012
18 1 0.0 782.525742469993
18 1 0.0 777.3991593863884
18 1 0.0 762.5376854426959
18 1 0.0 759.6094909459785
18 1 0.0 707.755133725907
18 1 0.0 700.6256247350988
18 1 0.0 697.8259924057029
18 1 0.0 693.1488144023942
18 1 0.0 688.0218272100061
18 1 0.0 664.1531176832054
18 1 0.0 663.8717347300972
18 1 0.0 662.471497250006
18 1 180.72993430001634 822.7185107340074
18 1 612.3795353604105 1252.0019812200035
18 1 128.35449961330414 749.6299677328129
18 1 0.0 615.7411305175874
18 1 0.0 573.6183223364969
18 1 572.2857003860981 1135.8758985040126
18 1 1736.9564793225109 2297.7540558222154
18 1 0.0 545.3041570799892
18 1 0.0 532.4896016280109
18 1 0.0 531.601955244902
18 1 0.0 512.1365664184127
18 1 480.6998869526751 978.960208527119
18 1 0.0 466.1316217299918
18 1 0.0 462.82386323519836
18 1 0.0 462.68390026999987
18 1 0.0 455.2986014500002
18 1 742.377333822491 1195.8768981899739
18 1 0.0 442.3581048345163
18 1 0.0 437.458329160002
18 1 0.0 419.0936076979956
18 1 544.2627004051847 946.8060090380068
18 1 17.63045913300084 411.3984164252033
18 1 0.0 388.25008986800003
18 1 0.0 377.2054682504008
18 1 0.0 371.30756371480356
18 1 0.0 366.9725451730974
18 1 32.43007134250183 381.4705033380087
18 1 0.0 347.6966531699859
18 1 0.0 344.7911631899833
18 1 88.23747072000424 425.64921919998187
18 1 2239.231405429994 2567.4139934399955
18 1 503.93790775001617 830.3976952300092
18 1 0.0 313.15017411148256
18 1 0.0 309.99423401360264
18 1 0.0 301.37576867439066
18 1 0.0 295.37901687318663
18 1 0.0 293.689155347206
18 1 264.95675786910215 553.4939407916052
18 1 0.0 281.0243473174887
18 1 0.0 265.8221619635999
18 1 0.0 253.81811947998403
18 1 0.0 239.44477623899775
18 1 0.0 232.52678112200329
18 1 769.1383033915236 991.7613983415404
18 1 194.56458698934148 404.3248105916409
18 1 0.0 202.41725181000584
18 1 0.0 189.975295262504
18 1 0.0 185.00767212799747
18 1 6.7812205742386595 162.46767882563677
18 1 1538.4665706354044 1691.3980631149025
18 1 0.0 151.34280412521912
18 1 1557.6871102574905 1705.705955403495
18 1 793.0908593823951 938.8557239287929
18 1 1334.1960964163682 1478.8795900899768
18 1 22.041973564370096 149.62961755974857
18 1 890.1486857000054 1013.2082329699879
18 1 0.0 121.47304825530227
18 1 0.0 114.34363676799398
18 1 0.0 102.75609579002867
18 1 0.0 100.34395627001368
18 1 0.0 98.89029483730701
18 1 0.0 94.53270967000753
18 1 0.0 90.7297299574875
18 1 0.0 87.96100099998444
18 1 289.4199718056002 376.35626504809966
18 1 0.0 85.75847601441183
18 1 0.0 79.3207515875074
18 1 0.0 72.13063012120065
18 1 20.423104413994224 87.02655469869842
18 1 0.0 56.36324499998409
18 1 0.0 34.98707268748876
18 1 0.0 25.762894376052827
18 1 153.35150978994534 178.63122883997494
18 1 0.0 25.132308271979127
18 1 0.0 24.754754992515927
18 1 0.0 23.370283814248978
18 1 357.8500035383963 375.6594362620017
18 1 0.0 11.526980720007487
18 1 0.0 10.930553405703904
18 1 0.0 4.691531720000512
18 0 0.0 inf
# COVID_SAMPLE_9_ROI_1
19 1 0.0 21018.524882659964
19 1 652.2007586130185 17637.202801744785
19 1 0.0 12017.884444159088
19 1 0.0 9312.82771657909
19 1 0.0 9142.069502870027
19 1 0.0 7831.137435495504
19 1 0.0 7065.3516674299935
19 1 1875.8002945325024 8919.575845857202
19 1 0.0 6464.956852682525
19 1 0.0 6120.67391712962
19 1 0.0 6097.360213328372
19 1 0.0 5889.832539929599
19 1 0.0 5873.292533079986
19 1 0.0 5571.392282080013
19 1 0.0 5248.1118607936005
19 1 0.0 5158.6615606475025
19 1 0.0 5032.5742711800185
19 1 0.0 4975.147495362492
19 1 390.04127649907514 5192.400784633583
19 1 0.0 4708.940640510006
19 1 0.0 4476.8926720000145
19 1 0.0 4465.14216923998
19 1 0.0 4397.369798560014
19 1 0.0 4307.042656201302
19 1 0.0 4156.803311532693
19 1 0.0 4137.832517507121
19 1 0.0 4064.3819716499856
19 1 0.0 4003.8034255600332
19 1 0.0 3965.1537675739
19 1 0.0 3947.0401592151084
19 1 0.0 3931.068891230004
19 1 0.0 3865.836331102846
19 1 0.0 3775.3574388580237
19 1 0.0 3747.5921704927973
19 1 0.0 3702.7591643256874
19 1 0.0 3700.4025092800184
19 1 0.0 3628.499777029875
19 1 0.0 3622.014464830022
19 1 0.0 3545.5422235080023
19 1 0.0 3374.3410823600334
19 1 0.0 3358.272847411621
19 1 0.0 3279.122934875104
19 1 0.0 3248.521200469453
19 1 0.0 3208.624714512015
19 1 3436.668860916385 6640.09747544004
19 1 0.0 3202.9046128003065
19 1 0.0 3185.400918497504
19 1 0.0 3154.0584313975833
19 1 0.0 3054.2720593765034
19 1 0.0 2942.1558906799955
19 1 0.0 2924.516164027511
19 1 0.0 2918.8655811655017
19 1 0.0 2917.5396089696037
19 1 0.0 2838.097311740011
19 1 0.0 2812.229273999977
19 1 0.0 2748.2843812499304
19 1 0.0 2724.8008378965087
19 1 0.0 2722.2609702500013
19 1 0.0 2704.999631850009
19 1 436.1699387216431 3118.086558477503
19 1 0.0 2661.820631520005
19 1 0.0 2595.7734816299853
19 1 0.0 2587.177341661195
19 1 0.0 2572.9213535776175
19 1 0.0 2532.6819087999834
19 1 0.0 2506.1527507676715
19 1 0.0 2499.061789913995
19 1 0.0 2498.916871910391
19 1 0.0 2490.3006028716063
19 1 249.63227077391002 2728.116093882818
19 1 0.0 2428.7486563284147
19 1 0.0 2428.6887085675025
19 1 0.0 2417.607665880002
19 1 0.0 2388.338052480023
19 1 0.0 2379.3419741228927
19 1 0.0 2343.7839847124005
19 1 0.0 2312.4906350871142
19 1 0.0 2312.3206301500086
19 1 0.0 2247.6833005099897
19 1 0.0 2224.1640419375817
19 1 0.0 2183.8021393298955
19 1 0.0 2162.341363459971
19 1 0.0 2117.5720914936237
19 1 764.1990159499792 2878.0075869499765
19 1 0.0 2077.293345679981
19 1 0.0 2056.240529639992
19 1 0.0 2026.8364569600062
19 1 0.0 2002.1087614967128
19 1 0.0 1976.3099745591057
19 1 821.7188713460928 2783.7998395535046
19 1 0.0 1902.1993399999967
19 1 0.0 1896.028469486394
19 1 0.0 1876.1616712499763
19 1 0.0 1865.9479071167098
19 1 0.0 1826.043690794001
19 1 0.0 1820.4048850833024
19 1 0.0 1727.4453993500047
19 1 0.0 1712.7352288300056
19 1 0.0 1707.7689726834997
19 1 1467.7547833460094 3169.624761967574
19 1 0.0 1692.8571466690032
19 1 0.0 1674.4797866291055
19 1 0.0 1669.3006775687008
19 1 0.0 1618.9691592206855
19 1 0.0 1615.1382149840015
19 1 0.0 1606.245926055557
19 1 409.4208092771987 2002.4103634404817
19 1 0.0 1590.9137409105024
19 1 0.0 1563.6194697100054
19 1 0.0 1562.9515459979866
19 1 0.0 1552.7140514719822
19 1 0.0 1545.5069644900018
19 1 0.0 1538.0502261324164
19 1 0.0 1537.8609333629065
19 1 0.0 1483.9834440899767
19 1 0.0 1476.2043661875923
19 1 0.0 1467.1495432275015
19 1 0.0 1440.8924522899779
19 1 0.0 1431.1287776000108
19 1 1491.309075599941 2921.2333593399717
19 1 0.0 1417.2252168299583
19 1 0.0 1416.2483024303992
19 1 0.0 1367.9465770303923
19 1 0.0 1355.6119798075042
19 1 0.0 1347.5524964927854
19 1 0.0 1330.256530120017
19 1 0.0 1320.3287465076282
19 1 0.0 1317.882104559988
19 1 0.0 1310.7519681874883
19 1 0.0 1309.5892021991945
19 1 0.0 1305.0391859676065
19 1 0.0 1296.7677903430995
19 1 0.0 1294.6288604399979
19 1 0.0 1285.0392027700036
19 1 0.0 1281.9030772356045
19 1 0.0 1281.308018900003
19 1 0.0 1267.6644590180022
19 1 0.0 1259.0464627200054
19 1 0.0 1222.8207986344532
19 1 0.0 1215.3331232735893
19 1 0.0 1212.9457535748784
19 1 0.0 1211.8500473700142
19 1 0.0 1197.1780222700056
19 1 1106.9492240000072 2302.978012810032
19 1 0.0 1192.5553911425204
19 1 124.7088657119998 1307.3339061763031
19 1 0.0 1179.7218695834954
19 1 0.0 1174.8749272959813
19 1 0.0 1143.1473315000012
19 1 285.12884184310633 1425.3197572316005
19 1 0.0 1134.9304693899917
19 1 0.0 1134.2036632799934
19 1 0.0 1113.6634601199985
19 1 0.0 1103.1693155700073
19 1 0.0 1100.169709949989
19 1 0.0 1085.2541121502966
19 1 0.0 1081.393422101999
19 1 0.0 1078.6231094669256
19 1 0.0 1063.416709119986
19 1 0.0 1047.182125133073
19 1 9.144488760010063 1055.9166614080077
19 1 0.0 1042.3568531868439
19 1 0.0 1030.2548752300063
19 1 1.7483411164048448 1029.288038959913
19 1 0.0 1025.8033810799843
19 1 933.9226194900402 1949.2448075600068
19 1 0.0 1004.2771096200031
19 1 0.0 994.8721862574894
19 1 0.0 983.6824575699975
19 1 0.0 964.4092665279959
19 1 0.0 957.8279690989025
19 1 0.0 947.3272996212377
19 1 0.0 946.8959044810808
19 1 0.0 915.6420997696059
19 1 0.0 913.2715156799916
19 1 406.01152679599863 1317.7246670999946
19 1 0.0 902.1884145800323
19 1 0.0 901.5459887255092
19 1 0.0 891.451008678001
19 1 0.0 883.3936607879932
19 1 0.0 878.1294430916205
19 1 0.0 870.427297390027
19 1 0.0 870.1764735999809
19 1 0.0 869.9579004589004
19 1 0.0 848.2089025799969
19 1 0.0 847.6310540799855
19 1 0.0 836.1971015600029
19 1 0.0 835.7991528922985
19 1 0.0 832.6280764600178
19 1 0.0 827.6951735112636
19 1 0.0 826.7688852825131
19 1 151.26428744474106 949.7707260440752
19 1 0.0 779.8173532602941
19 1 0.0 775.778473600003
19 1 0.0 775.6917274804977
19 1 0.0 772.4675375084007
19 1 0.0 767.3389965599854
19 1 0.0 764.3879071200009
19 1 0.0 763.9055500479935
19 1 0.0 748.0363823852019
19 1 0.0 747.288465390001
19 1 0.0 744.2941492318987
19 1 0.0 740.524585053914
19 1 422.63248310370045 1158.834305025689
19 1 0.0 722.8153196499863
19 1 0.0 703.3304115399042
19 1 0.0 700.953545800003
19 1 0.0 698.3615692825138
19 1 0.0 692.1972462300018
19 1 937.1954583900003 1625.6027127600073
19 1 0.0 673.8815985388046
19 1 0.0 672.7421587800018
19 1 0.0 660.5927321894615
19 1 0.0 648.9884906299926
19 1 0.0 643.468670361995
19 1 2837.382115139004 3472.1384399723065
19 1 0.0 631.4433303719952
19 1 0.0 627.7835926896032
19 1 880.1099787579878 1506.3984951075945
19 1 0.0 619.7370397100037
19 1 0.0 616.6392068716823
19 1 0.0 613.7418365503945
19 1 0.0 613.0880173899855
19 1 0.0 608.7332043976894
19 1 0.0 600.9429176223912
19 1 0.0 597.4096990371067
19 1 0.0 586.034618426999
19 1 0.0 584.7073695600056
19 1 0.0 582.709818600008
19 1 0.0 572.8991649199943
19 1 0.0 564.6325325999919
19 1 0.0 563.9838832000014
19 1 0.0 558.948949999985
19 1 0.0 554.2516107756028
19 1 0.0 553.7493964700043
19 1 0.0 551.609916979796
19 1 0.0 548.7099413699812
19 1 0.0 548.3674356245001
19 1 0.0 539.2252935431934
19 1 0.0 536.1941140800227
19 1 194.6393340500124 721.1391576100073
19 1 0.0 524.4643203100018
19 1 0.0 516.225349873509
19 1 0.0 516.0996398400026
19 1 0.0 497.30618379000407
19 1 0.0 493.19141725240115
19 1 0.0 488.7469577614995
19 1 0.0 488.6407770800116
19 1 0.0 485.98755366559817
19 1 0.0 478.0603273947854
19 1 0.0 476.40796001930494
19 1 0.0 471.8695077599932
19 1 0.0 469.9205108024015
19 1 0.0 460.27314135001234
19 1 0.0 456.4988882400007
19 1 0.0 455.73197015998085
19 1 0.0 454.68058503999373
19 1 0.0 447.6894007927997
19 1 0.0 446.299602109993
19 1 666.333797000023 1104.7968331087964
19 1 0.0 434.1510006647977
19 1 0.0 432.85992681519724
19 1 1128.9422194049948 1560.7628540793976
19 1 1580.5347742699905 2008.7198815900074
19 1 286.3045632499825 705.6356376300059
19 1 60.37540110389364 476.52124319491054
19 1 0.0 415.085186636401
19 1 0.0 414.0412818204077
19 1 2068.840225059997 2472.8178682599887
19 1 0.0 400.4326972999884
19 1 0.0 398.20916710999563
19 1 0.0 394.84028990999695
19 1 0.0 393.10900234999235
19 1 0.0 390.6120119200003
19 1 0.0 386.0449125699938
19 1 0.0 384.6415273821742
19 1 0.0 383.87261176321226
19 1 0.0 373.1739064900055
19 1 0.0 373.16210422058066
19 1 242.5739476560002 614.0372817175105
19 1 0.0 366.5642754356036
19 1 0.0 353.62796787890693
19 1 0.0 338.5923422199944
19 1 26.510401800105797 364.54128231130386
19 1 267.81757439003013 601.5414859600005
19 1 0.0 331.40815902999793
19 1 0.0 330.7888575972065
19 1 0.0 327.6231577380049
19 1 0.0 322.60351426250054
19 1 661.5054778500235 981.6044913700352
19 1 1085.1597868100016 1401.373083179998
19 1 0.0 312.34090282999136
19 1 0.0 311.58608055999275
19 1 0.0 309.9550351949001
19 1 66.78433365191586 373.770992234402
19 1 0.0 306.97531956000125
19 1 0.0 301.80040009000595
19 1 0.0 298.11181460240095
19 1 0.0 295.8502206100102
19 1 0.0 292.4665042360789
19 1 0.0 290.2115103430974
19 1 0.0 287.2282619200123
19 1 0.0 283.8946893803959
19 1 0.0 277.60954084690275
19 1 0.0 273.80619954999247
19 1 0.0 271.6457515200061
19 1 0.0 266.7498250751901
19 1 0.0 262.60831544398116
19 1 0.0 255.0379884245359
19 1 0.0 253.2657052045024
19 1 0.0 252.89924324000162
19 1 140.30239490997883 392.1796288799933
19 1 0.0 251.21591481389805
19 1 923.1584418082821 1173.8816938814552
19 1 0.0 245.27937637159584
19 1 0.0 241.34868838000966
19 1 0.0 240.63698838249775
19 1 0.0 240.5006631799979
19 1 0.0 239.91304181000214
19 1 0.0 238.55667396000354
19 1 0.0 237.24282862519726
19 1 0.0 236.75258858562665
19 1 731.0104716040087 948.3471160728786
19 1 0.0 215.94740474390755
19 1 0.0 213.42286153709767
19 1 0.0 212.9304320400006
19 1 0.0 210.1193108647567
19 1 0.0 210.03091438489946
19 1 0.0 209.72614299120005
19 1 0.0 208.55951358988023
19 1 0.0 208.54205633218362
19 1 0.0 207.76225307999545
19 1 0.0 200.43509585519132
19 1 0.0 193.50763692912005
19 1 108.99728796000545 302.5040107599607
19 1 526.3893297899862 719.8560207299774
19 1 0.0 183.65902323999626
19 1 0.0 182.75366624878916
19 1 0.0 182.20614684999714
19 1 0.0 178.5804885800079
19 1 0.0 168.2624367599983
19 1 730.2766761786988 896.1345070493171
19 1 0.0 164.21904619590896
19 1 0.0 159.12079021400382
19 1 170.7267479899965 329.4229048325012
19 1 0.0 151.15579655998226
19 1 0.0 149.5963315590002
19 1 284.11069209248944 431.62976564251335
19 1 0.0 147.0110748080042
19 1 0.0 146.67087562400343
19 1 0.0 144.96183245998975
19 1 0.0 144.66807733000906
19 1 0.0 138.51395958398643
19 1 0.0 133.91934651530005
19 1 0.0 131.48618462611148
19 1 88.61973934998241 200.65129931999195
19 1 0.0 107.9753416676931
19 1 0.0 105.82418266050121
19 1 76.34831570749157 176.72687603751365
19 1 0.0 98.7862415999972
19 1 0.0 94.8335341435004
19 1 0.0 86.19066745000401
19 1 0.0 77.04791590039713
19 1 0.0 73.7081033571045
19 1 0.0 70.12027765651965
19 1 0.0 63.96182480000198
19 1 0.0 57.81507066000023
19 1 0.0 56.37301811999532
19 1 0.0 51.63000833000251
19 1 0.0 47.96674579999319
19 1 0.0 41.91749103400218
19 1 71.11543872999482 111.72674148000237
19 1 0.0 37.884259119986154
19 1 704.3246229299939 741.9499064500051
19 1 0.0 33.60777757999165
19 1 0.0 32.3844452904021
19 1 0.0 28.22117321840824
19 1 0.0 22.655444911397808
19 1 889.6206939839997 909.3900573599979
19 1 0.0 16.830260350011486
19 1 0.0 15.219982056495155
19 1 0.0 12.033991239989518
19 1 0.0 10.060762145629724
19 1 24.10656839960575 24.939095040003394
19 1 326.66802150999956 327.2929225499943
19 0 0.0 inf
# COVID_SAMPLE_17_ROI_1
20 1 0.0 49094.252026482296
20 1 0.0 21497.385279301205
20 1 0.0 13677.533805941903
20 1 0.0 10344.43961866118
20 1 0.0 8927.552982623987
20 1 0.0 8066.546123949998
20 1 0.0 6370.046071886416
20 1 0.0 6292.481956789612
20 1 0.0 6164.7537841239955
20 1 0.0 5374.519890234802
20 1 0.0 4913.938613897507
20 1 0.0 4858.243537109982
20 1 0.0 4788.036620425501
20 1 0.0 4733.735297099982
20 1 0.0 4506.656756809959
20 1 0.0 4366.628226780007
20 1 0.0 4330.709308895597
20 1 0.0 4157.141466898805
20 1 0.0 4038.3767251539894
20 1 0.0 3851.637383157701
20 1 436.9617359563872 3999.2264216700023
20 1 0.0 3466.1548131035233
20 1 0.0 3452.8998719600077
20 1 0.0 3409.13580505308
20 1 0.0 3324.6292247330994
20 1 0.0 3133.479347249967
20 1 0.0 3130.8226175350856
20 1 0.0 3128.424866460015
20 1 0.0 2904.139982372715
20 1 0.0 2881.7815666000215
20 1 0.0 2869.759385430007
20 1 0.0 2819.024412120012
20 1 0.0 2784.696082308411
20 1 0.0 2744.357355800004
20 1 0.0 2688.9255844731724
20 1 0.0 2684.5315046400133
20 1 0.0 2522.4296598020183
20 1 0.0 2520.142433760002
20 1 0.0 2479.1196107099986
20 1 0.0 2425.302803472895
20 1 0.0 2422.142983529984
20 1 2164.3701122900293 4580.145582682493
20 1 0.0 2413.465746594874
20 1 0.0 2387.9688523260184
20 1 0.0 2382.6075171868024
20 1 0.0 2373.173817825981
20 1 0.0 2340.0375584349467
20 1 0.0 2271.349005339998
20 1 0.0 2262.038500907289
20 1 0.0 2244.082818899981
20 1 0.0 2239.742849565102
20 1 44.6218511596162 2265.514394055198
20 1 0.0 2203.812014520022
20 1 0.0 2008.809843280047
20 1 0.0 1990.353237733615
20 1 0.0 1990.2242680400086
20 1 0.0 1960.1823839475
20 1 0.0 1954.7239514603862
20 1 0.0 1954.597653364916
20 1 0.0 1927.702773902407
20 1 0.0 1912.7844595199913
20 1 0.0 1902.2697426719933
20 1 0.0 1853.3477534929016
20 1 0.0 1827.189426173095
20 1 125.75173966000875 1944.8793327836083
20 1 0.0 1790.3513766524911
20 1 0.0 1786.1050795216022
20 1 0.0 1777.0336890900007
20 1 0.0 1764.3110949499714
20 1 0.0 1729.247510689776
20 1 0.0 1723.5808831090653
20 1 0.0 1717.8490729580171
20 1 0.0 1662.5357995099894
20 1 0.0 1655.58126942311
20 1 0.0 1635.4515739199837
20 1 0.0 1617.122847749999
20 1 0.0 1615.1583273088863
20 1 0.0 1614.0026187184021
20 1 0.0 1612.4303943384175
20 1 0.0 1596.826988907514
20 1 0.0 1592.6470865961028
20 1 0.0 1565.1495321308157
20 1 303.7335586104027 1858.476219400001
20 1 0.0 1553.0608727599888
20 1 0.0 1541.8174515295868
20 1 0.0 1539.1501273182866
20 1 0.0 1528.2963652145245
20 1 0.0 1523.6255256299878
20 1 719.9351658743353 2236.4578624558544
20 1 0.0 1513.0733156403921
20 1 0.0 1512.4447644395013
20 1 0.0 1512.0859867251077
20 1 438.71301941249203 1911.9766608999935
20 1 0.0 1466.5398223725917
20 1 12.302910499994141 1475.7722033380023
20 1 0.0 1459.6960474160096
20 1 0.0 1431.9040356799878
20 1 0.0 1426.7307326393052
20 1 0.0 1422.0390155299901
20 1 311.8253042306924 1712.790906382479
20 1 0.0 1399.5058897167164
20 1 0.0 1367.682981721995
20 1 0.0 1328.7253955019337
20 1 0.0 1328.6070619370023
20 1 0.0 1320.7678292175342
20 1 48.46826333479521 1361.4159349008964
20 1 0.0 1302.264007610813
20 1 0.0 1281.3813371899823
20 1 325.9124997008921 1584.406036890016
20 1 0.0 1246.5523008599039
20 1 0.0 1243.1594446549043
20 1 247.99979223999662 1471.5257284525005
20 1 0.0 1198.4991885760837
20 1 4530.035955971611 5722.688448153096
20 1 0.0 1170.513946127995
20 1 0.0 1163.0201164999962
20 1 296.700530980017 1439.7512767900262
20 1 0.0 1120.8759643968042
20 1 0.0 1083.4351075599807
20 1 0.0 1078.086651329992
20 1 0.0 1071.7981520060184
20 1 0.0 1066.2940556223984
20 1 0.0 1050.6605076400247
20 1 0.0 1042.9607391628747
20 1 0.0 1042.8092056819842
20 1 0.0 1031.09062231001
20 1 0.0 1001.4260331681239
20 1 568.205610840017 1530.141333073118
20 1 0.0 953.7721752315028
20 1 1152.0482534019939 2081.1171161271022
20 1 0.0 923.6210141421193
20 1 3.902788966500111 927.0844136604976
20 1 0.0 917.9928842655045
20 1 0.0 885.747938600085
20 1 0.0 883.5553285999893
20 1 0.0 821.620466303501
20 1 360.5568409960797 1176.3354029263114
20 1 0.0 782.8868097000013
20 1 191.83633784999256 969.7721108099859
20 1 0.0 766.2378412991698
20 1 0.0 753.9742865300359
20 1 0.0 751.5434363260028
20 1 0.0 729.2720014200195
20 1 0.0 714.4813563965026
20 1 0.0 711.2815896438924
20 1 0.0 707.9946677286971
20 1 547.8528713287888 1250.278244957477
20 1 0.0 696.8347762931944
20 1 0.0 683.0490691139987
20 1 0.0 676.4748618104841
20 1 0.0 674.3624796224881
20 1 427.61326277990247 1101.7080363851146
20 1 574.2880893701004 1242.5807896576148
20 1 0.0 655.905685439998
20 1 0.0 652.5737120364793
20 1 45.52806017999728 696.1656046299913
20 1 0.0 649.061571338114
20 1 0.0 627.4689728874905
20 1 0.0 620.6155756374056
20 1 0.0 608.0273620799999
20 1 0.0 605.4692586880035
20 1 0.0 600.133231457304
20 1 104.79562873509349 688.9998958499864
20 1 0.0 580.0705778899987
20 1 0.0 579.6686569100166
20 1 767.3066906400054 1344.6995336799987
20 1 0.0 570.8374467008971
20 1 5908.508737838401 6466.862655446383
20 1 0.0 553.3252235211057
20 1 0.0 553.0987425476951
20 1 0.0 549.0538258500035
20 1 0.0 547.5588281665232
20 1 0.0 544.2611920833269
20 1 0.0 541.7152746439965
20 1 0.0 521.0549527363994
20 1 0.0 516.9986017222054
20 1 0.0 515.2891576200984
20 1 0.0 509.77217775594636
20 1 0.0 507.89425127999584
20 1 61.25003765689212 565.3460607800891
20 1 820.8590718375049 1312.1278564668055
20 1 0.0 483.88094852000535
20 1 0.0 461.96878844071034
20 1 36.331903024505664 493.6162630272015
20 1 0.0 453.64380178999227
20 1 0.0 447.32841315001133
20 1 0.0 443.89844147009535
20 1 0.0 434.8093407488991
20 1 0.0 433.92410781002036
20 1 0.0 432.5168881930258
20 1 400.7075805979912 831.4943168607979
20 1 5641.848055737614 6052.786157227504
20 1 0.0 410.56360045250267
20 1 130.84576000001107 540.1005339200065
20 1 0.0 405.7151755485007
20 1 591.7985428300053 985.6185137800021
20 1 0.0 388.6282366580035
20 1 213.57591630994852 600.7084100473553
20 1 588.0758865495932 975.1412205311922
20 1 73.28902535998714 453.5622889600038
20 1 0.0 376.01039411730153
20 1 0.0 371.7444957700136
20 1 0.0 366.88251507091627
20 1 0.0 350.55792887219786
20 1 0.0 343.474646072892
20 1 0.0 324.4999528799958
20 1 0.0 313.92188082129724
20 1 0.0 309.7383167200039
20 1 0.0 297.43824085560414
20 1 0.0 296.23829679239464
20 1 66.66399698139821 355.72011165050117
20 1 0.0 281.06156845000896
20 1 0.0 279.05147951930303
20 1 0.0 276.36066679640146
20 1 161.26026867000382 420.04668674998993
20 1 467.3653919471262 726.0760975199682
20 1 0.0 257.4856660699875
20 1 0.0 253.91191710401017
20 1 0.0 243.61236784999937
20 1 118.08885860818737 351.9568445695895
20 1 303.12793953561504 535.2765258388968
20 1 730.8940683476012 962.4654703341157
20 1 0.0 227.15539282407622
20 1 0.0 223.9843332095861
20 1 0.0 222.95875797328517
20 1 0.0 202.49420235968864
20 1 0.0 193.55120184519546
20 1 0.0 188.98092968185642
20 1 239.16473108012815 406.95558771279366
20 1 0.0 166.52834722840635
20 1 0.0 165.84614700720385
20 1 0.0 165.29434680999157
20 1 0.0 161.34171953749853
20 1 0.0 154.4447302770941
20 1 0.0 154.35456040291956
20 1 0.0 141.5606444580003
20 1 0.0 137.10997505436865
20 1 0.0 124.62249685249492
20 1 93.9405119699968 218.20996245001425
20 1 0.0 112.74588348710449
20 1 0.0 112.57832612749962
20 1 0.0 110.67984126990791
20 1 0.0 106.56445624999833
20 1 182.32938555319743 281.5615755522906
20 1 719.6489458639944 814.0252933661027
20 1 0.0 91.97505627349801
20 1 0.0 85.4332571467994
20 1 0.0 85.34763744000213
20 1 804.8023598311811 878.6520662961038
20 1 432.1903529659771 505.80856706240206
20 1 0.0 71.8499836000064
20 1 0.0 66.56174624999358
20 1 0.0 54.5328911537631
20 1 0.0 53.25852481720722
20 1 0.0 45.42689029159828
20 1 1198.5556107800094 1243.812622374302
20 1 0.0 43.44436414000734
20 1 0.0 41.51223709849137
20 1 0.0 38.385784152495035
20 1 267.36442182199835 304.7368340280036
20 1 0.0 35.420991071770004
20 1 0.0 31.00884882809578
20 1 0.0 28.688523344004807
20 1 0.0 28.23977623999008
20 1 143.78014044100246 161.35321853939877
20 1 0.0 16.68766538652409
20 1 0.0 14.984443768801839
20 1 255.3914741999954 263.53722756000525
20 1 0.0 7.442100829998367
20 0 0.0 inf
# COVID_SAMPLE_17_ROI_2
21 1 0.0 70265.94205848001
21 1 3520.217107138664 22567.800376518026
21 1 0.0 18617.057629430157
21 1 0.0 10339.260374870006
21 1 0.0 8439.604374711995
21 1 1115.248676684942 8944.033098239383
21 1 0.0 7065.669339569713
21 1 0.0 6029.5772569487135
21 1 0.0 5179.45980265801
21 1 10111.44738353847 15078.14402451748
21 1 0.0 4955.257442692475
21 1 0.0 4900.112164318388
21 1 0.0 4355.000067937592
21 1 5862.346261148847 9635.272423031209
21 1 0.0 3551.019898912493
21 1 0.0 3550.293200428011
21 1 0.0 3435.1334785243903
21 1 1090.8910793235823 4375.699146595996
21 1 0.0 3205.904015621596
21 1 0.0 3203.767371992574
21 1 0.0 3180.571874037107
21 1 0.0 2931.372447026367
21 1 0.0 2749.8554861959847
21 1 0.0 2701.8432576105015
21 1 0.0 2674.509540585595
21 1 0.0 2627.304391486816
21 1 0.0 2434.9867757884185
21 1 0.0 2410.5896438685295
21 1 0.0 2400.7714550419114
21 1 0.0 2365.9932352511187
21 1 0.0 2240.8905361765014
21 1 0.0 2139.6841275748084
21 1 0.0 2124.571605611327
21 1 0.0 2116.575905227489
21 1 0.0 2095.57966342999
21 1 2415.9233956718153 4487.7037266087955
21 1 0.0 2051.6328529640987
21 1 0.0 2043.2804153755997
21 1 0.0 2022.7734709202905
21 1 269.77537485003086 2281.704435300051
21 1 0.0 2005.8483685408014
21 1 859.265325080416 2864.5039515827248
21 1 0.0 1975.439673536799
21 1 0.0 1909.561278112023
21 1 0.0 1845.8956595265108
21 1 0.0 1800.9294317388221
21 1 0.0 1799.4309253999872
21 1 0.0 1772.9617392900154
21 1 0.0 1762.582232535587
21 1 0.0 1755.616513374407
21 1 0.0 1695.8634293511095
21 1 0.0 1665.400253039992
21 1 0.0 1634.7281301889006
21 1 0.0 1633.7402304860038
21 1 0.0 1623.1016283467952
21 1 0.0 1594.4334999200314
21 1 0.0 1519.5265791579268
21 1 2059.224357401602 3562.632947253699
21 1 1938.533007369968 3386.077870889969
21 1 0.0 1431.4672057907023
21 1 0.0 1427.083895597499
21 1 0.0 1423.3450838647864
21 1 0.0 1418.3689090152802
21 1 0.0 1387.0763321799996
21 1 0.0 1310.2911288900032
21 1 0.0 1301.2994585575675
21 1 0.0 1297.5406058696935
21 1 0.0 1281.8572955599966
21 1 0.0 1275.389441321606
21 1 0.0 1254.1768606359958
21 1 0.0 1250.1360391675066
21 1 462.303733291204 1706.0080445350072
21 1 0.0 1239.746229879987
21 1 0.0 1234.2047840911064
21 1 0.0 1218.228419920013
21 1 0.0 1210.2267376984
21 1 0.0 1172.9507082780083
21 1 0.0 1159.0829043709061
21 1 0.0 1153.6563412524963
21 1 0.0 1134.4846338783027
21 1 7961.097858516488 9094.02705279649
21 1 0.0 1130.6087612809151
21 1 0.0 1109.3147251125038
21 1 0.0 1100.208391030898
21 1 0.0 1081.9879666702718
21 1 0.0 1073.4302440175059
21 1 0.0 1047.0162590968016
21 1 9788.709414091647 10827.73170793004
21 1 0.0 1020.3664269500005
21 1 0.0 1012.1601147375068
21 1 0.0 885.7281152859995
21 1 0.0 884.4391956004993
21 1 0.0 877.2351016224243
21 1 0.0 877.0762536824031
21 1 0.0 855.7591786319863
21 1 0.0 850.408714861579
21 1 0.0 826.998352608377
21 1 0.0 819.857319009589
21 1 0.0 814.8626801945015
21 1 0.0 805.3904462463938
21 1 0.0 797.8453683807038
21 1 0.0 792.7677556869064
21 1 0.0 780.8508546791013
21 1 0.0 775.3452989265074
21 1 0.0 757.2986835550969
21 1 0.0 753.591868719602
21 1 0.0 744.1759089974971
21 1 0.0 740.1835057418991
21 1 0.0 735.9018882684051
21 1 0.0 734.5390957500113
21 1 0.0 724.8530948714993
21 1 0.0 722.8070509124932
21 1 0.0 707.1905230932374
21 1 22.343073390008612 724.912076082795
21 1 0.0 700.9759411599929
21 1 0.0 694.7639489799758
21 1 0.0 676.7073484436071
21 1 327.2407453714004 994.1456750425009
21 1 0.0 663.8642185684022
21 1 732.3223250766914 1391.0593362927048
21 1 0.0 649.4268979990884
21 1 0.0 649.4175968689151
21 1 0.0 648.9420828749976
21 1 0.0 647.5800776399965
21 1 0.0 646.6200957519904
21 1 0.0 642.3841765115808
21 1 0.0 633.2840377864213
21 1 0.0 623.5124620062011
21 1 0.0 615.1684995420242
21 1 0.0 603.5693272660094
21 1 0.0 594.805995949996
21 1 0.0 586.6728145900361
21 1 0.0 579.155300529595
21 1 0.0 569.0831969600156
21 1 0.0 565.695078986498
21 1 0.0 562.5045148899949
21 1 0.0 552.1578544956087
21 1 0.0 546.4057001700039
21 1 0.0 541.09726651249
21 1 0.0 537.8494620484062
21 1 0.0 536.7741017143849
21 1 100.34052942600647 634.9536362135004
21 1 0.0 515.7416380799991
21 1 0.0 510.6484962615973
21 1 0.0 509.63680457399994
21 1 951.824865061646 1461.4018180241565
21 1 0.0 504.9946483290978
21 1 0.0 486.920930888007
21 1 0.0 484.32514272229446
21 1 0.0 479.1933166260005
21 1 0.0 478.07691031829654
21 1 0.0 471.99970276439717
21 1 1339.8096321185276 1806.2555622573109
21 1 0.0 460.1280940781071
21 1 0.0 460.08349085570376
21 1 0.0 459.290877162
21 1 0.0 456.456288641715
21 1 0.0 455.2401041199902
21 1 0.0 442.48378742240834
21 1 47.17766422840202 480.41478480000615
21 1 0.0 429.22554040409796
21 1 0.0 423.5489621268441
21 1 0.0 416.8883587174987
21 1 0.0 412.5650272464036
21 1 0.0 412.517853990004
21 1 0.0 411.26720412200393
21 1 0.0 396.1013233920885
21 1 0.0 394.7332342700088
21 1 0.0 389.90528229800293
21 1 0.0 389.6505497135947
21 1 0.0 387.095848525596
21 1 0.0 386.01174377320103
21 1 0.0 374.1319824778768
21 1 0.0 374.0490763080027
21 1 0.0 368.4072086116862
21 1 0.0 366.6063385964985
21 1 0.0 363.1349101775975
21 1 0.0 361.25837270407624
21 1 0.0 354.95697503819997
21 1 0.0 349.71963236639795
21 1 0.0 349.0355505752982
21 1 0.0 343.65458223600353
21 1 0.0 343.2729992395941
21 1 0.0 341.2488056060015
21 1 0.0 340.53631434469594
21 1 0.0 338.3839451853032
21 1 0.0 335.661625884406
21 1 0.0 331.9974724348051
21 1 2557.4505374916016 2888.5289059816064
21 1 0.0 330.4867790783919
21 1 0.0 328.99230786589965
21 1 0.0 325.575818550398
21 1 0.0 319.33176766608904
21 1 0.0 318.8527107898965
21 1 0.0 305.36855726199565
21 1 1575.8268404675546 1874.4478268804005
21 1 0.0 297.6691662756032
21 1 1281.929212052391 1575.1374504574953
21 1 0.0 291.5962607769003
21 1 0.0 284.8163960527927
21 1 0.0 282.38429494000866
21 1 0.0 279.07573137000554
21 1 0.0 276.1159530864106
21 1 511.5355954131155 785.4645727975239
21 1 0.0 270.52532560049576
21 1 0.0 260.03613552571244
21 1 1687.8228060759952 1942.8032078836031
21 1 0.0 252.9013286220286
21 1 0.0 249.77023079251376
21 1 25.648372435995952 268.4372557886984
21 1 374.63260755235933 610.3864463487253
21 1 0.0 234.08796752000762
21 1 3.3697953300015797 237.1404260998958
21 1 0.0 233.4273617356692
21 1 896.9504896821136 1118.2187971248104
21 1 0.0 219.0038473176561
21 1 0.0 217.95036020359703
21 1 0.0 216.7920321899943
21 1 806.6253316389048 1020.4953986474993
21 1 0.0 211.64969467904007
21 1 0.0 209.6722903100026
21 1 0.0 206.3268004055035
21 1 0.0 206.10583190137936
21 1 0.0 202.8260380876725
21 1 0.0 202.53913639999814
21 1 4006.742565857723 4201.643626254502
21 1 0.0 194.7706117034968
21 1 0.0 193.69884481290637
21 1 0.0 184.6142047670645
21 1 0.0 179.79467879091612
21 1 0.0 177.36503613439845
21 1 0.0 175.90520687829735
21 1 0.0 171.51684419530065
21 1 0.0 165.60422067000297
21 1 0.0 164.46179628829805
21 1 88.947082859999 242.82269155199964
21 1 712.8731499532987 863.6460402763933
21 1 0.0 150.4491260131001
21 1 131.27339620241128 279.48498723839566
21 1 0.0 147.08702898400148
21 1 0.0 146.3906921195928
21 1 0.0 145.34683397800245
21 1 0.0 144.91109206194233
21 1 0.0 144.51037520767625
21 1 0.0 142.1347272580099
21 1 0.0 141.05406717660367
21 1 0.0 140.98447423607348
21 1 0.0 138.6280792715977
21 1 0.0 136.63400173484592
21 1 0.0 135.9460740247015
21 1 0.0 134.144837981288
21 1 0.0 130.1878248804062
21 1 0.0 124.72673628310804
21 1 0.0 123.85121984998898
21 1 0.0 122.53424010040135
21 1 0.0 118.08272613950294
21 1 350.75016673048617 467.12376407211013
21 1 791.34897059166 907.1663474331972
21 1 0.0 114.38801369999987
21 1 0.0 110.84572452249756
21 1 0.0 109.088946028902
21 1 368.6953462499996 477.42203616800634
21 1 0.0 107.45031074610142
21 1 0.0 107.08032046999847
21 1 0.0 102.76648427999157
21 1 98.70616092599687 199.81520020999903
21 1 0.0 98.62065180998752
21 1 0.0 97.43749269959335
21 1 0.0 92.3531195204016
21 1 0.0 85.3965955244986
21 1 265.7270868299883 348.9202466699886
21 1 0.0 81.77932331827446
21 1 0.0 78.32162348640736
21 1 567.329292587594 643.7964933061374
21 1 0.0 74.59138419000374
21 1 0.0 70.24644624379107
21 1 0.0 67.54877230800389
21 1 95.85831914369828 158.94945476799649
21 1 0.0 62.043416422800874
21 1 16.12113405529692 73.44689255599681
21 1 0.0 57.31973402719086
21 1 0.0 54.68306717050348
21 1 0.0 50.94523561109884
21 1 0.0 48.957379183703324
21 1 1094.123957871982 1139.3020841044095
21 1 0.0 43.96482835000472
21 1 0.0 43.042694788392055
21 1 240.73960921960042 281.5819983697022
21 1 0.0 38.854203726899186
21 1 0.0 37.508568955992814
21 1 1744.810566918788 1781.45662726489
21 1 0.0 35.33901433601113
21 1 0.0 29.48060356309645
21 1 0.0 28.583750831992575
21 1 151.5852231564163 178.08217201404295
21 1 0.0 26.166088647997185
21 1 0.0 23.370829436396434
21 1 2.9497943208964443 23.4067156994995
21 1 246.41797912200377 264.7382847516042
21 1 0.0 16.10586953209304
21 1 0.0 15.577391343025056
21 1 372.4454294939942 384.6703057725008
21 1 0.0 11.438150740003266
21 1 35.24371139110116 36.455232121102995
21 1 0.0 0.9925678979939221
21 0 0.0 inf
21 0 0.0 9.786944649999718
# COVID_SAMPLE_17_ROI_3
22 1 3876.809608917618 45258.35207669057
22 1 0.0 9604.284080615962
22 1 692.0327621694742 9340.328304517476
22 1 0.0 7663.196624532792
22 1 0.0 7434.0914478784025
22 1 0.0 7296.001070388706
22 1 807.7703889632053 6380.85577009958
22 1 0.0 5365.171346060792
22 1 0.0 5322.6426339295285
22 1 0.0 5146.570273665987
22 1 0.0 5138.001225874206
22 1 0.0 4277.404214579079
22 1 0.0 4069.1175948471055
22 1 0.0 3294.746647350001
22 1 0.0 3198.5544441842394
22 1 0.0 2979.781142966185
22 1 2691.949586577497 5569.064834645906
22 1 417.6263631564989 3190.2183548125017
22 1 0.0 2659.537149476817
22 1 0.0 2635.93989597772
22 1 0.0 2586.7045521675263
22 1 0.0 2567.350398056412
22 1 0.0 2405.1245291079867
22 1 0.0 1988.7296591107588
22 1 0.0 1833.1812507100012
22 1 0.0 1745.511166902802
22 1 0.0 1683.866751347201
22 1 0.0 1627.6765082421025
22 1 0.0 1608.3222023948497
22 1 0.0 1572.449005283077
22 1 0.0 1555.3077689894044
22 1 0.0 1551.0072895078217
22 1 0.0 1512.3238967580028
22 1 0.0 1461.321644107607
22 1 0.0 1455.795954964401
22 1 0.0 1417.6554942339026
22 1 0.0 1375.033165958409
22 1 0.0 1309.227008853203
22 1 0.0 1284.114019319095
22 1 0.0 1253.9907674667484
22 1 1596.6834172960914 2850.3449481559974
22 1 0.0 1211.4214822560007
22 1 0.0 1194.6877206073295
22 1 0.0 1174.7362515531022
22 1 0.0 1164.3435486511826
22 1 0.0 1131.493899865588
22 1 0.0 1093.0210213019996
22 1 92.21143794681768 1182.3709454722148
22 1 0.0 1085.1749361399843
22 1 0.0 1084.0053254181057
22 1 0.0 1079.5669278764012
22 1 0.0 1037.0675025267292
22 1 0.0 1035.4900435410382
22 1 0.0 1003.3408241499999
22 1 0.0 987.4653154923876
22 1 0.0 961.5398785885113
22 1 0.0 854.6938362599999
22 1 0.0 847.2399429999991
22 1 0.0 844.1255074035857
22 1 0.0 838.028465830741
22 1 0.0 827.4130212300015
22 1 644.6749077027889 1464.5973075627182
22 1 0.0 787.9694964280006
22 1 0.0 779.3725641644942
22 1 0.0 774.4410488024953
22 1 0.0 758.8523805179052
22 1 0.0 744.3316742277116
22 1 0.0 725.8677446587777
22 1 60.49319156800402 781.7166272684008
22 1 0.0 719.6306637088996
22 1 0.0 704.6734064681045
22 1 0.0 699.4044100878923
22 1 542.5915375799168 1241.2435522099963
22 1 122.62544393440294 820.2256575041147
22 1 0.0 688.9303123364989
22 1 0.0 688.7688618339935
22 1 0.0 685.2924834419427
22 1 0.0 672.2279171428968
22 1 0.0 665.5677554659953
22 1 0.0 659.3134186769007
22 1 0.0 638.0958883174985
22 1 0.0 625.3243232675022
22 1 0.0 620.4439812755986
22 1 0.0 620.2623230123997
22 1 0.0 603.9671137360058
22 1 0.0 595.8855024444192
22 1 0.0 592.5431203640023
22 1 0.0 588.8132633620053
22 1 0.0 587.3705590528753
22 1 0.0 586.2153006590331
22 1 0.0 571.2226504029009
22 1 0.0 557.343640507599
22 1 0.0 547.9287647255057
22 1 0.0 545.8155809168935
22 1 1057.254602681901 1601.4755707452234
22 1 0.0 532.1203708598941
22 1 0.0 508.1275951871976
22 1 0.0 505.9407067855982
22 1 0.0 500.48158511749807
22 1 0.0 492.61301231681136
22 1 0.0 492.5380422452264
22 1 0.0 483.4432787641085
22 1 0.0 465.6422071288032
22 1 0.0 462.42793854449974
22 1 0.0 450.47878702366324
22 1 0.0 449.90510599999743
22 1 0.0 444.35324584599357
22 1 0.0 432.21327647760063
22 1 0.0 413.87896087999803
22 1 0.0 401.83416854720235
22 1 0.0 397.9672336456049
22 1 0.0 381.97542849480396
22 1 0.0 380.1234983844122
22 1 0.0 375.59587722199603
22 1 0.0 374.954061088125
22 1 0.0 366.3764103441549
22 1 0.0 361.0272652767999
22 1 0.0 353.1157604571148
22 1 3.2210830287018553 355.50692532999983
22 1 0.0 341.57263309592383
22 1 0.0 327.6823736156997
22 1 0.0 327.5774745299957
22 1 0.0 320.6010379657764
22 1 0.0 316.42751535000025
22 1 0.0 304.69599147199165
22 1 0.0 303.93425552810277
22 1 0.0 279.2675050165087
22 1 0.0 271.1037085971079
22 1 0.0 267.0090331432019
22 1 0.0 263.99968257749765
22 1 3262.4609921105075 3526.1029565725385
22 1 0.0 263.6317942641858
22 1 0.0 263.5677080920025
22 1 0.0 261.9312159351955
22 1 0.0 260.6698356544007
22 1 0.0 258.01321773489235
22 1 160.529302821506 417.9016383479943
22 1 67.73653436670406 324.7838328500129
22 1 0.0 249.17057611809878
22 1 0.0 243.27868665050278
22 1 0.0 239.418726843704
22 1 0.0 237.66700893249725
22 1 0.0 236.01695904640155
22 1 0.0 230.3555025528044
22 1 675.4560561055964 904.3643195856025
22 1 0.0 212.81680136049397
22 1 0.0 207.27564487199982
22 1 0.0 203.62945832859123
22 1 0.0 203.52832303709988
22 1 0.0 198.9210889316991
22 1 0.0 180.3099366693059
22 1 0.0 171.89849429440164
22 1 0.0 168.85407323830077
22 1 0.0 162.95438369200133
22 1 0.0 153.79021630521538
22 1 0.0 142.49304130559807
22 1 132.0050650799995 266.75238206000176
22 1 0.0 124.11127676999558
22 1 0.0 119.54004475999761
22 1 0.0 116.5994010503507
22 1 0.0 116.05946751709189
22 1 0.0 114.6932054993024
22 1 0.0 113.7888752213994
22 1 0.0 103.71917718750956
22 1 0.0 102.90860611040353
22 1 0.0 99.66323067309912
22 1 0.0 95.98567326790135
22 1 0.0 90.45352897880343
22 1 0.0 86.91855972217604
22 1 0.0 85.93619080560592
22 1 74.65276524616615 159.27530196138764
22 1 238.7899227967955 323.1587872869004
22 1 1406.0355785035918 1489.087234456395
22 1 0.0 82.95973299774437
22 1 0.0 81.36718483709762
22 1 0.0 80.72278775369938
22 1 0.0 79.19323211910182
22 1 0.0 76.57767846869956
22 1 362.59604837120764 437.9106401440065
22 1 0.0 67.42500296409912
22 1 0.0 65.1527385569234
22 1 0.0 62.05947635050859
22 1 0.0 61.15815604520424
22 1 0.0 58.81859136250171
22 1 0.0 54.911329097996884
22 1 0.0 51.50915263549962
22 1 0.0 48.766029344024815
22 1 57.97441599000467 104.03327960250408
22 1 0.0 40.26469756640199
22 1 0.0 38.680550686501974
22 1 0.0 38.336264979840394
22 1 0.0 26.48914299990031
22 1 0.0 26.160339232008482
22 1 0.0 24.414183100400805
22 1 0.0 19.56604944799801
22 1 11.830163409314764 31.352586517510645
22 1 0.0 18.14811137549532
22 1 5.5465880345008145 23.2795434825004
22 1 0.0 12.926053767495432
22 1 0.0 12.190888381501054
22 1 0.0 10.415326265325689
22 1 0.0 7.598878942405122
22 1 0.0 5.297222167716427
22 1 0.0 2.5413849651988585
22 1 0.0 0.33743895039287963
22 0 0.0 inf
22 0 0.0 8.758713541198325
# COVID_SAMPLE_17_ROI_4
23 1 3665.211032000201 11882.242672244507
23 1 0.0 5156.099754982688
23 1 0.0 4771.303894862705
23 1 996.8013639367005 4775.40597077031
23 1 0.0 3451.956476046096
23 1 0.0 2510.2316208219986
23 1 0.0 1739.6213671752957
23 1 0.0 1613.2322390077725
23 1 0.0 1210.9666959648225
23 1 0.0 1150.519069900544
23 1 0.0 1110.8503624705736
23 1 0.0 1044.448531871225
23 1 0.0 993.1731710829263
23 1 0.0 978.0927871257009
23 1 0.0 932.6199901616908
23 1 0.0 894.4539731789005
23 1 0.0 835.6584468979013
23 1 0.0 829.3626081299997
23 1 3240.440741431552 4039.4025706865405
23 1 0.0 703.9958429447042
23 1 0.0 700.0066139920027
23 1 0.0 684.3958742311597
23 1 0.0 529.575379130571
23 1 0.0 504.7226594868198
23 1 0.0 502.354903725698
23 1 0.0 477.9900308235344
23 1 0.0 477.49837650624795
23 1 0.0 469.04518397549145
23 1 13.57383327651769 470.5505949948665
23 1 0.0 397.7825481123996
23 1 0.0 372.6500423117968
23 1 0.0 363.30896421000034
23 1 0.0 341.9334529124144
23 1 0.0 341.3881650120202
23 1 155.0931763199801 485.46896380399494
23 1 474.14469325356004 786.0401646563678
23 1 0.0 303.79583701208594
23 1 0.0 289.91480128169906
23 1 375.31974901450076 661.030070070907
23 1 0.0 231.5691468704017
23 1 0.0 227.54715958708402
23 1 0.0 213.70152667319917
23 1 168.3043047898857 360.6286441415616
23 1 0.0 192.26097688299467
23 1 0.0 173.22612972159823
23 1 0.0 155.75914879475567
23 1 0.0 145.00495731899673
23 1 163.21219700542997 307.5729455197011
23 1 0.0 137.87519568049584
23 1 0.0 116.85295650149897
23 1 0.0 116.82622314998662
23 1 0.0 116.20493931983003
23 1 0.0 77.15436848940044
23 1 0.0 75.08108154000365
23 1 0.0 72.06302581652744
23 1 1333.3453538235049 1372.0261642779187
23 1 0.0 21.670704749996275
23 0 0.0 inf
23 0 0.0 1297.794966492309
# COVID_SAMPLE_16_ROI_3
24 1 0.0 14495.926436164007
24 1 0.0 5993.249431104035
24 1 0.0 5586.4705899510855
24 1 0.0 5074.134714527089
24 1 0.0 4969.200460686701
24 1 0.0 4727.46313148131
24 1 0.0 4475.555108574499
24 1 0.0 4108.2037600975
24 1 0.0 3775.7192628899684
24 1 0.0 3591.220424710021
24 1 0.0 3521.2811110800144
24 1 0.0 3503.4066766000014
24 1 0.0 3492.6628895252093
24 1 0.0 3295.6212923404955
24 1 0.0 3163.730899040006
24 1 0.0 3162.196586467076
24 1 0.0 2964.496339410004
24 1 0.0 2950.2859688616036
24 1 0.0 2944.654308770001
24 1 0.0 2937.6125592719986
24 1 0.0 2935.8289775174735
24 1 0.0 2882.459777100006
24 1 0.0 2825.313649300022
24 1 0.0 2715.8874845040064
24 1 0.0 2714.0515564688985
24 1 0.0 2645.533102022011
24 1 0.0 2622.3517741255914
24 1 0.0 2563.9519678399824
24 1 0.0 2478.7306497831996
24 1 0.0 2423.284707649499
24 1 0.0 2404.644381012098
24 1 3.3851495037217774 2381.3000414879907
24 1 0.0 2375.5396081268946
24 1 0.0 2372.3751072700197
24 1 0.0 2365.3852069599893
24 1 0.0 2358.2582455799993
24 1 0.0 2341.2254407200066
24 1 0.0 2274.012380230033
24 1 0.0 2190.6875394124995
24 1 0.0 2135.445293410024
24 1 0.0 2034.0238242300038
24 1 0.0 1988.8263576200088
24 1 0.0 1981.0091438908034
24 1 0.0 1977.2565998899945
24 1 0.0 1970.5203961288971
24 1 0.0 1953.7615054288099
24 1 0.0 1927.1482533031963
24 1 0.0 1920.1174436000206
24 1 0.0 1881.1788117700053
24 1 0.0 1876.9597406439016
24 1 0.0 1834.686643908014
24 1 0.0 1809.3064492945232
24 1 0.0 1806.9442405774826
24 1 0.0 1800.649969409098
24 1 0.0 1746.3451631811624
24 1 0.0 1742.6942108391108
24 1 0.0 1715.125927786673
24 1 0.0 1713.9010456339915
24 1 0.0 1706.8311346400028
24 1 1063.2326238048267 2733.56559450999
24 1 0.0 1662.532594347496
24 1 0.0 1659.8190766971156
24 1 0.0 1656.666646007608
24 1 0.0 1642.2201851999998
24 1 0.0 1630.931512184662
24 1 0.0 1605.5426268076126
24 1 0.0 1601.446519809989
24 1 0.0 1582.3979520299822
24 1 0.0 1568.696774826407
24 1 0.0 1563.2077680339985
24 1 0.0 1557.8935785641002
24 1 0.0 1545.2621862012013
24 1 0.0 1541.226309156003
24 1 0.0 1539.9930061600007
24 1 0.0 1525.1398361579963
24 1 0.0 1522.8010228428013
24 1 0.0 1521.6349764432039
24 1 0.0 1515.7079514636025
24 1 0.0 1491.2630709999876
24 1 0.0 1475.3307262607934
24 1 0.0 1462.6423002888919
24 1 0.0 1462.3702787399027
24 1 18.367658199987318 1476.4735529500044
24 1 0.0 1453.4974922500023
24 1 0.0 1451.7289727499915
24 1 0.0 1446.745266464497
24 1 0.0 1439.0657375899937
24 1 0.0 1405.348432610002
24 1 0.0 1404.2275830800024
24 1 0.0 1394.7725873955046
24 1 342.8500667079029 1735.7771079610945
24 1 0.0 1389.0846793499945
24 1 0.0 1388.3064976615815
24 1 0.0 1388.2862466982986
24 1 0.0 1383.4962665499734
24 1 0.0 1381.866722944507
24 1 0.0 1361.765072499985
24 1 0.0 1349.240092249993
24 1 0.0 1348.9162993775894
24 1 0.0 1341.3874949781825
24 1 0.0 1327.6130367779986
24 1 0.0 1326.5921918300073
24 1 1797.7921130835834 3096.0762719199884
24 1 0.0 1282.6850362279836
24 1 0.0 1278.8821907085962
24 1 0.0 1263.2658857584129
24 1 0.0 1261.5830436343958
24 1 0.0 1255.6063102276908
24 1 0.0 1254.444066018009
24 1 0.0 1252.7562235466767
24 1 0.0 1249.3689954986032
24 1 0.0 1237.2253244300055
24 1 0.0 1235.175041026805
24 1 0.0 1230.381647129992
24 1 0.0 1221.996976690009
24 1 0.0 1211.817316980012
24 1 0.0 1198.5900269183999
24 1 0.0 1195.3725977999957
24 1 82.54355289253317 1261.4943465000001
24 1 0.0 1175.7098436564029
24 1 0.0 1172.5191661175063
24 1 0.0 1165.7616425839956
24 1 0.0 1163.709767433596
24 1 0.0 1160.9097079793003
24 1 0.0 1156.3622093839926
24 1 0.0 1151.4759056399103
24 1 0.0 1148.7129845699988
24 1 0.0 1137.6058408816098
24 1 0.0 1134.0295798499978
24 1 0.0 1133.256985350009
24 1 0.0 1128.7738929900129
24 1 0.0 1128.1613893788995
24 1 0.0 1127.506511151588
24 1 0.0 1126.7228295135947
24 1 0.0 1125.7584898700095
24 1 0.0 1121.3527556326987
24 1 0.0 1114.6356369100026
24 1 0.0 1109.6730180695022
24 1 0.0 1100.2292677299745
24 1 0.0 1096.2751745691146
24 1 0.0 1074.8742109099903
24 1 0.0 1065.7593193922917
24 1 0.0 1048.3437879003952
24 1 0.0 1044.1293659220914
24 1 0.0 1043.9373513600021
24 1 0.0 1024.9990599500106
24 1 0.0 1002.4097183995982
24 1 0.0 996.927076560009
24 1 0.0 996.5844434500245
24 1 0.0 991.4214363171068
24 1 0.0 987.5737408034993
24 1 0.0 982.3365000000001
24 1 0.0 975.06436982999
24 1 0.0 963.8939787499933
24 1 0.0 953.0204602100073
24 1 0.0 949.5692206599829
24 1 0.0 948.2438829040161
24 1 0.0 945.6663149979931
24 1 0.0 943.197840983103
24 1 0.0 942.6857551804246
24 1 0.0 940.8610446870989
24 1 485.85025977150895 1417.4621996427077
24 1 0.0 930.5932638284885
24 1 0.0 924.3457939599845
24 1 0.0 919.6451394635988
24 1 0.0 914.039181489996
24 1 0.0 912.6085261624014
24 1 0.0 903.4274994479943
24 1 0.0 901.3471361942977
24 1 1568.925458389997 2464.4713370000027
24 1 0.0 892.4073181195872
24 1 0.0 891.8181917324478
24 1 0.0 888.5905161499954
24 1 0.0 888.1389409349067
24 1 0.0 874.8929807626973
24 1 0.0 874.5989105071012
24 1 0.0 869.524823349992
24 1 0.0 864.4233610802876
24 1 0.0 859.4767913855997
24 1 0.0 848.073439381807
24 1 0.0 847.9657351704009
24 1 0.0 847.7728395900074
24 1 0.0 839.4067207572173
24 1 0.0 837.7167087200032
24 1 0.0 835.6975884543972
24 1 0.0 830.56541139
24 1 0.0 820.71669136
24 1 0.0 814.0471366400134
24 1 0.0 811.2049829394991
24 1 0.0 809.7778332374987
24 1 0.0 804.0051704691043
24 1 0.0 800.6161971099937
24 1 0.0 799.1610148188856
24 1 0.0 796.6588011899908
24 1 0.0 795.7700249840123
24 1 40.77480888002128 834.8876152200178
24 1 0.0 793.5666354820105
24 1 0.0 788.2194517563973
24 1 0.0 787.0171739299958
24 1 0.0 783.0542199200113
24 1 0.0 780.5768597160809
24 1 0.0 777.7756560502862
24 1 124.81981619150383 899.4986161887
24 1 0.0 772.9610735000142
24 1 0.0 772.1140519300111
24 1 0.0 768.3439969671936
24 1 0.0 767.5820662300116
24 1 0.0 766.4909939488089
24 1 0.0 762.9624890684909
24 1 0.0 760.484415789997
24 1 0.0 758.1014864372953
24 1 0.0 757.017171070001
24 1 0.0 756.9601322147737
24 1 0.0 753.4691466695738
24 1 0.0 741.8527222644103
24 1 0.0 739.909408200014
24 1 0.0 739.7055403199884
24 1 0.0 728.2467993228024
24 1 0.0 727.1115606312028
24 1 455.2881887200133 1181.0369112500207
24 1 0.0 723.2276914731019
24 1 0.0 718.6516173647938
24 1 0.0 718.2681241416926
24 1 0.0 718.0898629355993
24 1 0.0 715.6695518970982
24 1 0.0 711.5723617599988
24 1 0.0 710.7574878158018
24 1 0.0 708.6654866393268
24 1 0.0 706.677495880002
24 1 0.0 701.3485690500038
24 1 0.0 693.5476386100011
24 1 0.0 693.2211117355982
24 1 0.0 682.2658562700158
24 1 0.0 681.3379387299992
24 1 0.0 676.8164355600002
24 1 0.0 675.7159208091958
24 1 0.0 671.892602976902
24 1 0.0 668.188285517499
24 1 0.0 667.336291750001
24 1 0.0 666.3387058899957
24 1 0.0 665.3100869599958
24 1 0.0 660.1689099530881
24 1 0.0 653.9941270193004
24 1 0.0 653.9554000400026
24 1 0.0 653.0411602300069
24 1 0.0 652.2455349839914
24 1 0.0 651.9419502199958
24 1 0.0 651.6034004799703
24 1 0.0 644.5748570099818
24 1 0.0 641.6995570419995
24 1 0.0 638.8098333299856
24 1 0.0 637.4350558945009
24 1 0.0 635.7131519359937
24 1 0.0 633.5162846304024
24 1 0.0 630.2604543471889
24 1 0.0 625.5365629904005
24 1 0.0 623.6747589500064
24 1 0.0 622.9200942860064
24 1 0.0 622.313898749997
24 1 0.0 621.3516180864003
24 1 0.0 620.8245107176003
24 1 15.526583652903355 629.311163982396
24 1 0.0 612.5806868935914
24 1 0.0 611.730294932906
24 1 0.0 611.683606745497
24 1 0.0 611.1978726599946
24 1 0.0 608.8702257467985
24 1 0.0 607.0026847518959
24 1 0.0 604.5866021199854
24 1 0.0 604.5534034796053
24 1 0.0 604.1841952647046
24 1 0.0 604.1163625599957
24 1 0.0 601.7453969021981
24 1 0.0 597.2773438940026
24 1 0.0 593.9855685503862
24 1 0.0 589.3935082635069
24 1 0.0 582.1832113812
24 1 0.0 579.5966736299811
24 1 0.0 575.7980366949064
24 1 0.0 574.2251918028028
24 1 0.0 572.7410592600014
24 1 0.0 571.8379901299982
24 1 0.0 571.5500945235922
24 1 0.0 570.2079473304992
24 1 607.8916941475013 1177.9039728684038
24 1 0.0 569.7988012160988
24 1 0.0 566.744638748105
24 1 0.0 565.5485732680086
24 1 0.0 561.0073059855001
24 1 0.0 560.3284517999969
24 1 325.5533638044974 883.005712673297
24 1 0.0 556.9095588489056
24 1 0.0 554.3249109744002
24 1 0.0 553.3952897196041
24 1 0.0 553.2223817072986
24 1 0.0 549.5450679099836
24 1 0.0 549.4229756136972
24 1 0.0 546.7493005500037
24 1 0.0 545.8073490500033
24 1 0.0 545.0815944391111
24 1 0.0 544.8882581600033
24 1 0.0 544.2499748799967
24 1 0.0 543.6368622464009
24 1 0.0 541.5472923504121
24 1 0.0 540.8760835500007
24 1 0.0 540.594504410911
24 1 0.0 539.5047358216046
24 1 1180.5832534691822 1719.3957477311992
24 1 0.0 538.6851820816063
24 1 0.0 537.6175579476005
24 1 0.0 536.7198672323877
24 1 0.0 535.9446065520085
24 1 0.0 535.905315939995
24 1 0.0 535.8032162499828
24 1 0.0 535.3036698635924
24 1 0.0 535.0093922199967
24 1 0.0 534.4233722079957
24 1 0.0 533.9894888586903
24 1 0.0 533.7364000100156
24 1 0.0 532.2675779100013
24 1 0.0 531.6846733299919
24 1 0.0 530.7013519783102
24 1 0.0 528.592975120807
24 1 0.0 527.7073415224936
24 1 0.0 527.5875598985021
24 1 0.0 517.6917928585067
24 1 0.0 517.4297862202488
24 1 0.0 516.4875236900032
24 1 0.0 514.8645446799992
24 1 0.0 509.16787072200896
24 1 0.0 508.8924912311072
24 1 0.0 505.9668626599961
24 1 0.0 505.4683407431012
24 1 0.0 502.61835769000936
24 1 0.0 500.5257433479969
24 1 0.0 499.0159125011137
24 1 0.0 498.1023732832067
24 1 0.0 496.38787058720254
24 1 0.0 495.03856950000437
24 1 0.0 493.94888485990055
24 1 0.0 492.7679618917059
24 1 0.0 492.4763777456043
24 1 0.0 492.0349065239957
24 1 457.45884117200467 948.7456455128984
24 1 259.67136197149637 747.7456337831975
24 1 0.0 486.89385426242325
24 1 0.0 480.4188489826579
24 1 0.0 479.3561599796052
24 1 0.0 478.97124519329907
24 1 38.018621630999405 515.9928381967975
24 1 0.0 476.78576031999523
24 1 0.0 476.75189772998624
24 1 0.0 474.3789988716105
24 1 0.0 473.88275662081196
24 1 0.0 473.10867127799816
24 1 0.0 471.39280661999163
24 1 0.0 471.32945254200035
24 1 0.0 469.61568504000456
24 1 0.0 467.54486372199426
24 1 0.0 467.2452443000024
24 1 0.0 466.8082939200008
24 1 0.0 466.4683847899927
24 1 0.0 466.14981809849724
24 1 0.0 464.2533859000042
24 1 0.0 462.06381004472223
24 1 0.0 461.4079825900201
24 1 0.0 461.401582349999
24 1 0.0 459.81574467399616
24 1 0.0 456.125984751995
24 1 0.0 455.92238254350013
24 1 0.0 452.36263769519996
24 1 0.0 452.2942942679888
24 1 0.0 452.17555008056763
24 1 0.0 451.6804778811984
24 1 0.0 449.61725293000006
24 1 0.0 449.36299529640405
24 1 0.0 448.9327577400072
24 1 0.0 447.9006772800067
24 1 0.0 447.52451691840406
24 1 0.0 447.48646088000123
24 1 0.0 446.29006440518697
24 1 688.7671034499572 1133.7848091599717
24 1 0.0 436.0102801641349
24 1 0.0 427.29740555
24 1 0.0 424.87735862000204
24 1 0.0 422.34022539000034
24 1 0.0 421.3851835999983
24 1 0.0 421.14207463509774
24 1 0.0 421.0968205469039
24 1 0.0 420.97136820000514
24 1 0.0 419.41932125168705
24 1 0.0 416.24502113999165
24 1 0.0 415.8350599100024
24 1 0.0 415.1647593076009
24 1 0.0 414.89140888518705
24 1 0.0 414.8578284912974
24 1 0.0 414.3958346861118
24 1 0.0 413.21057055998335
24 1 0.0 412.0905381600064
24 1 0.0 411.07912640639734
24 1 0.0 410.95675272001256
24 1 0.0 410.53005611999083
24 1 0.0 410.25191917001393
24 1 0.0 409.905352440004
24 1 0.0 409.0426619299724
24 1 0.0 408.4443598176035
24 1 0.0 406.6248175199946
24 1 0.0 404.7931697035947
24 1 0.0 401.7042486500052
24 1 0.0 396.622382309999
24 1 0.0 394.3348783000065
24 1 0.0 392.74480960249656
24 1 0.0 389.95686856159887
24 1 0.0 389.1612822255006
24 1 0.0 389.1026686800126
24 1 126.7385540505004 514.2400839155948
24 1 0.0 386.60859173481117
24 1 0.0 382.92563827918366
24 1 638.837141802419 1021.3615536100201
24 1 0.0 381.3302910000014
24 1 0.0 380.7325764323963
24 1 0.0 378.3041008335439
24 1 0.0 377.8455450892109
24 1 0.0 377.7686674344011
24 1 0.0 377.59939766999764
24 1 0.0 376.60884517080194
24 1 0.0 373.99605152000095
24 1 0.0 372.47340555720166
24 1 0.0 372.32429223999713
24 1 0.0 370.39225466789526
24 1 0.0 370.1942838400046
24 1 0.0 369.4551191859973
24 1 0.0 368.78082673910717
24 1 0.0 368.72147561129725
24 1 0.0 368.416985045204
24 1 0.0 364.3916282600003
24 1 27.905406929594506 391.9850692415919
24 1 60.79053905000586 424.17841788999493
24 1 0.0 362.4487998149648
24 1 0.0 361.4958885899976
24 1 0.0 360.9140224000059
24 1 0.0 356.4275997600039
24 1 0.0 355.83964064001793
24 1 0.0 353.8920671999897
24 1 0.0 353.60836006998966
24 1 0.0 353.0249451600139
24 1 0.0 349.83837533359747
24 1 0.0 347.98224162573933
24 1 0.0 347.1810544300006
24 1 0.0 346.2769990487907
24 1 229.1477257503966 574.3753234480018
24 1 0.0 344.42540357944677
24 1 25.00882079926032 367.1792517804122
24 1 0.0 340.29047920999074
24 1 20.426294640003334 360.670476640001
24 1 0.0 338.54884528749767
24 1 0.0 337.87588797600256
24 1 0.0 337.45149429642424
24 1 0.0 332.226451599995
24 1 0.0 328.8800425224972
24 1 143.975661884494 472.5374352572994
24 1 0.0 327.9798121760034
24 1 185.2877531376016 511.15290510440474
24 1 0.0 324.6428112677004
24 1 0.0 323.3386992614994
24 1 0.0 322.9749399920047
24 1 0.0 322.2380726611997
24 1 0.0 321.20723172999305
24 1 0.0 318.95695288290517
24 1 0.0 318.8612380200087
24 1 0.0 318.7534154020002
24 1 0.0 317.80837472000474
24 1 0.0 315.48184232999665
24 1 0.0 314.97666488000436
24 1 27.673275080698545 342.31037208550316
24 1 0.0 313.28744732000496
24 1 32.72860427709929 344.8537943180095
24 1 0.0 310.07220286930396
24 1 0.0 309.2819841083963
24 1 0.0 308.28591580000375
24 1 0.0 307.3732120765012
24 1 0.0 304.6902627403954
24 1 0.0 303.83670130670225
24 1 697.574671880001 1001.1576113852034
24 1 0.0 302.8717616763963
24 1 0.0 299.3087650532043
24 1 0.0 298.1292064800018
24 1 0.0 296.3738185724982
24 1 0.0 296.11586848199613
24 1 0.0 295.30366514999207
24 1 0.0 294.47942823041853
24 1 112.18496560160736 405.65190253759806
24 1 0.0 291.2095854188876
24 1 0.0 291.08990051000137
24 1 0.0 289.219699940684
24 1 0.0 288.07167395000033
24 1 0.0 286.4337323959023
24 1 0.0 286.2286382784964
24 1 0.0 285.9193961959998
24 1 0.0 284.9089665163999
24 1 0.0 284.6854791199937
24 1 0.0 284.5188935200222
24 1 0.0 283.9690528660135
24 1 0.0 283.50093879959
24 1 0.0 282.92785556998206
24 1 0.0 282.55155045999254
24 1 121.6257371768022 403.0012927483973
24 1 0.0 280.39882543400313
24 1 0.0 280.38914980800064
24 1 0.0 279.9804553225065
24 1 0.0 279.6659073599999
24 1 0.0 278.54898792000085
24 1 0.0 277.89011701179425
24 1 0.0 275.6901708492576
24 1 0.0 275.3349718346965
24 1 0.0 271.30850557752433
24 1 0.0 270.22599790719585
24 1 0.0 268.22141220999833
24 1 0.0 267.16767363289546
24 1 0.0 266.9446870784993
24 1 0.0 266.77600390699286
24 1 0.0 264.6544960150994
24 1 0.0 263.2811916143062
24 1 0.0 256.9465678500074
24 1 0.0 254.91054144001146
24 1 0.0 254.70756558110668
24 1 0.0 252.8348709100119
24 1 0.0 252.7472034499956
24 1 0.0 252.25586219999923
24 1 0.0 252.0575428400025
24 1 0.0 251.9646981599962
24 1 0.0 250.8383119176001
24 1 11.61969459000693 262.344851750007
24 1 352.74408575998905 602.6698229695955
24 1 0.0 249.65319686999692
24 1 0.0 248.8698276569047
24 1 492.89349510001443 740.7245685700111
24 1 0.0 245.83105040280122
24 1 0.0 244.10248087409886
24 1 102.66366121249393 346.59956533800255
24 1 0.0 243.21236870361054
24 1 0.0 242.76168873041127
24 1 0.0 242.64018432689846
24 1 0.0 242.59370753760504
24 1 0.0 241.3023029183987
24 1 85.66067719998182 325.8487063500179
24 1 23.479305839993913 263.4693885599952
24 1 0.0 239.97727665000355
24 1 20.605441418399664 260.0928929305012
24 1 0.0 239.16445056999692
24 1 0.0 239.08728675632204
24 1 0.0 239.07290071390224
24 1 0.0 238.2560529299999
24 1 0.0 237.4203652584007
24 1 0.0 235.73578123000368
24 1 0.0 235.32995288000484
24 1 0.0 234.24078490879015
24 1 0.0 233.51689118600189
24 1 0.0 233.4008564399926
24 1 0.0 232.26792881000597
24 1 0.0 231.77740204001566
24 1 75.42795295999315 307.00104494000584
24 1 0.0 230.6637767199943
24 1 0.0 228.97013414998924
24 1 0.0 228.8004910502941
24 1 0.0 228.7843636180262
24 1 623.3991445300042 851.8441097327025
24 1 0.0 228.1171737258435
24 1 0.0 226.13778732999936
24 1 0.0 225.7217496704037
24 1 0.0 225.07135726569345
24 1 0.0 224.9123921363023
24 1 0.0 223.81944978210163
24 1 27.415812599989977 250.82859758998484
24 1 0.0 223.157933180001
24 1 0.0 221.88496838160358
24 1 0.0 219.7568489047951
24 1 0.0 219.04644875679537
24 1 0.0 218.05066856579833
24 1 161.54051674999425 379.4390569200011
24 1 14.11956111289146 231.8480126808986
24 1 0.0 217.02284284250007
24 1 0.0 214.80443040000205
24 1 0.0 214.1349566525015
24 1 5.0831808299974455 215.4576517392046
24 1 0.0 208.597761611598
24 1 37.57472976488725 246.01591535359034
24 1 40.45032456999968 247.7078980099938
24 1 0.0 206.83251567000582
24 1 0.0 206.41618743000072
24 1 0.0 206.2237263700124
24 1 0.0 206.21441467000386
24 1 34.850338806398895 239.92516956159784
24 1 0.0 204.2986656845028
24 1 0.0 204.23306881670032
24 1 0.0 203.88391988760532
24 1 29.8685751473854 232.94732554560073
24 1 11.666238000010708 214.65420924000398
24 1 0.0 200.75881812079922
24 1 0.0 199.788998200006
24 1 0.0 198.39419407000742
24 1 0.0 198.2237674555994
24 1 0.0 197.8033674383962
24 1 192.05562788480097 388.4245963536089
24 1 325.2483484806021 521.0452294323
24 1 0.0 195.63721185170027
24 1 9.788420757096787 205.41299743290097
24 1 0.0 195.37349818760072
24 1 0.0 194.34278721999908
24 1 0.0 194.28146000001016
24 1 0.0 193.9167625845016
24 1 0.0 193.02608581200093
24 1 0.0 191.82922360000953
24 1 0.0 191.6748522231951
24 1 0.0 191.600965876401
24 1 9.141828694395826 199.38115176679048
24 1 0.0 189.40840190999552
24 1 6.985183065200346 195.14155813440047
24 1 0.0 188.0200404000111
24 1 0.0 186.4275238999926
24 1 0.0 186.41611454650092
24 1 0.0 185.48275478120468
24 1 151.75773829001685 337.0892519500002
24 1 0.0 184.59727936999798
24 1 0.0 183.5750039000004
24 1 0.0 182.87978607359844
24 1 0.0 182.87588414999595
24 1 0.0 181.80483472801052
24 1 0.0 181.5323257770101
24 1 0.0 180.14359761000696
24 1 0.0 179.1337758036998
24 1 0.0 178.96552795999696
24 1 0.0 178.72981868839543
24 1 0.0 177.14015725530248
24 1 0.0 177.10730707000081
24 1 210.88930494000942 387.5662693563993
24 1 0.0 175.24339300120096
24 1 0.0 174.85931063999806
24 1 0.0 174.25241429009702
24 1 0.0 173.99647200998652
24 1 0.0 173.24745349919817
24 1 0.0 173.16484635078496
24 1 0.0 173.1196554000096
24 1 0.0 172.75856223464098
24 1 0.0 171.80086582999547
24 1 0.0 171.5920875524963
24 1 1469.0547246900005 1640.5383612499973
24 1 0.0 171.0917169974946
24 1 0.0 171.0487864900012
24 1 0.0 169.84389072749377
24 1 0.0 169.67689279999774
24 1 2.610892839601547 172.14540876747765
24 1 0.0 168.19496961800905
24 1 0.0 166.76547628000276
24 1 0.0 166.49171975239778
24 1 0.0 166.24352559000198
24 1 0.0 165.3088500376016
24 1 0.0 162.61754612000118
24 1 0.0 162.40116160998787
24 1 0.0 161.4694764420061
24 1 119.08799011799704 279.7370202249091
24 1 0.0 160.17359792321076
24 1 106.45080087000201 266.29756942310166
24 1 0.0 159.41277634320522
24 1 0.0 159.14348938560852
24 1 0.0 158.96225515639918
24 1 0.0 156.63788112190036
24 1 0.0 155.7276366563985
24 1 0.0 155.38408383480214
24 1 351.3946212800008 506.0908809663914
24 1 0.0 154.45123515948217
24 1 194.2697815736069 348.47702472359106
24 1 0.0 152.7516724859945
24 1 0.0 151.23769751999248
24 1 201.76691662999082 352.6988411400105
24 1 0.0 150.7247122100075
24 1 0.0 150.55628089999857
24 1 0.0 150.4276493606992
24 1 0.0 149.82265919999145
24 1 467.4659837599936 616.9755646100142
24 1 0.0 149.30658178530086
24 1 0.0 148.6734526763953
24 1 0.0 148.5838050000034
24 1 0.0 148.28836511000327
24 1 4.615831370010824 152.2954217899902
24 1 0.0 146.0324727154748
24 1 0.0 145.67227203999732
24 1 0.0 143.60266027880334
24 1 0.0 142.7296709041011
24 1 0.0 142.71121317819973
24 1 0.0 142.51765035000358
24 1 20.600280796401535 162.8461419563955
24 1 26.583783816000334 168.80523035999715
24 1 0.0 142.0627614877002
24 1 0.0 140.37093256960418
24 1 0.0 136.88174292330632
24 1 0.0 136.46629326167556
24 1 0.0 135.55761032950545
24 1 0.0 135.12165219911037
24 1 347.48025447999566 478.0187021400045
24 1 368.3401002000064 498.59244881000564
24 1 0.0 130.04991114199868
24 1 0.0 129.0493094207983
24 1 0.0 128.43958134000377
24 1 0.0 128.32856819999427
24 1 0.0 127.90778819000121
24 1 247.21273242889856 374.34330000001046
24 1 133.2354373025007 260.0670102799993
24 1 65.67817014001866 192.0034876100226
24 1 19.51075070949753 144.99372087049437
24 1 65.54860592598561 190.86888969210304
24 1 0.0 125.31368980001798
24 1 283.61933801200246 407.53061214120055
24 1 0.0 123.72139839399563
24 1 0.0 123.56630415560653
24 1 0.0 121.58659667999473
24 1 0.0 121.53411407999954
24 1 0.0 120.85498986400194
24 1 0.0 120.2652432977684
24 1 0.0 118.84468157710046
24 1 0.0 117.8994825599982
24 1 0.0 117.60493558609141
24 1 0.0 117.22242316001166
24 1 0.0 117.20025311249651
24 1 0.0 116.83878361999655
24 1 20.492833530905273 136.46371893319656
24 1 0.0 113.4721805400057
24 1 0.0 112.63773853000083
24 1 254.509953960006 365.5449028375019
24 1 0.0 110.68157288199541
24 1 0.0 110.03089772800968
24 1 0.0 109.97612525319869
24 1 0.0 109.90528496001934
24 1 14.84163660001309 124.7415574800101
24 1 0.0 109.46382854902845
24 1 0.0 109.39091696000605
24 1 0.0 108.99813719999202
24 1 0.0 108.33707748200118
24 1 5.4767848499999445 113.51142874999698
24 1 0.0 107.83209384000156
24 1 0.0 107.16042449400129
24 1 0.0 106.82482347360138
24 1 0.0 106.24902663000398
24 1 0.0 106.06802600000128
24 1 0.0 105.09965887512232
24 1 0.0 105.00600973000121
24 1 0.0 104.63399195639795
24 1 0.0 103.51228783999613
24 1 0.0 102.67479079999202
24 1 0.0 101.6053244536015
24 1 0.0 101.59241277640251
24 1 0.0 101.39894088002393
24 1 1038.9177189723046 1140.1027527084036
24 1 0.0 99.92739202999681
24 1 0.0 99.79331930360294
24 1 0.0 99.34616443359391
24 1 0.0 98.87933374999716
24 1 27.554005680005616 126.25147906998268
24 1 0.0 98.69346545766257
24 1 0.0 98.16528842999844
24 1 0.0 97.80007177001164
24 1 468.8017071899867 566.5934673499912
24 1 0.0 97.70369514999823
24 1 4.728250222499298 102.1213694959074
24 1 297.84672755000247 395.1473701200157
24 1 0.0 95.89979261250687
24 1 0.0 94.74648315749573
24 1 0.0 94.61056771000312
24 1 0.0 94.41221609000081
24 1 0.0 94.3209710075455
24 1 0.0 94.2487704465093
24 1 351.4077831800091 444.5244499999935
24 1 0.0 92.94849953000448
24 1 0.0 91.01330896250238
24 1 48.15591210000332 139.0367898600033
24 1 0.0 90.65015993251245
24 1 0.0 90.35953996080775
24 1 32.24295046999646 122.57351704000178
24 1 60.096414073196 149.6784143231996
24 1 0.0 89.49471548999736
24 1 0.0 86.16391391359883
24 1 146.95133984169752 233.06100800000007
24 1 0.0 85.94611714999792
24 1 0.0 85.31801376760495
24 1 0.0 85.06430287149806
24 1 63.33744916799549 146.71614613879842
24 1 0.0 82.96014864998142
24 1 0.0 82.8229117099988
24 1 0.0 82.48089484248692
24 1 0.0 81.71398545471584
24 1 0.0 81.32698107999715
24 1 0.0 80.43224783999324
24 1 0.0 79.81050489250356
24 1 0.0 78.03023569550145
24 1 241.57667996003374 319.1098933300076
24 1 252.5226448378976 330.02825487160635
24 1 0.0 77.29909206440084
24 1 0.0 76.28739914910159
24 1 36.131111290003446 109.8383586000059
24 1 2571.96398145039 2645.533102022011
24 1 0.0 72.70523675289877
24 1 77.31594547999521 149.56110562760034
24 1 713.0576015628037 784.9971739903931
24 1 0.0 71.92399799999794
24 1 0.0 71.22267856800113
24 1 0.0 70.37059886979955
24 1 0.0 70.27067087999512
24 1 0.0 70.2054491124004
24 1 0.0 70.14033493110071
24 1 0.0 66.15876097999762
24 1 0.0 66.06221120000436
24 1 0.0 65.43885046640435
24 1 20.364535959982277 85.60000283998556
24 1 236.96244735600544 302.0767333245035
24 1 0.0 64.8996644399947
24 1 305.3520644300006 369.9543589999921
24 1 40.63536931120086 104.26539462560049
24 1 0.0 63.42421576710399
24 1 0.0 63.12394891639508
24 1 904.3575484674984 967.2486965438961
24 1 0.0 62.497377159999814
24 1 0.0 61.29797828320051
24 1 0.0 60.54692243000022
24 1 59.679028531490076 119.86776034560052
24 1 0.0 59.5481875593955
24 1 0.0 59.515195970004015
24 1 0.0 58.838023268395546
24 1 0.0 58.35683648959913
24 1 31.20321523510256 87.48699239339976
24 1 0.0 55.87058879998801
24 1 0.0 54.87189903999831
24 1 0.0 54.435154372798706
24 1 0.0 54.11447629208669
24 1 0.0 53.993898662211905
24 1 0.0 53.50252938719211
24 1 123.02823321748872 175.77395000160493
24 1 64.63259157740197 117.0007070261999
24 1 0.0 51.996432847508004
24 1 65.70586085293144 117.6292487975984
24 1 184.0347119760088 235.5945516907999
24 1 0.0 51.54870617040089
24 1 0.0 50.78961564999145
24 1 0.0 49.495285049996994
24 1 0.0 48.1264985899983
24 1 0.0 47.67856649000328
24 1 0.0 47.44168518229719
24 1 0.0 47.31614360001822
24 1 0.0 47.10019303490134
24 1 0.0 46.92272687709942
24 1 23.77899611599412 70.55742861958913
24 1 31.04175648148248 77.1770385599907
24 1 239.27618024999083 285.2912233200152
24 1 0.0 45.41215899000349
24 1 14.767546208398926 60.02840777210088
24 1 0.0 45.196694796010206
24 1 0.0 44.15959496529399
24 1 13.175749189999237 55.94463698000578
24 1 200.44173374039934 243.17387221960007
24 1 77.02437495999925 119.27354887998035
24 1 0.0 42.18097531249896
24 1 0.0 41.39141601560527
24 1 0.0 38.75797200409829
24 1 83.32049520000737 120.01339669310335
24 1 0.0 36.05802451380009
24 1 0.0 35.49380547999817
24 1 0.0 34.30856326400408
24 1 0.0 34.21299589839923
24 1 0.0 32.90436893999595
24 1 0.0 32.65046061078215
24 1 0.0 32.57767455162366
24 1 68.92904495200054 101.38149031960006
24 1 32.09538342999542 64.54191842999467
24 1 163.13735483999744 194.47029129000134
24 1 0.0 31.171669460896737
24 1 0.0 29.42444248999277
24 1 22.317291900002317 51.708363339999096
24 1 0.0 28.992809822689736
24 1 0.0 28.513812721414922
24 1 0.0 28.206932400014466
24 1 0.0 27.925877279999725
24 1 0.0 27.516669552001147
24 1 0.0 27.480740033698112
24 1 0.0 26.968206492392994
24 1 26.013315512398776 52.233068089199946
24 1 305.4743928099996 331.3850275320998
24 1 327.90427084238877 353.8021982835862
24 1 0.0 25.63964254000257
24 1 0.0 25.318268279998847
24 1 0.0 24.93576884400693
24 1 0.0 24.268750469987822
24 1 0.0 24.1171156672022
24 1 0.0 20.894672735600125
24 1 0.0 20.5228221592038
24 1 0.0 19.44013451999831
24 1 0.0 18.447084363601107
24 1 0.0 18.409064429991304
24 1 346.2182800552098 363.74666205720837
24 1 0.0 17.333373307097418
24 1 0.0 16.497898848022487
24 1 43.74227171998734 59.82778658997813
24 1 126.65373355000611 141.99709387998956
24 1 0.0 14.315518603697
24 1 0.0 13.413259973503045
24 1 0.0 13.149478932498823
24 1 416.1796996343894 429.26079704360313
24 1 268.27938063542433 281.23270794528094
24 1 74.11682464999933 86.87043292999874
24 1 14.963265489986156 27.527754400000163
24 1 130.1220209500077 142.1410578099949
24 1 0.0 11.871234640013427
24 1 151.87071284001354 163.44428300000288
24 1 0.0 11.176302865499565
24 1 28.050066869998716 38.60951532000115
24 1 0.0 9.152136107108618
24 1 0.0 9.067812554395005
24 1 30.592862287990897 38.02002279000362
24 1 0.0 7.006282101306169
24 1 0.0 6.957010223103225
24 1 29.73284880999438 36.12688247000705
24 1 365.55800435041374 371.3528026000058
24 1 167.5959274999973 173.3620032499905
24 1 546.2753689303099 551.191758953204
24 1 0.0 4.507825788006585
24 1 199.53840694199744 203.47758932520344
24 1 0.0 3.6791262768074375
24 1 0.0 3.0848247919008145
24 1 154.0830970240952 156.28623778582232
24 1 0.0 2.026645777999761
24 1 0.0 1.3959613425003
24 1 0.0 0.3997175718999415
24 1 0.0 0.17053493560183597
24 0 0.0 inf
# COVID_SAMPLE_19_ROI_1
25 1 0.0 14406.280966469072
25 1 0.0 12818.491551200903
25 1 0.0 12278.601359307104
25 1 0.0 11051.692959770004
25 1 0.0 7773.428418127203
25 1 0.0 7474.824993036007
25 1 0.0 6640.287358539683
25 1 0.0 6351.320001970026
25 1 0.0 5875.06387881601
25 1 0.0 5826.951792613188
25 1 0.0 5364.463395981205
25 1 416.67947241680304 5741.079819235097
25 1 0.0 5040.233563137502
25 1 3298.55815305729 8205.717272911606
25 1 0.0 4600.103728698495
25 1 0.0 4558.294168943199
25 1 0.0 4330.260329196881
25 1 0.0 4287.599549414117
25 1 0.0 3880.3424053898984
25 1 0.0 3864.6807008205187
25 1 0.0 3744.5051052872204
25 1 0.0 3738.188271279494
25 1 0.0 3600.6428493297008
25 1 0.0 3588.876985022397
25 1 0.0 3544.650634720014
25 1 0.0 3443.5294005000223
25 1 0.0 3422.6839123647032
25 1 0.0 3352.746442871863
25 1 0.0 3298.299692202797
25 1 0.0 3226.0662903300076
25 1 0.0 3214.8717957660047
25 1 0.0 3209.358295509999
25 1 1845.9895096064001 4882.538035110698
25 1 0.0 3034.9023514685123
25 1 0.0 2988.108708056403
25 1 0.0 2967.487776490048
25 1 0.0 2923.20189594001
25 1 0.0 2908.8368855055714
25 1 0.0 2839.71298212251
25 1 0.0 2820.311423490003
25 1 48.17012453091024 2774.4751810528014
25 1 0.0 2678.544985541206
25 1 0.0 2658.8445419756754
25 1 4397.022921823286 7030.707757971508
25 1 1948.5258275588976 4573.348816044004
25 1 0.0 2616.9182493199987
25 1 0.0 2585.6932630045085
25 1 0.0 2567.344260512703
25 1 0.0 2519.6564704400103
25 1 0.0 2403.462461270003
25 1 0.0 2399.531836462486
25 1 0.0 2370.4718499100145
25 1 0.0 2346.1979890263015
25 1 0.0 2319.8560460724875
25 1 0.0 2282.1091063200065
25 1 0.0 2267.9328801983966
25 1 0.0 2216.985427067113
25 1 110.05580722422519 2298.137037689021
25 1 0.0 2161.9778355083045
25 1 0.0 2155.485768921576
25 1 0.0 2110.907650620025
25 1 0.0 2057.8820060643875
25 1 0.0 2043.682530596996
25 1 0.0 2029.7059846464963
25 1 0.0 2004.1873389841458
25 1 0.0 1996.3992268399575
25 1 0.0 1996.2761514107033
25 1 0.0 1960.836301933734
25 1 0.0 1954.2181109255089
25 1 0.0 1953.8823540500152
25 1 0.0 1950.14899012999
25 1 0.0 1906.1807548032239
25 1 0.0 1887.0298530896025
25 1 0.0 1885.1021956092118
25 1 0.0 1870.600774931435
25 1 0.0 1837.8292014099884
25 1 0.0 1785.7844017887132
25 1 0.0 1778.319598404395
25 1 0.0 1718.4614962369035
25 1 0.0 1686.636987279965
25 1 0.0 1679.7283172481027
25 1 0.0 1675.2796305299998
25 1 0.0 1632.0951759899988
25 1 0.0 1608.9419909923981
25 1 0.0 1607.6928957695886
25 1 386.35784724749465 1991.1013798499716
25 1 0.0 1602.595834190357
25 1 0.0 1550.8118012688155
25 1 0.0 1512.0379276389149
25 1 0.0 1491.871394961607
25 1 0.0 1474.731412458014
25 1 0.0 1465.9951471912677
25 1 0.0 1437.0348899962905
25 1 0.0 1428.2021091199983
25 1 0.0 1421.734758582118
25 1 0.0 1408.6604383500032
25 1 0.0 1394.531848499993
25 1 0.0 1393.359370175972
25 1 0.0 1363.2714099432014
25 1 0.0 1361.2767332999924
25 1 0.0 1351.624813169998
25 1 0.0 1347.5020195385232
25 1 0.0 1332.8734718560022
25 1 825.1166188749894 2139.783570434995
25 1 0.0 1303.0828662236113
25 1 0.0 1292.8868936325434
25 1 0.0 1271.0285390399977
25 1 0.0 1256.0064962361362
25 1 0.0 1252.3416241799891
25 1 0.0 1249.0978323455922
25 1 0.0 1235.3489000789614
25 1 0.0 1229.7001012399933
25 1 0.0 1224.5939178549052
25 1 0.0 1196.4802559125114
25 1 0.0 1172.1381986699894
25 1 0.0 1167.8275267464228
25 1 418.94096691000277 1584.5864387599854
25 1 0.0 1165.548380049854
25 1 0.0 1165.0888034603918
25 1 0.0 1152.436685016095
25 1 0.0 1144.6026822500157
25 1 0.0 1141.203785249993
25 1 0.0 1139.5787848199802
25 1 0.0 1138.8109808448162
25 1 8.209112760383505 1140.6331836604254
25 1 0.0 1118.5745092000334
25 1 0.0 1116.3926896378807
25 1 0.0 1112.2505392965058
25 1 0.0 1107.9465459873095
25 1 0.0 1103.6468005496195
25 1 0.0 1102.885607575497
25 1 0.0 1101.087291110015
25 1 112.551948646395 1182.562699359993
25 1 0.0 1069.4633710100252
25 1 0.0 1069.3613171419765
25 1 144.88776400000415 1208.1019949999913
25 1 38.26603669160386 1097.8368124604206
25 1 0.0 1055.1772547660084
25 1 0.0 1041.951522749987
25 1 0.0 1036.9209795900006
25 1 0.0 1030.8988055374757
25 1 0.0 1030.0923234419934
25 1 0.0 1021.5015421184103
25 1 0.0 1013.5064883036118
25 1 923.6092366400226 1926.2804468534923
25 1 0.0 991.7424908986668
25 1 0.0 983.1823728399886
25 1 0.0 972.3338928616824
25 1 0.0 960.1172962416958
25 1 0.0 953.2125608020033
25 1 474.02145003771693 1425.131434309721
25 1 0.0 949.8702560515903
25 1 0.0 944.5844645633983
25 1 0.0 944.4032357675101
25 1 0.0 940.4480556199879
25 1 0.0 935.1921810099823
25 1 0.0 933.7040852686878
25 1 14.207691770386191 946.4178885300064
25 1 0.0 929.0463080099976
25 1 0.0 919.0192463800093
25 1 0.0 914.3026412067015
25 1 0.0 911.560462511994
25 1 0.0 906.7434963224243
25 1 0.0 892.9277028774977
25 1 58.20454169293953 947.3922545869264
25 1 0.0 880.5169354463351
25 1 0.0 879.0282730619756
25 1 0.0 877.6241540400067
25 1 0.0 870.7108768895991
25 1 0.0 864.3477708600078
25 1 0.0 862.9483122430966
25 1 0.0 856.6428299605241
25 1 0.0 855.1281499535153
25 1 0.0 853.6788566778957
25 1 119.7573171875149 969.3223524925152
25 1 0.0 840.3647106544099
25 1 0.0 835.019966354394
25 1 0.0 833.3976214585764
25 1 626.0643010614931 1455.825360945496
25 1 0.0 824.7351918838012
25 1 0.0 824.5985645679939
25 1 0.0 819.9413195523773
25 1 0.0 817.3158315203768
25 1 0.0 816.6169144400214
25 1 0.0 815.906483312007
25 1 177.52592490718484 991.7785560000063
25 1 0.0 810.933409198507
25 1 0.0 800.1447378600024
25 1 0.0 798.4648236340049
25 1 378.21328491840313 1170.823056358402
25 1 0.0 791.3440218027026
25 1 0.0 785.104805761348
25 1 0.0 781.5333191892851
25 1 0.0 780.4259032083878
25 1 0.0 780.1844953351992
25 1 837.8115931655921 1617.4377918415885
25 1 0.0 777.426690436137
25 1 0.0 773.7455406124736
25 1 444.4904210724899 1216.3801382644078
25 1 92.70206367800142 862.2557386700053
25 1 0.0 758.4105004282983
25 1 698.6098664720989 1456.2227124723904
25 1 0.0 754.8126280700299
25 1 0.0 748.3892831855992
25 1 672.5559492699954 1420.6945560809254
25 1 0.0 746.4053117200133
25 1 0.0 745.9076228880067
25 1 0.0 743.6151423140016
25 1 0.0 735.7902156400138
25 1 0.0 730.0413966100142
25 1 0.0 727.1851424820004
25 1 0.0 721.8485023376279
25 1 0.0 720.3775809574961
25 1 194.87588524650755 910.3261657256348
25 1 0.0 714.4935027099873
25 1 0.0 710.0970163200075
25 1 0.0 706.6884526128142
25 1 0.0 701.329108815084
25 1 0.0 696.9137468292743
25 1 0.0 686.1455379199533
25 1 0.0 684.1124403385111
25 1 0.0 682.2467279463224
25 1 0.0 679.5875333717045
25 1 0.0 678.8834923250906
25 1 0.0 670.6313003123967
25 1 0.0 663.1647645243788
25 1 0.0 662.2880706519923
25 1 0.0 661.0977043980683
25 1 0.0 659.2595050100167
25 1 0.0 657.8669626091065
25 1 447.15866283000605 1104.6429497900067
25 1 0.0 653.3958919256293
25 1 0.0 648.7088332310987
25 1 0.0 645.2412361500542
25 1 0.0 635.0853958335106
25 1 126.5222634419988 759.1374286582932
25 1 48.731978212484364 677.9038488649148
25 1 0.0 625.2089835620162
25 1 0.0 617.6054462416719
25 1 0.0 616.2169476803991
25 1 0.0 615.0407580020365
25 1 0.0 609.2264792625178
25 1 0.0 603.483120933198
25 1 0.0 601.1917493599567
25 1 0.0 601.1374603200118
25 1 0.0 599.9714649200046
25 1 0.0 595.7069916460255
25 1 167.3057156478942 760.0237618615029
25 1 0.0 587.6664131124094
25 1 0.0 585.7763888907928
25 1 0.0 584.1444447569265
25 1 0.0 582.5543875223999
25 1 0.0 581.3640860261075
25 1 0.0 576.302377482526
25 1 0.0 573.3664616053056
25 1 0.0 571.2223695599882
25 1 0.0 564.2104765695908
25 1 0.0 560.9876952366969
25 1 0.0 558.1159215923992
25 1 0.0 557.5981945295857
25 1 0.0 556.3492536535919
25 1 1690.164982710009 2243.269115924387
25 1 0.0 552.4687649160032
25 1 0.0 551.9138099199944
25 1 71.35773083200911 622.0215226175806
25 1 0.0 550.5232835327452
25 1 1228.9821058655857 1778.7180717999613
25 1 0.0 548.1435108224985
25 1 1489.1038616600108 2035.5016043000178
25 1 0.0 546.0232603295799
25 1 0.0 538.8887610276968
25 1 0.0 538.5622870016991
25 1 0.0 536.0996767011129
25 1 0.0 533.8406186344869
25 1 0.0 523.6436639899966
25 1 0.0 516.2214193604884
25 1 320.77233276040624 836.348694472802
25 1 0.0 513.2739239529114
25 1 0.0 509.9468802500187
25 1 0.0 508.6354136239952
25 1 472.06054641510036 978.7157599311129
25 1 0.0 506.1448752543838
25 1 0.0 502.8294045899738
25 1 254.5613216000038 755.301018212485
25 1 779.9944317748982 1280.1156473530941
25 1 0.0 496.3267690156005
25 1 233.70798024999522 725.6629480800061
25 1 0.0 488.2775212500021
25 1 0.0 486.15165724962185
25 1 0.0 485.4732889613001
25 1 0.0 485.24715318470027
25 1 0.0 484.34760396360116
25 1 0.0 483.64157844629835
25 1 0.0 482.32509029598873
25 1 0.0 475.64074013499567
25 1 0.0 473.918383335214
25 1 0.0 473.478352315297
25 1 0.0 473.037976100012
25 1 0.0 464.90694318119495
25 1 103.90314442000329 565.5810662399928
25 1 255.78221333438648 716.9371328958517
25 1 267.04547019996494 727.1429055043882
25 1 0.0 458.4841448308862
25 1 0.0 453.05779678209547
25 1 7.9988269323994245 455.75768219249085
25 1 0.0 447.31500440050786
25 1 0.0 439.4385224483901
25 1 0.0 438.47155196049243
25 1 0.0 437.27226278093735
25 1 0.0 435.65378930274596
25 1 139.78987587600477 571.8087100828025
25 1 0.0 429.4012365744111
25 1 0.0 420.7605466700022
25 1 0.0 419.50288834754997
25 1 0.0 416.56055952001634
25 1 0.0 414.65419364000354
25 1 0.0 399.9809897699961
25 1 141.14058079801316 539.0808296413284
25 1 0.0 391.41796455600706
25 1 0.0 391.32438842040233
25 1 0.0 389.0751435324064
25 1 0.0 387.0920405075067
25 1 0.0 386.9255673919952
25 1 0.0 385.02728105999745
25 1 468.2642807931211 852.303168222485
25 1 0.0 382.6233474593896
25 1 0.0 380.2062289264584
25 1 0.0 378.8548297891093
25 1 0.0 377.5301905600036
25 1 2152.272275535989 2529.799216408501
25 1 0.0 377.23251101999904
25 1 58.41739313219364 431.9995050037285
25 1 0.0 373.5132051350041
25 1 0.0 370.0144043550672
25 1 0.0 368.97703739000644
25 1 0.0 366.1405176080008
25 1 0.0 362.34471247040346
25 1 327.4844159999973 688.5776961600066
25 1 0.0 357.6966243049094
25 1 239.28896687999463 596.5714860675059
25 1 135.52672599749803 489.0063723300045
25 1 103.22585193999203 455.5461098700173
25 1 26.445498607611626 377.4087183107988
25 1 0.0 349.55670373998043
25 1 563.432656709992 912.7470994095934
25 1 0.0 345.6601894139908
25 1 0.0 343.9119279755946
25 1 0.0 340.85234552359816
25 1 0.0 334.24396896040184
25 1 0.0 333.88192433000165
25 1 0.0 331.6199541799963
25 1 0.0 331.2253390652854
25 1 299.84820787398326 630.5258415425478
25 1 242.99361703351315 569.0047905847
25 1 0.0 325.0684342720108
25 1 0.0 324.249737270017
25 1 0.0 322.7834235223895
25 1 318.08131715088984 639.5865103574897
25 1 111.09236406997888 428.4956105100025
25 1 0.0 317.31803668000157
25 1 0.0 314.61689793799746
25 1 0.0 309.69581184003073
25 1 0.0 309.07339521120434
25 1 0.0 306.90775056160965
25 1 0.0 304.8709812813495
25 1 169.66150882907914 471.0348200456019
25 1 751.7006816366525 1045.6494651408884
25 1 0.0 291.37247408173516
25 1 0.0 280.43486835639555
25 1 0.0 279.43167150442014
25 1 0.0 278.39142668372733
25 1 0.0 276.6436155587967
25 1 0.0 276.6196809906966
25 1 0.0 273.7043560091988
25 1 0.0 270.75538365081957
25 1 0.0 269.2114090094892
25 1 0.0 265.366546895596
25 1 0.0 261.34019672839713
25 1 0.0 261.0394252690039
25 1 0.0 259.01651639040847
25 1 0.0 257.60441417810966
25 1 0.0 256.6672158662964
25 1 318.0515428699973 572.0408251676231
25 1 1259.381682649605 1513.001702925632
25 1 677.2593515699982 928.8532111799777
25 1 0.0 242.03725930050155
25 1 0.0 241.97976954960268
25 1 0.0 240.32209720986543
25 1 320.8144435900249 558.9707451083962
25 1 0.0 237.9792115199857
25 1 0.0 234.8323171809268
25 1 297.2389925055968 531.6875006913006
25 1 0.0 226.8460271145036
25 1 0.0 226.12850371189302
25 1 0.0 224.5974451047923
25 1 0.0 222.1195557795795
25 1 0.0 221.90028888113056
25 1 1328.4612407899956 1549.9260193119965
25 1 0.0 220.94879477810082
25 1 5.569973919981294 226.22144591999222
25 1 0.0 220.20023587000014
25 1 139.49632163161857 352.1096874347063
25 1 1.9210576379084614 213.4814713639018
25 1 0.0 211.1550761288936
25 1 0.0 209.58925168440135
25 1 0.0 209.33795498757218
25 1 0.0 208.65935381641248
25 1 0.0 208.08722251149175
25 1 112.239097079987 317.842383887506
25 1 0.0 203.61558741330282
25 1 0.0 203.01191098751133
25 1 151.34612611370767 354.293235102009
25 1 0.0 202.90449949361164
25 1 146.75658592000298 348.4411150400027
25 1 0.0 201.3828719000063
25 1 0.0 200.8029065796071
25 1 0.0 198.6176351856052
25 1 0.0 196.0534502555995
25 1 0.0 195.13211179198674
25 1 0.0 193.73156652749412
25 1 0.0 192.87535491000108
25 1 0.0 191.9326760640086
25 1 0.0 189.0119065036056
25 1 0.0 186.4476710699999
25 1 0.0 185.4345747876946
25 1 113.87040913624764 298.31430564209336
25 1 394.40855665399476 576.2946563899955
25 1 138.94878374440145 318.6842308516166
25 1 581.9159505296138 759.0662613135055
25 1 35.290105430396125 208.87912785360004
25 1 0.0 171.75374019950266
25 1 0.0 169.90501080761396
25 1 0.0 169.55562384000564
25 1 214.12665103794188 383.60847620766344
25 1 0.0 169.24889152709716
25 1 0.0 168.9917090256049
25 1 0.0 168.2058116377816
25 1 237.28375504439168 405.12674291870553
25 1 0.0 166.5841640100059
25 1 0.0 164.1429919199967
25 1 0.0 163.06877942710662
25 1 0.0 162.95075055959614
25 1 0.0 162.73489282560342
25 1 0.0 162.5116592428883
25 1 249.26084419310575 411.52680182330016
25 1 18.246570184283428 180.33650022987786
25 1 0.0 157.11950301820434
25 1 0.0 153.5993936951112
25 1 0.0 151.9825957500102
25 1 81.41840531529903 232.5224080965006
25 1 364.7462196139993 513.8051271599998
25 1 0.0 146.97535150841122
25 1 13.62435190230417 160.48334892998673
25 1 126.22220449246697 268.48413392752013
25 1 0.0 141.4338852011948
25 1 202.69004992249938 341.4512703444145
25 1 14.427754284951334 152.0011058400205
25 1 0.0 135.69228297751135
25 1 0.0 134.80636224240288
25 1 0.0 133.58362030009778
25 1 0.0 132.59969829159763
25 1 0.0 130.5729403125208
25 1 0.0 129.69620431999692
25 1 0.0 129.33923487999857
25 1 0.0 128.91554469887978
25 1 0.0 126.03835227480823
25 1 0.0 125.78546794667693
25 1 0.0 124.91709877201083
25 1 0.0 124.60263983270124
25 1 0.0 123.58902409000461
25 1 0.0 123.56877847798569
25 1 0.0 123.5356643399939
25 1 0.0 122.99060900041695
25 1 250.87067692704227 373.15909227441864
25 1 0.0 121.64159466742603
25 1 60.55074082894657 181.5143948925038
25 1 0.0 120.53205933920253
25 1 0.0 116.44888213003173
25 1 77.25384844800374 191.93590499851007
25 1 106.83277314317547 221.3899891311803
25 1 62.280694509996465 176.67699988999834
25 1 0.0 114.28783649879938
25 1 0.0 110.97080979149541
25 1 0.0 107.67982751248496
25 1 203.67817321597795 310.6014119200279
25 1 0.0 106.91608524170215
25 1 196.6984194038978 302.3131814776025
25 1 53.909263706010734 158.19417996270522
25 1 0.0 103.95748121200313
25 1 0.0 103.73248879719392
25 1 0.0 102.27039256160492
25 1 0.0 101.77565362841551
25 1 2253.396414398798 2350.872112390797
25 1 0.0 94.27216938119972
25 1 0.0 94.1376963892011
25 1 0.0 93.21319380142415
25 1 0.0 91.83276246399907
25 1 0.0 90.8456428483014
25 1 0.0 90.59385686399833
25 1 138.34809422999524 228.17386906398656
25 1 0.0 88.87206468000016
25 1 0.0 88.55600231998824
25 1 0.0 87.38722163841749
25 1 7.68350759998475 93.85197803396704
25 1 0.0 84.70347959399749
25 1 500.63951475130307 583.4819365500007
25 1 180.12837609749658 261.2765536899924
25 1 422.97815123999 503.39903269997455
25 1 261.89645205000215 342.2278130799948
25 1 0.0 77.97329423788142
25 1 461.15233938999313 535.8473966099973
25 1 0.0 74.24989026800222
25 1 304.02137131309905 378.2213263818994
25 1 196.4865081229018 270.2955230505031
25 1 0.0 73.65661579150463
25 1 0.0 73.01403040000469
25 1 0.0 70.1520902303946
25 1 0.0 69.49236700309939
25 1 0.0 68.79857351919509
25 1 870.1243953380151 937.697704784
25 1 0.0 61.88494884069905
25 1 470.50690323040897 532.2284414600008
25 1 0.0 61.34671649439906
25 1 0.0 61.31540044589747
25 1 0.0 55.999909898002215
25 1 192.53980509968824 247.12353994849082
25 1 0.0 53.903532590103396
25 1 0.0 53.82559430760307
25 1 0.0 51.527688280003076
25 1 0.0 50.404196957596696
25 1 0.3402677099961693 48.979386626005976
25 1 121.00406767251025 169.59870373750232
25 1 0.0 46.666413913998895
25 1 0.0 45.46664812757808
25 1 126.06599528244988 168.77028914996617
25 1 0.0 41.1283276320037
25 1 0.0 40.840342915200466
25 1 0.0 40.668047983208
25 1 0.0 40.5780236816056
25 1 0.0 39.13922651999815
25 1 0.0 38.00078558296377
25 1 0.0 35.04166893251795
25 1 0.0 33.32261714200068
25 1 0.0 33.15819745891076
25 1 0.0 32.99949648998063
25 1 0.0 30.490181307503235
25 1 81.6376563139986 111.70350791999408
25 1 0.0 28.43792608501991
25 1 0.0 25.967221066892762
25 1 0.0 25.74159580319838
25 1 0.0 25.09688396519641
25 1 319.28060167039393 344.11564519400054
25 1 0.0 24.797272631239423
25 1 0.0 24.311585075998664
25 1 149.720159329593 173.38374271999135
25 1 0.0 22.720000648975315
25 1 0.0 20.52949841290092
25 1 0.0 20.3304287300316
25 1 0.0 19.059339021196593
25 1 0.0 18.881781612002214
25 1 0.0 18.37180718211755
25 1 0.0 17.748705799986055
25 1 0.0 15.926518780505376
25 1 339.64355928000714 354.7642393692049
25 1 0.0 14.077755322893609
25 1 0.0 12.5717079095798
25 1 1110.1933319744958 1120.885480407208
25 1 38.33549823240628 48.87021962830033
25 1 0.0 8.441719698000043
25 1 0.0 7.294045841589195
25 1 0.0 6.40644943899656
25 1 5.980284800013578 11.184320130007563
25 1 0.0 3.9438784142137138
25 1 515.1865246944083 519.0319670700005
25 1 0.0 3.7789499482931888
25 1 0.0 2.3986786854300135
25 1 360.7657927668041 362.3542420108014
25 1 0.0 0.6024734935040215
25 1 0.0 0.5700211508931261
25 1 0.0 0.2569357823994949
25 0 0.0 inf
25 0 0.0 96.82411650751203
# COVID_SAMPLE_16_ROI_1
26 1 17793.438505180566 41580.33654346496
26 1 0.0 22373.155858675986
26 1 0.0 16982.56630093761
26 1 0.0 9488.438923991987
26 1 0.0 8433.05051007163
26 1 0.0 8324.38635794002
26 1 0.0 7574.360829239966
26 1 0.0 6215.037224832702
26 1 0.0 5544.8991838987895
26 1 0.0 5271.5876103160335
26 1 0.0 5040.191358199998
26 1 0.0 4945.360981820191
26 1 0.0 4455.594865089975
26 1 0.0 4252.450366650002
26 1 0.0 4168.917652839989
26 1 0.0 4134.269556073603
26 1 0.0 4091.4935979371003
26 1 0.0 4073.1227291000405
26 1 0.0 3999.435476794004
26 1 0.0 3989.998931560035
26 1 0.0 3957.3743885209997
26 1 0.0 3782.2812674227807
26 1 0.0 3588.9644408815925
26 1 0.0 3564.046079060001
26 1 0.0 3545.6708802755775
26 1 0.0 3530.8060986180453
26 1 0.0 3364.7366355099675
26 1 0.0 3352.518688191989
26 1 0.0 3202.6724239524924
26 1 0.0 3197.8254998739712
26 1 0.0 3185.5545494404023
26 1 0.0 3148.959032720007
26 1 0.0 3108.1018055119903
26 1 0.0 3035.954682902405
26 1 0.0 2991.091602123042
26 1 0.0 2991.0878350959997
26 1 0.0 2962.1676660500043
26 1 34.591652947615785 2899.6198271556004
26 1 0.0 2805.2968232325034
26 1 0.0 2792.309112230012
26 1 0.0 2719.0188381199882
26 1 0.0 2654.40719478361
26 1 0.0 2615.0726131595884
26 1 0.0 2610.6605268719986
26 1 0.0 2562.832437879998
26 1 0.0 2517.631857600008
26 1 0.0 2446.5149472563917
26 1 0.0 2435.5447347745103
26 1 0.0 2423.212275270025
26 1 0.0 2420.763239505596
26 1 0.0 2413.656326936257
26 1 0.0 2364.0513683305007
26 1 0.0 2298.0903512000086
26 1 0.0 2225.876250940003
26 1 0.0 2221.499988630043
26 1 0.0 2150.0266726900136
26 1 0.0 2148.0600528010905
26 1 0.0 2143.9739136530934
26 1 4689.494676563374 6779.879780720819
26 1 0.0 2059.2473063856023
26 1 0.0 2048.2893143265055
26 1 0.0 2042.0855466981084
26 1 0.0 2037.7127800901026
26 1 0.0 2031.0361860576868
26 1 0.0 2022.355932709996
26 1 0.0 2012.25670661004
26 1 0.0 1974.8137998440152
26 1 0.0 1972.137335653103
26 1 0.0 1960.2257937500062
26 1 0.0 1955.119108425603
26 1 184.23390953890703 2122.408144282403
26 1 0.0 1934.2000518814948
26 1 0.0 1924.1710687375084
26 1 0.0 1908.9194740003622
26 1 0.0 1876.1995751899572
26 1 0.0 1834.9425579799636
26 1 0.0 1785.1220829064978
26 1 0.0 1778.7664136700087
26 1 0.0 1754.5745518400026
26 1 162.68457566694815 1909.8311377255172
26 1 0.0 1744.4446766775209
26 1 0.0 1729.16840490999
26 1 0.0 1665.8625262800142
26 1 0.0 1664.5416074697123
26 1 0.0 1640.748770009996
26 1 0.0 1629.97665718999
26 1 0.0 1617.6575322310891
26 1 0.0 1605.6654094399855
26 1 0.0 1604.9457680400083
26 1 0.0 1595.0486851419962
26 1 0.0 1589.0900499493023
26 1 0.0 1578.0294838802956
26 1 0.0 1575.9872209451023
26 1 0.0 1564.4525591393085
26 1 0.0 1546.1420589640004
26 1 0.0 1541.6938496128023
26 1 0.0 1538.3313833054945
26 1 0.0 1501.857947730005
26 1 0.0 1501.2168073711218
26 1 0.0 1491.2224715843963
26 1 0.0 1471.8306618905021
26 1 0.0 1464.788079002006
26 1 0.0 1454.0622597875054
26 1 0.0 1435.4967678932908
26 1 0.0 1424.5603102600353
26 1 0.0 1416.2883853459875
26 1 0.0 1413.3972014000044
26 1 0.0 1408.5736058693083
26 1 0.0 1403.6473982523953
26 1 0.0 1394.857356217491
26 1 0.0 1368.1953888200007
26 1 0.0 1366.1727931900205
26 1 0.0 1357.650317464902
26 1 0.0 1356.921605711204
26 1 0.0 1353.9543642403892
26 1 0.0 1353.6449235400096
26 1 0.0 1347.4982492700274
26 1 0.0 1340.820142369981
26 1 0.0 1329.5128588484015
26 1 0.0 1316.3754958939135
26 1 0.0 1314.6865745200134
26 1 0.0 1300.6455123244132
26 1 0.0 1290.082596769958
26 1 0.0 1264.0605857374885
26 1 0.0 1260.0044425214974
26 1 0.0 1249.4650493784184
26 1 0.0 1248.4560472700073
26 1 0.0 1241.7129794196035
26 1 0.0 1232.2359897425085
26 1 0.0 1218.4854456010055
26 1 0.0 1213.8498132752075
26 1 956.7690127999858 2146.259797850004
26 1 0.0 1181.0919169564804
26 1 0.0 1178.740418990003
26 1 0.0 1178.0021367774948
26 1 0.0 1159.0821549660086
26 1 0.0 1139.0452238295002
26 1 0.0 1134.5457704099983
26 1 0.0 1132.204617600015
26 1 207.7629908900185 1329.5063462399885
26 1 0.0 1114.819873757702
26 1 0.0 1113.9892433599862
26 1 0.0 1103.945649447201
26 1 0.0 1097.4655993408069
26 1 0.0 1078.3784664000023
26 1 0.0 1075.5731318583053
26 1 0.0 1074.4983499540263
26 1 0.0 1072.5412643269058
26 1 0.0 1071.0727147493026
26 1 0.0 1065.1597543849794
26 1 0.0 1065.079994970008
26 1 0.0 1062.0070549195996
26 1 0.0 1058.9891996919873
26 1 0.0 1052.1229836800092
26 1 0.0 1050.1227820656022
26 1 0.0 1043.0701400523885
26 1 15.162294791998136 1053.6489615540154
26 1 0.0 1036.5269321500132
26 1 0.0 1034.1985119450965
26 1 0.0 1012.5632034446971
26 1 0.0 996.9299721099871
26 1 0.0 993.5617229100017
26 1 0.0 989.1686429860229
26 1 0.0 984.3505761616016
26 1 0.0 983.8002672480047
26 1 0.0 983.2355724800027
26 1 0.0 977.5861178834984
26 1 0.0 971.389767609988
26 1 236.65675207369168 1207.4373890529055
26 1 0.0 968.9491596511748
26 1 203.09896850998416 1163.989725499981
26 1 0.0 960.0432710843909
26 1 0.0 957.712137359988
26 1 162.10259486800283 1119.6659323240087
26 1 0.0 937.2098469300031
26 1 0.0 923.9763800780063
26 1 0.0 921.8918653967985
26 1 0.0 917.8558107199756
26 1 0.0 913.2049515657
26 1 0.0 911.9977385390991
26 1 0.0 909.8323186499929
26 1 0.0 903.8724187022863
26 1 0.0 902.1844298124072
26 1 383.9755313928199 1281.8888056539927
26 1 0.0 892.9079291099592
26 1 0.0 885.5816432108982
26 1 0.0 884.2410613800037
26 1 0.0 877.0516671959986
26 1 0.0 871.3286674187048
26 1 0.0 867.2049633956901
26 1 0.0 861.0845880287065
26 1 0.0 857.1393803100054
26 1 0.0 846.697320966523
26 1 0.0 841.1511491599908
26 1 0.0 837.511218350005
26 1 0.0 829.3826552294963
26 1 0.0 826.8648203901028
26 1 0.0 825.8901059400941
26 1 0.0 822.8556120399962
26 1 0.0 815.3829506899892
26 1 0.0 813.0924273500032
26 1 0.0 809.2692806783975
26 1 0.0 804.952607786403
26 1 0.0 804.6624991243967
26 1 0.0 802.3540951608788
26 1 0.0 798.7914981074882
26 1 0.0 798.2412326000094
26 1 59.25825377790056 851.5438962873043
26 1 0.0 784.806554080018
26 1 0.0 780.4287572700309
26 1 0.0 779.3702840787078
26 1 0.0 763.066562359995
26 1 78.64711937999277 837.2186409999777
26 1 0.0 744.6350873052866
26 1 0.0 743.1288715200135
26 1 0.0 736.144883277304
26 1 0.0 734.1161629347912
26 1 0.0 729.8487234024924
26 1 0.0 727.8305434800129
26 1 0.0 727.5287025935872
26 1 0.0 727.4613693199844
26 1 0.0 726.5953174840029
26 1 0.0 719.5729689300088
26 1 0.0 712.5660456599968
26 1 0.0 709.1951168399858
26 1 0.0 705.6579873183214
26 1 0.0 701.6512459500036
26 1 0.0 698.8255597301029
26 1 0.0 685.6545977256196
26 1 1160.0475987196146 1842.7674140844147
26 1 0.0 681.6130686295148
26 1 0.0 679.7258967730982
26 1 0.0 676.7332279464022
26 1 0.0 674.9379968479916
26 1 290.09887784005787 963.2037123200425
26 1 301.43783633002477 973.6212570433095
26 1 117.59877985000094 788.6721238800063
26 1 0.0 670.8482164520192
26 1 0.0 657.244678551989
26 1 0.0 654.784443550021
26 1 0.0 654.6399832699024
26 1 0.0 649.518936609601
26 1 0.0 645.7240283039912
26 1 0.0 643.5034395599962
26 1 0.0 639.2664928530912
26 1 0.0 637.8629593458913
26 1 0.0 634.8160494700005
26 1 0.0 629.7511142388047
26 1 0.0 626.4941062451012
26 1 0.0 624.3601160000031
26 1 0.0 621.4971450500113
26 1 134.7157798163887 755.2140347363893
26 1 0.0 618.9697622760032
26 1 0.0 617.5288188247368
26 1 0.0 616.8233579920006
26 1 0.0 616.3922987380001
26 1 44.45401338001534 660.5217935099927
26 1 0.0 611.5624711859873
26 1 467.39695391001396 1075.1613794500108
26 1 0.0 607.2099402736003
26 1 0.0 605.0761955000016
26 1 0.0 603.2097061367999
26 1 0.0 592.6107546980002
26 1 2073.285139061198 2665.507041377204
26 1 0.0 591.4860290168003
26 1 0.0 589.2858148022951
26 1 2632.257030540105 3221.302144870502
26 1 0.0 588.5444002499903
26 1 0.0 588.1699193875074
26 1 0.0 578.9796093800119
26 1 0.0 576.5659480000058
26 1 0.0 575.5523868441587
26 1 0.0 573.154081562099
26 1 0.0 561.857225350506
26 1 0.0 555.4869474799907
26 1 0.0 553.6705634299992
26 1 0.0 552.564188190003
26 1 0.0 551.670277550018
26 1 526.0575078500083 1070.974562459995
26 1 0.0 544.5000714833409
26 1 41.99295343999165 583.8760952100163
26 1 0.0 537.214312898107
26 1 0.0 537.1258998799985
26 1 0.0 535.5130893467876
26 1 0.0 529.6423563300132
26 1 0.0 522.8053881799806
26 1 0.0 519.1105941899909
26 1 0.0 514.8293132118988
26 1 0.0 514.4159096691985
26 1 0.0 506.5717984700011
26 1 0.0 504.6475399500001
26 1 0.0 503.52477566599737
26 1 0.0 502.4128238999933
26 1 0.0 500.89290021750344
26 1 0.0 498.69466979000504
26 1 0.0 497.7008264800015
26 1 0.0 493.313266305885
26 1 0.0 486.98361596560085
26 1 877.1174177578955 1364.0057532500014
26 1 0.0 485.23151170999245
26 1 0.0 484.94740467750853
26 1 0.0 484.685360044896
26 1 0.0 479.9635768059902
26 1 0.0 477.2731382784076
26 1 0.0 472.2514009600111
26 1 0.0 456.09834038239785
26 1 0.0 452.63004399999136
26 1 290.60380874000884 740.3630508000062
26 1 0.0 449.0931823599981
26 1 0.0 449.08057219001876
26 1 0.0 447.31137487799424
26 1 0.0 443.3206629500137
26 1 0.0 442.2375842031108
26 1 0.0 441.2564313499947
26 1 0.0 441.07268586689634
26 1 0.0 440.70940751998967
26 1 0.0 439.87361266759376
26 1 0.0 437.9965929297023
26 1 0.0 433.9984575104954
26 1 0.0 433.4961875116037
26 1 0.0 433.31487284000195
26 1 0.0 429.4989949700082
26 1 0.0 424.07423333249244
26 1 311.58708111995975 733.9576344099987
26 1 0.0 421.941741988799
26 1 0.0 419.5712299855934
26 1 31.62186898999994 449.9064757200068
26 1 0.0 417.29353496879867
26 1 140.05228671832538 551.7480723666731
26 1 0.0 404.44429443840545
26 1 225.50630153000156 627.4223296100074
26 1 0.0 400.80955328000437
26 1 0.0 399.42583756250497
26 1 61.36323885001502 458.8553069399982
26 1 0.0 396.057079620894
26 1 0.0 396.00742339999886
26 1 67.59008455251205 460.8816666999992
26 1 0.0 391.0441450553062
26 1 0.0 382.23523135000323
26 1 0.0 377.17043754239535
26 1 0.0 377.15540774999977
26 1 0.0 373.50945081560303
26 1 0.0 372.48823833003325
26 1 289.71490580760883 660.0522280400114
26 1 0.0 367.47750750002024
26 1 194.15128426000865 557.3088214400004
26 1 0.0 362.081450061095
26 1 0.0 360.36228822429985
26 1 78.7055581800056 430.7097000600211
26 1 0.0 351.53112492998935
26 1 0.0 348.0508386907935
26 1 0.0 342.4419225366944
26 1 0.0 341.3765867895081
26 1 130.1416711999832 467.26135357998965
26 1 0.0 335.4035466674909
26 1 0.0 330.5624000700034
26 1 387.7517227343974 717.6093777300913
26 1 0.0 329.31628073160437
26 1 0.0 328.2227743599624
26 1 0.0 327.8115288388999
26 1 0.0 327.28582309000353
26 1 0.0 323.9994554699915
26 1 0.0 319.09808952050275
26 1 39.51396212000395 356.2618555799919
26 1 0.0 307.578043761775
26 1 0.0 306.65693344600777
26 1 754.2931947999978 1057.6113039174988
26 1 0.0 296.5286524779913
26 1 0.0 295.26007279040584
26 1 0.0 295.23779449003496
26 1 47.23642581250249 341.3008304400007
26 1 145.70136056997967 439.63456018949864
26 1 0.0 291.11152412000513
26 1 0.0 286.80949526998324
26 1 0.0 285.62931249262556
26 1 0.0 284.30451145879897
26 1 387.49084860000266 670.4205995600037
26 1 0.0 280.87870726480696
26 1 0.0 279.44610951000084
26 1 0.0 276.26535678249684
26 1 0.0 275.6922688848051
26 1 51.46902988999739 326.54258109000625
26 1 0.0 273.8729848764259
26 1 0.0 272.7541876500013
26 1 0.0 267.8572041107227
26 1 0.0 265.2876625500039
26 1 0.0 260.5563769699738
26 1 0.0 258.70023925839473
26 1 0.0 255.4918017699988
26 1 0.0 253.90180394000367
26 1 0.0 250.08274735000316
26 1 0.0 248.5723716171915
26 1 110.62881431998812 358.8063436899897
26 1 0.0 247.50282577868802
26 1 1247.1606275776003 1493.5757345083057
26 1 0.0 245.80531238951994
26 1 0.0 245.73959578998733
26 1 0.0 242.63357277480372
26 1 0.0 241.71471869000237
26 1 0.0 239.8896302015953
26 1 0.0 237.24336544000812
26 1 0.0 234.6406957568156
26 1 0.0 231.41832968919357
26 1 0.0 231.24628998999833
26 1 410.32515022001326 639.8693805675216
26 1 0.0 229.49023672000544
26 1 83.99233771000354 313.2004916800174
26 1 0.0 229.10099430999503
26 1 0.0 228.4417318436033
26 1 0.0 228.08536242750142
26 1 0.0 224.9153289919991
26 1 0.0 223.81537133559868
26 1 2310.1804288000203 2533.659230400005
26 1 0.0 222.7888360556026
26 1 0.0 222.67860359000815
26 1 0.0 219.376874139106
26 1 57.53874332140799 276.87443246120256
26 1 0.0 218.84249039998213
26 1 0.0 217.44833910750094
26 1 0.0 214.55528682000272
26 1 1626.3704945584072 1838.4850431605068
26 1 0.0 211.83993509251104
26 1 0.0 210.7744218076018
26 1 0.0 210.4693357200008
26 1 0.0 208.26906724000037
26 1 0.0 207.0834623999972
26 1 0.0 206.26018720000434
26 1 0.0 204.4049611920127
26 1 425.36719463999157 629.4705392399853
26 1 0.0 202.44322960279928
26 1 0.0 202.34642155999154
26 1 0.0 201.22766357759633
26 1 0.0 199.91442288000349
26 1 0.0 199.3931597600092
26 1 0.0 198.26409997250744
26 1 0.0 193.11491008438315
26 1 232.24254544001178 424.1157927599925
26 1 0.0 190.0058450099964
26 1 45.35387711800439 229.23748341160262
26 1 0.0 183.31048989001624
26 1 0.0 182.92021572997533
26 1 0.0 180.0611482354002
26 1 0.0 180.03520706000614
26 1 0.0 179.85588035840289
26 1 0.0 179.261036230002
26 1 342.4247023779935 520.7076710516028
26 1 219.30748896998466 397.5799676699926
26 1 0.0 176.31997282748944
26 1 0.0 176.03785727749892
26 1 909.5110390884057 1084.8295370499911
26 1 0.0 174.44661165839625
26 1 0.0 171.94435609851553
26 1 4.5028382699906615 173.11027250999643
26 1 214.4078088436063 381.9077282207961
26 1 0.0 166.30457851081064
26 1 0.0 165.83464168489775
26 1 0.0 164.94116857000154
26 1 0.0 164.71618964829213
26 1 0.0 161.79084970001873
26 1 198.6224242713065 358.0230127451043
26 1 538.1932145499886 696.4618612230943
26 1 0.0 152.71716257161097
26 1 0.0 152.031803919999
26 1 0.0 144.97752156800766
26 1 0.0 144.5149560899971
26 1 0.0 140.81284247800863
26 1 0.0 139.0030148000011
26 1 0.0 138.59939524308743
26 1 0.0 138.28666650999457
26 1 0.0 137.0360050443005
26 1 117.55530595998903 254.35655679999695
26 1 0.0 135.79170673290005
26 1 162.08934210849816 296.4973049114994
26 1 0.0 132.20843519000323
26 1 0.0 132.1854159900097
26 1 0.0 132.18407644999297
26 1 0.0 131.96421055920473
26 1 547.6350477600049 679.1813027400103
26 1 0.0 131.27596046999747
26 1 0.0 130.72150646800333
26 1 0.0 130.16807072399752
26 1 0.0 130.14322281999307
26 1 0.0 128.03924322999774
26 1 0.0 124.57892264130714
26 1 9.737857016902296 133.94836616090396
26 1 0.0 123.92504550650528
26 1 0.0 121.50797145669821
26 1 0.0 121.43484190999885
26 1 0.0 121.24035519001973
26 1 0.0 118.60358965199976
26 1 0.0 118.51494858839203
26 1 0.0 118.08274871999197
26 1 0.0 117.85560753488653
26 1 31.746742420497355 148.07320875749804
26 1 253.40369298999929 366.2782028699952
26 1 0.0 112.25978125001029
26 1 94.24810457750823 206.08390312000296
26 1 0.0 106.0294610424935
26 1 0.0 105.62590405530091
26 1 0.0 104.79092823250357
26 1 0.0 102.71173917998567
26 1 0.0 102.09990734998382
26 1 249.6783288635961 351.41474758559525
26 1 0.0 100.90893219799091
26 1 0.0 100.88722064999911
26 1 431.5647268300072 532.42149679002
26 1 0.0 100.43590508629381
26 1 88.81683887999952 186.59554528379886
26 1 0.0 97.2210466499946
26 1 0.0 95.56387643999881
26 1 0.0 93.56586543999686
26 1 0.0 89.64695435000021
26 1 0.0 89.29833619349256
26 1 248.8137070511964 337.2613538765004
26 1 208.38698033999594 295.0734236715057
26 1 348.9520403267859 435.10326530999066
26 1 0.0 84.97417496888238
26 1 478.2783422844967 560.343206921696
26 1 0.0 81.96049153769857
26 1 317.10163963709374 395.8080328580055
26 1 0.0 76.74146387999645
26 1 0.0 76.09501194448353
26 1 0.0 74.75900828001068
26 1 0.0 73.07575399840107
26 1 0.0 72.93181843999628
26 1 0.0 72.5927131575113
26 1 146.57177080889505 217.72979312969733
26 1 0.0 70.74052342000073
26 1 0.0 67.59922097998924
26 1 26.231292842501887 93.11937502250056
26 1 0.0 65.98317707000115
26 1 323.35671387999173 387.82992038998236
26 1 0.0 63.12908790999654
26 1 0.0 62.69948291839978
26 1 0.0 61.257405979600776
26 1 0.0 61.21272315439364
26 1 0.0 59.861637389992325
26 1 0.0 59.13201925000112
26 1 0.0 58.695981059508085
26 1 0.0 58.62310179479027
26 1 0.0 57.4111570703908
26 1 0.0 56.703267083099945
26 1 0.0 54.92741856760338
26 1 300.41541527997515 354.1358273600008
26 1 0.0 52.55161896600475
26 1 0.0 51.06896136080218
26 1 0.0 50.34264628000767
26 1 0.0 46.16485556889529
26 1 872.343067529989 918.390192400027
26 1 0.0 44.50716006999892
26 1 347.9220145499917 392.22632910997027
26 1 0.0 44.11269729760056
26 1 0.0 43.481347769204376
26 1 0.0 37.74681327998974
26 1 0.0 36.083424420001876
26 1 0.0 35.73318676799397
26 1 96.35629677319957 130.06777669000076
26 1 0.0 32.75938176000318
26 1 0.0 29.54640331519738
26 1 0.0 29.408697859996494
26 1 0.0 28.48963307999111
26 1 13.146904389999222 40.52419158999089
26 1 0.0 26.24417822000487
26 1 0.909917030017823 26.189242680011375
26 1 0.0 25.038716328001556
26 1 0.0 24.258287399998608
26 1 47.384593800002676 65.69297540000261
26 1 0.0 17.43602255680935
26 1 383.273765670001 400.66112723000947
26 1 624.6304384800069 641.6948056163938
26 1 69.65918854401025 86.03023736280943
26 1 0.0 16.236877221197233
26 1 403.5283582400011 417.70816392001007
26 1 0.0 13.895616741696585
26 1 1147.3188524775287 1160.2553169472376
26 1 0.0 7.873608159996365
26 1 0.0 3.7726209208070713
26 1 0.0 3.5907076680009595
26 1 0.0 2.7155795760118053
26 1 477.5949914163939 479.9686882948972
26 1 0.0 2.0079947699973957
26 1 0.0 0.4865354095018404
26 0 0.0 inf
26 0 0.0 30.070511679998162
# COVID_SAMPLE_10_ROI_2
27 1 0.0 17576.441500972873
27 1 0.0 15189.908383629485
27 1 0.0 12824.659620557584
27 1 0.0 11318.977760079117
27 1 0.0 9589.24194713443
27 1 0.0 8705.60717307871
27 1 0.0 7369.978097949472
27 1 0.0 7358.841968337698
27 1 0.0 6384.6929172533455
27 1 0.0 5335.532083772665
27 1 0.0 5311.993839259203
27 1 0.0 5043.498909194082
27 1 0.0 4932.06788318771
27 1 0.0 4411.924604096421
27 1 0.0 4270.2745088256015
27 1 0.0 4122.847529574905
27 1 0.0 3770.104877175603
27 1 0.0 3580.5585443575947
27 1 0.0 3567.9140238299988
27 1 0.0 3416.7482984871067
27 1 0.0 3330.3457722511757
27 1 0.0 3323.1728979199806
27 1 0.0 3180.809691958345
27 1 0.0 3084.518928113305
27 1 1247.8301111587853 4321.618837780793
27 1 0.0 2946.1799237500263
27 1 0.0 2908.380972265194
27 1 0.0 2895.3647051261
27 1 0.0 2887.6938022696145
27 1 0.0 2803.469599350038
27 1 0.0 2786.1206335178767
27 1 0.0 2753.4397689484863
27 1 1151.934266150024 3897.0007438300318
27 1 0.0 2645.5675168924
27 1 0.0 2596.9871585077
27 1 0.0 2587.9430477025035
27 1 0.0 2530.21469093549
27 1 0.0 2515.266943360002
27 1 0.0 2445.7192082400097
27 1 0.0 2406.469641139598
27 1 0.0 2383.0219830499864
27 1 0.0 2354.8923876288954
27 1 0.0 2340.5445716930953
27 1 0.0 2286.806710659208
27 1 0.0 2254.7240173999967
27 1 0.0 2235.676581996767
27 1 0.0 2235.042410159998
27 1 0.0 2223.071832449981
27 1 0.0 2131.4389888196965
27 1 0.0 2099.5743582903997
27 1 0.0 2095.489461999996
27 1 0.0 2094.8794081827427
27 1 0.0 2055.113573570027
27 1 0.0 2036.6697088199844
27 1 0.0 1991.4123701764006
27 1 0.0 1974.4793397399817
27 1 30.69973337750639 2000.2107853438786
27 1 0.0 1967.444322330004
27 1 0.0 1964.5561507449129
27 1 0.0 1959.1576251860074
27 1 0.0 1954.306275009993
27 1 0.0 1942.9453027199938
27 1 0.0 1921.3543283040917
27 1 0.0 1904.6216684650954
27 1 0.0 1902.603116088003
27 1 0.0 1897.883617449971
27 1 0.0 1875.101751570097
27 1 0.0 1873.289456999993
27 1 0.0 1818.157473272502
27 1 0.0 1814.7665473089
27 1 0.0 1813.1391395369974
27 1 0.0 1787.4580095900014
27 1 0.0 1763.282268911993
27 1 0.0 1756.8771560299979
27 1 0.0 1707.2067033878957
27 1 0.0 1707.1707673919832
27 1 0.0 1695.063490790014
27 1 0.0 1685.2575524400056
27 1 0.0 1645.3471678289088
27 1 0.0 1642.7758703458985
27 1 0.0 1637.8210300400224
27 1 0.0 1624.9501068000036
27 1 0.0 1610.5833119999947
27 1 0.0 1593.44416936249
27 1 0.0 1581.6737422500255
27 1 0.0 1576.1034652400317
27 1 0.0 1570.510299538595
27 1 0.0 1546.919373119993
27 1 0.0 1540.7069152600152
27 1 0.0 1527.4126029963045
27 1 0.0 1527.170733813895
27 1 0.0 1520.2088147261607
27 1 0.0 1485.3576071400012
27 1 0.0 1473.8515128135018
27 1 0.0 1473.749402333303
27 1 0.0 1469.3492555702305
27 1 0.0 1450.396672202392
27 1 0.0 1422.5316890699933
27 1 0.0 1410.7212536803718
27 1 0.0 1409.2368080299998
27 1 0.0 1402.4001048000111
27 1 0.0 1367.3795803499943
27 1 632.8578736577929 1997.2847279645302
27 1 0.0 1358.7979970911956
27 1 0.0 1358.454039878009
27 1 0.0 1352.265849738411
27 1 0.0 1349.8183729099906
27 1 0.0 1329.7361480066986
27 1 0.0 1327.6935254000264
27 1 0.0 1326.1877368763912
27 1 0.0 1326.096060588393
27 1 0.0 1307.4694881112061
27 1 0.0 1299.426034358506
27 1 387.9968109453025 1668.4192964556178
27 1 0.0 1266.4230827600068
27 1 0.0 1263.7881032879918
27 1 0.0 1255.910180490016
27 1 0.0 1247.3617278590978
27 1 0.0 1244.4876536999836
27 1 0.0 1242.351553580004
27 1 0.0 1236.165393809996
27 1 0.0 1232.842096050699
27 1 0.0 1226.5946226800093
27 1 0.0 1225.4772579334722
27 1 15.884196890012277 1235.7609473599996
27 1 0.0 1219.6464426300095
27 1 0.0 1209.4138810799852
27 1 0.0 1201.9491205585045
27 1 0.0 1200.0972992583065
27 1 0.0 1196.0546306299918
27 1 0.0 1195.437327500009
27 1 0.0 1195.0562094399775
27 1 0.0 1193.9952176324996
27 1 0.0 1190.172134842799
27 1 0.0 1174.1199775999917
27 1 0.0 1161.3456546600087
27 1 0.0 1158.311591901207
27 1 0.0 1151.591898098387
27 1 0.0 1150.5057014499962
27 1 0.0 1143.403833192889
27 1 0.0 1137.6760350987993
27 1 0.0 1136.6373467647036
27 1 0.0 1135.0425060400212
27 1 0.0 1129.817813039991
27 1 0.0 1126.066440705004
27 1 0.0 1118.9321250528546
27 1 0.0 1113.0360441011003
27 1 0.0 1110.2304377299959
27 1 0.0 1101.6110333994934
27 1 0.0 1098.2952924080055
27 1 0.0 1093.5879144229193
27 1 0.0 1093.1360732215985
27 1 0.0 1087.3117684799968
27 1 0.0 1074.660334490014
27 1 168.05472135998343 1241.3435099899943
27 1 64.5520436000138 1122.8945668099964
27 1 0.0 1050.0165536900176
27 1 167.21030395551315 1215.6655288192947
27 1 0.0 1044.0564722451
27 1 0.0 1031.5029474317585
27 1 0.0 1027.4172540899922
27 1 0.0 1007.2017005043863
27 1 0.0 1002.6006008624063
27 1 0.0 998.722804279998
27 1 0.0 994.7484926170953
27 1 0.0 983.6745856674979
27 1 0.0 967.4184265775943
27 1 0.0 964.1859831599386
27 1 0.0 959.8703455100149
27 1 0.0 959.8702301686753
27 1 0.0 954.9528749200044
27 1 0.0 951.7169756499981
27 1 0.0 937.773965818498
27 1 0.0 936.5161870569245
27 1 0.0 928.597905362305
27 1 0.0 928.3372289086877
27 1 0.0 926.0074050220026
27 1 0.0 921.5127473775963
27 1 107.0622941100055 1020.6413444068048
27 1 0.0 910.4249669856013
27 1 0.0 907.5877622299702
27 1 0.0 906.8732268879971
27 1 0.0 902.5176833320072
27 1 0.0 900.80274184381
27 1 0.0 898.5805593374771
27 1 0.0 895.406770241198
27 1 0.0 882.6665406699897
27 1 0.0 871.728655587196
27 1 0.0 868.1795653895902
27 1 0.0 860.6538535599979
27 1 0.0 857.460499799605
27 1 0.0 855.8879567052022
27 1 0.0 840.9580552500292
27 1 0.0 837.9033270200152
27 1 0.0 832.6778736364049
27 1 0.0 831.412338662105
27 1 0.0 828.4121133390959
27 1 0.0 828.0862846700152
27 1 0.0 816.2473004570888
27 1 0.0 810.6641344100121
27 1 0.0 809.457307727497
27 1 0.0 803.8899288204157
27 1 166.6487119871863 969.5419589656083
27 1 0.0 800.8800723615841
27 1 0.0 795.5334689930946
27 1 0.0 792.3851266484735
27 1 0.0 792.3412007151228
27 1 0.0 789.5654956788837
27 1 0.0 786.7675417499962
27 1 0.0 785.0246596799898
27 1 0.0 782.6440005299964
27 1 0.0 782.5311328163862
27 1 0.0 780.9161347047991
27 1 0.0 773.249303319993
27 1 0.0 760.9745553630846
27 1 0.0 760.6572979700127
27 1 0.0 759.4613655299877
27 1 0.0 757.7213328883964
27 1 51.06473784999628 806.7356147299972
27 1 62.34003358110817 816.3341324100061
27 1 0.0 748.660954089999
27 1 0.0 747.464700154499
27 1 0.0 745.1923578499864
27 1 0.0 743.9361530350097
27 1 0.0 743.777765260005
27 1 0.0 742.376949367283
27 1 16159.205842830022 16901.395708838405
27 1 0.0 735.148182519994
27 1 0.0 732.1751364799968
27 1 0.0 731.3622654099897
27 1 0.0 730.6638478235946
27 1 0.0 727.0730269024034
27 1 0.0 718.4635911780988
27 1 0.0 711.8761734300015
27 1 0.0 710.9102712795911
27 1 0.0 710.4824619296978
27 1 0.0 707.8574917680015
27 1 0.0 706.6815651415045
27 1 0.0 706.6170572199884
27 1 0.0 702.7405550000158
27 1 0.0 699.9366277999834
27 1 0.0 683.7791083899956
27 1 0.0 678.2134662044009
27 1 0.0 674.9034876044093
27 1 0.0 671.6333799899894
27 1 0.0 664.900612359992
27 1 0.0 662.9368162559952
27 1 0.0 658.822309490002
27 1 0.0 658.3715567100102
27 1 0.0 654.8695164296012
27 1 0.0 648.9290079699931
27 1 0.0 645.0265465624019
27 1 0.0 638.060525139998
27 1 346.5687591999913 983.9599824499869
27 1 0.0 635.1077864819998
27 1 0.0 633.8683749599982
27 1 0.0 633.3273664000008
27 1 14.212339310903872 645.2234699168935
27 1 0.0 627.8296588299854
27 1 0.0 623.8814899609156
27 1 0.0 620.5778751816083
27 1 0.0 614.8788570548952
27 1 0.0 605.7158677999837
27 1 50.88056813002095 654.8331850400214
27 1 474.5322901000038 1074.2741339200043
27 1 0.0 595.2781798560095
27 1 0.0 594.6730855429232
27 1 0.0 592.7793751199904
27 1 0.0 591.1465599931116
27 1 0.0 586.4005475568792
27 1 0.0 586.2991568125908
27 1 0.0 586.029326503096
27 1 0.0 578.5652876172026
27 1 0.0 577.7259804055006
27 1 0.0 567.8021742000083
27 1 0.0 564.5256987939921
27 1 0.0 558.7184770194867
27 1 0.0 557.8514511846954
27 1 0.0 552.9037354700149
27 1 0.0 547.3380223499857
27 1 823.9126951019985 1370.6168828243922
27 1 0.0 544.6619688100218
27 1 0.0 539.8567388763913
27 1 0.0 538.8752536194961
27 1 0.0 534.3653549492938
27 1 0.0 529.2140245199944
27 1 0.0 519.9910715299857
27 1 101.33191592749995 620.5106203900054
27 1 349.35394743998677 868.2670848900179
27 1 0.0 518.0020711200109
27 1 0.0 511.85801370998524
27 1 0.0 510.2529598375081
27 1 0.0 507.53491394950106
27 1 0.0 500.86576756449927
27 1 0.0 498.67508379560127
27 1 0.0 497.37140400000567
27 1 0.0 494.603219146798
27 1 0.0 494.495016840006
27 1 0.0 491.66016005000364
27 1 0.0 488.6335007700054
27 1 0.0 487.1478421400134
27 1 0.0 477.86728768000603
27 1 0.0 476.75974124249615
27 1 0.0 474.04389660160405
27 1 908.2821566667972 1381.1906964892041
27 1 157.2829915299992 629.7649914000015
27 1 0.0 466.57112652360183
27 1 0.0 464.1436469859942
27 1 0.0 463.3232672275112
27 1 0.0 459.567475500001
27 1 0.0 458.25766583000996
27 1 0.0 453.4741450560016
27 1 0.0 452.6963201600056
27 1 0.0 451.67284829000255
27 1 0.0 450.89567848680645
27 1 0.0 450.6748040799913
27 1 0.0 449.5568674499814
27 1 0.0 448.94769298000114
27 1 0.0 446.1311148899831
27 1 342.3384633904019 785.9605351160972
27 1 0.0 439.85591798350174
27 1 0.0 439.2733141500039
27 1 249.96932642000866 688.8667037783998
27 1 15.76354765869928 450.98651057310525
27 1 0.0 434.2999163600009
27 1 0.0 430.5418320279971
27 1 0.0 428.98091935000184
27 1 0.0 426.5187703155
27 1 0.0 426.2325032800072
27 1 112.56919562999087 531.5808696800007
27 1 0.0 418.16801610040056
27 1 0.0 414.1955224090416
27 1 0.0 408.8400099700043
27 1 0.0 408.48684560999436
27 1 0.0 408.07185534999326
27 1 0.0 407.4359353268892
27 1 0.0 406.4727239839706
27 1 0.0 399.2093948851975
27 1 0.0 399.1148332599005
27 1 0.0 398.74868217000176
27 1 27.604336007594156 422.8915961136022
27 1 306.2364203300049 700.9961885500079
27 1 0.0 390.4652492500052
27 1 0.0 381.9101348200011
27 1 706.1237368244219 1083.3381959036042
27 1 0.0 375.5945773999976
27 1 0.0 372.182132861491
27 1 0.0 371.17887119999386
27 1 0.0 370.3603238000063
27 1 0.0 369.4242909999973
27 1 0.0 365.11171144000355
27 1 298.08782677748104 661.3314750834738
27 1 0.0 360.11816640999587
27 1 0.0 353.2643736800005
27 1 0.0 351.6956870889023
27 1 0.0 346.5927449103083
27 1 0.0 345.39530649239305
27 1 184.31582567240866 528.8772680796078
27 1 0.0 340.0417837931918
27 1 0.0 339.7727145199806
27 1 0.0 337.60556360251167
27 1 0.0 337.1640171999984
27 1 0.0 336.89617698000006
27 1 0.0 332.21772348000286
27 1 0.0 332.18401164999847
27 1 137.45429570999454 468.5316841599936
27 1 0.0 327.9754583500196
27 1 0.0 327.92469715997004
27 1 0.0 326.2871265248102
27 1 0.0 323.0093930416042
27 1 0.0 322.82827660049713
27 1 0.0 319.75746635599353
27 1 0.0 313.5530055600109
27 1 0.0 309.7753060400046
27 1 0.0 309.1111259352024
27 1 43.8928453574963 346.92211466999424
27 1 0.0 300.98703408999813
27 1 0.0 296.3787161300065
27 1 158.09085820483142 452.8258898739987
27 1 0.0 292.65860006289176
27 1 0.0 289.8920719499879
27 1 533.7110227095895 822.245323209203
27 1 0.0 288.03698885520384
27 1 0.0 287.70972463109524
27 1 1739.7617802240052 2026.7236968484872
27 1 0.0 284.4424940067165
27 1 0.0 284.2874003799975
27 1 0.0 282.41656899000054
27 1 0.0 276.0817453300001
27 1 27.313051556899154 302.4172668353126
27 1 0.0 274.2016094100113
27 1 0.0 270.50651586529455
27 1 0.0 270.20908697599634
27 1 520.7365784799986 785.6669995500024
27 1 497.11461154440985 761.9059449500155
27 1 0.0 264.06297451000705
27 1 0.0 263.0186498230937
27 1 220.24804709349678 479.67531615359985
27 1 0.0 255.8600532609014
27 1 0.0 254.6884590299942
27 1 0.0 253.58128580001357
27 1 0.0 252.98327817640666
27 1 0.0 252.7809478499894
27 1 0.0 249.6075976499934
27 1 0.0 244.59597014999963
27 1 0.0 242.20748741070452
27 1 0.0 240.46348301999546
27 1 0.0 239.38313921998088
27 1 0.0 238.65456095998832
27 1 442.33245469998633 679.7491267500006
27 1 0.0 236.21372984158097
27 1 156.85447989999466 388.49580020998246
27 1 0.0 231.05265403560225
27 1 0.0 227.9414306099941
27 1 0.0 226.59927372089987
27 1 0.0 226.58879487200124
27 1 7.2377644248963975 230.69092225999538
27 1 0.0 218.9285748299983
27 1 0.0 217.47367383999313
27 1 0.0 216.29984390240213
27 1 0.0 215.5990606924156
27 1 0.0 215.54722469000853
27 1 0.0 213.51169516369987
27 1 59.66730413560367 267.70171846040216
27 1 0.0 207.29513325310973
27 1 316.1905494103962 521.1691255263886
27 1 0.0 203.43326955399834
27 1 270.8426425499915 473.80184408478954
27 1 0.0 200.18747103038368
27 1 623.5781586642975 820.898068342306
27 1 0.0 197.06115012289865
27 1 69.65068836450473 266.29798107090176
27 1 0.0 195.33252409760576
27 1 0.0 191.82497819999526
27 1 0.0 190.225794678895
27 1 0.0 188.6894950043984
27 1 0.0 187.86320102999343
27 1 0.0 186.8911353023986
27 1 0.0 184.0989666399986
27 1 83.84491357997445 265.91709268769887
27 1 0.0 181.6126712815951
27 1 0.0 179.11768335749866
27 1 0.0 175.40570652689667
27 1 0.0 173.8501437044681
27 1 0.0 173.2234297370237
27 1 0.0 171.65034047999802
27 1 0.0 168.7564748782961
27 1 0.0 167.11413965000975
27 1 0.0 164.25806036999938
27 1 128.9904561300027 289.81070283000827
27 1 452.5743532200172 613.2476051999937
27 1 0.0 160.35788268560646
27 1 0.0 159.76064699761014
27 1 607.3474307667766 764.8557818281151
27 1 0.0 156.66442391999942
27 1 707.9098656500055 862.9371542399913
27 1 0.0 155.0175094162787
27 1 0.0 154.87622624390087
27 1 0.0 154.35098515930298
27 1 0.0 151.68434178039684
27 1 0.0 151.07968540067577
27 1 0.0 150.8965624000066
27 1 21.15918728000929 171.7873875199905
27 1 1180.2412323664958 1330.722698706798
27 1 0.0 149.5366450824
27 1 0.0 149.05266953002172
27 1 1012.0143382479046 1157.1774285373028
27 1 0.0 144.7238907556016
27 1 80.59650880001163 223.6756330199862
27 1 345.98322736996306 487.91845998000827
27 1 0.0 140.00203592089247
27 1 0.0 139.81583291998436
27 1 415.9412080699925 555.684500190001
27 1 0.0 138.3515237992042
27 1 0.0 138.25417413949572
27 1 0.0 135.76574038398667
27 1 0.0 134.7716474324958
27 1 0.0 133.99966538280313
27 1 104.73311367998576 236.9430941800083
27 1 0.0 131.8668477283985
27 1 0.0 129.58041664760913
27 1 189.03008104200194 317.53561268688054
27 1 893.7467315640022 1020.360857606003
27 1 0.0 126.09679294320313
27 1 2708.82987126 2834.834410980009
27 1 0.0 124.06143875999419
27 1 0.0 121.84913342530058
27 1 314.53971705000185 434.7776615750986
27 1 0.0 119.41234411000687
27 1 0.0 118.57983352999054
27 1 0.0 117.9875966264998
27 1 0.0 114.26622585561381
27 1 149.58864315690062 263.2818842357997
27 1 0.0 113.59598601000357
27 1 241.80693404990058 355.24021435109563
27 1 0.0 112.23851814999693
27 1 0.0 109.65998017479933
27 1 0.0 104.60277956000743
27 1 0.0 101.80285647000181
27 1 602.757743909996 704.5577240900122
27 1 0.0 101.43701634719855
27 1 348.49670208999396 449.78682500000104
27 1 0.0 101.2777318740018
27 1 0.0 100.83709276200398
27 1 287.3501553600008 387.3373308800017
27 1 0.0 99.21190438750705
27 1 0.0 98.30266601360927
27 1 0.0 93.65670688349746
27 1 0.0 88.95480511999949
27 1 0.0 88.63447745589974
27 1 0.0 88.0392961047994
27 1 0.0 85.2261238234014
27 1 157.72262995550125 240.97229694470036
27 1 0.0 79.85087244999545
27 1 344.13828485000977 423.4959469099822
27 1 47.120425096398094 124.78902462649148
27 1 928.6335906440131 1002.7089844799896
27 1 99.59023708966242 173.5365784539813
27 1 0.0 73.92774829999871
27 1 0.0 69.27586015000202
27 1 0.0 65.54504548000864
27 1 0.0 61.35376255997744
27 1 0.0 61.3471160747913
27 1 0.0 61.14781955999297
27 1 0.0 55.9175959841661
27 1 643.6944510799958 696.9103630300006
27 1 0.0 52.904984194904955
27 1 0.0 50.7384380944022
27 1 0.0 49.802847803581244
27 1 0.0 48.616037716905566
27 1 0.0 48.52162191600314
27 1 568.7307514149134 616.283570380021
27 1 0.0 46.396848299999874
27 1 0.0 45.764729239997905
27 1 73.51163986999893 118.91779126999938
27 1 91.48702961430354 136.65433968680145
27 1 64.27616558440309 105.949158889106
27 1 0.0 41.5294231100072
27 1 268.68421452999064 309.738035399997
27 1 0.0 39.92685952000352
27 1 0.0 39.12652528200249
27 1 0.0 39.0490652999963
27 1 0.0 37.47437702239563
27 1 0.0 36.49101088919855
27 1 510.8097601238469 546.2467374415191
27 1 0.0 33.23771501909914
27 1 0.0 30.561116016902133
27 1 0.0 29.78631319999704
27 1 274.5303003999977 304.20685408000804
27 1 0.0 24.01381644550611
27 1 0.0 23.446416160499666
27 1 34.334359707900376 54.19928712500655
27 1 379.75409406669996 394.51956876518307
27 1 0.0 14.552467236399934
27 1 0.0 13.55958624001596
27 1 134.30815154508628 147.6312419299901
27 1 435.57923020999124 447.75488784998834
27 1 0.0 11.114264115999617
27 1 0.0 10.715932658397719
27 1 28.322271355499424 37.28924173789437
27 1 0.0 8.377662155601683
27 1 0.0 8.198115231702104
27 1 0.0 6.333029798401185
27 1 0.0 5.413584864912082
27 1 0.0 4.302074207895771
27 1 0.0 3.0370598799945583
27 1 0.0 2.604829715104188
27 1 168.58762476998345 169.22922248998066
27 0 0.0 inf
27 0 0.0 0.42429309001101956
# COVID_SAMPLE_10_ROI_3
28 1 0.0 19103.52963983748
28 1 19813.026885912004 34653.05859102604
28 1 0.0 14718.094802919963
28 1 0.0 14345.493024932788
28 1 0.0 13813.757285455584
28 1 0.0 13277.18571065001
28 1 12058.688480054116 24100.027567555597
28 1 0.0 12038.46128042199
28 1 0.0 10829.16135288999
28 1 0.0 8109.640143767995
28 1 0.0 6941.74419679998
28 1 0.0 5544.8189816341
28 1 0.0 5123.487417762804
28 1 0.0 4883.4393217300085
28 1 1367.4070448711846 5947.671907028402
28 1 0.0 4527.720281200005
28 1 0.0 4325.995115650002
28 1 0.0 3941.6028578099745
28 1 0.0 3799.9653565999415
28 1 0.0 3610.3605788599984
28 1 1811.3442143952088 5346.480030852646
28 1 0.0 3313.7891374938936
28 1 0.0 3222.202607625609
28 1 0.0 3201.0308115875787
28 1 0.0 3187.9295510399943
28 1 0.0 3131.839842015088
28 1 0.0 3052.535434351168
28 1 106.22418925001148 3146.9721352000215
28 1 0.0 3004.2145695166964
28 1 0.0 2994.142593300016
28 1 0.0 2964.441396120008
28 1 1701.1938579199996 4663.174631720079
28 1 0.0 2943.4727636000016
28 1 0.0 2930.167352849985
28 1 0.0 2868.5575235255997
28 1 0.0 2767.2311204699854
28 1 0.0 2730.6249228299944
28 1 0.0 2720.878587451183
28 1 0.0 2678.408210043308
28 1 0.0 2648.0023400899827
28 1 0.0 2617.607098239104
28 1 1349.8266310518084 3956.945766411823
28 1 0.0 2485.6460915240004
28 1 0.0 2467.0195958956956
28 1 0.0 2456.176963306381
28 1 0.0 2455.3282578879957
28 1 375.5749529599875 2782.981519640001
28 1 0.0 2387.7817887739875
28 1 0.0 2351.4461678400194
28 1 0.0 2346.6460200518895
28 1 0.0 2292.402821664007
28 1 1986.7846560280896 4263.729298794685
28 1 0.0 2247.7852967899826
28 1 0.0 2189.447820650006
28 1 0.0 2170.3256547286987
28 1 0.0 2115.0953455700064
28 1 0.0 2113.227344266801
28 1 0.0 2112.0214618299824
28 1 0.0 2079.3007662001028
28 1 0.0 2076.8993917647026
28 1 0.0 2054.7118080251958
28 1 0.0 2024.7632717775232
28 1 0.0 2000.091079139294
28 1 0.0 1944.2361438000007
28 1 0.0 1940.0485687744956
28 1 0.0 1908.556414789995
28 1 0.0 1853.4952844159125
28 1 0.0 1843.7744362220024
28 1 0.0 1838.1257232899934
28 1 0.0 1836.6905029300033
28 1 0.0 1798.6873841710944
28 1 0.0 1798.2224913599848
28 1 0.0 1759.7929100799945
28 1 0.0 1735.0628813999983
28 1 0.0 1716.3952249465074
28 1 0.0 1711.9812859899953
28 1 0.0 1682.1764144199897
28 1 0.0 1641.5322516945423
28 1 1300.6000591836291 2923.8332736074735
28 1 0.0 1615.966996097527
28 1 0.0 1585.3187852899987
28 1 0.0 1570.1334151315991
28 1 0.0 1569.7033892500122
28 1 0.0 1562.5325587900134
28 1 0.0 1524.3577959056613
28 1 0.0 1519.241007822899
28 1 0.0 1491.1599866815905
28 1 0.0 1486.319507519997
28 1 0.0 1485.8284091800062
28 1 0.0 1482.8609991199633
28 1 0.0 1439.4476615200028
28 1 0.0 1430.1422831999862
28 1 0.0 1427.8484735700004
28 1 0.0 1420.0293715840044
28 1 0.0 1395.2526335421044
28 1 0.0 1367.8111890155878
28 1 0.0 1354.8577151052
28 1 0.0 1348.3802732351958
28 1 8.21856422120868 1348.9196568251987
28 1 1789.0971570399922 3129.4911493600016
28 1 0.0 1335.2667331499933
28 1 1735.420876281888 3033.496711159091
28 1 0.0 1295.607464179992
28 1 0.0 1278.809381089982
28 1 0.0 1275.5807012535815
28 1 0.0 1270.8271630515947
28 1 0.0 1251.7957315999847
28 1 0.0 1216.734873306098
28 1 0.0 1215.9732435969
28 1 0.0 1210.6732865743788
28 1 0.0 1204.5047873491949
28 1 0.0 1181.480891170018
28 1 0.0 1175.7696898000095
28 1 0.0 1175.479599730009
28 1 0.0 1173.2256052075209
28 1 0.0 1173.0439113600096
28 1 0.0 1160.816912874002
28 1 0.0 1158.5107243791954
28 1 0.0 1150.356058190021
28 1 0.0 1139.7375042225053
28 1 0.0 1137.4544430050996
28 1 0.0 1129.3151915475073
28 1 0.0 1122.350232245993
28 1 0.0 1119.4229480000117
28 1 0.0 1118.9946656899892
28 1 0.0 1112.4206287299921
28 1 0.0 1101.7942092551166
28 1 0.0 1097.90100213599
28 1 0.0 1096.7212080125
28 1 0.0 1086.0797068759998
28 1 0.0 1073.263582052393
28 1 0.0 1072.229150820009
28 1 0.0 1063.1160992859038
28 1 0.0 1051.1358081300023
28 1 0.0 1047.1650642394702
28 1 0.0 1046.091024670015
28 1 0.0 1032.1564997628948
28 1 0.0 1010.8807548743025
28 1 0.0 982.461951525097
28 1 88.56248028999198 1067.0613012499875
28 1 0.0 978.345417372363
28 1 0.0 972.2139720903933
28 1 0.0 967.9383537399863
28 1 0.0 962.2996798900026
28 1 0.0 961.4929021619967
28 1 0.0 957.3173386568124
28 1 0.0 954.1030134831854
28 1 0.0 950.3881858799891
28 1 0.0 944.5874943299941
28 1 0.0 942.7864002785941
28 1 0.0 942.0590113100029
28 1 0.0 910.0172626399865
28 1 0.0 893.2210231713966
28 1 0.0 893.1663505983004
28 1 527.0527817699976 1417.011720126011
28 1 0.0 877.2371242251047
28 1 0.0 873.4230604000018
28 1 0.0 871.6067487471937
28 1 0.0 869.6885557255023
28 1 0.0 868.6154215399893
28 1 0.0 865.9591937814971
28 1 0.0 859.1125523016979
28 1 0.0 844.7362558069733
28 1 0.0 843.6960144113318
28 1 0.0 843.6867670130969
28 1 0.0 843.070881950016
28 1 0.0 836.279414641602
28 1 0.0 833.3137055199841
28 1 0.0 826.1194456400167
28 1 0.0 820.7676913508969
28 1 0.0 819.0804821100228
28 1 0.0 816.2242992225008
28 1 0.0 812.1232701101021
28 1 0.0 810.3333018400044
28 1 0.0 798.4996489719815
28 1 422.5362888935049 1217.0997952336045
28 1 0.0 791.4515094699818
28 1 0.0 780.1005879565
28 1 0.0 767.9934765876978
28 1 0.0 766.4238679475047
28 1 0.0 765.7216057589071
28 1 0.0 742.805238000007
28 1 0.0 738.617722292495
28 1 0.0 737.5540440000004
28 1 0.0 735.7607126319826
28 1 0.0 731.9257716799807
28 1 0.0 730.613819689994
28 1 0.0 728.4226634835097
28 1 0.0 726.0087073379102
28 1 0.0 722.553191479994
28 1 0.0 722.351282499998
28 1 0.0 708.3990944660982
28 1 0.0 701.4345893005989
28 1 0.0 700.8220279009092
28 1 0.0 686.4009398074988
28 1 546.185958459967 1231.934452099981
28 1 0.0 675.9967232700058
28 1 0.0 664.5897223544011
28 1 0.0 661.2210049994928
28 1 0.0 660.555701870006
28 1 0.0 657.9533100388417
28 1 0.0 652.3801895585034
28 1 0.0 648.5151186200042
28 1 0.0 645.6544710258995
28 1 46.71720722999203 690.6366751575093
28 1 0.0 633.721884949995
28 1 0.0 633.1065443321911
28 1 0.0 628.9044095538002
28 1 0.0 624.617541129993
28 1 0.0 615.2775531672064
28 1 0.0 610.0375108299963
28 1 83.47203944001558 692.2568132900087
28 1 0.0 608.7566285999828
28 1 0.0 606.5972030300037
28 1 0.0 601.2709968599995
28 1 0.0 598.149309480003
28 1 0.0 597.7790585487996
28 1 0.0 595.2402617199959
28 1 0.0 592.6343863999782
28 1 0.0 591.6951566645193
28 1 0.0 588.018792116402
28 1 0.0 580.112227750476
28 1 0.0 576.9987454795044
28 1 0.0 576.8179098366945
28 1 0.0 576.0732162099948
28 1 0.0 575.4531741582991
28 1 0.0 573.4017839001003
28 1 0.0 573.1955676576058
28 1 0.0 572.0259326440001
28 1 0.0 566.6973145000061
28 1 0.0 564.9195389653037
28 1 0.0 564.7736571599921
28 1 0.0 561.4136692240081
28 1 0.0 551.520368022318
28 1 0.0 545.774708400023
28 1 0.0 542.9029835899914
28 1 0.0 526.5585331422571
28 1 0.0 520.2665724900125
28 1 0.0 516.3330214700118
28 1 0.0 515.9473996324089
28 1 0.0 511.20973201001016
28 1 0.0 510.10588767520255
28 1 0.0 508.32258138999805
28 1 0.0 505.28518901469647
28 1 0.0 502.8302281860017
28 1 0.0 502.811927255103
28 1 0.0 502.1278776244019
28 1 0.0 492.61403420001875
28 1 0.0 490.61651448399516
28 1 0.0 482.55645933000187
28 1 452.34777997000765 924.3020955128968
28 1 0.0 470.3138648143745
28 1 0.0 464.24391171711216
28 1 0.0 462.6059856999982
28 1 95.9677494479372 558.0914394742845
28 1 0.0 459.31734926749914
28 1 140.87273892000485 597.4026697300096
28 1 0.0 455.8614066435998
28 1 0.0 454.33646515000066
28 1 0.0 448.8531224199983
28 1 0.0 445.63601760000256
28 1 0.0 444.01342521089464
28 1 0.0 438.40284394450043
28 1 0.0 434.58791461750025
28 1 0.0 433.2993051128997
28 1 0.0 429.9202313300108
28 1 0.0 429.48220664760095
28 1 0.0 427.4114026399973
28 1 0.0 426.0851924323988
28 1 96.22381642120627 521.7819874039016
28 1 0.0 424.76357600159895
28 1 0.0 421.7883379125026
28 1 0.0 421.16620404000514
28 1 249.19497784920213 669.5293607643994
28 1 0.0 419.0659199275037
28 1 0.0 416.2414325664015
28 1 0.0 410.6804257610993
28 1 0.0 409.80693049270303
28 1 655.5627662499901 1065.3207221699922
28 1 464.0801756375895 871.2977507279847
28 1 0.0 402.7640397819897
28 1 0.0 397.53764183360136
28 1 0.0 397.2214924499922
28 1 0.0 394.87244672000145
28 1 0.0 393.4793299500086
28 1 0.0 389.45222850649634
28 1 0.0 388.6776900200093
28 1 0.0 388.2228328185083
28 1 0.0 386.36360162000165
28 1 0.0 385.89590651927733
28 1 0.0 385.4793335699778
28 1 442.04322188320384 827.4624184820104
28 1 0.0 382.93424442998594
28 1 0.0 376.59894578599256
28 1 0.0 370.2253128487928
28 1 0.0 369.65270399599876
28 1 0.0 369.0193937423985
28 1 0.0 364.10244219998935
28 1 0.0 362.49392586389615
28 1 191.83290971250653 549.0706805159882
28 1 0.0 356.99546639440007
28 1 0.0 354.00409782000406
28 1 0.0 353.6547663600046
28 1 0.0 350.84213354998474
28 1 0.0 350.1117458399858
28 1 0.0 349.8041202799909
28 1 0.0 346.29482607400314
28 1 0.0 343.5275826899924
28 1 0.0 341.83437198000183
28 1 0.0 341.6646292259962
28 1 0.0 339.64902779999534
28 1 0.0 337.50845954999477
28 1 0.0 335.1955166699919
28 1 0.0 334.1509549900197
28 1 0.0 333.87554740430073
28 1 0.0 332.56087533000516
28 1 166.15219242389048 496.48261917239574
28 1 19.183629319986153 347.0411363900042
28 1 0.0 326.8018812440007
28 1 401.6710941400065 726.894797600005
28 1 0.0 324.12507877410036
28 1 0.0 321.9096496547063
28 1 0.0 321.7513078299934
28 1 0.0 319.54470432989933
28 1 0.0 316.2906114400048
28 1 87.79680972399547 400.5815556060004
28 1 0.0 312.64091969629226
28 1 347.27762567050104 659.7598080339963
28 1 0.0 311.4967941327957
28 1 196.86992828157804 508.3379149100281
28 1 0.0 310.0462286796015
28 1 0.0 309.55965080398823
28 1 10.365271169983316 319.8822812000285
28 1 715.8059348461006 1022.8268675763788
28 1 0.0 305.81138475800185
28 1 0.0 302.1970919305827
28 1 0.0 302.1880907954999
28 1 0.0 299.63034171999936
28 1 0.0 298.4157300699833
28 1 0.0 298.30104753840897
28 1 0.0 297.92148333000637
28 1 0.0 287.4628795199965
28 1 0.0 280.1706364804006
28 1 250.3039838768982 529.8392313048998
28 1 0.0 278.5243529488017
28 1 0.0 278.37799321001603
28 1 0.0 274.5622033799027
28 1 0.0 271.9527318400019
28 1 0.0 271.62489737999795
28 1 0.0 270.72913159559903
28 1 0.0 268.374394536497
28 1 0.0 267.80508570438633
28 1 0.0 264.0064919600052
28 1 0.0 262.55087906547215
28 1 0.0 262.34835433999757
28 1 0.0 262.2252122840764
28 1 0.0 260.02806410749736
28 1 0.0 259.96075634200133
28 1 0.0 257.56564304998506
28 1 0.0 255.8174128800024
28 1 0.0 255.58542870470774
28 1 232.10900166400006 485.5855187300011
28 1 0.0 248.261924467904
28 1 0.0 248.17617391999244
28 1 0.0 246.22919556000397
28 1 0.0 245.23557986760102
28 1 0.0 243.93829035000454
28 1 144.62423125760392 388.37941118709205
28 1 0.0 243.710377913211
28 1 0.0 243.2577185959085
28 1 0.0 235.59612185079277
28 1 0.0 234.8218267260063
28 1 0.0 234.38381790999455
28 1 31.230293370003608 264.08033380000904
28 1 0.0 232.1085807167933
28 1 0.0 231.33575047151965
28 1 0.0 228.96134370520076
28 1 1308.3007054304971 1536.6198194980939
28 1 0.0 226.82234215360995
28 1 0.0 224.56674002238788
28 1 0.0 222.40590372090355
28 1 0.0 220.76175257800674
28 1 0.0 218.76689446999308
28 1 0.0 213.1722049999962
28 1 0.0 208.40767576999997
28 1 0.0 208.1398814736931
28 1 0.0 205.58369188000188
28 1 0.0 204.9235696674973
28 1 238.2843756750018 442.992271227002
28 1 0.0 204.39437762920124
28 1 0.0 204.34095443800265
28 1 0.0 203.6389712827006
28 1 0.0 200.3098624599989
28 1 0.0 199.24649877729667
28 1 0.0 198.62992670039762
28 1 0.0 198.4066166020434
28 1 0.0 197.43773088000853
28 1 0.0 196.48454210000273
28 1 0.0 196.25289079999084
28 1 0.0 193.89028431090833
28 1 0.0 191.28453489480967
28 1 0.0 190.86663027230225
28 1 27.326043509987812 218.07311880000498
28 1 0.0 188.4388250260015
28 1 0.0 187.96681147999698
28 1 0.0 185.31872593880053
28 1 0.0 185.19795553000858
28 1 0.0 184.0757762100045
28 1 0.0 184.02463129997477
28 1 0.0 183.23706594119176
28 1 322.45346858600965 505.3633521337006
28 1 0.0 181.2084329500026
28 1 0.0 181.18395310000187
28 1 0.0 177.68550555479123
28 1 0.0 175.29709992249914
28 1 0.0 175.25565360960104
28 1 0.0 174.30643484750226
28 1 0.0 174.265533309994
28 1 0.0 173.35116939399472
28 1 0.0 169.77767760000688
28 1 921.9128153215042 1088.7089315801995
28 1 0.0 166.41588809370296
28 1 39.37438290601267 202.5926704884082
28 1 407.48012709510203 569.4816400455893
28 1 0.0 160.78628268000648
28 1 0.0 159.60087001289685
28 1 0.0 158.07494582629806
28 1 0.0 158.03474422520412
28 1 0.0 157.26453478760277
28 1 0.0 154.63076623719462
28 1 0.0 154.2850416465036
28 1 0.0 153.61268852669923
28 1 0.0 153.13700735000555
28 1 0.0 148.8356758791033
28 1 0.0 147.1845327500069
28 1 0.0 146.87968362320566
28 1 206.87652024999306 353.6426336500008
28 1 0.0 146.1328349600048
28 1 0.0 145.7706880348078
28 1 0.0 138.28152131999923
28 1 0.0 136.60690274799504
28 1 0.0 133.5463711064981
28 1 0.0 132.97151757000137
28 1 0.0 132.84521506454894
28 1 39.66181814799336 170.08350105239515
28 1 0.0 125.10248019342816
28 1 0.0 124.20527419999537
28 1 0.0 123.41591973390189
28 1 0.0 122.05973532399821
28 1 0.0 119.90618701720155
28 1 0.0 116.81967799001882
28 1 0.0 115.50641705560315
28 1 0.0 114.53884901000947
28 1 210.60221078750124 324.62210903999085
28 1 115.59826861998602 228.91247787999487
28 1 0.0 107.37825649000251
28 1 0.0 107.37729305000039
28 1 0.0 104.98663224000506
28 1 0.0 104.08344820599666
28 1 182.16495239001756 282.8105300519121
28 1 101.20061741729887 200.3891090969987
28 1 0.0 97.55568197999855
28 1 0.0 96.56615815600708
28 1 0.0 96.20968405000212
28 1 0.0 92.77634178749594
28 1 0.0 90.09673638998629
28 1 0.0 88.83732526089875
28 1 208.86625877998551 295.85839460998943
28 1 0.0 85.7510394599899
28 1 0.0 81.07390108800189
28 1 0.0 79.62575549750363
28 1 144.48702097280557 218.97297426130285
28 1 0.0 72.27016130000402
28 1 0.0 71.6374443214969
28 1 0.0 70.19421774090506
28 1 0.0 69.28109464999693
28 1 0.0 66.66786704160131
28 1 445.90996843321454 509.31399094600056
28 1 107.04182816997991 167.21309899001062
28 1 0.0 58.93244781040312
28 1 237.7750434719992 293.9167667366996
28 1 0.0 55.48600390000365
28 1 114.21773485001324 167.85524101000055
28 1 37.0212674405102 90.05377746350882
28 1 598.3885223587031 651.107564932503
28 1 0.0 52.32248410750253
28 1 0.0 52.00443783999367
28 1 0.0 49.569367847521335
28 1 16.288647042912203 65.42567717000532
28 1 0.0 48.127090159990985
28 1 0.0 46.47051720499576
28 1 0.0 46.06159662440007
28 1 127.15278649070342 172.81054589960297
28 1 0.0 45.20649372159005
28 1 0.0 44.15792704924638
28 1 0.0 42.56460677800442
28 1 730.489230260403 772.5685294164059
28 1 0.0 41.60882840999318
28 1 35.96454219000594 73.77575218000305
28 1 0.0 36.120422402896224
28 1 0.0 33.756782827505276
28 1 0.0 31.704182122958173
28 1 0.0 29.271868280795616
28 1 22.25368474080642 51.38450382280462
28 1 0.0 29.019746880003368
28 1 0.0 26.567712731698975
28 1 0.0 24.015415560004527
28 1 0.0 23.906559009999
28 1 0.0 23.35774880160625
28 1 0.0 23.169770827600587
28 1 309.5926888574836 330.2782558074948
28 1 29.21575133249189 46.45479878248534
28 1 0.0 15.649823879601286
28 1 0.0 15.497064182399981
28 1 62.33730272999628 76.22329301001014
28 1 0.0 10.255277458408273
28 1 0.0 9.688092260001213
28 1 0.0 7.3360396059918
28 1 0.0 5.427507145999101
28 1 0.0 5.040473509994058
28 1 0.0 4.85860416999094
28 1 29.640492349998112 33.394632920001015
28 1 70.25202444951265 71.42414979950809
28 1 152.32209445310082 152.9000330219974
28 0 0.0 inf
# COVID_SAMPLE_5_ROI_3
29 1 0.0 35926.12904339361
29 1 0.0 26164.791580591293
29 1 0.0 25647.387124201574
29 1 0.0 12718.755224399905
29 1 0.0 12083.037451610415
29 1 0.0 10831.152862132352
29 1 0.0 9572.206570214425
29 1 0.0 9418.531959662358
29 1 0.0 9344.605271480123
29 1 0.0 7792.03077147003
29 1 0.0 7378.600171070009
29 1 0.0 7361.937083410492
29 1 0.0 7261.7567591634
29 1 0.0 7046.787294900023
29 1 0.0 7043.019467507605
29 1 0.0 6656.877200637915
29 1 0.0 6597.558666910005
29 1 0.0 6349.313945553149
29 1 0.0 5988.56649205885
29 1 0.0 5699.3882518010505
29 1 0.0 5635.60127888959
29 1 0.0 5496.6987374399705
29 1 0.0 5175.549683599986
29 1 0.0 5027.075094742384
29 1 6923.862538951475 11881.630113036392
29 1 0.0 4858.358008973602
29 1 0.0 4800.614577605154
29 1 0.0 4631.817930453066
29 1 0.0 4588.296052352876
29 1 0.0 4450.6105362299495
29 1 0.0 4411.8437132852905
29 1 0.0 4370.294900710029
29 1 0.0 4176.241552549995
29 1 0.0 4154.752921557996
29 1 0.0 4123.711689098283
29 1 0.0 4063.364261307601
29 1 0.0 4060.370759400019
29 1 0.0 4005.4807048116036
29 1 318.18315351359524 4270.403890902755
29 1 0.0 3792.6509559979977
29 1 229.00616555638408 4015.3367396207086
29 1 2124.486340307585 5902.9579584300045
29 1 0.0 3722.1499363752755
29 1 0.0 3556.174113599958
29 1 0.0 3535.375795919992
29 1 0.0 3515.7288167700826
29 1 0.0 3410.374638250103
29 1 0.0 3343.8822117725094
29 1 0.0 3343.6857253511052
29 1 0.0 3315.9260019567846
29 1 1606.351452194007 4921.624465560012
29 1 0.0 3283.3153043899947
29 1 0.0 3237.8756174389164
29 1 0.0 3192.2792133551975
29 1 0.0 3119.77161079044
29 1 0.0 3085.496697833676
29 1 402.38848343638165 3432.608338890366
29 1 0.0 2938.918635720385
29 1 0.0 2929.6131820036067
29 1 0.0 2888.8680778371354
29 1 0.0 2848.78430105151
29 1 0.0 2832.2120861261064
29 1 0.0 2784.5079789659067
29 1 0.0 2759.4188712000337
29 1 0.0 2758.1273976469106
29 1 0.0 2637.4587592279386
29 1 0.0 2614.5768850593013
29 1 0.0 2603.862493562492
29 1 0.0 2591.423022098802
29 1 0.0 2553.6628708428816
29 1 0.0 2484.524186141265
29 1 0.0 2477.369862059987
29 1 0.0 2450.678866200382
29 1 0.0 2447.208635586905
29 1 0.0 2295.7691228159006
29 1 0.0 2232.7992232499982
29 1 0.0 2221.251567111516
29 1 0.0 2182.7034763000074
29 1 0.0 2180.2574541123013
29 1 0.0 2150.2778510399185
29 1 0.0 2001.4741076387054
29 1 0.0 1939.5654520735052
29 1 196.05225224080095 2128.9158827336014
29 1 0.0 1928.405800177096
29 1 0.0 1926.494937600004
29 1 101.43240791239532 2026.6527231953569
29 1 0.0 1894.026466128007
29 1 0.0 1826.7084819955962
29 1 0.0 1703.1161410400136
29 1 0.0 1681.7542452508933
29 1 0.0 1646.9260629261116
29 1 3338.7569926104115 4980.136358690059
29 1 0.0 1551.1234331499727
29 1 0.0 1547.845926777928
29 1 0.0 1482.860495569561
29 1 0.0 1470.6279514719954
29 1 0.0 1419.1924425525058
29 1 0.0 1264.0073028070983
29 1 0.0 1240.6562023299794
29 1 0.0 1239.7599494943406
29 1 0.0 1219.0463334700298
29 1 0.0 1207.6137442880029
29 1 0.0 1194.4361535712028
29 1 0.0 1188.492228893103
29 1 0.0 1122.498450596795
29 1 0.0 1101.2738368635983
29 1 0.0 1100.979681326411
29 1 0.0 1070.1073229085632
29 1 1644.1107533300055 2702.2541590148976
29 1 0.0 1040.1714325211087
29 1 0.0 1012.6934079036164
29 1 0.0 991.7614110780069
29 1 0.0 976.2710128499311
29 1 2263.0549754810927 3221.789999128405
29 1 292.21673217719945 1228.8826358924262
29 1 0.0 933.7592048745046
29 1 0.0 928.7449616476031
29 1 2751.867430247972 3602.3167856000114
29 1 0.0 845.9873060729956
29 1 2416.4458424685326 3259.6809403779534
29 1 590.6468593140007 1430.3492199209031
29 1 0.0 828.4221219278875
29 1 1491.183675000023 2319.385982559991
29 1 0.0 823.6832928100011
29 1 0.0 821.6287935200535
29 1 0.0 814.5990214800131
29 1 0.0 808.6843677544986
29 1 0.0 804.3005424574858
29 1 1431.6792244843382 2231.572840311939
29 1 2127.5934668849113 2903.2283467933016
29 1 0.0 767.6589441537999
29 1 0.0 679.3702989899539
29 1 0.0 672.1369019568974
29 1 0.0 661.4831089700174
29 1 0.0 656.898713249997
29 1 0.0 646.8587989371044
29 1 0.0 641.4116043899992
29 1 1702.2261661684024 2330.197038499724
29 1 0.0 599.9759410823997
29 1 849.4342974471949 1385.7827237862998
29 1 0.0 467.04199003040753
29 1 0.0 440.0294479999843
29 1 0.0 437.73873098998956
29 1 1881.0900201888035 2317.2284238671236
29 1 0.0 411.50496142109864
29 1 0.0 404.77053441930184
29 1 1105.8597389900074 1502.5829005199746
29 1 0.0 390.2188028300088
29 1 442.54659802840024 821.6805725212089
29 1 0.0 376.49111570281093
29 1 0.0 342.19687867360676
29 1 0.0 328.90098277802554
29 1 11.549578019608816 329.79438775363224
29 1 0.0 310.4275765185175
29 1 0.0 307.86533984188463
29 1 0.0 291.07598203730413
29 1 0.0 248.48418523890223
29 1 0.0 230.3265297165002
29 1 0.0 226.74871484902724
29 1 0.0 224.50877146330163
29 1 3745.779959073936 3958.215030617958
29 1 0.0 204.3075543299674
29 1 318.72231620190314 518.3126723124985
29 1 0.0 196.13927827500447
29 1 0.0 189.50759959000789
29 1 0.0 182.70874883129363
29 1 0.0 139.16364558241003
29 1 0.0 134.0611407600045
29 1 0.0 124.55784209950025
29 1 0.0 115.63111670997387
29 1 0.0 104.82172831109392
29 1 0.0 88.16829831041423
29 1 0.0 67.5146122060006
29 1 0.0 48.45614219999561
29 1 0.0 32.74742498400121
29 1 659.664713839993 678.3410640248976
29 1 2738.2912595456005 2749.6120531903725
29 1 1019.8297316376888 1029.8291331556165
29 0 0.0 inf
# COVID_SAMPLE_5_ROI_1
30 1 0.0 63862.266946467265
30 1 0.0 28943.97715178609
30 1 0.0 20058.341787000056
30 1 0.0 18823.62643720006
30 1 0.0 15377.535490344686
30 1 0.0 12968.429258584794
30 1 0.0 12660.654270741034
30 1 6817.4998762425275 19156.291503799992
30 1 0.0 12086.581305131182
30 1 0.0 10480.42735887996
30 1 0.0 10438.333554959898
30 1 0.0 9911.514937970001
30 1 0.0 9903.03397777996
30 1 0.0 9557.106812710015
30 1 0.0 9327.502438895892
30 1 0.0 8963.571741877506
30 1 0.0 8339.548921277299
30 1 0.0 8148.473317289994
30 1 0.0 8094.394893450017
30 1 0.0 7620.71163592005
30 1 647.0508606300273 8159.654428582402
30 1 0.0 7171.297955799993
30 1 0.0 7009.461680090035
30 1 0.0 6805.651934339978
30 1 0.0 6546.21789822004
30 1 0.0 6379.874298507713
30 1 779.6231049375092 7127.759394300392
30 1 0.0 6285.6746479451795
30 1 0.0 6028.1542433800105
30 1 0.0 5954.905899010086
30 1 0.0 5540.9882293271385
30 1 0.0 5539.398902739998
30 1 0.0 5346.786833620326
30 1 0.0 5168.793744898103
30 1 0.0 5053.363896430019
30 1 0.0 4788.871264282943
30 1 0.0 4611.055154781576
30 1 0.0 4482.77055350001
30 1 1913.9872674415074 6135.546651779998
30 1 0.0 4202.183232234997
30 1 742.3231471100353 4766.380494325991
30 1 0.0 3978.808034077465
30 1 0.0 3959.5760327311873
30 1 0.0 3944.6273219080276
30 1 0.0 3883.7491275099164
30 1 1485.094954929994 5290.613840440019
30 1 673.2013495328838 4157.379172902491
30 1 608.7049724850276 4033.183875810616
30 1 0.0 3421.8238285500292
30 1 0.0 3352.144996410002
30 1 0.0 3336.7068795300074
30 1 0.0 3211.684849209978
30 1 0.0 3170.6376976270894
30 1 0.0 2990.069680869945
30 1 0.0 2737.039770145697
30 1 0.0 2735.6581830299856
30 1 1804.5943971825045 4523.994020952898
30 1 603.2419994400025 3318.3228767056194
30 1 0.0 2708.290987270002
30 1 4447.951058904386 7148.71293180799
30 1 0.0 2371.9638201599955
30 1 60.19654502749381 2341.6518403550926
30 1 0.0 2206.59135504
30 1 0.0 2205.0087886199526
30 1 0.0 2092.259320450009
30 1 489.9487823200034 2549.123458838396
30 1 0.0 1927.6807777235945
30 1 0.0 1826.337314959993
30 1 3300.0380148300073 5097.848160870001
30 1 0.0 1731.7543313525098
30 1 0.0 1706.9997390061221
30 1 0.0 1607.492742459308
30 1 139.02965832960035 1739.5974497255484
30 1 0.0 1524.2575870349065
30 1 5263.0205395216035 6776.359030513907
30 1 0.0 1475.0473403247897
30 1 0.0 1440.113926350019
30 1 0.0 1375.7029597001028
30 1 0.0 1349.8436570320973
30 1 0.0 1313.9463083948012
30 1 0.0 1307.90358908001
30 1 0.0 1293.6365642530945
30 1 118.28937153689185 1345.491804130008
30 1 0.0 1177.5907303367876
30 1 0.0 1157.1073262700033
30 1 2245.872521959299 3398.931251263199
30 1 0.0 1141.0532850350928
30 1 0.0 1137.080854959986
30 1 0.0 1095.4500511120032
30 1 0.0 1066.8921443597496
30 1 0.0 1035.803532529997
30 1 0.0 1016.9509249500029
30 1 0.0 1013.9173247119998
30 1 0.0 1003.3984167107901
30 1 2529.3934343400288 3516.787186069985
30 1 9694.066799960052 10676.668492379971
30 1 0.0 978.9475456399668
30 1 921.8345396300097 1898.7869084699896
30 1 0.0 976.0750635584004
30 1 0.0 959.5295499600204
30 1 0.0 949.456100249997
30 1 0.0 946.1447762899893
30 1 935.576265598891 1857.5342239725032
30 1 0.0 906.6182770556015
30 1 557.6537783819799 1441.6711693323914
30 1 0.0 874.2771172099956
30 1 0.0 859.9627658883992
30 1 0.0 838.8286411099793
30 1 0.0 833.5317803182816
30 1 1237.3056859200442 2068.5226218799453
30 1 0.0 814.204310161992
30 1 0.0 807.0224863103972
30 1 0.0 802.5015147875565
30 1 342.2272671564983 1100.8521729008053
30 1 0.0 746.588813091993
30 1 1055.8045453100149 1780.458975600005
30 1 143.21390242999496 867.3191973500041
30 1 0.0 717.5117186540083
30 1 0.0 708.1692993500055
30 1 5888.533933528877 6571.100053023288
30 1 155.66151252610848 796.4585703455001
30 1 1438.426652800017 2069.277911959978
30 1 3593.8291840699953 4209.574855699988
30 1 0.0 585.6070828299944
30 1 352.4953877900007 936.8376215200044
30 1 0.0 521.0387913719896
30 1 0.0 518.4480776955006
30 1 0.0 508.1934265399923
30 1 1829.581744048584 2330.9353095104025
30 1 0.0 489.2620466132921
30 1 0.0 486.50727932549535
30 1 565.923509410004 1048.1247709100353
30 1 0.0 472.7471784315958
30 1 0.0 431.59137095001915
30 1 53.05441124999379 453.5477699999924
30 1 8652.80661397021 9049.454144326213
30 1 0.0 395.8519131712028
30 1 0.0 374.13657944879833
30 1 0.0 339.70679861800363
30 1 44.79084938560254 379.5053245583945
30 1 0.0 315.04531007679907
30 1 299.7088507034972 590.1585936099995
30 1 0.0 286.53538404000847
30 1 0.0 284.0065211400033
30 1 0.0 278.65567193079755
30 1 946.6675695483809 1220.3672870144974
30 1 0.0 273.1998231424923
30 1 2526.44294373271 2792.6200888349967
30 1 0.0 252.5617097760064
30 1 0.0 251.37813032359804
30 1 0.0 249.73266496590804
30 1 0.0 248.5769462540029
30 1 4.551981555604925 247.42718030999822
30 1 0.0 242.8442604458985
30 1 0.0 224.32664838000187
30 1 0.0 220.12171186002115
30 1 0.0 214.7008747242926
30 1 0.0 197.66606160589555
30 1 9.693925942391616 183.30515106240364
30 1 0.0 165.00938049631077
30 1 0.0 152.0382407523989
30 1 28.1982619999917 180.17348028961533
30 1 0.0 151.69717820631544
30 1 0.0 141.08258935810136
30 1 0.0 128.99493842689674
30 1 101.4261527907043 220.58207634070033
30 1 0.0 117.7726838399985
30 1 106.5995386800023 222.56624183999702
30 1 0.0 114.45092081799794
30 1 2.7397172968012455 101.44100115130163
30 1 0.0 95.02683745999548
30 1 0.0 83.87387361840001
30 1 0.0 77.18684325598997
30 1 0.0 64.32119731549528
30 1 0.0 44.636836945601544
30 1 0.0 29.277019229978123
30 1 0.0 22.522645880003438
30 1 0.0 17.851452938902867
30 1 0.0 17.042954225098583
30 1 22.19916734841445 32.30361235309624
30 1 338.7738130291029 339.88814742760076
30 0 0.0 inf
# COVID_SAMPLE_5_ROI_2
31 1 718.2470183100023 29313.52483305001
31 1 0.0 15446.635495480008
31 1 0.0 14885.045627830023
31 1 0.0 12866.28749898948
31 1 0.0 10735.964005297992
31 1 0.0 10466.377521568294
31 1 0.0 9703.464640098922
31 1 0.0 9597.431951789997
31 1 0.0 8901.127128666585
31 1 0.0 8533.770672026414
31 1 0.0 8040.2042804244475
31 1 0.0 7333.045614966102
31 1 0.0 7153.371120442513
31 1 0.0 6896.040971564122
31 1 0.0 6841.820357938026
31 1 0.0 6505.871392089977
31 1 0.0 6424.516873199618
31 1 0.0 5488.008210170013
31 1 0.0 5246.44531533754
31 1 0.0 5195.781614880005
31 1 0.0 5018.3243174160125
31 1 0.0 4895.365969000005
31 1 0.0 4670.985412089109
31 1 0.0 4554.599825630017
31 1 655.131294997469 4870.134246670021
31 1 0.0 4106.174138178314
31 1 10226.206298479934 14297.383377439965
31 1 0.0 3908.755001180394
31 1 0.0 3871.7368666654957
31 1 0.0 3864.7825751675846
31 1 0.0 3829.4590373500123
31 1 0.0 3812.026748642493
31 1 508.4847528599994 4176.485090039972
31 1 0.0 3665.388425631601
31 1 0.0 3328.2184709395915
31 1 0.0 3264.02781116
31 1 0.0 3251.7328311878537
31 1 0.0 3237.0828057399995
31 1 2852.420165110041 6076.457343778937
31 1 0.0 3117.4840965899702
31 1 3632.1037999900072 6654.112237738306
31 1 0.0 2990.7211315025297
31 1 0.0 2945.433365669971
31 1 0.0 2922.6976501499853
31 1 0.0 2922.649566837492
31 1 0.0 2750.6352872818234
31 1 0.0 2744.1017444473127
31 1 0.0 2694.310852529985
31 1 3275.818569312576 5949.733187412901
31 1 0.0 2661.294223489994
31 1 0.0 2643.2108955732
31 1 0.0 2637.0938654599986
31 1 0.0 2592.1596217100096
31 1 0.0 2540.489845552389
31 1 1081.4140440952142 3596.148919136007
31 1 0.0 2478.713984399998
31 1 0.0 2428.6922290311304
31 1 0.0 2390.613798694092
31 1 0.0 2368.7670887696204
31 1 0.0 2361.8662212451063
31 1 0.0 2359.2061775299844
31 1 0.0 2351.627029300096
31 1 0.0 2305.0388252244
31 1 0.0 2252.407467337297
31 1 0.0 2240.1762342999727
31 1 0.0 2233.2760634399783
31 1 0.0 2226.3248287691495
31 1 0.0 2225.9218731744118
31 1 0.0 2200.4551228016035
31 1 0.0 2162.245414973473
31 1 0.0 2156.591048462473
31 1 0.0 2151.9069566319795
31 1 0.0 2124.8246634262814
31 1 0.0 2099.757060620017
31 1 0.0 2080.0824247500022
31 1 0.0 2064.887808093953
31 1 4313.578847839997 6362.047209977411
31 1 0.0 2037.1866412790678
31 1 0.0 2000.4544662025146
31 1 0.0 1994.3927004590878
31 1 0.0 1950.2899673948305
31 1 0.0 1939.9440758699775
31 1 0.0 1934.072340919989
31 1 0.0 1928.490481620652
31 1 0.0 1925.7679346867226
31 1 0.0 1849.7198732160205
31 1 0.0 1726.071280785607
31 1 0.0 1716.9302375050947
31 1 0.0 1701.089315469967
31 1 0.0 1692.9369860700094
31 1 0.0 1674.4449087924877
31 1 0.0 1659.3580196400135
31 1 0.0 1646.5063327183962
31 1 0.0 1637.1089185599794
31 1 0.0 1626.6983482794094
31 1 0.0 1607.9385720823993
31 1 0.0 1595.0888072484931
31 1 0.0 1590.9505545315046
31 1 0.0 1565.338513821729
31 1 0.0 1541.5913381780156
31 1 0.0 1538.4910778400001
31 1 0.0 1515.2024377099842
31 1 0.0 1494.4894946124866
31 1 0.0 1493.5122152500012
31 1 0.0 1422.8023308324118
31 1 0.0 1356.8484289126995
31 1 0.0 1351.185639670024
31 1 0.0 1317.1688215334934
31 1 0.0 1311.7935520099986
31 1 0.0 1296.7905235700073
31 1 0.0 1266.1876185225028
31 1 0.0 1260.3781905500136
31 1 0.0 1248.9875370530983
31 1 0.0 1239.9237001024946
31 1 4585.208735743017 5819.486978289289
31 1 250.76264346199787 1469.22298283721
31 1 0.0 1200.993306324015
31 1 0.0 1121.8139394499876
31 1 0.0 1105.5710006348124
31 1 0.0 1087.6501042243872
31 1 0.0 1065.4865479700102
31 1 0.0 1058.253974609227
31 1 0.0 1051.9356565858072
31 1 0.0 1040.7141662900135
31 1 0.0 1039.8985585663977
31 1 0.0 1033.6072111700487
31 1 0.0 1024.3892577500237
31 1 0.0 1015.277307719995
31 1 0.0 1013.9129575800489
31 1 126.0685832440081 1105.5950677599944
31 1 0.0 978.079509839994
31 1 0.0 950.1247267000172
31 1 135.81993865717686 1059.5983457200227
31 1 0.0 922.6935800900083
31 1 0.0 895.1598420199994
31 1 1072.1283990300099 1943.5856328399786
31 1 0.0 866.3180737148
31 1 0.0 859.822822669998
31 1 0.0 847.3335238799964
31 1 0.0 844.3806062900089
31 1 0.0 806.9367188670913
31 1 0.0 804.7728434900182
31 1 0.0 802.4887887100194
31 1 0.0 802.2913372820099
31 1 0.0 799.2454828308969
31 1 0.0 798.4199220904047
31 1 1071.68738098001 1868.8437777012014
31 1 329.65120029450736 1121.421984963984
31 1 0.0 785.6364408940026
31 1 0.0 783.7306569189223
31 1 0.0 782.174509351602
31 1 0.0 780.8184244800268
31 1 0.0 776.0020627407775
31 1 0.0 774.6503664181
31 1 0.0 768.7066447999969
31 1 133.65442225350557 897.8133947567021
31 1 0.0 759.2290766472952
31 1 0.0 752.4603356124871
31 1 0.0 751.1260009776743
31 1 0.0 737.0816506023002
31 1 0.0 731.1776760989023
31 1 0.0 729.5541157900116
31 1 0.0 722.2969756524856
31 1 0.0 710.0057932899904
31 1 0.0 707.8083158499962
31 1 0.0 699.4969997399949
31 1 0.0 699.0333979200122
31 1 0.0 674.9928976763836
31 1 357.20486997851265 1031.1198657913058
31 1 0.0 671.6388604363024
31 1 633.0202898400157 1303.5213577100021
31 1 0.0 656.180500410007
31 1 0.0 654.638203194887
31 1 0.0 650.1563431999957
31 1 0.0 649.6917025225121
31 1 0.0 643.388615444389
31 1 0.0 636.5149765056005
31 1 0.0 636.2302987600035
31 1 0.0 633.5522830319114
31 1 0.0 629.4249614108894
31 1 0.0 620.7652468200486
31 1 0.0 620.2964059600054
31 1 0.0 601.1156288299926
31 1 0.0 581.3937277492987
31 1 0.0 579.8499949324896
31 1 0.0 578.9583212228983
31 1 0.0 577.1880642810647
31 1 127.88620177239818 693.6046641063992
31 1 1199.2091403185577 1759.2005761968667
31 1 0.0 558.4455108204052
31 1 0.0 558.222150569989
31 1 0.0 538.3187035355913
31 1 0.0 537.225247810019
31 1 1584.4499744475006 2120.9112595919014
31 1 0.0 519.2984695184186
31 1 376.30641021997644 886.7489979168095
31 1 0.0 507.85271655000065
31 1 84.20272679764457 588.6746861147076
31 1 0.0 499.43802483999366
31 1 0.0 498.34245823999913
31 1 642.3295786373121 1135.7703593623003
31 1 0.0 486.4054546299981
31 1 1248.1668664000117 1730.4973395275074
31 1 0.0 470.57519910306837
31 1 0.0 465.4844919200368
31 1 0.0 458.99773765000236
31 1 0.0 449.2544094774976
31 1 0.0 448.9587219099926
31 1 558.5686268530831 1006.5285602930885
31 1 0.0 435.6949957499719
31 1 965.7739486899954 1395.486804619968
31 1 0.0 423.51482720473723
31 1 0.0 406.75113405551474
31 1 0.0 405.7251340071043
31 1 0.0 398.465348909996
31 1 7.169721790006179 401.9871494400054
31 1 3711.773195230003 4105.198254099999
31 1 504.73434757087614 890.3063307874011
31 1 82.09433684003216 461.6073457000102
31 1 0.0 379.2548593200182
31 1 984.7318025912846 1361.2010073756956
31 1 0.0 369.47766385997556
31 1 0.0 325.22203833360845
31 1 0.0 321.57763356997293
31 1 0.0 305.6134016636088
31 1 0.0 297.26065513533376
31 1 0.0 295.67760177000105
31 1 0.0 293.90384896999444
31 1 0.0 293.56670564599676
31 1 0.0 292.2880539995999
31 1 0.0 291.74457538998286
31 1 1.6577936430981026 293.2240211586984
31 1 0.0 287.69854955730625
31 1 0.0 281.04983114999504
31 1 0.0 279.6794594099938
31 1 218.47163532544937 491.1169491140945
31 1 0.0 268.9848179700102
31 1 0.0 265.5745062119877
31 1 0.0 258.07959542630283
31 1 0.0 252.73330155999884
31 1 0.0 251.9008057436131
31 1 0.0 244.3548534299971
31 1 0.0 236.18268832999547
31 1 0.0 234.59548446002373
31 1 673.2648318784059 903.9950183399833
31 1 0.0 228.84145558329192
31 1 205.80223221750657 409.6650668484125
31 1 766.7257314643975 966.8594948399796
31 1 0.0 193.52950530041858
31 1 0.0 190.53760991929767
31 1 0.0 184.05759228000898
31 1 0.0 177.8127847119922
31 1 0.0 177.80717445000482
31 1 0.0 175.32487862721928
31 1 0.0 161.88606511410399
31 1 0.0 153.24749620000296
31 1 151.19283893629233 298.18088716201373
31 1 0.0 138.27509070719952
31 1 0.0 135.89505127440594
31 1 0.0 120.86215541881393
31 1 0.0 120.57538818000262
31 1 4180.760611800004 4298.159072640006
31 1 0.0 117.07784391799623
31 1 0.0 113.03130353401662
31 1 0.0 94.92297435000546
31 1 0.0 93.62639092999541
31 1 3043.4188573600004 3136.9079919936103
31 1 0.0 91.97594842198691
31 1 0.0 83.11818575999632
31 1 0.0 80.86044243001106
31 1 0.0 74.08038442249608
31 1 254.7732232408871 317.7483365284006
31 1 0.0 42.79898324999658
31 1 0.0 37.46743136999703
31 1 2624.595526500013 2659.3105819500206
31 1 0.0 31.627424323103014
31 1 0.0 28.985881783102514
31 1 0.0 23.46248304190476
31 1 328.6371168057012 344.87971461088637
31 1 882.4383985997292 898.0657533755893
31 1 65.07031287119389 79.41144642079917
31 1 0.0 11.46512264001035
31 1 0.0 5.5673744843998065
31 1 0.0 0.668476077210471
31 0 0.0 inf
31 0 0.0 43.26518016000614
