# HEALTHY_SAMPLE_1_ROI_2
0 1 4686.420343919861 64383.69656352001
0 1 0.0 40080.151594167444
0 1 8692.14192859202 47659.43250204755
0 1 0.0 38511.679729910065
0 1 0.0 23590.394038110804
0 1 0.0 23090.03557264249
0 1 0.0 21974.510175670053
0 1 0.0 20866.16284571751
0 1 0.0 18412.380173692392
0 1 0.0 15833.172990622377
0 1 0.0 14619.254456949986
0 1 0.0 14596.596883155753
0 1 0.0 14585.34654924999
0 1 0.0 14005.492958425573
0 1 0.0 13949.607927440009
0 1 0.0 13552.61235901089
0 1 0.0 13003.228445170025
0 1 12374.820898549975 25044.14722065001
0 1 0.0 11629.30627188999
0 1 0.0 11328.4697045125
0 1 0.0 11199.700072693538
0 1 0.0 10622.724262740798
0 1 0.0 8550.34267704
0 1 0.0 8254.482503555088
0 1 0.0 8126.512010577199
0 1 0.0 7991.23873154522
0 1 509.6290923399947 8211.233929400418
0 1 195.1512764799836 7746.06093887912
0 1 0.0 7531.231444890402
0 1 0.0 7325.919998191988
0 1 0.0 7119.035072257496
0 1 0.0 6971.231034960005
0 1 9.070200807422111 6939.4081491624265
0 1 0.0 6834.329051620004
0 1 0.0 6772.215591330403
0 1 0.0 6639.90967347003
0 1 0.0 6527.229874529992
0 1 0.0 5991.499181668674
0 1 0.0 5643.731563147623
0 1 0.0 5147.192357409625
0 1 0.0 5072.110036840004
0 1 0.0 4845.401742897994
0 1 0.0 4839.136532486088
0 1 1907.4604931455965 6739.633104464892
0 1 0.0 4713.731708539997
0 1 0.0 4686.782124911999
0 1 0.0 4483.063478970003
0 1 0.0 4392.808655925994
0 1 0.0 4357.398632895969
0 1 0.0 4219.298458521998
0 1 0.0 4165.928431047493
0 1 0.0 4148.426717622004
0 1 0.0 4138.124872649968
0 1 0.0 4047.34662404499
0 1 0.0 3646.087723529983
0 1 0.0 3575.1751553799927
0 1 0.0 3512.4643277788045
0 1 720.3573703600159 4047.04339532999
0 1 0.0 3212.978094168394
0 1 34556.867901254685 37732.39573697956
0 1 557.7353514674996 3692.184962320023
0 1 0.0 2930.831149310021
0 1 0.0 2923.551682392493
0 1 0.0 2898.403445679303
0 1 0.0 2887.850810209996
0 1 0.0 2851.527525333212
0 1 0.0 2825.198250317611
0 1 0.0 2759.6849516779976
0 1 0.0 2696.8404412543896
0 1 0.0 2688.661452704503
0 1 0.0 2676.607609329909
0 1 0.0 2576.6508681600144
0 1 0.0 2483.896401381704
0 1 0.0 2447.3984744022982
0 1 3602.629463992492 6021.906354959987
0 1 1661.1199136099767 4078.3148367599842
0 1 168.92408386562738 2519.382872759983
0 1 219.33804064000037 2562.62495812639
0 1 0.0 2272.657485050002
0 1 562.351136564709 2799.311166557074
0 1 0.0 2223.7510347200005
0 1 173.4707269899966 2394.477517527601
0 1 0.0 2190.7669589999964
0 1 75.3420659487985 2253.79035966009
0 1 2168.8997043084946 4322.721302227035
0 1 0.0 2114.990083519996
0 1 2000.2565829318983 4022.7269890614916
0 1 0.0 1913.4078458015988
0 1 0.0 1844.504354606504
0 1 0.0 1803.448305449982
0 1 0.0 1764.7428848325098
0 1 1841.0829807499822 3583.0903747279945
0 1 0.0 1698.6229464240034
0 1 471.0869138582966 2146.5861398013067
0 1 0.0 1624.5099110244091
0 1 0.0 1587.608536838405
0 1 0.0 1575.4953884004985
0 1 3226.681247941491 4788.550819038793
0 1 774.4621110852195 2324.7671109584935
0 1 4649.557013875817 6199.769875075986
0 1 0.0 1527.74588195649
0 1 0.0 1500.7725302940016
0 1 5671.860636885169 7151.192583705611
0 1 0.0 1473.056887870006
0 1 0.0 1453.3302222936934
0 1 0.0 1444.8078578799941
0 1 0.0 1395.0057221600136
0 1 0.0 1341.2088243225066
0 1 51.19025217599483 1370.671526448004
0 1 0.0 1285.5070977486826
0 1 0.0 1238.7910386681049
0 1 0.0 1208.9295409034962
0 1 0.0 1200.9955178523826
0 1 0.0 1196.7804404899987
0 1 0.0 1194.6217002463998
0 1 0.0 1182.1764551599967
0 1 0.0 1172.8223339090787
0 1 0.0 1168.3747626100057
0 1 0.0 1143.7118756936097
0 1 0.0 1142.5793018331003
0 1 147.46659840609732 1273.8324788518985
0 1 0.0 1123.1362142484068
0 1 0.0 1105.6333333107923
0 1 0.0 1087.9713299999848
0 1 0.0 1086.8745836540056
0 1 397.7931865500036 1477.4319165899988
0 1 1990.2490612589004 3066.5033674299916
0 1 0.0 1068.4682307965004
0 1 0.0 1064.1454601116006
0 1 677.9317427299934 1679.0185908800036
0 1 0.0 999.2712045007979
0 1 0.0 993.19472268001
0 1 3911.3406456800017 4890.774883759983
0 1 0.0 969.0190786999992
0 1 0.0 965.3807860800271
0 1 0.0 964.2403258499901
0 1 0.0 951.0663142326052
0 1 0.0 948.9811733900069
0 1 0.0 933.3811614833039
0 1 0.0 923.11962911001
0 1 0.0 919.8851346420063
0 1 0.0 909.2199412400093
0 1 0.0 907.5927002597064
0 1 1303.4824498499906 2194.821056010001
0 1 0.0 882.7337587799911
0 1 0.0 858.4416052799979
0 1 0.0 857.8610694811996
0 1 0.0 857.8045402700084
0 1 0.0 843.0477420799966
0 1 0.0 828.4599348170941
0 1 0.0 778.3980778900111
0 1 795.8127712464088 1569.4304754980003
0 1 0.0 762.2241547415085
0 1 79.37104055160034 826.8692042591993
0 1 0.0 746.746732080011
0 1 0.0 733.7895715800078
0 1 0.0 728.5495066900045
0 1 264.403170790014 966.284859580003
0 1 0.0 693.5516208266745
0 1 0.0 692.1690562900023
0 1 0.0 667.8400555936003
0 1 256.78703748999396 923.4288870608839
0 1 0.0 666.4344548100028
0 1 0.0 655.9005621999856
0 1 0.0 653.954305836899
0 1 0.0 647.6731253100063
0 1 0.0 611.4433395292872
0 1 0.0 607.774050033323
0 1 0.0 591.0625877700052
0 1 0.0 575.047975922495
0 1 0.0 570.3624828367829
0 1 723.2896644132888 1284.5810637639852
0 1 1081.8445938451023 1639.139795525081
0 1 0.0 555.3022077060036
0 1 295.8778765800007 844.1514421556059
0 1 0.0 532.9023419000102
0 1 0.0 525.8125949799908
0 1 296.77532462089596 802.0839748420083
0 1 11.023949790398092 509.7363507783955
0 1 434.3358001999959 930.462981500008
0 1 0.0 480.86482455999953
0 1 0.0 478.6195327689968
0 1 0.0 464.7731583773011
0 1 0.0 460.22422054350193
0 1 0.0 454.1286465971907
0 1 0.0 452.70867993960564
0 1 0.0 444.5652814794962
0 1 0.0 437.5400434400067
0 1 0.0 421.91057678855236
0 1 271.49140890441595 689.6283422299989
0 1 0.0 416.1792140000059
0 1 1.233538260012324 415.5024512700111
0 1 0.0 411.48560535410866
0 1 0.0 405.40502568150714
0 1 0.0 402.46409033250575
0 1 0.0 401.7487578719986
0 1 42.77003602229115 438.72513626109867
0 1 0.0 390.7035064960105
0 1 0.0 383.031389189998
0 1 0.0 380.8287243295041
0 1 562.1928878399967 941.8190980800051
0 1 409.9151320492638 777.8736436621202
0 1 558.0138724078897 922.7374275686852
0 1 0.0 359.36929482149753
0 1 0.0 344.0491694300044
0 1 3144.670728608693 3480.3749375087027
0 1 0.0 331.4117186018941
0 1 0.0 324.27694542998836
0 1 290.0244175004018 599.3232950868969
0 1 546.9522880632885 844.3134264913056
0 1 0.0 294.69722112411296
0 1 0.0 290.6614026999963
0 1 0.0 287.69255051999676
0 1 0.0 284.88725924999915
0 1 0.0 284.6677639440147
0 1 832.665634480401 1113.1711690835973
0 1 0.0 279.88969195000004
0 1 0.0 277.79076062559443
0 1 308.0932178199796 585.242317600007
0 1 3706.523355492325 3976.9917131468037
0 1 0.0 267.3254568144032
0 1 0.0 266.7923806699897
0 1 0.0 263.91793613750065
0 1 0.0 258.2671982500009
0 1 10.440468831098201 267.3408463655069
0 1 0.0 253.52392353600067
0 1 0.0 245.26121085730358
0 1 444.2520756959966 686.7555587715979
0 1 0.0 240.04925682999806
0 1 0.0 235.04155240550404
0 1 0.12364755000157857 232.52331024000705
0 1 0.0 229.45561993290585
0 1 919.9235900615049 1140.923057278787
0 1 656.219066744402 875.0353582010946
0 1 0.0 215.93316407998157
0 1 0.0 213.16528172070275
0 1 368.64578062489795 577.3034986859927
0 1 0.0 207.81849081989867
0 1 3901.471455553193 4104.8576077912985
0 1 0.0 202.7846148351
0 1 0.0 202.14027864240632
0 1 0.0 187.99063556000073
0 1 0.0 183.42970397999733
0 1 0.0 179.656498080009
0 1 0.0 177.79992985440225
0 1 0.0 176.2669997399991
0 1 0.0 165.70688491889268
0 1 0.0 164.57733475241366
0 1 0.0 164.41596843639985
0 1 192.7082136765 354.781798571493
0 1 233.1903126099878 387.1504521699944
0 1 858.7821993269035 1011.2357721742987
0 1 0.0 151.10747593001088
0 1 0.0 149.16014745960365
0 1 0.0 144.59796855710874
0 1 1064.8880913072826 1208.1562136251107
0 1 52.137353190001136 195.07343001030392
0 1 0.0 135.78551802881157
0 1 16.036806719099786 148.88129246609446
0 1 0.0 132.2572808342968
0 1 0.0 130.68618193909617
0 1 0.0 130.542531577491
0 1 0.0 130.35491280095448
0 1 0.0 125.43048017249066
0 1 7.58515089000025 132.95271777639994
0 1 0.0 123.51796192789334
0 1 0.0 118.26045924249274
0 1 0.0 110.67011863121252
0 1 0.0 110.60341567199612
0 1 0.0 105.6076784024994
0 1 0.0 104.50173672000503
0 1 0.0 102.78766091001762
0 1 0.0 102.43693616000473
0 1 87.34603603599476 184.7328790419906
0 1 0.0 96.59196203000084
0 1 261.41245768199815 354.86434766199864
0 1 1649.1153628004113 1737.9287407926918
0 1 2057.430092493445 2144.87367490914
0 1 0.0 86.19478645000527
0 1 0.0 85.86797188439743
0 1 438.7369144084123 524.5911534484112
0 1 0.0 80.21229979997588
0 1 559.7838401900008 639.450435510398
0 1 90.56970772800014 169.4342962763983
0 1 0.0 78.55174079999642
0 1 0.0 77.9893364743993
0 1 0.0 77.60126328999695
0 1 0.0 72.90473690600356
0 1 0.0 69.04721332079453
0 1 933.7796639000094 997.688310949989
0 1 0.0 63.67805213250449
0 1 0.0 57.59567158999823
0 1 0.0 51.265670587197405
0 1 0.0 50.47719296999344
0 1 0.0 50.45140571010988
0 1 393.99476242039964 441.61684868892553
0 1 0.0 47.58846866350041
0 1 0.0 44.69263288999855
0 1 174.81948507397374 216.62502323716672
0 1 341.906014905599 383.4698617707877
0 1 0.0 39.44006903870195
0 1 0.0 39.013353805605675
0 1 0.0 36.080339514764404
0 1 48.059961249996945 84.10454500001094
0 1 0.0 35.070559577897455
0 1 0.0 32.854324324399386
0 1 0.0 32.14842777252147
0 1 0.0 31.733774411596585
0 1 45.48511546750524 73.58971023437715
0 1 0.0 26.94037494439476
0 1 0.0 24.668225449996953
0 1 0.0 23.728555009998217
0 1 0.0 21.055690369999155
0 1 234.84532937749714 253.93863993150035
0 1 153.45336228600308 171.05834140530123
0 1 23.302638279997495 31.102301490000514
0 1 136.85612089238134 139.69456499638568
0 1 141.37644288839965 143.30399146800573
0 0 0.0 inf
0 0 0.0 849.021062703662
0 0 0.0 43.396337328188565
0 0 0.0 14.287533054434107
# HEALTHY_SAMPLE_2_ROI_1
1 1 0.0 42957.56861939005
1 1 0.0 38524.84334612998
1 1 0.0 37379.70433854758
1 1 0.0 32348.995473707215
1 1 0.0 29222.832520302043
1 1 0.0 19670.038720369987
1 1 0.0 18942.129408330045
1 1 0.0 17797.6022699775
1 1 175.08412084767042 17337.40825867468
1 1 8.490717240000777 16498.672829199993
1 1 0.0 15753.668026593623
1 1 0.0 14124.145919743998
1 1 0.0 13873.789498180493
1 1 0.0 13688.712739737175
1 1 0.0 13604.667837909437
1 1 0.0 12350.1549556504
1 1 9532.408668664 21287.247191109633
1 1 0.0 11511.888114680009
1 1 0.0 11375.214293366102
1 1 23084.26048469408 34315.71522186352
1 1 0.0 11086.8974015475
1 1 0.0 10600.617685123989
1 1 1751.9332509885498 12290.752268382974
1 1 0.0 10517.721015624997
1 1 0.0 9791.16339731267
1 1 0.0 9543.598163040017
1 1 0.0 9308.80926956001
1 1 0.0 9035.501831168018
1 1 723.4610747100724 9583.182551160013
1 1 0.0 8796.54256066002
1 1 37.685637771502684 8375.715942403494
1 1 0.0 8266.166000503197
1 1 0.0 8225.693626560016
1 1 0.0 8184.815322110389
1 1 0.0 8165.7267488647985
1 1 0.0 8130.401832965991
1 1 0.0 7538.094364135306
1 1 0.0 7514.560067954007
1 1 0.0 7349.911678420007
1 1 0.0 7165.6354508363975
1 1 7689.074869895601 14733.126675868789
1 1 0.0 6584.5239081399795
1 1 0.0 6535.287758218816
1 1 0.0 6333.192140825708
1 1 11232.76053563724 17320.1661626064
1 1 0.0 6073.106228730023
1 1 1390.3111760819838 7295.0042508624065
1 1 0.0 5707.217233360003
1 1 0.0 5564.651291645703
1 1 0.0 5416.328365579982
1 1 0.0 5285.144707757584
1 1 0.0 5226.343462019963
1 1 0.0 5131.510945924255
1 1 0.0 5120.011883094692
1 1 0.0 5001.642049858402
1 1 0.0 4904.21206038509
1 1 0.0 4766.092744187912
1 1 0.0 4707.5501292675035
1 1 0.0 4577.358265605902
1 1 0.0 4532.271473846012
1 1 108.70482961002836 4580.643460800018
1 1 882.0949713804066 5300.676053009989
1 1 0.0 4319.870092782473
1 1 2.997565233493333 4302.330108671993
1 1 419.97412696199353 4640.13487573481
1 1 137.73412216359975 4338.628137486528
1 1 0.0 4028.4037165924965
1 1 0.0 3833.8496623100364
1 1 0.0 3542.4666727200256
1 1 0.0 3488.0561950676038
1 1 0.0 3434.7360281225037
1 1 0.0 3412.2185881550977
1 1 0.0 3355.6164939500054
1 1 0.0 3283.287543726403
1 1 0.0 3232.031781090018
1 1 2501.947217099997 5687.270930560009
1 1 0.0 3172.7368105356068
1 1 120.85629764240821 3289.458201966782
1 1 206.50882404000913 3372.2670406703837
1 1 0.0 3137.318632593606
1 1 1676.2577509900184 4777.791997960039
1 1 5401.617754520012 8381.572145960019
1 1 0.0 2976.527462959997
1 1 0.0 2881.8570961659984
1 1 0.0 2860.441819570001
1 1 0.0 2841.8146929545
1 1 0.0 2710.222799999994
1 1 0.0 2705.9634839836
1 1 0.0 2666.0611391199964
1 1 287.1383564703874 2944.0275705980075
1 1 0.0 2620.054248359988
1 1 0.0 2571.503497960799
1 1 89.70893379600466 2642.754373210005
1 1 0.0 2199.3029885499755
1 1 0.0 2128.984671184864
1 1 0.0 2117.7089478284033
1 1 192.11311408001984 2285.6758039099986
1 1 0.0 2072.121103551295
1 1 0.0 2071.280854205102
1 1 2784.444960178399 4801.190692858396
1 1 0.0 1947.4914371499935
1 1 8470.559679832528 10339.227696242497
1 1 269.2112131300105 2132.706616329999
1 1 0.0 1849.317800128515
1 1 300.02542637480656 2143.4864465116366
1 1 0.0 1841.8251043899982
1 1 0.0 1805.4741542774882
1 1 0.0 1790.3373585599934
1 1 0.0 1722.4612080700017
1 1 0.0 1680.251323693084
1 1 0.0 1671.7974755699615
1 1 0.0 1666.6775985700133
1 1 553.2952208939951 2205.963638928416
1 1 0.0 1636.7751929824053
1 1 0.0 1525.7535223980008
1 1 0.0 1516.377656160007
1 1 0.0 1501.9328899416078
1 1 704.0424879475104 2202.1370492963033
1 1 0.0 1487.1027482100012
1 1 275.19903096000536 1739.8782831600029
1 1 0.0 1453.3183482444974
1 1 0.0 1371.055953363301
1 1 0.0 1366.969409135208
1 1 0.0 1335.8715613700097
1 1 0.0 1317.7630200499998
1 1 148.53624713510203 1429.8834230700168
1 1 0.0 1251.9084713485217
1 1 0.0 1225.2904205200102
1 1 0.0 1196.6404496799828
1 1 0.0 1173.3531817307955
1 1 0.0 1172.3140745435858
1 1 0.0 1162.6866091274933
1 1 0.0 1143.3619412647963
1 1 0.0 1121.4193979999982
1 1 1331.4752879311145 2445.155420259844
1 1 0.0 1091.0246034800036
1 1 0.0 1087.8177100676016
1 1 0.0 1082.5556959999894
1 1 0.0 1057.8153668699993
1 1 0.0 1056.6376956407007
1 1 858.9117497755851 1903.2216051412006
1 1 0.0 1039.5990721925018
1 1 0.0 994.4922182300043
1 1 327.32374401902507 1312.4078304622624
1 1 1383.9800152372882 2368.260725741941
1 1 0.0 983.7850992232038
1 1 0.0 982.2554686999856
1 1 0.0 964.3179056030999
1 1 2987.5530425395887 3946.4715908198978
1 1 0.0 946.340364100005
1 1 0.0 931.0974913800007
1 1 245.28058733410217 1172.9709538386978
1 1 1089.8286066419932 1995.8295767232084
1 1 0.0 904.8288546599917
1 1 0.0 884.2287763724862
1 1 1829.7767028220017 2707.192431470001
1 1 3531.7927709975047 4379.537797690004
1 1 0.0 790.8472290199688
1 1 0.0 782.5864226032913
1 1 0.0 782.2128262399779
1 1 0.0 775.2514112500048
1 1 0.0 729.6206199197045
1 1 0.0 711.0533233034957
1 1 0.0 706.3442157198001
1 1 0.0 701.9714469499863
1 1 210.15806827000097 898.3554908699743
1 1 0.0 672.6800960299909
1 1 1428.9672441014918 2084.526111789994
1 1 2410.3217769459925 3047.8448593844905
1 1 0.0 628.3652963699958
1 1 0.0 626.9202595135
1 1 0.0 626.1554088700068
1 1 0.0 614.8836803915042
1 1 0.0 610.2156035141365
1 1 0.0 600.6717573300017
1 1 1682.160336598703 2270.708781680526
1 1 880.2005465124239 1450.0176025624864
1 1 0.0 567.6809471999973
1 1 0.0 562.6214913651002
1 1 0.0 547.4996817199844
1 1 721.7138721614058 1268.9594893022932
1 1 430.3761224690978 976.8387726489025
1 1 0.0 543.9965895500213
1 1 30.14323775999219 563.9072365999727
1 1 0.0 528.7143064148022
1 1 0.0 523.4646780055059
1 1 0.0 522.1252080625072
1 1 192.49229645059177 702.4036444850019
1 1 651.5742556065679 1160.3443917386458
1 1 0.0 491.242296600009
1 1 646.7380268025115 1122.7217595300094
1 1 0.0 461.34684836997076
1 1 59.112066330007565 518.0535418200116
1 1 0.0 441.7127953232025
1 1 0.0 429.57375983760016
1 1 0.0 429.5446267814996
1 1 0.0 428.90089301922217
1 1 0.0 427.367387417607
1 1 5512.31857690121 5933.599205799983
1 1 0.0 419.9622819920023
1 1 0.0 418.3079947974966
1 1 681.1793250545074 1085.6082186279982
1 1 0.0 396.312628194396
1 1 0.0 390.7014887799909
1 1 0.0 380.6075144399995
1 1 0.0 372.3651198156149
1 1 0.0 360.8699265624937
1 1 0.0 356.14622505001046
1 1 0.0 353.0805355599796
1 1 255.0499357600129 606.1136299763958
1 1 0.0 344.18173542996556
1 1 0.0 338.5468504728001
1 1 0.0 315.7814252499925
1 1 0.0 301.27103828430154
1 1 0.0 296.18431274360455
1 1 0.0 292.1521492575812
1 1 0.0 286.22890406849933
1 1 742.7828085497038 1025.6111484345042
1 1 0.0 257.9794843599996
1 1 86.74925811999174 342.56739451998055
1 1 1654.8952144225054 1910.3327292349018
1 1 119.53338872001223 370.21437071996434
1 1 0.0 238.05255156249257
1 1 0.0 233.38215284549506
1 1 0.0 231.72911140080237
1 1 0.0 229.58694907979998
1 1 0.0 217.34340863659008
1 1 25.434247769106776 235.52488729309232
1 1 0.0 210.07603648002168
1 1 1594.663809616905 1795.8753758000012
1 1 0.0 199.46430548720105
1 1 0.0 197.2031820869006
1 1 0.0 191.81984692000174
1 1 0.0 183.3466850795969
1 1 0.0 180.52614693000032
1 1 0.0 180.10394479509478
1 1 0.0 178.07187479999675
1 1 7680.74598913718 7855.407928225521
1 1 0.0 173.1721419999974
1 1 0.0 172.2428807600072
1 1 0.0 172.18452969999134
1 1 0.0 171.62376720479665
1 1 20.374317000006783 191.57111685001118
1 1 393.28172261160535 563.7950410759072
1 1 0.0 158.94164784679197
1 1 0.0 158.7012366969052
1 1 0.0 158.27567996749576
1 1 0.0 153.1925761100024
1 1 0.0 147.0078047735003
1 1 0.0 144.85779699579854
1 1 0.0 132.51767127680387
1 1 152.38381595349756 280.0973140864012
1 1 0.0 121.80023561399304
1 1 270.7431250000009 383.04836550220466
1 1 4836.271728080015 4945.075642978822
1 1 0.0 108.2591168128049
1 1 0.0 103.67463872150017
1 1 0.0 102.49950789439345
1 1 201.2607500000023 300.18756605000135
1 1 27.974557292494865 126.50457378000306
1 1 82.20858056040743 174.6760395324983
1 1 0.0 86.35216091999064
1 1 0.0 85.5157105071919
1 1 0.0 85.39996378319256
1 1 3794.0275817599913 3876.7440347999973
1 1 0.0 82.33218412239535
1 1 0.0 82.1043535300015
1 1 0.0 76.47996116039815
1 1 0.0 74.7843386965069
1 1 77.49079623940588 150.58362570343434
1 1 1186.8963848155877 1257.8487637199942
1 1 32.18857039358966 101.81671028000142
1 1 90.66484837001542 155.70986469000366
1 1 0.0 64.3510546715952
1 1 94.47810492610046 156.3972233164008
1 1 0.0 61.74734025299949
1 1 0.0 61.44127349846167
1 1 116.7180005900052 176.44414273040638
1 1 0.0 56.74245818998952
1 1 0.0 51.74517801560319
1 1 0.0 47.493953724704625
1 1 0.0 46.961877391267535
1 1 0.0 40.52025979198686
1 1 0.0 37.92988333799951
1 1 0.0 26.258634915500124
1 1 81.2793445916027 107.45964315000242
1 1 0.0 23.44310064000365
1 1 406.50945214120634 428.9619553865057
1 1 0.0 16.65450494999959
1 1 0.0 12.274490742407238
1 1 0.0 8.757853393491587
1 1 0.0 8.388252800020382
1 1 0.0 6.946110918400564
1 1 14.752484250703787 21.68512873200291
1 1 0.0 5.901287049995673
1 1 0.0 3.327699610002014
1 0 0.0 inf
1 0 0.0 4046.4953867951554
1 0 0.0 276.9889839663854
1 0 0.0 122.31573533459351
# HEALTHY_SAMPLE_2_ROI_2
2 1 0.0 34620.695592559976
2 1 0.0 32423.567973289995
2 1 0.0 24228.659961132813
2 1 0.0 22240.249895167446
2 1 0.0 21812.448260895657
2 1 0.0 21735.366009099947
2 1 8092.502484057688 27690.241865512016
2 1 0.0 17182.261408863997
2 1 0.0 16963.681865121995
2 1 0.0 14885.508778355308
2 1 0.0 13579.684600000008
2 1 549.7750386254975 13725.744093276891
2 1 0.0 13122.181203959986
2 1 0.0 12832.9288866456
2 1 3637.0553002675115 16227.766250439974
2 1 0.0 12297.938354873408
2 1 0.0 11978.111375839231
2 1 0.0 11637.709449709986
2 1 5358.096293298739 16956.247315440003
2 1 0.0 10721.557441680015
2 1 0.0 10661.678576438011
2 1 0.0 9716.194264929487
2 1 0.0 9567.075372246005
2 1 0.0 9126.440199817482
2 1 0.0 9047.678028400005
2 1 0.0 8981.549190104004
2 1 5953.284961042464 14790.143054434775
2 1 2050.908338572007 10766.078321749217
2 1 0.0 8527.591758000013
2 1 2612.530047273971 10525.102501331929
2 1 0.0 7762.816479239974
2 1 219.19144072960717 7976.650811027614
2 1 0.0 7393.665628375997
2 1 0.0 7209.9974292264105
2 1 0.0 7203.231070409995
2 1 0.0 7152.234795920003
2 1 83.49797398708051 6862.6458828839695
2 1 0.0 6536.288036708886
2 1 0.0 6351.565499582897
2 1 3906.2779313896244 10238.58952208841
2 1 7140.421910999996 13042.309990349988
2 1 0.0 5893.579603730048
2 1 0.0 5551.120588533996
2 1 8953.316772069978 14500.910689799992
2 1 295.9897590724983 5565.275260931504
2 1 0.0 5237.47878592352
2 1 3264.6692371599784 8389.636009309968
2 1 0.0 5043.798047319992
2 1 642.15544124761 5579.935001481501
2 1 0.0 4931.445600059994
2 1 200.70657921600105 5018.220954868798
2 1 11504.812861412785 16187.37482155889
2 1 508.3188231500217 5068.124630010009
2 1 0.0 4532.238792526007
2 1 0.0 4406.6122949475375
2 1 150.66149296000174 4465.745960599987
2 1 0.0 4308.754312350032
2 1 0.0 4287.602917309993
2 1 0.0 4199.818538320909
2 1 0.0 4182.880047636398
2 1 0.0 4177.909165580004
2 1 0.0 4145.416198837211
2 1 586.1076526591405 4708.539559131545
2 1 0.0 4039.011746770011
2 1 0.0 3994.1394285300466
2 1 2061.72086381 6048.839639896003
2 1 861.5977684584923 4645.608509640911
2 1 0.0 3676.9879818759
2 1 0.0 3671.0906622682974
2 1 0.0 3598.2753031400116
2 1 0.0 3538.028728934409
2 1 0.0 3514.7912734960173
2 1 5814.570745599991 9199.05694447004
2 1 0.0 3377.2176202799947
2 1 276.5755049668842 3527.514265272499
2 1 0.0 3088.7263907424085
2 1 0.0 3074.7508200590555
2 1 441.8284803195977 3504.564312007298
2 1 0.0 3040.3081321800073
2 1 0.0 3014.2805515399873
2 1 0.0 2910.07876461
2 1 3291.1076111396997 6101.346186198425
2 1 0.0 2720.4903137599695
2 1 0.0 2708.310925550013
2 1 0.0 2703.751007830801
2 1 0.0 2698.9313383736003
2 1 0.0 2573.0462914675923
2 1 107.57198403480925 2655.9482738466963
2 1 0.0 2540.446087385996
2 1 38.426929000006794 2573.2365599500154
2 1 0.0 2510.3313472668997
2 1 0.0 2460.1429865640202
2 1 973.9469906708964 3362.4782689055937
2 1 0.0 2349.226453043999
2 1 85.92318965400227 2319.9722061761067
2 1 0.0 2169.661053876012
2 1 0.0 2142.720048750004
2 1 0.0 2134.5724660491014
2 1 0.0 2113.5878894623947
2 1 0.0 2052.369833279993
2 1 0.0 2049.9643762730966
2 1 0.0 2035.3219915600139
2 1 1409.5598078057037 3440.1071956275136
2 1 2625.7280461100117 4632.944936862514
2 1 0.0 1914.0290623599908
2 1 0.0 1899.540639589488
2 1 2050.660952070022 3935.514181199972
2 1 1603.0606689655958 3407.996054339626
2 1 0.0 1762.6470989599984
2 1 0.0 1748.7717059404777
2 1 1833.5737350000145 3580.914242770009
2 1 0.0 1739.8856826075933
2 1 0.0 1731.4275983819703
2 1 64.2896560000163 1773.0846589540015
2 1 103.55650278998746 1777.9562303731045
2 1 0.0 1662.7890891099933
2 1 3084.072565949761 4740.303897206
2 1 0.0 1603.9896858735892
2 1 0.0 1578.1706006079983
2 1 0.0 1548.6817569453738
2 1 2181.383084009998 3722.305811309998
2 1 0.0 1526.3379987800017
2 1 0.0 1519.532505173127
2 1 364.3736220213 1820.7694546543999
2 1 0.0 1452.8837731975545
2 1 561.744071394387 1973.1012577115825
2 1 513.1078669283997 1911.5788896323888
2 1 0.0 1377.5461953310678
2 1 0.0 1374.4331505950945
2 1 1644.8247243471924 3010.5509642464094
2 1 380.1803476774685 1682.5851642475063
2 1 0.0 1271.723338999997
2 1 422.27477584999497 1675.1302590500013
2 1 0.0 1227.3419712000004
2 1 0.0 1223.7524933339955
2 1 2777.675589759883 3965.488565126915
2 1 0.0 1158.3373454750863
2 1 0.0 1110.3507673690742
2 1 1465.476845741302 2564.7245649199785
2 1 0.0 1063.3760578099827
2 1 0.0 1049.8320071356975
2 1 0.0 1042.5251278124974
2 1 0.0 1034.6792181924902
2 1 60.04014103130976 1093.581948823572
2 1 0.0 1020.2011685784178
2 1 0.0 1016.6034904493126
2 1 0.0 1012.9146449550262
2 1 0.0 1008.8651853700148
2 1 2352.4952503725 3343.5458692925076
2 1 0.0 986.4769540073848
2 1 0.0 982.872577959984
2 1 0.0 974.3949097923987
2 1 0.0 951.0966259949228
2 1 200.42193028001066 1115.422398409995
2 1 0.0 886.6086798880033
2 1 0.0 879.9878079999926
2 1 0.0 879.3527415759995
2 1 0.0 871.0745471579984
2 1 0.0 869.2686286171165
2 1 0.0 866.4450419651062
2 1 0.0 861.0941005800032
2 1 0.0 858.201645390003
2 1 0.0 854.3969518559957
2 1 470.5790661599922 1324.305892869991
2 1 0.0 848.5091098683924
2 1 7923.500955439966 8771.202736079984
2 1 0.0 839.4598509100097
2 1 0.0 834.4281947300115
2 1 3794.7785918380996 4598.062116457331
2 1 0.0 796.7221217515958
2 1 464.9821152500035 1256.6357800500027
2 1 0.0 779.888819159828
2 1 0.0 745.656816805852
2 1 162.86381044998052 904.4817444900127
2 1 885.453763070007 1618.371591659994
2 1 309.79107382540224 1005.2400624650045
2 1 0.0 690.4448836781014
2 1 1492.2411630363895 2169.231239598377
2 1 0.0 672.5850773999946
2 1 0.0 668.2928441190919
2 1 0.0 665.470365130755
2 1 0.0 662.7931878563913
2 1 0.0 660.9047398711909
2 1 0.0 658.0145155599034
2 1 0.0 652.1765359999927
2 1 0.0 650.7824681603943
2 1 0.0 650.5863197540073
2 1 0.0 650.0742885499881
2 1 0.0 649.6783485230992
2 1 0.0 632.0550187384206
2 1 0.0 627.705322145996
2 1 0.0 622.2249951727226
2 1 0.0 603.9788667391967
2 1 0.0 588.3687731529817
2 1 0.0 570.2081533075993
2 1 0.0 556.4407906884007
2 1 0.0 546.5965200000004
2 1 0.0 542.5906001193027
2 1 0.0 528.5045827892584
2 1 10.306673159600905 523.6025800500047
2 1 0.0 513.1634638499954
2 1 0.0 503.2388775899926
2 1 1335.011439767597 1837.718617950014
2 1 0.0 501.5425093083927
2 1 0.0 501.3023039375057
2 1 0.0 495.1274488996012
2 1 0.0 467.9858361574975
2 1 0.0 464.2712484380045
2 1 0.0 462.0505802456041
2 1 0.0 460.05031261999875
2 1 496.32482055752325 954.2512032592281
2 1 25.983256409995192 481.3663512000139
2 1 0.0 447.98667172999876
2 1 1255.8358470400262 1695.1732912800535
2 1 1543.8271982460033 1982.557245680398
2 1 0.0 438.571705135799
2 1 0.0 423.10881184000937
2 1 0.0 417.35643099832225
2 1 2931.8120080374897 3343.052973987091
2 1 0.0 408.9024121085017
2 1 2201.000637449988 2604.480967530023
2 1 0.0 396.59821035289724
2 1 0.0 394.7892794630925
2 1 916.3159117868931 1309.3157678815928
2 1 0.0 391.0499987559051
2 1 0.0 381.6374657100091
2 1 812.341015999983 1172.1335377200294
2 1 0.0 349.8377674247995
2 1 0.0 341.5909974000158
2 1 0.0 334.0771881100027
2 1 13.710095600003115 344.18784797000444
2 1 0.0 313.3836916288042
2 1 0.0 308.36212973759825
2 1 23.119556831615455 327.4764023500097
2 1 0.0 303.236649094365
2 1 499.0512489858927 801.4437662099988
2 1 15046.49479703799 15341.018599628798
2 1 0.0 284.7942115374889
2 1 0.0 280.34599976748814
2 1 1294.0737555100159 1561.101484606799
2 1 0.0 263.7547514035964
2 1 0.0 248.92981909000508
2 1 0.0 243.00887359998273
2 1 0.0 241.66949550900426
2 1 1413.648824640015 1648.0242927280033
2 1 1855.9940775200034 2075.0587124299914
2 1 0.0 219.00407120159048
2 1 0.0 216.64631916759276
2 1 0.0 215.77076784910332
2 1 0.0 215.67941508999513
2 1 485.7193108880019 701.1751920990937
2 1 0.0 215.1048936299503
2 1 231.0884117244001 442.46290771999963
2 1 0.0 199.94321627250838
2 1 0.0 197.71999760000745
2 1 0.0 196.5705739281011
2 1 0.0 191.58983779000118
2 1 36.66213319559665 227.40252885250106
2 1 0.0 186.50970144000462
2 1 0.0 182.9839563000005
2 1 1816.69717347 1998.347409991874
2 1 0.0 177.51938041000074
2 1 0.0 175.9054199893999
2 1 0.0 167.37938230602504
2 1 457.1510708524879 622.4138887999907
2 1 0.0 164.94598365189609
2 1 0.0 163.807896470399
2 1 0.0 159.32332934999522
2 1 8749.368879869984 8903.970378710019
2 1 0.0 153.65584132066328
2 1 101.86405659800585 255.34887861280458
2 1 0.0 152.50867132040102
2 1 0.0 145.46087412001634
2 1 0.0 144.13651472489926
2 1 0.0 139.33436156999255
2 1 0.0 137.16931976190102
2 1 365.1597969375989 491.05556562789434
2 1 0.0 124.70873173648715
2 1 0.0 124.00534971890033
2 1 92.2511405669029 213.87543080479554
2 1 15.801534710899432 119.25896724289767
2 1 66.77902244213033 165.57274419198257
2 1 0.0 95.29829307000017
2 1 929.5200896180017 1018.5786561128045
2 1 0.0 85.25274020000006
2 1 168.45923748719883 252.2794620240977
2 1 0.0 79.1059584401078
2 1 0.0 78.81196933925685
2 1 0.0 76.31180246600343
2 1 0.0 73.67346716565271
2 1 0.0 73.44037759999833
2 1 0.0 57.16784872649987
2 1 0.0 55.15674435000528
2 1 0.0 43.46961437119489
2 1 0.0 30.640543482003295
2 1 0.0 27.535647251599585
2 1 3777.890601560007 3803.4586542044135
2 1 51.17980464750019 68.88139307830068
2 1 36.1880479040025 50.52632098799836
2 1 0.0 14.014153490388253
2 1 1030.7355919019994 1041.901792864
2 1 260.3521483310683 270.58511502671035
2 1 0.0 7.108070630020393
2 1 0.0 3.894816566196937
2 0 0.0 inf
2 0 0.0 88.50409604999459
2 0 0.0 75.9112950900078
# HEALTHY_SAMPLE_1_ROI_1
3 1 0.0 26351.809438846496
3 1 0.0 24332.408787730026
3 1 0.0 23612.096068083898
3 1 0.0 23271.655226107985
3 1 0.0 20927.66702208602
3 1 0.0 18993.89021650749
3 1 0.0 18061.43636114491
3 1 0.0 17489.868560315208
3 1 544.0646865556 14698.61613953003
3 1 2225.4795045805786 15617.85562438447
3 1 0.0 11769.190377350602
3 1 0.0 11218.396914658006
3 1 10772.311101367453 21291.94236913738
3 1 0.0 7759.991844964944
3 1 0.0 7559.017830586092
3 1 0.0 7176.5617067166995
3 1 0.0 7016.733300650114
3 1 0.0 6734.322404701619
3 1 2117.166322532801 8366.738323060494
3 1 1583.830121729603 7588.585513202008
3 1 0.0 5866.671107810003
3 1 753.6748301200059 6515.208873412526
3 1 0.0 5704.699782937599
3 1 152.21764714789833 5729.427884704795
3 1 340.589726558479 5468.9467827920125
3 1 0.0 4869.319652176413
3 1 0.0 3848.4124214118265
3 1 0.0 3681.556067530013
3 1 0.0 3651.2705066200074
3 1 0.0 3485.976522350975
3 1 396.8787600192027 3236.6168778975934
3 1 0.0 2733.6016115479924
3 1 0.0 2633.818435534101
3 1 0.0 2597.8053371344386
3 1 3536.0100125652025 5928.558161864397
3 1 0.0 2180.1582241576934
3 1 20355.953548911995 22431.572803626084
3 1 3575.794950580027 5640.754943189986
3 1 0.0 1874.6722875100118
3 1 2294.836190259486 4056.024541297502
3 1 0.0 1736.685565760007
3 1 0.0 1733.3488793930974
3 1 0.0 1711.9988530899955
3 1 0.0 1671.344369764407
3 1 1415.956608268405 3080.9756563100023
3 1 0.0 1652.297477574296
3 1 0.0 1631.7472319119952
3 1 0.0 1472.3703406055033
3 1 9856.089891082698 11188.823366107496
3 1 0.0 1284.7271210220042
3 1 0.0 1209.2966990439973
3 1 0.0 1164.3551262663868
3 1 31.809085198403864 1150.053089442009
3 1 0.0 1107.5023930724938
3 1 261.8877743528901 1270.555579823997
3 1 0.0 1001.7256743274991
3 1 0.0 989.7366733823997
3 1 0.0 987.986944389997
3 1 79.25116390091034 1008.1071533172035
3 1 0.0 906.6880365759955
3 1 0.0 872.4029041699841
3 1 583.038244676899 1454.1829088161048
3 1 0.0 826.5889653534982
3 1 0.0 800.1243149324985
3 1 0.0 738.7978380275028
3 1 574.5113696959033 1301.1578376344014
3 1 0.0 718.6265425405245
3 1 0.0 693.6856294597951
3 1 0.0 682.4301450546812
3 1 0.0 668.2658579063827
3 1 0.0 594.4224726799985
3 1 0.0 573.3213535984039
3 1 0.0 524.7753786500057
3 1 0.0 520.6040408026861
3 1 0.0 481.13045784291444
3 1 0.0 424.5853843099992
3 1 0.0 392.92459689800376
3 1 64.20284226839226 425.9750752140012
3 1 1035.3010162799892 1388.9121911999923
3 1 0.0 340.6221610475968
3 1 0.0 332.0933364687023
3 1 0.0 297.88804713160243
3 1 0.0 295.75594714627556
3 1 0.0 288.72776160000285
3 1 0.0 282.9272256175054
3 1 114.06549545668474 389.55856381269143
3 1 0.0 270.95634582399725
3 1 0.0 262.9671659803996
3 1 0.0 239.12428544749946
3 1 197.10805774918254 411.69373250249635
3 1 0.0 213.5375469260007
3 1 0.0 208.49684025690027
3 1 0.0 206.45475526960308
3 1 327.13866456129654 520.8185597648944
3 1 0.0 179.1726410963014
3 1 533.5906620660141 702.1916852900026
3 1 0.0 157.40354568850307
3 1 0.0 125.83120627999722
3 1 200.37500355449993 319.16278953250594
3 1 0.0 113.26041163840091
3 1 0.0 110.76722096010121
3 1 0.0 104.6118504299991
3 1 262.3794120189043 359.17706569889856
3 1 0.0 95.96896799889419
3 1 109.31815183780395 205.2634693431994
3 1 0.0 86.68530260001808
3 1 0.0 80.11923607491644
3 1 0.0 78.76977661550836
3 1 0.0 70.97306170616957
3 1 0.0 67.65719140799592
3 1 73.51422160410038 140.16684550150012
3 1 0.0 55.7921517800105
3 1 0.0 54.727292606401534
3 1 0.0 46.985288183599096
3 1 15621.769180999992 15660.37528438001
3 1 0.0 26.9759135499973
3 1 0.0 20.222742439997205
3 1 0.0 19.624075084012475
3 1 0.0 3.010364754094553
3 0 0.0 inf
# COVID_SAMPLE_8_ROI_3
4 1 0.0 8547.167902214385
4 1 0.0 6397.218673850397
4 1 0.0 5070.2148164975815
4 1 0.0 4994.535335070006
4 1 0.0 4868.9869870399925
4 1 0.0 4731.530183340393
4 1 0.0 4180.279691150012
4 1 2246.1474788300075 5529.219006740026
4 1 0.0 3041.474649990413
4 1 0.0 2718.915428820017
4 1 0.0 2630.768319198298
4 1 0.0 2622.0007161299745
4 1 0.0 2613.5359013884017
4 1 0.0 2601.2949674813044
4 1 0.0 2474.1447052320077
4 1 0.0 2456.861607209951
4 1 0.0 2228.157562111487
4 1 108.50871235999966 2334.607981424492
4 1 0.0 2174.154151452503
4 1 0.0 2114.4210457899903
4 1 0.0 2086.533794241499
4 1 0.0 2058.9383037674897
4 1 0.0 1983.9931017274903
4 1 0.0 1939.9764180563789
4 1 0.0 1930.908368474802
4 1 0.0 1928.368414059084
4 1 0.0 1900.5592415800204
4 1 0.0 1872.7912119018954
4 1 0.0 1866.2268835599925
4 1 0.0 1849.9507448899903
4 1 0.0 1836.2449440799955
4 1 0.0 1797.417728767995
4 1 0.0 1784.5384640274938
4 1 0.0 1723.106634990002
4 1 0.0 1711.3649103563982
4 1 0.0 1694.0132055799995
4 1 0.0 1653.682426809998
4 1 0.0 1629.4555667039913
4 1 0.0 1615.9359890400128
4 1 0.0 1608.5935193043993
4 1 0.0 1579.7290414800063
4 1 0.0 1541.442333640004
4 1 0.0 1524.3385643100119
4 1 0.0 1492.9163659499914
4 1 0.0 1481.833458067104
4 1 0.0 1473.1242280000029
4 1 0.0 1394.716759769326
4 1 0.0 1349.785169169978
4 1 0.0 1338.6363262220025
4 1 0.0 1324.3223932347832
4 1 0.0 1290.7730307779984
4 1 0.0 1273.9656128000036
4 1 0.0 1267.1946970295967
4 1 0.0 1255.5863991200054
4 1 0.0 1247.1326276100162
4 1 345.3742725499942 1581.0986676556192
4 1 0.0 1233.274752919997
4 1 0.0 1225.2241536991858
4 1 0.0 1204.340179298096
4 1 0.0 1202.011821495597
4 1 0.0 1196.8906386099936
4 1 0.0 1167.6313892597864
4 1 0.0 1157.5679881465987
4 1 0.0 1156.2152228060115
4 1 0.0 1150.4623416474915
4 1 0.0 1142.1607738899938
4 1 0.0 1131.1918644600007
4 1 0.0 1121.0759641835966
4 1 0.0 1110.7788578943603
4 1 0.0 1100.557857806405
4 1 0.0 1083.3441065899958
4 1 0.0 1079.175937719998
4 1 0.0 1070.3743029707975
4 1 0.0 1069.434643244505
4 1 0.0 1050.5775239260138
4 1 0.0 1046.684675889138
4 1 319.60948808710475 1355.4771186044009
4 1 0.0 1033.5386266500013
4 1 0.0 1026.5617446399972
4 1 0.0 1013.7314437499931
4 1 0.0 1013.5629140951937
4 1 0.0 1007.5405941135127
4 1 0.0 1006.8335829206985
4 1 22.53016518000436 1026.7382750559946
4 1 0.0 995.3200836499941
4 1 0.0 984.5695829999954
4 1 430.6641330675102 1407.986609583486
4 1 0.0 973.0436689700073
4 1 0.0 968.8944953920022
4 1 0.0 968.853626650099
4 1 0.0 961.445149861107
4 1 0.0 958.458628412799
4 1 0.0 957.9592487948948
4 1 0.0 954.1289113904961
4 1 0.0 933.0618595775927
4 1 0.0 928.0647514900029
4 1 0.0 927.6175816000236
4 1 0.0 923.0715763189055
4 1 0.0 916.721678532499
4 1 0.0 910.6540127204007
4 1 0.0 909.3840547524883
4 1 0.0 905.1172518239009
4 1 0.0 903.9231940771106
4 1 0.0 902.8962154459632
4 1 0.0 902.674275041993
4 1 0.0 891.0127183499917
4 1 0.0 872.0615798523895
4 1 0.0 870.2005953180151
4 1 0.0 866.0492454899759
4 1 0.0 860.2052456679098
4 1 0.0 855.4779085202954
4 1 0.0 851.4014020799918
4 1 0.0 846.4225311380003
4 1 0.0 845.5678749000003
4 1 0.0 844.654110386009
4 1 0.0 840.7206091364333
4 1 0.0 839.8718581899902
4 1 0.0 838.6145438400222
4 1 0.0 833.8456115258643
4 1 0.0 822.9141227125003
4 1 0.0 817.7117527600026
4 1 0.0 816.7073887499901
4 1 0.0 814.5240016284001
4 1 0.0 813.3959802841009
4 1 0.0 812.2498601503953
4 1 0.0 810.7636708499865
4 1 0.0 807.3673974259955
4 1 0.0 805.5641442899855
4 1 0.0 804.0989433039989
4 1 0.0 801.5411079647813
4 1 0.0 801.285098159608
4 1 0.0 797.6791710399857
4 1 0.0 797.0951925853224
4 1 0.0 790.947301890006
4 1 0.0 790.754724355599
4 1 0.0 781.778900411698
4 1 0.0 780.6173764348971
4 1 0.0 766.3601341716005
4 1 0.0 766.1070834800034
4 1 0.0 755.6840012391013
4 1 0.0 751.0401422679001
4 1 0.0 750.7777309799931
4 1 0.0 749.1383792067895
4 1 0.0 742.3342066840003
4 1 0.0 741.5241587999922
4 1 0.0 740.7166843995976
4 1 0.0 739.5058869099978
4 1 0.0 730.2310957107954
4 1 0.0 726.1660735136049
4 1 0.0 725.8191844274925
4 1 0.0 725.466028836094
4 1 0.0 720.0257897000006
4 1 0.0 714.9549474300259
4 1 0.0 712.6729712900053
4 1 0.0 708.0212719619951
4 1 0.0 706.7901745699978
4 1 0.0 706.6608172100052
4 1 0.0 704.8671347200997
4 1 96.20516534998478 795.750788559998
4 1 0.0 694.7292668224983
4 1 0.0 689.3170342859012
4 1 0.0 686.5555093070908
4 1 0.0 684.4469873044959
4 1 0.0 681.1340919645016
4 1 0.0 678.0758714523986
4 1 0.0 674.883086429998
4 1 0.0 671.7861359945134
4 1 0.0 670.4973657698024
4 1 0.0 663.1462391755788
4 1 0.0 661.1202895606575
4 1 0.0 658.270306000007
4 1 0.0 650.4404553212062
4 1 0.0 640.8086478503801
4 1 525.0551257994995 1165.5335247424039
4 1 0.0 632.7992935439928
4 1 0.0 630.0036619153448
4 1 0.0 629.2763568983935
4 1 0.0 628.7118697999814
4 1 0.0 628.0398454092106
4 1 0.0 627.5388356800158
4 1 0.0 625.7231471204
4 1 0.0 623.7219526899946
4 1 0.0 623.1276216300017
4 1 0.0 620.6770719664007
4 1 0.0 619.187139452396
4 1 0.0 618.5415221500023
4 1 0.0 616.4573040864007
4 1 335.20578590000287 951.3847573618982
4 1 0.0 614.3155104000107
4 1 0.0 613.8105422400023
4 1 0.0 613.2153819604782
4 1 106.26643300839669 718.1275285060186
4 1 0.0 609.1628808383946
4 1 0.0 607.3217099999952
4 1 0.0 603.5691811677862
4 1 0.0 603.1071844499972
4 1 0.0 600.8018829450943
4 1 0.0 598.6779276756006
4 1 0.0 596.191132200001
4 1 1077.3123852599876 1670.1079150700061
4 1 0.0 592.6191719999972
4 1 0.0 591.4172924000079
4 1 0.0 589.8558272348869
4 1 0.0 588.5535579123978
4 1 0.0 586.7460625903907
4 1 0.0 580.3997553679883
4 1 0.0 580.1661322177129
4 1 0.0 579.9097791530991
4 1 0.0 571.424863617503
4 1 0.0 569.0908516499853
4 1 0.0 568.9759858029056
4 1 0.0 561.3463171732019
4 1 0.0 561.1167212435889
4 1 0.0 560.9945656084922
4 1 0.0 559.9487443300026
4 1 0.0 559.6087259744904
4 1 0.0 557.7481489340091
4 1 0.0 557.5534350743978
4 1 0.0 555.0723261695996
4 1 0.0 553.0395724228979
4 1 0.0 552.4135003699948
4 1 0.0 551.4920841199983
4 1 0.0 551.0846215900019
4 1 0.0 549.9259451400007
4 1 0.0 547.1385295499931
4 1 0.0 546.7644180224871
4 1 0.0 546.150081300008
4 1 0.0 545.8528423379994
4 1 0.0 544.1887326399872
4 1 0.0 543.8909186699832
4 1 0.0 543.3854968990859
4 1 0.0 542.815677578624
4 1 0.0 542.811876049994
4 1 0.0 542.1542056799949
4 1 0.0 541.6591698914958
4 1 0.0 541.3504180735008
4 1 0.0 537.8593352005827
4 1 0.0 537.0981692899832
4 1 1947.9773373600037 2483.9695794100144
4 1 0.0 535.1574563433007
4 1 0.0 533.5266514699842
4 1 0.0 530.4807479895064
4 1 0.0 527.3552350249033
4 1 0.0 527.1620074606782
4 1 0.0 526.6302931285021
4 1 0.0 525.8231045099974
4 1 0.0 523.8987176400071
4 1 0.0 522.7465597809019
4 1 0.0 521.9892779036034
4 1 0.0 516.1584772799977
4 1 0.0 515.4176304171006
4 1 0.0 514.372100395599
4 1 204.299917129993 717.1492660899976
4 1 0.0 512.2249336704131
4 1 0.0 512.0753619100101
4 1 0.0 507.60321912000245
4 1 0.0 505.7195837932991
4 1 0.0 501.1719393500116
4 1 0.0 499.3749315199834
4 1 0.0 499.1444387032723
4 1 1348.2899025199974 1845.6661071300005
4 1 0.0 496.1852541190824
4 1 0.0 495.5209597699968
4 1 0.0 495.26520411959973
4 1 0.0 494.59631379160317
4 1 0.0 494.5929240564949
4 1 0.0 492.33727965688695
4 1 0.0 491.2445118000269
4 1 0.0 490.5114327500032
4 1 0.0 488.4170561599883
4 1 0.0 486.26896421454967
4 1 0.0 485.15126765160267
4 1 0.0 482.46321010429983
4 1 0.0 481.63560856029767
4 1 0.0 481.5640688100061
4 1 0.0 480.63589961959957
4 1 0.0 478.0727538396011
4 1 0.0 476.4099597947087
4 1 0.0 472.0420729635978
4 1 0.0 470.4602697700053
4 1 0.0 469.9612523900148
4 1 0.0 469.6711525305071
4 1 78.98568557000658 548.451893940007
4 1 0.0 468.9841668779957
4 1 0.0 467.26995501199815
4 1 0.0 463.42896830999314
4 1 0.0 462.8394531516017
4 1 0.0 462.0023873223945
4 1 0.0 461.61512333350123
4 1 0.0 460.435364034402
4 1 0.0 459.81185528002106
4 1 0.0 458.11636033200614
4 1 0.0 457.9241741375057
4 1 0.0 457.05977559600046
4 1 0.0 456.8568226799907
4 1 0.0 456.27248146599186
4 1 0.0 454.334972513298
4 1 0.0 452.1755661599925
4 1 0.0 450.9100932399874
4 1 0.0 449.55980536710445
4 1 36.80968936000522 485.24807891000836
4 1 0.0 448.17712895999694
4 1 0.0 445.93644925839317
4 1 0.0 445.43088320999914
4 1 0.0 442.95204147939967
4 1 0.0 441.98393470999827
4 1 0.0 441.18984624000404
4 1 0.0 439.401346331245
4 1 0.0 438.2710645522998
4 1 0.0 437.92460494959096
4 1 0.0 434.77987926999856
4 1 0.0 434.0281919999959
4 1 32.776185870013705 465.8818784300122
4 1 0.0 431.67301455999916
4 1 0.0 430.4958101934959
4 1 0.0 430.46242318890404
4 1 0.0 429.74429823410804
4 1 0.0 428.9465287899916
4 1 0.0 428.8593029300091
4 1 310.622427530011 739.4613522500008
4 1 0.0 427.54319283519754
4 1 0.0 425.6738730700072
4 1 0.0 425.48563175679465
4 1 0.0 424.89386686960097
4 1 0.0 424.11564378002345
4 1 0.0 423.94518857203855
4 1 0.0 423.8453425115958
4 1 0.0 422.50036447359935
4 1 0.0 421.06313843644557
4 1 0.0 419.1209293604011
4 1 0.0 418.4746817499962
4 1 0.0 417.8588711004095
4 1 0.0 417.6539180700081
4 1 0.0 417.1313608195944
4 1 0.0 416.5280281214036
4 1 0.0 413.5900300867996
4 1 0.0 412.8156960440007
4 1 0.0 412.15057937319807
4 1 0.0 411.95005314830337
4 1 0.0 410.7598200200114
4 1 0.0 410.71928147110293
4 1 0.0 409.55891420999455
4 1 0.0 409.00417619430596
4 1 0.0 407.92103999158144
4 1 0.0 406.56185534481347
4 1 0.0 406.3952789299891
4 1 0.0 405.36630022000395
4 1 0.0 400.3321064799993
4 1 0.0 400.21096415239776
4 1 0.0 398.7085651292027
4 1 0.0 396.06671760000654
4 1 0.0 394.9863443680024
4 1 0.0 393.79569394998816
4 1 0.0 393.7130697265003
4 1 0.0 389.154491620272
4 1 0.0 387.91280432129633
4 1 0.0 387.76056357599157
4 1 136.79403793999666 522.700817790005
4 1 0.0 384.7276053044966
4 1 0.0 382.6698000365027
4 1 0.0 382.51536496750737
4 1 0.0 381.7869453000019
4 1 0.0 380.87517803200217
4 1 0.0 380.169199634302
4 1 0.0 379.41996687999415
4 1 0.0 379.38748842099903
4 1 0.0 378.40120747999845
4 1 0.0 378.05218898750286
4 1 0.0 378.0388790800088
4 1 0.0 377.94099762002406
4 1 0.0 376.083953170006
4 1 0.0 374.4499131900993
4 1 0.0 373.62786973999255
4 1 0.0 373.21983990920165
4 1 0.0 371.59718212310344
4 1 0.0 369.7685385099844
4 1 0.0 369.4603722943957
4 1 0.0 369.10557937000726
4 1 0.0 368.137516080001
4 1 0.0 368.02511897000295
4 1 0.0 367.29310952159744
4 1 0.0 366.165684780002
4 1 0.0 363.54978706001066
4 1 0.0 363.47468090369443
4 1 0.0 363.26820220200466
4 1 0.0 361.77975761639277
4 1 0.0 361.03428028687915
4 1 0.0 360.786022240015
4 1 0.0 359.00058837000233
4 1 0.0 358.809010569606
4 1 0.0 358.6699739500036
4 1 0.0 358.3568924780077
4 1 0.0 356.7005487359929
4 1 0.0 356.56036976750386
4 1 0.0 355.7477163920015
4 1 0.0 355.3836955346964
4 1 15.264557833998879 370.1988960399931
4 1 0.0 354.56697030329985
4 1 0.0 352.6172032948999
4 1 0.0 352.5794691415924
4 1 0.0 351.5794191799898
4 1 0.0 351.5112758969026
4 1 0.0 350.405737370001
4 1 0.0 349.3198437499914
4 1 0.0 349.17309705000844
4 1 0.0 348.68250990400145
4 1 10.950803847099792 359.2670380451018
4 1 0.0 348.06540455958907
4 1 0.0 345.7256217419051
4 1 0.0 344.44993190000514
4 1 0.0 344.1969106383035
4 1 0.0 344.01513944000163
4 1 0.0 343.6466213174963
4 1 0.0 342.0345938432972
4 1 0.0 341.2470623865004
4 1 0.0 341.14366336000023
4 1 0.0 340.5752741699946
4 1 100.38835745799588 440.854720290002
4 1 0.0 339.4073112400042
4 1 0.0 339.0476121956965
4 1 0.0 338.8428830640048
4 1 0.0 337.16992639999967
4 1 0.0 335.3659212599907
4 1 148.79664428000422 482.6656660099843
4 1 0.0 333.21603382999194
4 1 244.1328769499994 576.3625919599937
4 1 0.0 332.0214798708066
4 1 0.0 331.9830222100031
4 1 0.0 331.28403895638894
4 1 0.0 329.2922130635977
4 1 0.0 327.57533941350175
4 1 0.0 326.9979146616147
4 1 0.0 326.6410823900045
4 1 0.0 326.11593815998685
4 1 0.0 325.8057074100077
4 1 0.0 325.3883314100076
4 1 0.0 325.0803922232849
4 1 0.0 324.70192992000227
4 1 0.0 324.66416002800406
4 1 0.0 324.63493067199926
4 1 0.0 323.89537373624535
4 1 0.0 323.4059899593973
4 1 0.0 322.08489391000467
4 1 0.0 321.533013913589
4 1 0.0 321.01482545999033
4 1 32.619576823613215 353.22873685999934
4 1 0.0 319.95327753000413
4 1 0.0 319.94817939920495
4 1 419.0630786675101 738.6002840175042
4 1 0.0 319.257645600007
4 1 0.0 317.57455067290834
4 1 0.0 316.0513191347993
4 1 0.0 315.2951237800103
4 1 0.0 315.1070519560003
4 1 0.0 313.42800686160217
4 1 0.0 313.39199054999665
4 1 0.0 313.3633031699909
4 1 0.0 312.30185207439445
4 1 0.0 309.50543618999905
4 1 0.0 308.0914394499832
4 1 68.38330407999547 375.8402513400042
4 1 0.0 307.0673978988957
4 1 0.0 306.6496826264049
4 1 0.0 305.97241495215803
4 1 0.0 305.5558175999681
4 1 0.0 305.4147701321016
4 1 0.0 304.7846387999871
4 1 0.0 304.62039490350276
4 1 0.0 303.7269516444055
4 1 0.0 303.6658738270926
4 1 0.0 301.9409425449012
4 1 0.0 301.64659746690074
4 1 0.0 300.4736449663049
4 1 266.61639885760724 566.5625098043978
4 1 0.0 299.3965027417005
4 1 0.0 299.3700155073856
4 1 0.0 297.3305849948026
4 1 0.0 297.06242948715067
4 1 0.0 296.73457465939646
4 1 0.0 296.0136050761985
4 1 0.0 295.47837585869866
4 1 352.6111955756819 647.0528489231956
4 1 0.0 294.18566749280455
4 1 0.0 293.7669766801041
4 1 0.0 293.5258831273835
4 1 0.0 293.52389261000155
4 1 0.0 293.20038638999824
4 1 0.0 292.6719478886939
4 1 0.0 292.6375966006988
4 1 0.0 291.6374118000009
4 1 0.0 291.5720976621815
4 1 0.0 291.4511843700029
4 1 0.0 291.33107018401427
4 1 0.0 290.4989606000024
4 1 0.0 289.8872052809983
4 1 0.0 289.5521705700014
4 1 0.0 289.1557824074978
4 1 0.0 288.70708683000845
4 1 0.0 288.42910769688797
4 1 0.0 288.1662832900057
4 1 0.0 287.73231224879123
4 1 0.0 287.2965523028006
4 1 0.0 287.1124966175198
4 1 0.0 287.04414175640034
4 1 0.0 286.6436037422988
4 1 0.0 286.171795391841
4 1 0.0 286.1475259764085
4 1 0.0 285.4400153520013
4 1 0.0 285.2720994511981
4 1 0.0 284.8729417180128
4 1 0.0 284.4592351476085
4 1 0.0 284.3703931700061
4 1 0.0 282.8664017300007
4 1 0.0 282.08287831890505
4 1 70.48413960750099 351.66438516850565
4 1 0.0 281.00409764999415
4 1 0.0 280.51032046559976
4 1 0.0 280.3105588291967
4 1 0.0 280.0753663300038
4 1 0.0 279.9452771579963
4 1 0.0 279.135199289593
4 1 0.0 279.11370611998905
4 1 0.0 277.7583813599982
4 1 0.0 277.14147877000005
4 1 0.0 277.1106882363059
4 1 0.0 276.6390398535025
4 1 302.47953667924264 579.0721480178621
4 1 0.0 276.11426066998683
4 1 0.0 275.87029451336434
4 1 0.0 275.81588136799337
4 1 0.0 275.2988654943946
4 1 0.0 274.6259991525013
4 1 0.0 274.5075342351986
4 1 0.0 274.1921111324914
4 1 192.95485964709314 467.0751064895926
4 1 0.0 272.91426015279103
4 1 0.0 272.867943745003
4 1 0.0 271.66230247999556
4 1 443.9456887208155 714.6267896433084
4 1 0.0 270.42278986999213
4 1 0.0 268.8043490370876
4 1 0.0 268.5467824439952
4 1 0.0 266.6209488000002
4 1 0.0 266.54374010040283
4 1 0.0 264.1593586900047
4 1 0.0 263.71407350807715
4 1 360.47277509290143 623.8547316473021
4 1 0.0 262.24817602470415
4 1 0.0 262.0040436474819
4 1 0.0 260.78594181599556
4 1 0.0 260.7583459592022
4 1 68.7414765700031 329.22301265000397
4 1 0.0 260.37631878909855
4 1 0.0 259.1899704300124
4 1 0.0 258.8802120000014
4 1 0.0 258.72512260002577
4 1 0.0 257.8417867999962
4 1 0.0 257.80946223999763
4 1 0.0 257.36368376999235
4 1 0.0 257.2315150399902
4 1 0.0 256.1395531304993
4 1 0.0 256.08074293200406
4 1 0.0 255.03627060959616
4 1 0.0 253.17081641399955
4 1 0.0 252.46543503001067
4 1 0.0 252.29402303000256
4 1 0.0 252.13702878000572
4 1 0.0 250.71254605349873
4 1 514.833298050017 764.6695954900123
4 1 0.0 249.78199114290038
4 1 0.0 249.5995336082596
4 1 0.0 249.53342027730486
4 1 0.0 249.38983047999466
4 1 0.0 248.86977600319835
4 1 0.0 248.5856872731066
4 1 0.0 248.56296560010094
4 1 0.0 248.52546908489944
4 1 0.0 248.1683260775053
4 1 0.0 247.98300632960138
4 1 0.0 247.0801369502151
4 1 0.0 246.82793496000045
4 1 0.0 246.53663423914963
4 1 0.0 244.98649084000442
4 1 0.0 244.38834413370057
4 1 0.0 243.6755736499974
4 1 0.0 243.44569919998958
4 1 0.0 242.7055104366043
4 1 0.0 242.41744624800685
4 1 0.0 242.40052676249752
4 1 0.0 241.6374332883904
4 1 0.0 241.58189686750234
4 1 17.9007768002524 259.34770076153745
4 1 0.0 241.02580811249732
4 1 0.0 240.09844302559418
4 1 0.0 239.92460394519128
4 1 0.0 239.6904088299982
4 1 0.0 239.65641781990212
4 1 0.0 239.18554421398994
4 1 178.7297881199895 417.32321031270044
4 1 0.0 235.81251300000986
4 1 0.0 235.419711799995
4 1 0.0 235.4187664800029
4 1 0.0 235.28018611239906
4 1 0.0 234.33984549510694
4 1 0.0 232.3291089100054
4 1 0.0 232.2913264980009
4 1 0.0 231.79260120046558
4 1 0.0 231.46431764889928
4 1 0.0 231.2967292525235
4 1 91.3021156800146 321.88171023999166
4 1 0.0 230.57502959999948
4 1 0.0 230.2340773694989
4 1 0.0 228.9236468599929
4 1 0.0 228.87682278719353
4 1 0.0 228.7102186491693
4 1 0.0 228.3442125400013
4 1 0.0 228.32259407041101
4 1 0.0 227.5223149280033
4 1 0.0 226.63461589181804
4 1 0.0 226.20101784888857
4 1 0.0 225.206486669995
4 1 0.0 225.08089596999753
4 1 0.0 224.98564604003423
4 1 69.39261586189923 294.3129309304927
4 1 304.1744105399988 528.5110589639968
4 1 0.0 223.2558703610889
4 1 0.0 223.12087441520123
4 1 0.0 222.44981840000105
4 1 0.0 222.15239349338844
4 1 0.0 221.6383288452938
4 1 690.2212778292092 911.718622949993
4 1 0.0 221.13857280630305
4 1 0.0 219.8652197447244
4 1 0.0 219.32283231000423
4 1 86.1595485419 305.4593249260025
4 1 0.0 219.10457215769986
4 1 112.80739975999313 331.1295305296054
4 1 0.0 218.2382923612954
4 1 0.0 218.2286689012077
4 1 0.0 217.8939915795977
4 1 71.86776882873573 289.42189190823865
4 1 0.0 217.38262881240826
4 1 0.0 217.0978613171967
4 1 0.0 216.7254744880015
4 1 0.0 216.6063769299991
4 1 0.0 216.26230454249685
4 1 0.0 216.18173220000767
4 1 0.0 214.91668896600368
4 1 0.0 214.45876000667658
4 1 0.0 213.71007611000027
4 1 0.0 213.58958732999633
4 1 0.0 212.95827966429647
4 1 182.8512350576084 395.42770985999664
4 1 0.0 211.92288780209498
4 1 0.0 211.84676800000113
4 1 258.31559952002294 470.0605607599939
4 1 0.0 211.70733447000362
4 1 0.0 211.52713692691577
4 1 0.0 211.10694444289948
4 1 0.0 211.0414614975009
4 1 0.0 210.82821282362895
4 1 0.0 210.54317152440376
4 1 0.0 210.25778894999644
4 1 0.0 209.84665702440134
4 1 0.0 208.72806624000168
4 1 0.0 208.58344087280193
4 1 0.0 208.2751979963955
4 1 0.0 208.1073762500048
4 1 0.0 207.48886943999713
4 1 0.0 207.37542058049814
4 1 0.0 206.71177334879926
4 1 49.97928955800103 256.5319564032014
4 1 67.413058615095 272.6428768135895
4 1 0.0 204.80532398389073
4 1 0.0 204.2363836124996
4 1 12.01685102110173 215.32560696715387
4 1 0.0 203.24221662999776
4 1 0.0 202.94525235999356
4 1 0.0 202.77191123999228
4 1 0.0 202.7376015077948
4 1 0.0 202.2269927424029
4 1 0.0 201.66401726666527
4 1 0.0 200.8253924729995
4 1 0.0 200.19158837040095
4 1 0.0 200.10028933439588
4 1 0.0 200.03300678080222
4 1 0.0 199.16617307610113
4 1 0.0 197.6202551136023
4 1 0.0 197.1572769700066
4 1 0.0 196.69124743840348
4 1 0.0 196.27819890542605
4 1 0.0 196.042145738698
4 1 0.0 195.9187235762986
4 1 0.0 195.18849454080384
4 1 0.0 194.80411818269818
4 1 0.0 192.74175974585523
4 1 0.0 192.02282583370015
4 1 0.0 191.94551082749598
4 1 0.0 191.91118696520925
4 1 0.0 191.84575691449896
4 1 0.0 191.20374097000422
4 1 0.0 190.5780692992049
4 1 0.0 190.47162974980438
4 1 0.0 190.30646721990138
4 1 0.0 190.27929934060194
4 1 0.0 190.20716011320337
4 1 0.0 189.57210334050455
4 1 0.0 189.32668758110208
4 1 0.0 188.84857806000585
4 1 0.0 188.04833399000177
4 1 43.09259545079806 231.07643710961787
4 1 0.0 187.8988295265201
4 1 165.6895488552018 352.9229517202066
4 1 0.0 186.75798995001196
4 1 42.443178350006974 228.57417071001066
4 1 84.88100108630283 270.98655038253
4 1 0.0 185.47280293440394
4 1 0.0 184.59995801759555
4 1 0.0 184.1523893170986
4 1 0.0 184.01590120240712
4 1 0.0 183.08042719249443
4 1 0.0 182.81259479639834
4 1 0.0 182.65633317079977
4 1 0.0 180.39445443201112
4 1 0.027668476199323777 179.42232015909963
4 1 0.0 178.6242424134993
4 1 0.0 178.09359063999136
4 1 0.0 177.9761208239986
4 1 0.0 177.68706020370027
4 1 0.0 177.4451220972993
4 1 0.0 175.1996574300003
4 1 0.0 175.1531364279877
4 1 0.0 174.7269574924992
4 1 0.0 174.51368346684762
4 1 0.0 173.96821997999587
4 1 0.0 173.91124367999691
4 1 0.0 173.90650615049952
4 1 0.0 173.75987329500072
4 1 0.0 173.7346573129446
4 1 32.505213549998416 205.607970189998
4 1 0.0 173.01045504472404
4 1 0.0 172.7306947253021
4 1 0.0 171.72825079000035
4 1 0.0 171.40662932919906
4 1 0.0 171.31847916000606
4 1 0.0 171.05614507001098
4 1 0.0 170.9809515116126
4 1 0.0 170.85465461640297
4 1 19.296947048900165 189.97941553160257
4 1 0.0 170.43399688359568
4 1 0.0 169.71058992849947
4 1 0.0 169.33518723860664
4 1 0.0 168.72934786000144
4 1 0.0 168.71339517599745
4 1 0.0 168.43774929639687
4 1 0.0 168.29985649449912
4 1 0.0 168.29827506466643
4 1 80.70324654313504 248.9304504227257
4 1 0.0 167.924746269997
4 1 0.0 167.2205326796012
4 1 227.29193829040503 394.31139106040007
4 1 0.0 166.32288455927073
4 1 0.0 165.89007661303157
4 1 0.0 164.4755928603995
4 1 0.0 164.38427926280224
4 1 0.0 163.98878905112394
4 1 0.0 163.6852548300003
4 1 0.0 163.56437663119823
4 1 0.0 163.30984103338452
4 1 0.0 163.17602888999636
4 1 0.0 162.85684119999587
4 1 0.0 162.75092911200085
4 1 0.0 162.71338898079875
4 1 0.0 162.650729709997
4 1 0.0 162.5903331794966
4 1 0.0 162.3632626456008
4 1 0.0 161.99762419240506
4 1 0.0 161.7937937107975
4 1 0.0 161.79281526380885
4 1 17.364763237497556 179.09006371839618
4 1 0.0 161.51550267000334
4 1 0.0 161.16498872000102
4 1 0.0 161.1047272799991
4 1 0.0 161.01590335249762
4 1 0.0 160.60035646689934
4 1 206.88965790709813 367.4664592271065
4 1 131.86319580000054 291.6272428635011
4 1 0.0 159.55990736788704
4 1 0.0 158.64737718839928
4 1 0.0 158.47094278719885
4 1 0.0 158.35095375269748
4 1 0.0 157.95896266480838
4 1 0.0 156.80682774000678
4 1 36.93213621639711 193.32167190189523
4 1 0.0 154.1459003699946
4 1 43.46509359999459 197.35082815999726
4 1 0.0 153.51822124799128
4 1 0.0 153.39627313449614
4 1 0.0 152.47993377999666
4 1 0.0 152.07058897350367
4 1 0.0 152.0466164300093
4 1 0.0 151.98037580999096
4 1 0.0 151.6743258132051
4 1 0.0 151.53840913249724
4 1 0.0 151.4835931496965
4 1 0.0 149.9020544241008
4 1 0.0 149.88226095669552
4 1 0.0 149.87091217749872
4 1 28.82152525000106 178.61310592999803
4 1 0.0 149.73965642169992
4 1 0.0 149.64248216640766
4 1 0.0 149.43829839494327
4 1 0.0 149.32690739999884
4 1 0.0 148.9724343486031
4 1 57.52335761999757 206.31178792509627
4 1 0.0 148.6437484546999
4 1 0.0 148.5387516915987
4 1 0.0 148.53818176930406
4 1 272.0494813199962 420.47482399999853
4 1 0.0 148.27370374239968
4 1 0.0 148.03847883249227
4 1 0.0 147.3618990633015
4 1 0.0 145.76853172000358
4 1 0.0 145.47191822600047
4 1 0.0 145.12966397682112
4 1 0.0 144.77567283000627
4 1 0.0 144.34860316150196
4 1 0.0 143.86334483759907
4 1 0.0 143.30118458263644
4 1 0.0 143.26339994999694
4 1 12.381540368699731 155.41632052360137
4 1 0.0 142.7278699177006
4 1 8.428854680010318 150.89173649000463
4 1 0.0 142.3864340604141
4 1 0.0 142.26085864121382
4 1 0.0 142.20713737390065
4 1 0.0 142.17330798839657
4 1 0.0 140.39656540000271
4 1 319.3941288899953 459.698403769989
4 1 0.0 140.23291813690025
4 1 0.0 140.1523079200001
4 1 64.1185251627794 204.0370612212172
4 1 0.0 139.58231615999284
4 1 0.0 139.40898506050337
4 1 0.0 138.58888300241142
4 1 0.0 137.9503287999944
4 1 0.0 137.93603323999344
4 1 0.0 137.48946929199508
4 1 0.0 137.35814754646879
4 1 0.0 137.2728724785601
4 1 0.0 136.6680419324981
4 1 0.0 136.46108568000068
4 1 462.31355970159893 598.7604378804929
4 1 0.0 136.3674543391014
4 1 0.0 135.83616668297054
4 1 0.0 135.76862112999265
4 1 0.0 134.5253469742172
4 1 0.0 134.09895171999437
4 1 0.0 134.0554150546584
4 1 0.0 134.05374590999645
4 1 0.0 133.97651290900183
4 1 0.0 133.75980954169972
4 1 0.0 133.49805867998884
4 1 0.0 133.36159737470126
4 1 0.0 133.13443944999767
4 1 0.0 132.84650974998294
4 1 0.0 132.79992496800241
4 1 0.0 132.5674865919966
4 1 0.0 132.37874751960726
4 1 0.0 132.16137596999386
4 1 0.0 132.10114119999844
4 1 0.0 131.96912148515605
4 1 0.0 131.29465893749057
4 1 0.0 131.11185161000844
4 1 0.0 130.9166934156001
4 1 0.0 130.58790904999637
4 1 0.0 129.78718502640322
4 1 0.0 129.08697191400415
4 1 0.0 128.61267765000548
4 1 0.0 128.19870617250763
4 1 0.0 127.84071367998263
4 1 0.0 127.78427190999821
4 1 0.0 127.1994064114395
4 1 0.0 126.65772144000039
4 1 0.0 126.58027696544877
4 1 0.0 125.93493935170113
4 1 0.0 125.71155092631932
4 1 135.667027786792 261.36524134320274
4 1 0.0 125.36868181599826
4 1 0.0 125.03973192000683
4 1 0.0 124.81577937001146
4 1 136.45464371549258 260.94807982289996
4 1 96.97560844960799 221.006911330001
4 1 0.0 124.01033006969374
4 1 0.0 123.62158694999732
4 1 0.0 123.26990019000982
4 1 0.0 123.19867034799933
4 1 0.0 122.97366914080294
4 1 0.0 122.96218244140027
4 1 64.01870100247788 186.40323023000178
4 1 0.0 121.58328078069246
4 1 0.0 121.49936234999086
4 1 64.2153985096027 185.49291300000345
4 1 31.83371047049468 153.06700655249745
4 1 0.0 121.15276607999795
4 1 0.0 121.03270838400249
4 1 0.0 120.07569809280182
4 1 0.0 119.97114385880138
4 1 75.23796498749971 194.50928055833896
4 1 0.0 118.35045125250531
4 1 0.0 117.9534661676953
4 1 0.0 117.82103531080543
4 1 0.0 117.67835020999746
4 1 0.0 117.30976197399946
4 1 0.0 117.25012573589726
4 1 64.96966221559 182.17918807999922
4 1 0.0 117.15183660783987
4 1 0.0 116.8029778392804
4 1 0.0 115.94776859134379
4 1 0.0 115.11240219880335
4 1 0.0 115.09878500000059
4 1 0.0 114.72027441440218
4 1 0.0 114.66349974999906
4 1 0.0 113.55338092999966
4 1 0.0 113.47047457000258
4 1 0.0 113.21650895878724
4 1 0.0 113.08483158999616
4 1 0.0 112.95821291849916
4 1 0.0 112.38241185569802
4 1 0.0 112.1842017907021
4 1 0.0 112.08289140250645
4 1 0.0 111.61162866749828
4 1 0.0 111.57103211430808
4 1 5.692790510001203 116.90939407000201
4 1 0.0 110.2079123199996
4 1 0.0 110.01114672840276
4 1 0.0 109.24754872858273
4 1 0.0 108.58029395750088
4 1 0.0 108.53153530039924
4 1 0.0 108.36694992249905
4 1 0.0 107.7900103489576
4 1 0.0 107.7416402299946
4 1 0.0 107.64461305799364
4 1 0.0 107.5340485315977
4 1 0.0 107.51183507362464
4 1 0.0 107.34576607359918
4 1 0.0 107.29764450000016
4 1 6.1297191865074865 113.33741454599624
4 1 98.42692770000434 205.59104357600393
4 1 0.0 107.1596836679999
4 1 0.0 106.9755830595941
4 1 0.0 106.91289768000487
4 1 0.0 106.88524543750498
4 1 0.0 106.83010289149627
4 1 0.0 106.8048974699991
4 1 0.0 106.55787089999455
4 1 0.0 106.49282873960226
4 1 0.0 106.30298190599774
4 1 0.0 106.18109317649612
4 1 0.0 106.16101728449837
4 1 52.763322639999274 158.69655105000572
4 1 44.15380096001638 150.0204557699961
4 1 0.0 105.84481180170337
4 1 0.0 105.32434818999445
4 1 0.0 105.16895169250188
4 1 0.0 104.92151018999857
4 1 0.0 104.9050816220971
4 1 0.0 103.86562363999076
4 1 0.0 103.61107869810553
4 1 0.0 103.21181893000426
4 1 0.0 102.20870952999837
4 1 0.0 102.07443292999642
4 1 0.0 101.98669695999921
4 1 0.0 101.45675511040326
4 1 0.0 100.69957482000473
4 1 0.0 100.59061309919866
4 1 0.0 100.47942939148322
4 1 0.0 99.82176316998334
4 1 0.0 99.78278502999933
4 1 0.0 99.48518769000225
4 1 0.0 99.39217079000605
4 1 1.2043747427934477 100.57595087000414
4 1 138.0352300500034 237.34212405000687
4 1 0.0 98.66266154938683
4 1 0.0 98.64188880999427
4 1 0.0 98.01580219000016
4 1 0.0 97.46558683200226
4 1 254.774864671808 351.6612769824095
4 1 116.36624672439712 213.15692928999795
4 1 0.0 96.44542828839923
4 1 0.0 95.871055870004
4 1 0.0 95.67874276808573
4 1 0.0 95.51986799998872
4 1 0.0 95.49972917039713
4 1 0.0 94.8426946975062
4 1 0.0 94.74654023249957
4 1 0.0 94.70263919449798
4 1 0.0 94.44418111240202
4 1 0.0 93.87749611109143
4 1 0.0 93.6702863788089
4 1 0.0 92.60959779960422
4 1 0.0 92.58123948999264
4 1 0.0 92.4598165399974
4 1 0.0 92.07781871629732
4 1 0.0 92.00387662709613
4 1 0.0 91.55007635449783
4 1 0.0 90.7782308000003
4 1 0.0 90.40967431359587
4 1 0.0 90.40421431959976
4 1 0.0 89.49698927999987
4 1 0.0 89.37790152000184
4 1 0.0 89.11509991749995
4 1 0.0 89.11014223709799
4 1 0.0 88.41234720000092
4 1 143.19458055749692 231.401055037499
4 1 0.0 87.83216536000486
4 1 0.0 87.45686512559723
4 1 0.0 87.15013221600424
4 1 136.2505133494891 223.30235401159132
4 1 0.0 86.8042073500028
4 1 17.0848461500168 103.60932266399004
4 1 0.0 86.0216944310971
4 1 0.0 85.3678268396011
4 1 0.0 84.81821536400298
4 1 12.638208054002348 97.32992076999938
4 1 157.23790950875082 241.52061419772906
4 1 0.0 84.16304944959893
4 1 0.0 83.87923565129995
4 1 244.49495239999806 328.34472499000685
4 1 0.0 83.64190738998968
4 1 42.466658855795686 125.70604495980342
4 1 0.0 82.97138736249872
4 1 0.0 82.82652711600736
4 1 0.0 82.76290671350321
4 1 0.0 82.67056448000938
4 1 134.7817872800124 217.34282074999578
4 1 0.0 82.22358713249332
4 1 0.0 82.13926641600608
4 1 78.03876683277292 160.12997861833477
4 1 0.0 81.97070045001101
4 1 0.0 81.58339898449964
4 1 0.0 81.55710030001228
4 1 0.0 81.28015002474012
4 1 0.0 80.57328895200976
4 1 0.0 80.32066291897502
4 1 0.0 80.00303775348192
4 1 0.0 79.7683197331919
4 1 0.0 79.71780706057808
4 1 0.0 79.62113338308825
4 1 3.493820260001229 82.87874288599926
4 1 0.0 79.2538006200025
4 1 0.0 78.97408525050037
4 1 0.0 78.92003610840106
4 1 0.0 78.85585810709779
4 1 36.55774976000828 115.3627292000051
4 1 0.0 78.28245135000088
4 1 0.0 78.1914477153012
4 1 3.9316615900013687 81.61703587000036
4 1 0.0 77.53345320000133
4 1 0.0 77.14049526700978
4 1 60.05444280998495 136.9981631299961
4 1 0.0 76.90605747000222
4 1 0.0 76.17786085469822
4 1 0.0 76.17500620999738
4 1 0.0 75.56541890000146
4 1 0.0 75.53510084199272
4 1 0.0 75.19684254553748
4 1 0.0 75.1897549699986
4 1 0.0 75.08489955792697
4 1 0.0 75.03663135429713
4 1 0.0 74.40358906999768
4 1 0.0 74.33717307981851
4 1 198.72544874160485 273.06185022920226
4 1 0.0 74.14662618358875
4 1 0.0 73.93622898869967
4 1 0.0 73.77910670519927
4 1 0.0 73.7462293795428
4 1 0.0 73.39610995000317
4 1 0.0 73.28973555000391
4 1 0.0 73.23624249000443
4 1 0.0 73.22478212790338
4 1 0.0 73.20623779800178
4 1 0.0 73.17977154999846
4 1 0.0 73.15806573749961
4 1 0.0 72.72002123999994
4 1 0.0 72.53151338529818
4 1 0.0 72.19095883839788
4 1 0.0 72.13903322999477
4 1 0.0 71.83847653921015
4 1 0.0 71.79362726370192
4 1 0.0 71.73073980760125
4 1 32.69811706499945 103.98847121800111
4 1 0.0 71.15422816800279
4 1 0.0 71.03421932480137
4 1 5.096894940890252 76.03706299751298
4 1 0.0 70.90230836655996
4 1 48.623310800005584 119.35408791999646
4 1 9.094523940002887 79.82019912000239
4 1 69.7468438635999 140.45025202359489
4 1 0.0 70.4486468799966
4 1 0.0 70.04450736771628
4 1 0.0 69.86545946800334
4 1 0.0 69.62872090449787
4 1 0.0 69.60863572000767
4 1 0.0 69.33066001519725
4 1 295.2080317999935 364.1752812699922
4 1 0.0 68.94666533249665
4 1 0.0 68.92645988000342
4 1 0.0 68.86606351999126
4 1 0.0 68.7617447999985
4 1 0.0 68.67654248280132
4 1 0.0 68.28502039920522
4 1 0.0 68.07153307600277
4 1 170.0048117280005 237.43041098670255
4 1 0.0 67.04822889150016
4 1 0.0 66.9085421900179
4 1 150.69515887200396 217.1747462130969
4 1 0.0 66.02399677999585
4 1 0.0 65.88241990839853
4 1 0.0 65.78769463000367
4 1 0.0 65.7361470728988
4 1 0.0 65.69818797999886
4 1 0.0 65.25597718080107
4 1 0.0 65.18354375000067
4 1 18.487031382899602 83.2168807429
4 1 0.0 64.44542925000135
4 1 0.0 64.39436575000047
4 1 0.0 64.32156844760098
4 1 87.15411133000498 151.37453616000312
4 1 0.0 63.24854099789786
4 1 0.0 63.02227951069642
4 1 0.0 62.52459410880704
4 1 0.0 62.46513901366484
4 1 0.0 61.9456670135055
4 1 0.0 61.701078037197135
4 1 37.359891560021424 98.74814120000019
4 1 51.746689610399585 112.73256212170048
4 1 0.0 60.896150879993456
4 1 0.0 60.84115901998547
4 1 0.0 60.64565555000078
4 1 0.0 60.61662311670216
4 1 0.0 60.34168495200305
4 1 0.0 60.12486304750814
4 1 0.0 59.411619799994696
4 1 0.0 59.395356814400856
4 1 0.0 58.93757861850281
4 1 193.42015836049586 252.2166554260075
4 1 77.72903300002872 136.2557820000152
4 1 9.126726298398125 67.61391481000146
4 1 0.0 58.29870475979962
4 1 0.0 58.2572917476015
4 1 0.0 58.0942734812993
4 1 0.0 58.08015838999904
4 1 0.0 57.96743665109932
4 1 0.0 57.82384649200009
4 1 22.75051282010645 80.53588235950838
4 1 0.0 57.426104679990885
4 1 55.2418064074908 112.56446556209966
4 1 0.0 57.28136432000372
4 1 0.0 57.24491211999646
4 1 0.0 57.126546415596295
4 1 0.0 56.45329671239824
4 1 0.0 55.29361187160188
4 1 0.0 54.76522181999741
4 1 0.0 54.54297981250113
4 1 0.0 54.40401069910354
4 1 0.0 53.862377239992895
4 1 0.0 53.318846652798584
4 1 35.308967137999275 88.60496928200007
4 1 0.0 53.229664564399684
4 1 0.0 53.045338719991946
4 1 0.0 53.01679308285895
4 1 63.07025509450557 115.85205061119535
4 1 0.0 52.54609721999532
4 1 0.0 52.030089421467665
4 1 106.64395215903482 158.59212328031686
4 1 0.0 51.80828827880069
4 1 86.92068072999734 138.7108475974975
4 1 0.0 51.78150829640029
4 1 0.0 51.777516234101995
4 1 80.9326056674762 132.43916094392358
4 1 0.0 50.747532239998236
4 1 0.0 50.73517138400689
4 1 0.0 50.02606409999703
4 1 0.0 49.55073663999622
4 1 0.0 49.46510322150198
4 1 0.0 48.799446080012444
4 1 74.0021991865948 122.63201935459733
4 1 0.0 48.42644000809855
4 1 0.0 48.25007758599861
4 1 0.0 48.01240878249803
4 1 0.0 47.96184213790821
4 1 0.0 47.52955245049634
4 1 0.0 47.177799250358476
4 1 0.0 47.14593948000254
4 1 420.56941903849065 467.6674449103932
4 1 17.169300471185466 64.08120996890102
4 1 0.0 46.84980019410034
4 1 9.884824510400222 56.655901657599145
4 1 0.0 46.64522558959902
4 1 0.0 46.3871987700029
4 1 0.0 46.31984351998631
4 1 0.0 46.2862800174978
4 1 0.0 46.145417198001894
4 1 0.0 46.1166073463956
4 1 0.0 46.048472989997265
4 1 0.0 45.32057722998945
4 1 0.0 45.111239960008334
4 1 0.0 45.09706005000123
4 1 32.559144437999066 77.38377453000408
4 1 0.0 44.72420312000099
4 1 0.0 44.356766769996966
4 1 0.0 44.137637479997295
4 1 0.0 43.58393482000076
4 1 0.0 43.56893807250242
4 1 0.0 43.21340704039244
4 1 0.0 42.78025555613749
4 1 0.0 42.73791487634952
4 1 0.0 42.520048517495866
4 1 0.0 42.47604656999607
4 1 0.0 42.45563376999985
4 1 28.155133085902477 70.59945488589801
4 1 128.4269910800076 170.86903097000823
4 1 0.0 42.35743084370188
4 1 11.663602164910799 53.65593891800461
4 1 0.0 41.688057497519594
4 1 0.0 41.18149055350071
4 1 0.0 40.60251605800738
4 1 0.0 40.38085159999974
4 1 0.0 40.11005964671028
4 1 109.40938042947232 149.28902051110146
4 1 0.0 39.541494730014165
4 1 228.32392037400098 267.8315557008041
4 1 0.0 39.35633059200134
4 1 0.0 39.342063333606745
4 1 191.74528077000332 230.69123681999827
4 1 51.36417025550236 90.19499995229785
4 1 0.0 38.750610639997944
4 1 0.0 38.58794239239745
4 1 0.0 38.494273311202846
4 1 0.0 38.32221043840207
4 1 216.88356780001914 254.21306816001925
4 1 0.0 37.08503408960553
4 1 0.0 36.765636670009826
4 1 0.0 36.72427322999647
4 1 143.84092285440772 180.48747223359783
4 1 93.23135902519516 129.61034928870095
4 1 0.0 35.41625777824018
4 1 0.0 34.95973727998967
4 1 0.0 34.61589044100185
4 1 0.0 34.29147908799837
4 1 0.0 33.9437138896983
4 1 0.0 33.513536399993654
4 1 0.0 33.47984176688367
4 1 0.0 33.359895312500015
4 1 0.0 32.96993798240038
4 1 0.0 32.6318379824761
4 1 0.0 32.53004839949972
4 1 0.0 32.25287815000128
4 1 0.0 32.18826254000862
4 1 0.0 32.06979864999812
4 1 0.0 31.52714093589907
4 1 0.0 31.524189014395233
4 1 0.0 31.374659495507785
4 1 0.0 31.18480312079714
4 1 0.0 30.695982976620257
4 1 0.0 30.258349484002906
4 1 0.0 29.665959840000653
4 1 0.0 28.962804840002804
4 1 0.0 28.746802399997932
4 1 0.0 28.623395108800707
4 1 0.0 28.10284409001281
4 1 0.0 27.95733188070824
4 1 0.0 27.781691907503443
4 1 0.0 27.682480261991714
4 1 271.44153696000967 298.84988948000046
4 1 0.0 27.316877502600505
4 1 0.0 27.315176520000705
4 1 0.0 26.99772807710218
4 1 0.0 26.763609729500075
4 1 0.0 26.420836469602477
4 1 0.0 26.404475016406423
4 1 50.83634192000346 77.22320918999549
4 1 0.0 26.20899035889996
4 1 0.0 25.96331419000171
4 1 0.0 25.711608229996045
4 1 0.0 25.614804521699398
4 1 0.0 25.575589462801872
4 1 0.0 25.198449286996947
4 1 0.0 24.13623312668892
4 1 0.0 24.05565885129886
4 1 0.0 24.001349271299205
4 1 0.0 23.859995389994197
4 1 0.0 23.83986923640532
4 1 0.0 22.96978993409698
4 1 0.0 22.750052051399592
4 1 0.0 22.54966974790318
4 1 148.61226787920396 169.5821313676047
4 1 0.0 20.8733344677006
4 1 0.0 20.601307670470646
4 1 0.0 19.674679870002365
4 1 12.618818489996897 31.117717360005486
4 1 50.18836939709513 68.48676309710379
4 1 170.06015058320236 188.15486740560004
4 1 0.0 17.444231292899076
4 1 0.0 17.048086218799796
4 1 0.0 16.39921604090773
4 1 51.78232755999352 68.10811022559164
4 1 0.0 16.20531561999792
4 1 8.975688549303186 25.127129596802888
4 1 0.0 15.89271410999811
4 1 0.0 15.862106869994705
4 1 0.0 15.75953781689904
4 1 0.0 14.825015520009174
4 1 0.0 14.792890966003142
4 1 0.0 14.117286361597849
4 1 49.01710063518769 62.3342705590413
4 1 0.0 13.2916729503998
4 1 0.0 13.173014660002991
4 1 0.0 13.025193412901785
4 1 181.14828610839777 193.9098144800039
4 1 0.0 12.056486762393888
4 1 21.785787505598876 33.62274349000228
4 1 0.0 11.772983360007629
4 1 0.0 11.640862728000883
4 1 97.50564356000223 108.8614544999964
4 1 194.26938766201465 205.59548001000917
4 1 46.941324897603295 58.16995624690344
4 1 90.34941973000309 101.53516866000183
4 1 0.0 10.861945979855932
4 1 0.0 10.776986693103026
4 1 0.0 10.323561714592643
4 1 21.81492612999409 31.906560189986237
4 1 0.0 9.804558610009565
4 1 0.0 9.70833847424791
4 1 111.9800208686998 121.62642327929711
4 1 0.0 9.53563815000473
4 1 0.0 9.03667993430247
4 1 0.0 8.50486567000138
4 1 341.86118728999116 349.9399149399874
4 1 0.0 7.936138574398001
4 1 0.0 7.668350967996844
4 1 0.0 7.586950990000162
4 1 0.0 7.533448872808776
4 1 0.0 7.466564218700569
4 1 0.0 6.7079762000036
4 1 100.35219370200548 106.81711125400341
4 1 0.0 6.10084065150096
4 1 0.0 5.370726440000908
4 1 138.404868019099 143.7188219391096
4 1 0.0 5.186575599997354
4 1 141.10449975719325 146.24940619679273
4 1 0.0 4.955412409993301
4 1 0.0 4.809198859994012
4 1 0.0 4.551022640001406
4 1 0.0 4.059016927499897
4 1 0.0 3.9840456304934833
4 1 229.9143341952996 233.51251583369572
4 1 0.0 3.5338054467919164
4 1 0.0 3.4095783300004427
4 1 0.0 3.3847844865010757
4 1 0.0 3.066050301301061
4 1 0.0 2.7045011983989298
4 1 0.0 2.5547153839985413
4 1 111.57186110600969 113.90975887000229
4 1 0.0 1.861531439995531
4 1 0.0 1.572190249999153
4 1 0.0 1.5712080183881199
4 1 0.0 0.4860750812989636
4 1 0.0 0.4096860000020115
4 1 70.60198171119444 70.87035809769756
4 1 0.0 0.1920543299916062
4 0 0.0 inf
4 0 0.0 7.466217366401949
# COVID_SAMPLE_8_ROI_1
5 1 0.0 7035.825323390007
5 1 0.0 6486.910762550007
5 1 0.0 6151.582984333652
5 1 0.0 5743.988195529635
5 1 0.0 4398.654865909102
5 1 419.3192499204383 4732.492148483103
5 1 0.0 3897.772544132914
5 1 0.0 3366.686638330014
5 1 0.0 3233.2684493804018
5 1 0.0 3224.578936689998
5 1 0.0 3086.9885947599887
5 1 0.0 2905.6687830204096
5 1 0.0 2551.7640518399853
5 1 0.0 2515.6208902400285
5 1 145.14501637747685 2632.5512690748856
5 1 0.0 2382.1956997556017
5 1 0.0 2369.6756673299933
5 1 1334.3562671500422 3643.6095184900196
5 1 0.0 2284.870684889981
5 1 0.0 2270.791563421978
5 1 189.72765596760837 2456.0079069400063
5 1 2251.230663692456 4514.545834224698
5 1 685.6740537999876 2903.871405049972
5 1 0.0 2168.600943342494
5 1 0.0 2167.1672854826984
5 1 0.0 2164.973017593587
5 1 814.0155591591192 2970.0408161545397
5 1 0.0 2116.9777154208796
5 1 4052.8523051299967 6162.654395562894
5 1 0.0 2097.3076225435316
5 1 0.0 2080.846643939997
5 1 0.0 2049.021560319996
5 1 0.0 1979.3222383799998
5 1 0.0 1951.8781344000026
5 1 0.0 1944.6714145004062
5 1 0.0 1779.6737986300163
5 1 0.0 1745.8872414400107
5 1 0.0 1617.5851682724976
5 1 0.0 1567.5250993200023
5 1 0.0 1552.7448016634974
5 1 0.0 1518.0813355840005
5 1 0.0 1452.2602296249954
5 1 0.0 1442.3861395300025
5 1 0.0 1373.582972170992
5 1 0.0 1367.1494051136071
5 1 0.0 1347.038936409992
5 1 0.0 1331.9337134800874
5 1 3134.835867168904 4444.022171001395
5 1 0.0 1307.5471111599832
5 1 0.0 1304.166419594099
5 1 0.0 1293.5581884125045
5 1 0.0 1281.0254800099958
5 1 0.0 1254.5549610425046
5 1 0.0 1233.6414822724007
5 1 0.0 1229.7066126804034
5 1 0.0 1224.9355110000097
5 1 0.0 1223.2325845499963
5 1 0.0 1211.1587926100183
5 1 0.0 1205.8564983899887
5 1 81.06302877600058 1282.1057190228894
5 1 0.0 1178.6365076799907
5 1 0.0 1176.1881086704907
5 1 0.0 1173.1101669139985
5 1 0.0 1172.7093175318967
5 1 0.0 1157.7285818700134
5 1 0.0 1132.8574425217776
5 1 0.0 1132.791910269993
5 1 0.0 1121.1158674719666
5 1 0.0 1118.4840598079
5 1 0.0 1116.137534269998
5 1 0.0 1111.1428893899986
5 1 0.0 1102.0571102800159
5 1 0.0 1100.450543802528
5 1 0.0 1094.6965637600183
5 1 0.0 1088.478039359995
5 1 0.0 1081.3222045064967
5 1 0.0 1081.246643229981
5 1 0.0 1076.2020160435993
5 1 0.0 1074.3406444938937
5 1 0.0 1073.0838770000169
5 1 0.0 1057.4143658499993
5 1 0.0 1050.7703814156002
5 1 0.0 1050.5716743535895
5 1 0.0 1043.240190425105
5 1 0.0 1040.6658750000065
5 1 0.0 1036.6414096020117
5 1 0.0 1032.742053789995
5 1 959.6838508675141 1991.4593517074995
5 1 330.54612527399604 1347.509992399997
5 1 0.0 1004.9021408600063
5 1 0.0 1000.3226491841008
5 1 0.0 998.1568271305132
5 1 0.0 979.8116188060981
5 1 0.0 961.3504611748122
5 1 0.0 959.730144030008
5 1 0.0 958.4772840325268
5 1 0.0 955.7718485900168
5 1 0.0 953.8399886225193
5 1 0.0 951.5311549624919
5 1 0.0 939.7749519775964
5 1 0.0 937.5290602334933
5 1 0.0 936.7191696620039
5 1 0.0 936.3387667120064
5 1 0.0 923.5136755300091
5 1 0.0 922.3016889225024
5 1 327.46870810781434 1241.1175392494993
5 1 0.0 913.4363256480005
5 1 0.0 898.6492162700015
5 1 0.0 897.9059358988034
5 1 0.0 893.1436915300178
5 1 0.0 879.6211221926994
5 1 0.0 864.5178119583027
5 1 0.0 860.3095416973001
5 1 0.0 859.4035942080068
5 1 0.0 848.8287433279988
5 1 0.0 842.3730947871013
5 1 0.0 836.5823903684009
5 1 0.0 834.3870097053391
5 1 0.0 828.0655702699705
5 1 0.0 823.3576602399953
5 1 988.558805517594 1799.8195706639808
5 1 0.0 810.3859069600119
5 1 0.0 809.5188011299992
5 1 0.0 802.5872787900032
5 1 0.0 801.6053195999978
5 1 0.0 800.7099188287004
5 1 53.03773556249928 853.4924044956003
5 1 0.0 798.7299693104042
5 1 0.0 792.2382903075004
5 1 0.0 791.8767819964105
5 1 0.0 789.4094511618946
5 1 0.0 778.4995909299882
5 1 0.0 775.8877128192065
5 1 0.0 767.5064179467199
5 1 0.0 758.4928187944329
5 1 0.0 755.4141772075973
5 1 0.0 742.066633640002
5 1 0.0 742.0244083445082
5 1 503.1788059499877 1243.4933763299923
5 1 45.452502450220436 782.3088410024989
5 1 0.0 731.1136424600008
5 1 0.0 725.0714765980063
5 1 0.0 723.9010055800018
5 1 0.0 718.26718016
5 1 0.0 717.8503893184088
5 1 0.0 717.184879827093
5 1 0.0 710.958803617606
5 1 0.0 710.5943643734981
5 1 0.0 707.2533360000311
5 1 0.0 706.4927321099985
5 1 0.0 701.8878511484011
5 1 0.0 700.0622486860068
5 1 0.0 697.3464544400108
5 1 0.0 695.3645937900001
5 1 0.0 690.2922154600035
5 1 1157.9109457753825 1846.8480473009695
5 1 0.0 684.5329504700038
5 1 0.0 683.6542638799933
5 1 0.0 681.0071940299877
5 1 0.0 675.272936549196
5 1 0.0 669.4986215092994
5 1 0.0 660.917907025897
5 1 0.0 657.378116190009
5 1 0.0 653.4341411355949
5 1 0.0 653.2825681339955
5 1 0.0 651.6877303574972
5 1 0.0 650.0098595500089
5 1 0.0 649.9495396609045
5 1 0.0 644.110936370585
5 1 0.0 638.4815798499997
5 1 0.0 637.1554891473124
5 1 0.0 636.8102560976047
5 1 2738.104690387147 3374.284628532456
5 1 0.0 635.9935700509004
5 1 0.0 634.6316414511089
5 1 0.0 633.0480157699941
5 1 0.0 632.5833889928947
5 1 0.0 630.8732486802905
5 1 0.0 629.0935689324995
5 1 0.0 619.3043655812025
5 1 0.0 617.709861853712
5 1 0.0 616.9686591592053
5 1 0.0 616.473600539985
5 1 0.0 615.4355350000023
5 1 0.0 612.2905852799968
5 1 0.0 611.21747792001
5 1 0.0 609.3350961899805
5 1 0.0 609.003663997983
5 1 0.0 608.5903324731062
5 1 0.0 607.915092610011
5 1 0.0 607.4232133900049
5 1 0.0 600.1828916399872
5 1 0.0 598.964180920007
5 1 0.0 598.1431900736025
5 1 0.0 593.460867715597
5 1 0.0 589.4124699299902
5 1 0.0 588.8587091439994
5 1 0.0 586.9629057299933
5 1 0.0 586.8456661685282
5 1 0.0 586.0582560400071
5 1 0.0 585.5469170168595
5 1 0.0 584.8782047599902
5 1 0.0 584.5398698331073
5 1 0.0 584.2463329985603
5 1 0.0 581.0934594783965
5 1 0.0 575.4599435587879
5 1 0.0 573.039399129595
5 1 0.0 571.9003204895066
5 1 0.0 567.1374026884046
5 1 0.0 566.54685039999
5 1 0.0 565.7739110400225
5 1 6.565167862500175 568.8625726099906
5 1 0.0 556.3614280399854
5 1 0.0 554.7814376444048
5 1 0.0 553.4129902300152
5 1 0.0 552.3504477699964
5 1 0.0 552.2553740200187
5 1 0.0 551.5158030400091
5 1 0.0 550.9895880431345
5 1 0.0 550.1388638864019
5 1 0.0 543.9127718564037
5 1 0.0 542.5695356585079
5 1 0.0 540.5646673861002
5 1 0.0 539.4344786624015
5 1 0.0 535.9881038984117
5 1 0.0 535.2527656853015
5 1 0.0 533.6459626548967
5 1 0.0 532.8780096563037
5 1 0.0 532.5591710859951
5 1 0.0 531.8642087501958
5 1 0.0 531.6095164200003
5 1 0.0 530.9023411199939
5 1 0.0 530.3370927200019
5 1 0.0 529.9775920800043
5 1 0.0 527.5211562792013
5 1 0.0 525.3320814767978
5 1 52.134447480027575 576.3775055324913
5 1 0.0 523.9640823299762
5 1 0.0 522.5770316624964
5 1 0.0 519.2494396681296
5 1 0.0 518.9898987696981
5 1 0.0 518.8982543800043
5 1 0.0 518.687114422703
5 1 0.0 517.1484701123966
5 1 0.0 516.0505517299996
5 1 0.0 515.2358628596025
5 1 0.0 514.7231360400174
5 1 0.0 514.5047026799839
5 1 0.0 513.5971318505001
5 1 0.0 512.5857594290026
5 1 0.0 511.9435153199961
5 1 0.0 510.456989199992
5 1 0.0 504.8310541427991
5 1 0.0 504.2488552353988
5 1 0.0 503.9343504544104
5 1 0.0 503.1430389200002
5 1 0.0 501.64147500999934
5 1 0.0 499.44080352949993
5 1 0.0 498.6720220625034
5 1 0.0 496.40301240688405
5 1 0.0 494.0961559599964
5 1 0.0 492.9338550605112
5 1 0.0 492.61486259561434
5 1 0.0 490.6444433825015
5 1 0.0 488.7289187956013
5 1 0.0 488.4820054634929
5 1 0.0 486.92068451880095
5 1 0.0 486.78247468798554
5 1 0.0 486.3717555399942
5 1 0.0 484.95442909429846
5 1 0.0 481.3370270199946
5 1 39.647222660293664 519.378313773398
5 1 175.24863302679205 654.9402445699952
5 1 0.0 479.2448572225194
5 1 0.0 478.0840212538277
5 1 0.0 473.7623929425208
5 1 0.0 473.6055789099878
5 1 90.09553556248409 560.4503938874973
5 1 0.0 469.7680401084948
5 1 0.0 468.1205078356984
5 1 0.0 467.60880881447883
5 1 0.0 467.3157272319936
5 1 0.0 467.1496091500038
5 1 0.0 464.5720412299984
5 1 18.44538284000373 477.2137344900097
5 1 11.764324870017163 469.7312429699954
5 1 0.0 455.66065507720157
5 1 40.3952236674977 494.3940359000071
5 1 0.0 451.99462245748805
5 1 0.0 450.3313601732957
5 1 0.0 449.19251215999134
5 1 0.0 448.4316950751063
5 1 0.0 447.94127003840595
5 1 0.0 446.49682120000944
5 1 0.0 446.48879382639507
5 1 0.0 446.36070417909696
5 1 0.0 443.98819271999537
5 1 0.0 443.484981735598
5 1 0.0 443.26333147719174
5 1 0.0 442.6551707700047
5 1 0.0 441.1320585839934
5 1 0.0 440.86818325319894
5 1 0.0 438.6560275595977
5 1 0.0 438.2751468799936
5 1 0.0 437.6180255799909
5 1 0.0 436.6700877499893
5 1 449.2047443780027 885.5806009000075
5 1 153.3647548700137 589.5968995900098
5 1 0.0 435.8625942799913
5 1 0.0 435.24061376889966
5 1 0.0 434.9533472090907
5 1 0.0 434.58017204759517
5 1 345.97182676598413 779.5936466699866
5 1 0.0 431.418012179995
5 1 0.0 428.5628156299981
5 1 0.0 427.6449391219069
5 1 0.0 427.06556628130033
5 1 0.0 424.8475578500054
5 1 0.0 424.30716630000165
5 1 0.0 419.9441006699992
5 1 0.0 417.473171779995
5 1 0.0 416.4792166500041
5 1 0.0 415.4546209899936
5 1 0.0 415.2664911079005
5 1 0.0 413.7951908299847
5 1 120.48512000250093 533.8194587136131
5 1 0.0 412.8666974499969
5 1 0.0 412.8544276120012
5 1 0.0 410.2349724090998
5 1 236.15765925000142 646.2912403300047
5 1 639.1816061439986 1048.6883078859942
5 1 0.0 408.4631141015898
5 1 0.0 408.20856377000746
5 1 0.0 406.91236779000633
5 1 0.0 403.95125285520055
5 1 0.0 403.4196246079989
5 1 0.0 402.7626486299937
5 1 0.0 401.9569748971062
5 1 0.0 401.9347468724918
5 1 0.0 400.3039112800048
5 1 0.0 399.51408865559097
5 1 0.0 398.96026389999554
5 1 0.0 396.6384353070896
5 1 0.0 394.57903984000313
5 1 0.0 390.91478713640527
5 1 0.0 389.1788989324077
5 1 0.0 388.8531195995989
5 1 0.0 388.85306612000875
5 1 0.0 388.2546341648067
5 1 109.03587239998114 496.5905043200016
5 1 0.0 386.511537023903
5 1 0.0 385.66362234600615
5 1 0.0 383.9633386900018
5 1 0.0 383.4764963999878
5 1 0.0 383.3264572143969
5 1 84.03995810369656 466.1890764203973
5 1 0.0 381.97570393001183
5 1 306.31481084999336 686.5080445000028
5 1 0.0 378.83411796001155
5 1 0.0 378.2455242257033
5 1 0.0 377.3669764500023
5 1 0.0 377.1374479491959
5 1 0.0 376.95955381249973
5 1 0.0 375.9517012007027
5 1 0.0 373.2077836800129
5 1 0.0 371.9551520400232
5 1 0.0 371.43088362999356
5 1 0.0 370.4225733160026
5 1 26.638641269985783 396.4456209499899
5 1 0.0 369.77157345999603
5 1 0.0 368.76985600001035
5 1 0.0 364.84418869999445
5 1 0.0 364.6268412300043
5 1 0.0 363.7209076956025
5 1 0.0 363.27890999742726
5 1 0.0 363.223266519988
5 1 1539.30612790001 1902.348845763344
5 1 0.0 362.89349952800217
5 1 3777.785212926002 4140.584181486893
5 1 0.0 362.68624604150716
5 1 0.0 361.3648101599956
5 1 0.0 361.1063685463997
5 1 0.0 360.65955988249686
5 1 0.0 359.26739197000995
5 1 0.0 358.85619010999596
5 1 0.0 358.3989370656027
5 1 0.0 358.11028778240006
5 1 0.0 356.15316942609525
5 1 0.0 355.9390376400029
5 1 0.0 355.50625738619897
5 1 0.0 353.5613098344088
5 1 0.0 353.37962666440126
5 1 0.0 352.2138241793992
5 1 59.292467281749396 410.40970294751435
5 1 0.0 350.6651650799986
5 1 123.86417225000741 473.6036947199951
5 1 0.0 349.57691220000004
5 1 0.0 349.2942608714973
5 1 0.0 348.30452114999787
5 1 0.0 347.8486844000058
5 1 0.0 347.6911862865993
5 1 0.0 346.8287579799953
5 1 0.0 346.4534125435878
5 1 0.0 346.4524293424927
5 1 0.0 346.01313230050664
5 1 0.0 345.83702075999463
5 1 0.0 345.31466621669733
5 1 0.0 345.0994445000133
5 1 0.0 344.6980691600013
5 1 126.3050556600009 468.5709355225057
5 1 0.0 341.482905729996
5 1 0.0 341.4734657900067
5 1 8.017867739996348 348.5994571339985
5 1 0.0 339.9529338899997
5 1 0.0 339.1840306860047
5 1 0.0 338.83389449479887
5 1 0.0 338.80048342250257
5 1 0.0 338.60511750080195
5 1 0.0 338.56360002999224
5 1 0.0 337.1700365243937
5 1 0.0 337.0968197320947
5 1 0.0 336.9125467585918
5 1 0.0 336.145103108797
5 1 0.0 335.96000904408106
5 1 0.0 335.7575955980012
5 1 0.0 334.8932062900041
5 1 0.0 333.4721270400132
5 1 0.0 333.4270440139019
5 1 0.0 332.90215660777676
5 1 0.0 331.90901936240255
5 1 0.0 328.696542710004
5 1 0.0 326.48028350000004
5 1 0.0 326.29386834720526
5 1 0.0 325.5779170430974
5 1 155.78346077689753 480.5969423274835
5 1 0.0 324.778313590012
5 1 0.0 324.1272286099964
5 1 0.0 323.32933694001076
5 1 1389.5473197552028 1712.6709044058975
5 1 0.0 322.3886618798706
5 1 0.0 321.3482388848008
5 1 0.0 321.1885180647798
5 1 0.0 320.47826312040047
5 1 103.7980631664052 424.08877473750476
5 1 0.0 319.65813854601174
5 1 0.0 319.2666616299955
5 1 0.0 318.51412492719646
5 1 1.8095162563984104 319.0052971499981
5 1 0.0 316.70269221278556
5 1 0.0 316.5249168202181
5 1 0.0 314.2486441600229
5 1 0.0 314.0734065916026
5 1 0.0 313.8366912111983
5 1 0.0 313.5973717083939
5 1 0.0 311.7364326048596
5 1 0.0 311.59062441000196
5 1 0.0 311.48584193534055
5 1 0.0 310.95998869870664
5 1 0.0 310.35040345750576
5 1 0.0 309.4231345300029
5 1 0.0 307.7005115214994
5 1 0.0 306.52661550749895
5 1 0.0 305.74952272000684
5 1 0.0 305.6931659100054
5 1 0.0 305.56419706279974
5 1 0.0 304.40548073880126
5 1 0.0 304.0761285199908
5 1 0.0 303.3816188196038
5 1 0.0 302.6090061800014
5 1 0.0 302.3992971871993
5 1 755.0273140879979 1056.774712772501
5 1 0.0 301.28546123999206
5 1 0.0 301.0858744200041
5 1 0.0 301.06009932001984
5 1 0.0 300.2325000000012
5 1 0.0 299.73250816000177
5 1 0.0 298.6025591676116
5 1 0.0 298.4780859275022
5 1 0.0 298.4596151088067
5 1 0.0 297.84801226999934
5 1 0.0 295.70727210999394
5 1 22.55147724000153 317.9262188399995
5 1 0.0 294.3041222560855
5 1 74.12074847999338 367.42937440001424
5 1 0.0 291.7953879279114
5 1 21.26534762710412 312.788905231474
5 1 0.0 291.3014732399902
5 1 219.5561947499832 509.97078570998474
5 1 0.0 290.2644071699997
5 1 0.0 290.22076622399425
5 1 0.0 290.1341192800128
5 1 0.0 289.4136697565982
5 1 0.0 289.0869268143963
5 1 0.0 288.83578050840674
5 1 0.0 288.2598689879901
5 1 0.0 287.2308527399995
5 1 0.0 286.862336334005
5 1 0.0 286.4299725100054
5 1 0.0 286.01003924800193
5 1 0.0 285.4669390286915
5 1 0.0 285.291507858298
5 1 0.0 285.23054654000816
5 1 0.0 285.1165043022663
5 1 0.0 284.8202579865058
5 1 0.0 284.71060444800025
5 1 0.0 284.5262206000043
5 1 0.0 284.2533204434976
5 1 0.0 282.7894102427142
5 1 0.0 282.56815628998913
5 1 0.0 281.9572454836034
5 1 0.0 281.655065927701
5 1 0.0 281.283970513902
5 1 0.0 280.2129406860022
5 1 0.0 279.60193271001066
5 1 0.0 278.766827136002
5 1 0.0 278.2758742744985
5 1 0.0 278.2232331076019
5 1 0.0 278.2008001600011
5 1 0.0 278.0962072491036
5 1 0.0 277.39421562349867
5 1 0.0 276.6459377939981
5 1 0.0 276.3012777763988
5 1 0.0 276.24165563360486
5 1 0.0 275.7944627400042
5 1 0.0 274.3498586600027
5 1 0.0 272.40925736999986
5 1 204.70497757240628 475.3281371699994
5 1 0.0 270.3986974600017
5 1 0.0 270.2063439800024
5 1 0.0 267.9776987853004
5 1 0.0 267.57104977109503
5 1 0.0 266.2841804899949
5 1 0.0 266.0033940625024
5 1 0.0 265.6979321529036
5 1 0.0 264.59787477199654
5 1 0.0 264.4342153300163
5 1 0.0 261.2503461310739
5 1 0.0 261.05333999999243
5 1 0.0 259.82787370250537
5 1 0.0 259.663246470016
5 1 0.0 258.9552996900152
5 1 0.0 258.09733525000183
5 1 353.17596760999913 609.5517836299988
5 1 0.0 256.35944927999367
5 1 0.0 256.2830120861047
5 1 0.0 255.40454399998885
5 1 0.0 254.44049176349927
5 1 0.0 254.12020773250197
5 1 0.0 253.45162448279507
5 1 0.0 253.20578660000456
5 1 0.0 253.08350366000377
5 1 0.0 252.79179905549427
5 1 0.0 251.8709507088023
5 1 0.0 250.8305075600838
5 1 0.0 250.81697838839182
5 1 83.55545151000524 333.80733307000537
5 1 0.0 249.82588243000464
5 1 0.0 249.47796549800478
5 1 0.0 249.0539197188923
5 1 0.0 248.04074187000361
5 1 0.0 247.79775009999832
5 1 0.0 247.36296211000285
5 1 0.0 247.07617586240303
5 1 26.74053004999604 273.6271409280065
5 1 0.0 246.57527733999677
5 1 0.0 246.1524764624936
5 1 0.0 245.6778317700037
5 1 0.0 245.6198883640002
5 1 0.0 245.56066112000553
5 1 222.4688600464974 467.60880881447883
5 1 0.0 244.90322144999527
5 1 0.0 244.6597897499937
5 1 30.288401110012956 274.37600448999444
5 1 0.0 242.75067003590175
5 1 0.0 241.92709332000004
5 1 0.0 241.48477095360113
5 1 475.1476576600003 714.5159947725078
5 1 0.0 238.2241033999951
5 1 0.0 237.7028693301054
5 1 237.1334395500047 473.75467207000816
5 1 0.0 233.87882910790074
5 1 0.0 232.96950616999197
5 1 0.0 232.86236000000417
5 1 0.0 231.93883610919715
5 1 0.0 230.5397212739913
5 1 0.0 229.6384057878371
5 1 0.0 228.56698143840072
5 1 0.0 227.33265511559148
5 1 0.0 227.2645936479072
5 1 0.0 225.6618593016981
5 1 0.0 225.5907154299955
5 1 0.0 224.74934149000228
5 1 0.0 223.93843292839404
5 1 0.0 222.76004601470044
5 1 0.0 221.9099464844096
5 1 0.0 221.78757390438932
5 1 0.0 221.46928092479865
5 1 0.0 221.34195541949816
5 1 0.0 220.90559317439602
5 1 0.0 219.71213497600206
5 1 0.0 219.14722198450045
5 1 0.0 217.5326991772372
5 1 0.0 217.29873845000952
5 1 0.0 217.29542535001133
5 1 0.0 216.24967818250184
5 1 0.0 216.2335980800035
5 1 0.0 215.20871207010026
5 1 0.0 214.95290797170264
5 1 0.0 214.588723704004
5 1 0.0 214.56083642839212
5 1 0.0 213.93150670000045
5 1 0.0 213.61339320960406
5 1 0.0 213.59465501809814
5 1 38.61693292499422 251.82573802676825
5 1 0.0 212.85049704999358
5 1 0.0 212.44865270759385
5 1 0.0 212.28609723759996
5 1 50.898183919998246 262.6255817099909
5 1 0.0 211.3812015120934
5 1 702.2822444299859 913.3478951999878
5 1 0.0 209.67362912002
5 1 0.0 208.15076094569918
5 1 0.0 207.71370499000147
5 1 0.0 207.12115814039862
5 1 0.0 205.23348620999695
5 1 0.0 205.16336184580177
5 1 0.0 204.69682936000413
5 1 0.0 202.9513572061005
5 1 26.26102333999677 228.92872903999955
5 1 49.27270560960278 250.91026623759808
5 1 0.0 201.3112716499994
5 1 0.0 200.85179289160106
5 1 0.0 200.18275120889302
5 1 0.0 200.01584973040758
5 1 63.90631043099813 263.59939098199834
5 1 0.0 199.69038109079452
5 1 0.0 199.25252091999948
5 1 506.6377341899969 705.3996441600077
5 1 0.0 198.16477171848004
5 1 0.0 198.10477729000354
5 1 0.0 197.99166603999572
5 1 0.0 197.56059223000352
5 1 0.0 197.05358204001163
5 1 0.0 196.6557409424022
5 1 0.0 196.53647426017915
5 1 0.0 195.89036241000787
5 1 0.0 195.73302045000133
5 1 0.0 195.40624098359206
5 1 0.0 195.36203743349768
5 1 0.0 194.99054524599433
5 1 0.0 194.56820587999346
5 1 0.0 194.4828767699878
5 1 0.0 194.3950066801035
5 1 0.0 193.5225942100019
5 1 0.0 192.2298691500116
5 1 0.0 191.12523905999217
5 1 0.0 190.94823957559595
5 1 176.09378132309848 366.3101936379046
5 1 0.0 189.95058444001506
5 1 0.0 189.7706036067916
5 1 0.0 189.42567671998825
5 1 0.0 187.96463399999448
5 1 0.0 186.91771366000103
5 1 0.0 185.8509903600061
5 1 0.0 185.73700692519924
5 1 73.19340619000627 258.7284196679966
5 1 0.0 184.93363640998382
5 1 0.0 184.10459433280266
5 1 325.3678821996998 509.43142950049867
5 1 0.0 183.43163924000055
5 1 0.0 183.07501519999715
5 1 0.0 183.02703336599052
5 1 0.0 182.32203888001436
5 1 0.0 181.89328451160077
5 1 0.0 181.7228402828042
5 1 0.0 180.2500053666987
5 1 0.0 180.20874669251407
5 1 0.0 179.84098553159913
5 1 0.0 178.4079829700022
5 1 0.0 178.17661310999284
5 1 0.0 176.6155970059699
5 1 39.989208153593495 216.44394724599854
5 1 0.0 176.32449421000058
5 1 0.0 175.18892760999228
5 1 0.0 174.94595019998815
5 1 66.93890880599474 241.72788038570195
5 1 0.0 174.71303232919854
5 1 40.44921987749012 215.09672841628912
5 1 0.0 173.87290873490042
5 1 0.0 172.76303874999292
5 1 30.709417958197832 201.5494632732634
5 1 0.0 169.92594773640008
5 1 0.0 169.64419564000104
5 1 141.11258000000225 310.738460473093
5 1 0.0 169.34312596369045
5 1 0.0 168.94518896439615
5 1 0.0 168.6021832799904
5 1 0.0 168.58174717000247
5 1 0.0 167.94864274849306
5 1 0.0 167.89002574050187
5 1 0.0 167.74595253000564
5 1 7.776358112510366 175.34184150000635
5 1 0.0 166.47371138999785
5 1 0.0 165.1973863587898
5 1 0.0 164.69116380439823
5 1 9.584486000007018 173.87050637499885
5 1 0.0 164.13787764749998
5 1 0.0 163.7618441599916
5 1 0.0 163.70403888000766
5 1 0.0 163.67955826529305
5 1 0.0 163.45808394431916
5 1 0.0 163.407513090002
5 1 0.0 163.38537206290164
5 1 0.0 163.02422506440962
5 1 0.0 162.9726138899989
5 1 0.0 162.67273684410293
5 1 0.0 162.6186377165027
5 1 0.0 162.24243652880594
5 1 0.0 162.2192657791989
5 1 308.8048350399972 470.9363556224987
5 1 0.0 161.197218050012
5 1 0.0 161.06584536922628
5 1 0.0 160.95828422920613
5 1 0.0 160.54162873789528
5 1 0.0 160.10641361879925
5 1 0.0 159.91826262079977
5 1 0.0 159.7129537192004
5 1 0.0 159.5523845040011
5 1 72.22145776999483 231.43890781250832
5 1 4.593353935596156 163.62373069590694
5 1 0.0 158.93907033000187
5 1 0.0 158.5682242556001
5 1 0.0 157.4417823905053
5 1 0.0 157.389663112506
5 1 0.0 157.33156182000084
5 1 0.0 157.0109389099984
5 1 0.0 156.39697235000165
5 1 0.0 156.2741230099947
5 1 0.0 156.14735785130642
5 1 0.0 156.08854935999852
5 1 0.0 155.7471770364882
5 1 0.0 154.30857424999317
5 1 0.0 154.14119064000943
5 1 0.0 154.06896641477488
5 1 0.0 153.65188229160174
5 1 0.0 153.10818267250124
5 1 0.0 153.01955639999915
5 1 0.0 152.0263529275137
5 1 128.32666836999942 280.1137263100072
5 1 0.0 151.5250609436091
5 1 154.7960728533551 305.2243782629398
5 1 39.50014965000264 188.78045985400013
5 1 0.0 148.5504681315075
5 1 0.0 148.2397797199999
5 1 0.0 147.52845937169786
5 1 0.0 146.8459274940019
5 1 0.0 146.47123544090311
5 1 0.0 146.4535157433019
5 1 0.0 146.14911031959798
5 1 0.0 146.1282292364026
5 1 0.0 145.65570997480438
5 1 111.46831081000097 256.98533945999355
5 1 0.0 145.48992861000124
5 1 0.0 145.37350925129795
5 1 0.0 145.3055301776251
5 1 0.0 145.28588670309762
5 1 0.0 144.54543324198983
5 1 0.0 143.85140966999052
5 1 0.0 141.59005209449734
5 1 0.0 140.86758148001422
5 1 0.0 140.73943274999874
5 1 0.0 140.403017932004
5 1 99.3494373499953 238.9570121500069
5 1 0.0 139.0143559999865
5 1 0.0 138.93904374710064
5 1 0.0 137.37840424000797
5 1 0.0 136.82995343000246
5 1 0.0 136.7161702690255
5 1 0.0 136.39367734039206
5 1 0.0 136.38874356438828
5 1 0.0 135.7249152788154
5 1 0.0 135.44009240000128
5 1 0.0 135.32017691880282
5 1 0.0 134.67962755749306
5 1 0.0 133.9565659499873
5 1 0.0 133.49389714050108
5 1 4.243715729996552 137.09652459709923
5 1 0.0 132.3531895499068
5 1 0.0 132.26495412239797
5 1 13.328892884396907 145.04887622839533
5 1 0.0 131.26719851680005
5 1 143.5075023556028 274.72842022000805
5 1 0.0 130.30360748999396
5 1 0.0 130.23635005559936
5 1 0.0 129.5348649000024
5 1 0.0 129.41748661000707
5 1 0.0 128.76585024639894
5 1 0.0 128.33962332999243
5 1 0.0 127.85703294239556
5 1 0.0 127.77899595001384
5 1 0.0 127.47387843001161
5 1 0.0 127.15728112520122
5 1 0.0 127.15254347969642
5 1 0.0 125.6945312899959
5 1 0.0 125.6116408857695
5 1 0.0 125.37818000000435
5 1 0.0 125.00658274999364
5 1 0.0 124.9438931220993
5 1 169.38025163000634 294.136194510006
5 1 0.0 124.66725625750269
5 1 0.0 124.23706373999426
5 1 0.0 124.19117871629874
5 1 0.0 123.78385017320193
5 1 0.0 123.10905731949356
5 1 0.0 123.01172339250593
5 1 0.0 122.67842812000436
5 1 0.0 122.45804667760194
5 1 0.0 121.66604895240073
5 1 0.0 120.57330600001478
5 1 0.0 119.45165610509798
5 1 0.0 118.54530681000665
5 1 0.0 118.45286448809998
5 1 0.0 118.40754891690204
5 1 0.0 118.395606599997
5 1 0.0 118.27146069870491
5 1 0.0 117.88526170998239
5 1 0.0 117.87602377760368
5 1 0.0 117.56716907400099
5 1 0.0 117.51053579040422
5 1 0.0 117.1504315498978
5 1 17.767083279999497 134.32506792999996
5 1 0.0 116.07360168640128
5 1 403.6384366800096 519.6687669899975
5 1 0.0 115.48820640999702
5 1 75.6823242015048 190.88063065800293
5 1 0.0 115.00830660359941
5 1 0.0 114.84156240848733
5 1 0.0 113.8824523284
5 1 0.0 113.40447191399926
5 1 0.0 113.32115507999674
5 1 0.0 112.34886819000155
5 1 0.0 111.71969983199028
5 1 0.6749633728936715 112.10828672039975
5 1 152.04575210559415 262.9503339259975
5 1 0.0 110.75181607289369
5 1 0.0 110.52728200000028
5 1 0.0 110.41377800910027
5 1 292.09544085999846 402.22374463001665
5 1 0.0 109.95080557000438
5 1 0.0 109.34563839839598
5 1 0.0 108.72546840330301
5 1 0.0 107.97020605999478
5 1 1.1220224595012382 107.99502682600013
5 1 131.69375774400112 237.46682392000537
5 1 0.0 105.56308236000322
5 1 0.0 105.07442525840077
5 1 16.885158168011458 121.69304732160936
5 1 0.0 104.32347000000323
5 1 0.0 104.30692646249759
5 1 0.0 103.49720464509141
5 1 0.0 103.47725301709693
5 1 0.0 103.44633301999562
5 1 0.0 102.60761851737743
5 1 132.50648502679633 234.57769571159952
5 1 0.0 101.9953423481175
5 1 0.0 101.69174994999048
5 1 0.0 101.08113505848613
5 1 0.0 100.50588891960842
5 1 0.0 100.44381337650134
5 1 0.0 100.21492504440084
5 1 0.0 100.14563659000441
5 1 0.0 99.98739766290555
5 1 0.0 98.35028702999676
5 1 0.0 97.99654388240197
5 1 0.0 97.76121022640814
5 1 0.0 97.69125581440278
5 1 0.0 97.40624741950069
5 1 0.0 97.02585744998896
5 1 4303.141167844402 4400.047469527001
5 1 0.0 96.24670703960092
5 1 0.0 96.05574774080219
5 1 0.0 95.734245179102
5 1 0.0 95.63302216342663
5 1 0.0 95.4013896468011
5 1 0.0 95.2765494676041
5 1 0.0 94.32100039887928
5 1 0.0 94.1925267684021
5 1 31.897293862006563 125.87087059759904
5 1 0.0 93.24961625599781
5 1 0.0 92.95680318450547
5 1 0.0 91.94378775999974
5 1 263.22991160999845 353.8194467051062
5 1 0.0 89.9418629468023
5 1 12.341402680001465 100.92895420000548
5 1 0.0 88.15763469560363
5 1 0.0 88.04834652000181
5 1 0.0 87.99672787999634
5 1 0.0 87.09992695000756
5 1 16.084856046205914 102.86008252660076
5 1 0.0 86.34636941470256
5 1 0.0 85.46723623720254
5 1 0.0 85.30145060999507
5 1 0.0 85.25023433850504
5 1 0.0 83.75444625999899
5 1 0.0 83.37763990560461
5 1 48.35238351999385 131.72400352998739
5 1 0.0 82.59922251799208
5 1 0.0 82.23330344999562
5 1 0.0 81.95971152999118
5 1 0.0 81.90545724020149
5 1 0.0 81.68849290399453
5 1 0.0 81.06845898734639
5 1 0.0 80.85745279001196
5 1 0.0 80.71865682000225
5 1 0.0 79.99194272999978
5 1 0.0 79.457643039299
5 1 94.93540853641093 174.37373932251091
5 1 0.0 78.94857912989607
5 1 0.0 78.66405258438783
5 1 0.0 78.19372354000063
5 1 0.0 78.02285719550366
5 1 0.0 77.6188044025165
5 1 0.0 77.21401369439982
5 1 0.0 77.18205035135406
5 1 0.0 76.42989514998453
5 1 0.0 75.54373176000593
5 1 110.0136401240004 185.3334074337006
5 1 0.0 75.00873765120537
5 1 0.0 74.4715716704032
5 1 0.0 74.31260204999376
5 1 0.0 73.1679473707996
5 1 26.831420000001344 99.98853395970053
5 1 0.0 72.8254905900028
5 1 97.84415236958773 169.72965241958718
5 1 0.0 71.67547291309893
5 1 0.0 71.35217270999931
5 1 2.7138368055981346 73.74941173079975
5 1 0.0 70.71747947129742
5 1 0.0 70.67669086750243
5 1 0.0 70.18830669000386
5 1 0.0 70.15281514999492
5 1 51.53276692000168 121.68317048000404
5 1 0.0 70.01769567999656
5 1 0.0 69.77350388999628
5 1 0.0 69.6613478719994
5 1 126.01855264999256 194.99068604999195
5 1 0.0 68.12251557249408
5 1 0.0 68.05540355999665
5 1 0.0 67.99780653001335
5 1 0.0 67.37658504770206
5 1 0.0 67.22177378310028
5 1 0.0 67.12486650001028
5 1 0.0 66.9738712494966
5 1 0.0 66.95481914999925
5 1 0.0 66.95457379290286
5 1 0.0 66.48700711000237
5 1 0.0 66.09718049249932
5 1 0.0 65.81351172999348
5 1 0.0 65.5489076700087
5 1 0.0 65.53728366799834
5 1 0.0 65.26952077200258
5 1 0.0 65.21758504890374
5 1 0.0 64.95746520998637
5 1 0.0 64.4065582420028
5 1 100.15428588750808 164.5189293264047
5 1 0.0 64.30534512629936
5 1 0.0 63.8185498092962
5 1 0.0 63.76081584909571
5 1 0.0 63.74732623039324
5 1 28.274770619498895 92.01793033810645
5 1 98.10017213000083 161.55055772360015
5 1 0.0 62.232596775991624
5 1 0.0 62.126829229993746
5 1 48.7558009550994 110.49179484790204
5 1 0.0 61.39088975310216
5 1 7.450676310002336 68.5927407823956
5 1 0.0 60.419075979601075
5 1 0.0 59.83230670400201
5 1 0.0 59.63445197750764
5 1 0.0 59.22068029999423
5 1 0.0 58.55436568310074
5 1 0.0 58.52464953000157
5 1 9.17606433750143 67.41921277749816
5 1 0.0 56.97141240039937
5 1 0.0 56.83916988989597
5 1 0.0 56.4245290500121
5 1 0.0 56.186703216299975
5 1 0.0 56.083743759600964
5 1 0.0 56.082553813202594
5 1 0.0 56.000628406098485
5 1 0.0 55.98309100998904
5 1 0.0 55.37619768490208
5 1 0.0 54.87494793000201
5 1 0.0 54.817349642398995
5 1 0.0 54.77383983159757
5 1 0.0 54.637891460001924
5 1 0.0 53.38863876479945
5 1 0.0 53.33067854999916
5 1 0.0 53.2817520000051
5 1 0.0 52.8877812476037
5 1 167.3339903200051 220.09088924999799
5 1 0.0 52.252986969192534
5 1 0.0 52.02081796759546
5 1 0.0 51.76037242333206
5 1 0.0 51.29982435989365
5 1 0.0 51.068939494904726
5 1 959.7067812356102 1010.3783936433967
5 1 0.0 49.470774350000056
5 1 0.0 48.77904794249639
5 1 0.0 48.5405871231917
5 1 207.98185141679642 256.39399722080316
5 1 1.6903038399804018 49.953840959991
5 1 0.0 48.217019760000824
5 1 0.0 48.20802837050087
5 1 0.0 48.1376085999957
5 1 0.0 47.725874221069034
5 1 0.0 47.496391380504974
5 1 0.0 47.461358038470564
5 1 154.99304467109894 201.90406655039925
5 1 0.0 46.73597377999772
5 1 0.0 46.64743519000676
5 1 0.0 46.40626305401315
5 1 0.0 46.33035368000054
5 1 0.0 45.87214271800576
5 1 0.0 45.55855750519853
5 1 22.215249763501134 65.76660584799947
5 1 84.80245654999351 128.25064599000257
5 1 0.0 43.20086295190015
5 1 0.0 42.876697269993656
5 1 0.0 42.79962040110172
5 1 65.71317929000759 108.38211101000911
5 1 0.0 42.58456944002069
5 1 0.0 42.54434096000358
5 1 0.0 42.32834777800326
5 1 0.0 42.0233221004969
5 1 0.0 41.95346747399526
5 1 0.0 41.49524704959754
5 1 0.0 41.381579302500086
5 1 0.0 40.97508316000392
5 1 0.0 40.87997399650067
5 1 0.0 40.791042982408385
5 1 0.0 40.7349159000039
5 1 0.0 40.71181095000679
5 1 0.0 40.71078152619907
5 1 0.0 40.29965481399722
5 1 0.0 39.608007190002695
5 1 0.0 39.58643933999042
5 1 0.0 39.44814567559774
5 1 31.983361480001122 71.3482805279998
5 1 0.0 38.89417952750034
5 1 67.23316434968729 106.11114972736902
5 1 0.0 38.565379349986415
5 1 0.0 38.49250438600359
5 1 140.40480508001792 178.84734239001523
5 1 0.0 38.4411219068071
5 1 0.0 38.285986782503414
5 1 0.0 38.190775910002515
5 1 0.0 38.05890479999857
5 1 0.0 37.89554702108967
5 1 0.0 37.654087478599195
5 1 43.94811599749801 80.6371755600062
5 1 0.0 35.71271570999579
5 1 0.0 34.73039483079975
5 1 0.0 34.370754119998594
5 1 0.0 34.169974125991075
5 1 0.0 33.821107039994786
5 1 316.6765445823794 349.6316856043877
5 1 0.0 32.74223707200065
5 1 0.0 32.46080615400035
5 1 0.0 32.3698853699907
5 1 0.0 31.743496869998694
5 1 126.51647202360527 157.98665500000766
5 1 0.0 30.841820864405236
5 1 69.29878894690205 100.054521482506
5 1 42.03266511799484 72.75027371999795
5 1 0.0 30.414546500396227
5 1 0.0 30.231376880006565
5 1 0.0 30.166432030004216
5 1 0.0 30.01860728900465
5 1 83.7916604016109 113.6024899334875
5 1 0.0 29.741662200002224
5 1 0.0 29.229292980000196
5 1 0.0 28.895372702995985
5 1 0.0 28.48611413770311
5 1 0.0 28.31042791999289
5 1 0.0 27.411265963617097
5 1 0.0 27.036553999996613
5 1 0.0 26.729555070000856
5 1 67.91429592599957 94.10682230699751
5 1 0.0 26.072559308875725
5 1 0.0 26.031349969085568
5 1 8.096177110000099 34.05556160000151
5 1 0.0 25.443400349501417
5 1 0.0 25.283083828799136
5 1 14.20081832050046 39.277043471299066
5 1 0.0 24.74914081999782
5 1 0.0 24.511849118396867
5 1 14.33748691000693 38.597869439999045
5 1 0.0 24.23703089349975
5 1 0.0 24.218351200001052
5 1 0.0 24.1043218399995
5 1 0.0 23.36868495000158
5 1 0.0 23.33680712199771
5 1 167.285302088501 190.60178946120243
5 1 0.0 23.010135628898183
5 1 0.0 22.610402598705605
5 1 0.0 22.609460969998523
5 1 0.0 22.2982706176021
5 1 0.0 22.271107051095782
5 1 0.0 22.18526254000443
5 1 0.0 22.091035560001956
5 1 0.0 22.036057836799728
5 1 0.0 21.59677139490259
5 1 0.0 21.460724060010307
5 1 0.0 20.9381995604042
5 1 0.0 20.615972799995916
5 1 0.0 20.355889327999478
5 1 0.0 20.085168759997998
5 1 0.0 20.081790934383662
5 1 0.0 20.00542589000173
5 1 0.0 19.91964431000006
5 1 0.0 19.80353455071571
5 1 0.0 19.565404410000838
5 1 96.59609201479623 115.63146247350079
5 1 48.63043551399744 67.4567680130985
5 1 9.264996649875968 28.077146348289716
5 1 0.0 18.76568304750458
5 1 0.0 18.591556906601568
5 1 0.0 17.592524309597593
5 1 0.0 17.47048976080196
5 1 31.718632080799978 49.13334548679842
5 1 0.0 17.376189019998264
5 1 0.0 17.074234922302026
5 1 0.0 16.847223186799056
5 1 0.0 16.727908629891544
5 1 0.0 16.69947791999755
5 1 0.0 16.606254592503433
5 1 20.23315084000876 36.795344640006874
5 1 0.0 16.540560006003602
5 1 0.0 16.45085262000657
5 1 0.0 16.20518520120254
5 1 0.0 15.138571894411598
5 1 97.52470521158841 112.61680476999345
5 1 0.0 14.693933136005398
5 1 0.0 14.481218945587898
5 1 0.0 14.29510347920089
5 1 0.0 14.038502338900344
5 1 0.0 13.969386710003164
5 1 0.0 13.823857389440747
5 1 0.0 13.12204562450961
5 1 0.0 12.984523972501734
5 1 0.0 12.76005011999132
5 1 0.0 12.411942369998542
5 1 122.00002720000438 134.3354707000009
5 1 0.0 11.66461081450484
5 1 0.0 11.521184952889143
5 1 0.0 11.258340777597482
5 1 0.0 11.181021134065759
5 1 0.0 10.98613681049926
5 1 0.0 10.938858833498443
5 1 0.0 10.629346153600125
5 1 137.1679361725001 147.49848515299982
5 1 0.0 10.106546609995576
5 1 0.0 10.069371528000275
5 1 0.0 9.426232989899432
5 1 0.0 9.300739404002343
5 1 0.0 9.29364184999622
5 1 0.0 9.233926780003912
5 1 0.0 9.12806103000571
5 1 0.0 8.775362395101581
5 1 50.68267232000096 59.06944457999646
5 1 0.0 8.137519712901621
5 1 0.0 7.546513210003695
5 1 0.0 7.525104034002027
5 1 48.41095792000567 55.86614745000048
5 1 0.0 7.270724289998725
5 1 0.0 7.212974062899207
5 1 0.0 6.974404987608068
5 1 0.0 6.638387900003977
5 1 22.25411824640102 28.467775833598253
5 1 0.0 4.580429127702416
5 1 10.560982391999005 15.05567045369969
5 1 0.0 4.405608493993213
5 1 120.01687095001705 123.85915070001363
5 1 0.0 3.744935051998482
5 1 0.0 3.695052522700337
5 1 0.0 3.404295199988269
5 1 0.0 3.277532882001026
5 1 0.0 3.15122142160223
5 1 0.0 2.1817765099962685
5 1 0.0 1.691100670004971
5 1 207.52673412440117 209.05726502670436
5 1 0.0 1.0565893500038896
5 1 0.0 0.9066183362985782
5 1 250.47113179960502 251.055374161597
5 1 0.0 0.44127003640460316
5 1 130.69259140000304 130.79713640960352
5 0 0.0 inf
5 0 0.0 7112.787316643162
5 0 0.0 11.285956058771717
# COVID_SAMPLE_20_ROI_2
6 1 0.0 35180.19397460249
6 1 0.0 17436.321203225616
6 1 0.0 14822.847370222407
6 1 0.0 12865.191770123529
6 1 0.0 12863.1431467221
6 1 0.0 11638.9497187602
6 1 0.0 7450.299299689983
6 1 0.0 7154.917869270011
6 1 0.0 5706.799844983839
6 1 0.0 5633.061399330015
6 1 0.0 5489.0088282229
6 1 0.0 5458.261088159981
6 1 0.0 5094.769530155587
6 1 0.0 4916.779906921591
6 1 0.0 4403.774707602802
6 1 0.0 4323.3871023823895
6 1 0.0 4253.3455319131735
6 1 0.0 4172.555555759994
6 1 0.0 4145.401575612001
6 1 0.0 4097.740979259966
6 1 0.0 3950.38858448521
6 1 0.0 3799.0229209800086
6 1 0.0 3573.3821811100297
6 1 0.0 3508.3683215640003
6 1 0.0 3279.259922537587
6 1 0.0 3222.630820029607
6 1 0.0 3129.393483646398
6 1 0.0 3088.769645460901
6 1 0.0 3079.527532379987
6 1 0.0 3004.3584510356122
6 1 1356.3873719168805 4339.900069530209
6 1 0.0 2962.239419802501
6 1 0.0 2859.3801280148814
6 1 0.0 2809.3386412403934
6 1 0.0 2745.680697464417
6 1 0.0 2709.2076419516006
6 1 0.0 2687.961634335301
6 1 0.0 2687.8092267184065
6 1 0.0 2675.934935790206
6 1 0.0 2658.0623570360094
6 1 0.0 2650.6917920099936
6 1 0.0 2649.977194282489
6 1 0.0 2627.3971129699894
6 1 0.0 2591.672873889986
6 1 0.0 2553.038214493702
6 1 0.0 2513.566866684492
6 1 0.0 2456.410509521693
6 1 0.0 2360.65891174752
6 1 0.0 2355.4924035700096
6 1 0.0 2349.1507298867955
6 1 0.0 2286.3045293600017
6 1 0.0 2281.4741220599853
6 1 0.0 2280.1468606399967
6 1 89.3884279716076 2355.2957796800056
6 1 0.0 2240.7366913827964
6 1 0.0 2206.30256472331
6 1 0.0 2202.823051454782
6 1 0.0 2163.724310413986
6 1 0.0 2143.710456992473
6 1 0.0 2085.0425259555004
6 1 0.0 2001.5949289261034
6 1 0.0 1983.6907499335125
6 1 0.0 1977.5537649776961
6 1 0.0 1975.055692119996
6 1 0.0 1945.330721135896
6 1 0.0 1884.8165200419915
6 1 0.0 1882.1253024599937
6 1 0.0 1877.165176578313
6 1 0.0 1875.4793559399864
6 1 0.0 1857.6220534064046
6 1 0.0 1830.0734078984965
6 1 0.0 1789.1490649500129
6 1 0.0 1785.6326046400145
6 1 1175.0153883824019 2942.738660562002
6 1 0.0 1749.9986255991155
6 1 0.0 1748.4502711599912
6 1 0.0 1739.393612042396
6 1 0.0 1736.1022061040103
6 1 0.0 1718.9722073799976
6 1 0.0 1716.1384584868922
6 1 0.0 1706.8867252200032
6 1 0.0 1692.3319963806198
6 1 0.0 1675.3386766000167
6 1 0.0 1674.1953223625087
6 1 0.0 1663.2824651099277
6 1 0.0 1627.5948910399898
6 1 0.0 1602.2838206000188
6 1 0.0 1587.2329892399998
6 1 3286.54095972748 4862.345874970485
6 1 0.0 1561.1788443292976
6 1 0.0 1556.0271418000098
6 1 0.0 1546.4810540414878
6 1 454.91224439641246 1953.0511016545097
6 1 0.0 1469.955778558397
6 1 285.7999472099957 1736.3250240899924
6 1 0.0 1447.8406378816053
6 1 0.0 1446.0670623504154
6 1 0.0 1440.8009563199803
6 1 0.0 1425.2046338899954
6 1 0.0 1417.442836122912
6 1 0.0 1406.2393639424008
6 1 0.0 1393.170719589998
6 1 0.0 1371.4821277857131
6 1 0.0 1359.3517593599931
6 1 0.0 1358.8589498399822
6 1 373.19799487999126 1703.825311409995
6 1 0.0 1309.2815244799717
6 1 0.0 1306.0686546369025
6 1 0.0 1284.9663484319049
6 1 0.0 1264.1065694900053
6 1 0.0 1263.2950707391992
6 1 0.0 1261.3701625427966
6 1 0.0 1254.6169616079048
6 1 0.0 1239.9151703060147
6 1 343.7402992000018 1559.7988415999976
6 1 0.0 1198.2044287099964
6 1 66.96082595749363 1259.5287630444986
6 1 0.0 1167.6610647700038
6 1 0.0 1160.1322475183931
6 1 0.0 1148.0418257587912
6 1 0.0 1133.7073249796003
6 1 0.0 1119.2606867299953
6 1 0.0 1097.4905970000054
6 1 0.0 1084.6345764179944
6 1 0.0 1082.6637009725396
6 1 0.0 1065.4133074325073
6 1 0.0 1053.4921596625127
6 1 0.0 1051.0388658216134
6 1 0.0 1049.400957910007
6 1 0.0 1048.915454969987
6 1 0.0 1037.4233134319954
6 1 0.0 1023.1220991183959
6 1 0.0 1021.9445340500054
6 1 0.0 1017.2908497675016
6 1 0.0 1016.0415933637055
6 1 79.96193999999105 1093.7595720859981
6 1 0.0 1008.2156855099879
6 1 0.0 1004.368513320012
6 1 0.0 1003.0474500419969
6 1 0.0 985.2698139780045
6 1 0.0 985.0136275653113
6 1 886.4875989407933 1863.401135702291
6 1 0.0 975.1095676185021
6 1 0.0 967.9387398938827
6 1 0.0 963.2143425899849
6 1 0.0 960.8500045104033
6 1 127.3951522051999 1076.5678152733035
6 1 785.4086393599996 1733.406932251105
6 1 0.0 926.7202445899916
6 1 0.0 923.4904688719967
6 1 0.0 922.9837087356077
6 1 0.0 918.6882885537666
6 1 0.0 901.0960507007376
6 1 0.0 896.303117640009
6 1 504.6292889264173 1398.1283929895012
6 1 0.0 891.0877456704102
6 1 0.0 882.0150762200004
6 1 0.0 880.8495489659063
6 1 0.0 879.2735533000032
6 1 0.0 872.951354750011
6 1 0.0 871.540039865562
6 1 68.40442935520525 938.196595613693
6 1 0.0 864.3131550828984
6 1 0.0 855.5129976800104
6 1 0.0 855.3448107900026
6 1 0.0 851.1717987500002
6 1 123.7536620099836 971.4020049099872
6 1 0.0 846.9398845586247
6 1 0.0 841.1382852899978
6 1 86.97922613002493 927.1908711299916
6 1 0.0 839.8560924147941
6 1 0.0 825.854390179983
6 1 0.0 824.7998782100017
6 1 0.0 821.8716908099816
6 1 0.0 820.4677802300093
6 1 0.0 803.7124718428065
6 1 0.0 797.8506134700033
6 1 0.0 793.3722777600044
6 1 0.0 790.8428460680102
6 1 303.4337634616031 1076.6659997447996
6 1 0.0 768.7236746799913
6 1 209.0335030549045 977.2426145227038
6 1 86.43848949758376 854.4081423196167
6 1 0.0 766.8617925475073
6 1 0.0 763.6488167372036
6 1 0.0 761.9407373599943
6 1 0.0 759.0885840500137
6 1 0.0 741.9907446187958
6 1 0.0 729.2943893780089
6 1 125.97151357748726 846.9575849276039
6 1 65.85335454360143 785.6558707188983
6 1 0.0 707.3651563827957
6 1 0.0 704.1600678300042
6 1 0.0 694.4115716060066
6 1 0.0 691.7334192944986
6 1 0.0 690.827631603998
6 1 0.0 689.7649002154991
6 1 0.0 688.9339120500317
6 1 0.0 684.2550091680001
6 1 0.0 681.4420509599954
6 1 0.0 679.1547001744052
6 1 0.0 673.5041354174991
6 1 0.0 672.6886931372972
6 1 0.0 664.769159458398
6 1 255.518497232732 919.7724429983978
6 1 0.0 657.8580877000036
6 1 0.0 653.6126510764589
6 1 0.0 652.2906253164947
6 1 0.0 651.0799440375973
6 1 0.0 649.8026632200017
6 1 0.0 644.9365942500021
6 1 0.0 644.4227551422948
6 1 0.0 643.5094941119962
6 1 0.0 641.5494268143054
6 1 0.0 641.2634316901108
6 1 0.0 640.0466758599923
6 1 0.0 638.0142355800053
6 1 0.0 635.318233966004
6 1 0.0 634.0533601700047
6 1 0.0 633.5279893095467
6 1 0.0 626.4418529799873
6 1 0.0 622.5024705243936
6 1 0.0 618.9940911571966
6 1 135.91862589359494 752.0014504699848
6 1 0.0 614.0210396420116
6 1 0.0 606.0242365999966
6 1 0.0 588.3152902860122
6 1 260.3653515599881 847.776017510012
6 1 37.457299704401976 621.9936930499937
6 1 0.0 584.4398717344056
6 1 0.0 584.0987129943969
6 1 292.9471187849099 875.7767761712062
6 1 0.0 582.6192806400086
6 1 0.0 582.3588437099969
6 1 0.0 582.2080267314941
6 1 0.0 576.3586074151975
6 1 0.0 575.6937667655998
6 1 0.0 572.9989214531006
6 1 0.0 572.4471356900037
6 1 0.0 565.1593524710916
6 1 0.0 561.4551916799994
6 1 0.0 558.9437923771957
6 1 0.0 554.4640374294993
6 1 0.0 552.6438694560027
6 1 0.0 546.5870330799971
6 1 0.0 540.4286763600004
6 1 0.0 537.5442677124013
6 1 0.0 534.100309879936
6 1 0.0 533.5139755566966
6 1 0.0 532.8485301084011
6 1 0.0 531.7585990900261
6 1 0.0 531.4148913566246
6 1 0.0 529.4382383600082
6 1 0.0 527.761388897504
6 1 994.586926003609 1516.682830976107
6 1 0.0 517.7619730099979
6 1 0.0 516.2770512299749
6 1 0.0 511.419065847424
6 1 0.0 509.43061868998484
6 1 0.0 508.89594028999045
6 1 0.0 507.4831005747933
6 1 0.0 507.1721163473062
6 1 0.0 499.7505644523974
6 1 0.0 497.81257504600126
6 1 0.0 494.8003495972971
6 1 0.0 484.5744764799922
6 1 0.0 484.0246342500045
6 1 0.0 483.8082681900012
6 1 0.0 479.4738345956041
6 1 0.0 476.2287062435928
6 1 6.0590038712981595 479.2653603300066
6 1 0.0 470.3723638179955
6 1 0.0 467.11964338749294
6 1 0.0 464.3721856480005
6 1 0.0 462.59146299999657
6 1 0.0 461.12413718999983
6 1 0.0 455.293047680017
6 1 0.0 451.9912021521086
6 1 272.79043771998204 724.389928189999
6 1 0.0 450.3280252949512
6 1 0.0 449.9726029171238
6 1 0.0 449.22844367158814
6 1 0.0 448.2234149424037
6 1 0.0 446.6968333599823
6 1 0.0 444.22267754999893
6 1 0.0 440.5988035405909
6 1 0.0 438.60747858750256
6 1 0.0 437.4687174134973
6 1 0.0 435.5048657525049
6 1 0.0 429.5694449035884
6 1 0.0 427.14420301000416
6 1 0.0 426.8632304499938
6 1 0.0 426.8183462130952
6 1 0.0 424.6094139235979
6 1 0.0 424.3962848425117
6 1 0.0 421.4853317815996
6 1 2963.527406208397 3384.2654170700152
6 1 0.0 419.6053357599968
6 1 0.0 419.39663450640273
6 1 0.0 419.09970114999714
6 1 314.56473617999677 730.515987000025
6 1 0.0 414.7755848399988
6 1 0.0 414.28090330889427
6 1 0.0 412.094591104006
6 1 0.0 408.88571343999394
6 1 125.0182027099977 532.4513418899933
6 1 48.68862523999951 455.8871267999907
6 1 533.4132744335129 937.5429545235047
6 1 0.0 403.4399040000011
6 1 0.0 403.1251648299849
6 1 0.0 402.4500131600972
6 1 0.0 401.79614893999974
6 1 40.63891776770424 441.749459337503
6 1 0.0 397.749441592523
6 1 0.0 397.43839320709526
6 1 0.0 396.86510695290553
6 1 19.595519279995187 415.41839387999426
6 1 0.0 394.8889017199938
6 1 0.0 394.26261036750975
6 1 0.0 393.56670153001505
6 1 0.0 390.6556242663023
6 1 0.0 390.5530672232053
6 1 0.0 388.9954310399854
6 1 0.0 385.76906156508585
6 1 0.0 382.41375250131955
6 1 0.0 382.1636153999932
6 1 0.0 379.1195022815907
6 1 0.0 376.4975136029818
6 1 0.0 375.91930015350056
6 1 0.0 374.9060185299939
6 1 0.0 372.8273744808989
6 1 0.0 370.62654862200634
6 1 0.0 369.7705828800009
6 1 0.0 368.68697123000607
6 1 0.0 368.0854215100044
6 1 81.16038994400378 446.5734527848042
6 1 0.0 364.30675267239826
6 1 0.0 361.6439402292026
6 1 0.0 359.204127516306
6 1 0.0 358.5065169931231
6 1 0.0 358.13809954999294
6 1 0.0 356.60244845748275
6 1 12.48221911999832 368.2943898500089
6 1 0.0 355.4808565374997
6 1 0.0 352.4236476964893
6 1 0.0 352.0225234900156
6 1 0.0 348.49972718999607
6 1 0.0 348.34708414249917
6 1 0.0 345.30394562355286
6 1 0.0 344.87447788159466
6 1 0.0 343.71999606569625
6 1 0.0 342.9101535457014
6 1 0.0 342.7271242399888
6 1 144.4498481700091 486.62195844000007
6 1 0.0 341.26913015999276
6 1 0.0 340.48237176730527
6 1 468.0556726360046 805.78198464361
6 1 0.0 337.04378084970676
6 1 0.0 335.3685577199925
6 1 0.0 334.9212849499894
6 1 0.0 333.56689193951024
6 1 0.0 332.9412141073017
6 1 0.0 331.61228239840483
6 1 0.0 330.65278441599594
6 1 0.0 328.70247623999967
6 1 0.0 327.08323258999974
6 1 0.0 326.1034434823821
6 1 25.849987627498876 351.92765084399525
6 1 0.0 326.0308104662013
6 1 427.3461555543895 752.5615622419964
6 1 117.65033415869812 442.7731231708008
6 1 0.0 323.27223440930425
6 1 0.0 323.09210316999497
6 1 32.432039719988666 355.1958615999961
6 1 0.0 322.2833516943492
6 1 0.0 320.6751318800093
6 1 0.0 320.4394787398978
6 1 381.3372343379933 701.3652932796022
6 1 0.0 319.60624789199596
6 1 0.0 318.5604279799936
6 1 0.0 318.4596893701364
6 1 222.08649307002156 539.4179325068608
6 1 0.0 316.3114349600064
6 1 30.2373291600054 346.5402521900006
6 1 0.0 316.2587079660002
6 1 0.0 316.0774826716013
6 1 0.0 315.52171571999634
6 1 0.0 311.1152194100084
6 1 0.0 310.73704642439054
6 1 0.0 308.5102195744023
6 1 0.0 308.27271326567234
6 1 0.0 305.46407272530064
6 1 0.0 304.36108260000134
6 1 0.0 304.2644385344961
6 1 0.0 304.0951604575058
6 1 0.0 303.0821376900092
6 1 0.0 301.80441101960605
6 1 0.0 300.40460410560263
6 1 0.0 299.3891832200037
6 1 0.0 298.1698136000009
6 1 0.0 296.77529551800353
6 1 0.0 295.3721361499977
6 1 5.718689294327987 299.05310624060127
6 1 286.03186087959875 579.2394629880791
6 1 89.3988455180056 382.1933159827996
6 1 0.0 291.7265664053034
6 1 0.0 291.71880272399494
6 1 0.0 291.6983110600072
6 1 0.0 291.3599610899905
6 1 0.0 290.89057211000227
6 1 0.0 290.8603476900116
6 1 0.0 288.938673358492
6 1 12.571289689616606 300.48579221001773
6 1 0.0 287.71139547000223
6 1 0.0 287.41068603999383
6 1 0.0 286.93201971999906
6 1 51.322052660297004 337.96245064330867
6 1 0.0 286.5651022500251
6 1 0.0 285.0739955700051
6 1 0.0 284.6057151064929
6 1 0.0 284.24207831000297
6 1 0.0 283.91435836851315
6 1 0.0 282.74322049600016
6 1 18.73078860000041 300.41167762589953
6 1 0.0 280.857142150001
6 1 0.0 280.85712048002347
6 1 0.0 280.3061905095851
6 1 0.0 279.46155328750615
6 1 0.0 278.659804320003
6 1 0.0 278.31971487470446
6 1 0.0 277.6069861723945
6 1 0.0 275.6667776742968
6 1 0.0 275.42972717390535
6 1 183.40965801999914 458.17451624001774
6 1 124.8719572280022 399.29200023870385
6 1 0.0 271.71468625000034
6 1 0.0 268.75810528489956
6 1 0.0 268.30848319999177
6 1 0.0 268.0558089499891
6 1 0.0 266.9085793424004
6 1 65.34169966680474 330.72236096760344
6 1 0.0 265.2428338574896
6 1 0.0 264.92151780997756
6 1 0.0 264.7873213777568
6 1 0.0 263.54675797440075
6 1 0.0 263.38430068001344
6 1 0.0 263.18324229792347
6 1 0.0 262.6020643200052
6 1 0.0 261.44237536000423
6 1 0.0 259.69641132910465
6 1 0.0 258.76293017559897
6 1 0.0 256.5924815424951
6 1 0.0 255.57422396719903
6 1 0.0 254.64236228999312
6 1 0.0 253.49624560360746
6 1 0.0 251.93021183999804
6 1 0.0 251.82404611999897
6 1 0.0 251.2221468735271
6 1 0.0 250.60481311000217
6 1 0.0 250.57267896999724
6 1 0.0 249.10246993398414
6 1 0.0 248.87368150000066
6 1 0.0 247.83572579999372
6 1 26.9945260299952 273.8646491499985
6 1 0.0 246.7163003028022
6 1 0.0 246.55456939039993
6 1 0.0 246.46590548399854
6 1 0.0 246.34935372000302
6 1 0.0 246.25452384554393
6 1 331.06139972909546 575.5956688259955
6 1 0.0 243.0382909755158
6 1 0.0 241.5626241047966
6 1 0.0 241.49360880639853
6 1 177.62220468999476 418.9832681100147
6 1 0.0 241.3519439472043
6 1 0.0 241.26825511000106
6 1 0.0 240.90794110950947
6 1 0.0 239.86982587000887
6 1 74.05780938999715 312.7158300100027
6 1 134.96920788999478 373.6200185900102
6 1 0.0 237.5137613200086
6 1 0.0 236.64896942999098
6 1 0.0 236.02976900878912
6 1 0.0 235.75068550333367
6 1 0.0 234.80643169999712
6 1 2.309484651996627 235.43671130850203
6 1 0.0 232.75691535918963
6 1 0.0 232.07734539839635
6 1 0.0 231.81628041759018
6 1 169.78328448000457 400.91490394999937
6 1 0.0 229.99293768000075
6 1 0.0 229.21027434998086
6 1 0.0 229.0680911600141
6 1 0.0 227.54583456000455
6 1 0.0 227.4846947900037
6 1 0.0 227.4055377978973
6 1 17.416752316004477 244.38245333600344
6 1 0.0 226.9447917896871
6 1 0.0 225.94198998079628
6 1 0.0 225.79383067998674
6 1 0.0 225.28800242000307
6 1 0.0 223.91106999999352
6 1 0.0 222.36817939409536
6 1 0.0 221.70036524999853
6 1 0.0 221.34775433319703
6 1 0.0 221.07639656999083
6 1 0.0 220.3551017082027
6 1 0.0 220.07955297000387
6 1 0.0 219.4018930625008
6 1 0.0 217.40768321000292
6 1 0.0 213.2506876559887
6 1 0.0 212.95867310425592
6 1 0.0 212.49161995500071
6 1 0.0 211.14523688999634
6 1 0.0 210.52313588869794
6 1 0.0 210.44798237760347
6 1 0.0 209.59818423910315
6 1 0.0 205.6915790499952
6 1 0.0 205.45248221000702
6 1 0.0 203.05051774999993
6 1 0.0 202.9277639699976
6 1 110.00720597931468 312.4861916544055
6 1 0.0 202.10428632639935
6 1 0.0 201.7031194200007
6 1 98.5931806399999 299.97341518280325
6 1 0.0 199.64895647370304
6 1 0.0 198.84871648057344
6 1 0.0 198.16982441708706
6 1 192.213552237685 389.1288475430415
6 1 11.207142600007955 207.01799382999525
6 1 2.885712890003049 198.54626763999727
6 1 0.0 195.30514587999915
6 1 0.0 194.42459448999944
6 1 67.12599120998811 260.89406760640713
6 1 0.0 193.60533524001266
6 1 0.0 192.75817025999424
6 1 0.0 192.12406688001113
6 1 0.0 191.54429011999912
6 1 0.0 191.34284283000102
6 1 0.0 191.04143171333249
6 1 0.0 188.79514641999276
6 1 0.0 188.6243299264048
6 1 0.0 188.41940302209906
6 1 0.0 186.69727436958226
6 1 0.0 186.09432142999583
6 1 0.0 184.35801272570052
6 1 0.0 184.00063277249683
6 1 0.0 183.75743249000016
6 1 0.0 183.49134774400477
6 1 0.0 182.43059234960458
6 1 0.0 181.21852039932674
6 1 13.89314827000635 194.82158311999785
6 1 0.0 179.80142589999446
6 1 0.0 179.46346889999222
6 1 0.0 179.1897821449229
6 1 0.0 178.93450093849492
6 1 0.0 177.7671439199969
6 1 0.0 177.74024156641372
6 1 0.0 177.5920464000003
6 1 0.0 177.32647233001148
6 1 19.471122920008497 196.55730049000545
6 1 0.0 177.05641243440868
6 1 0.0 176.77934479000555
6 1 0.0 176.07695474039429
6 1 0.0 175.56189320880162
6 1 0.0 175.29891135999787
6 1 0.0 174.59875426799545
6 1 239.49292739631449 413.95735279343535
6 1 0.0 173.53867904750064
6 1 0.0 172.08756253598517
6 1 0.0 170.7534624543994
6 1 0.0 169.61187999999925
6 1 0.0 168.86009115840955
6 1 0.0 168.7599049335755
6 1 0.0 167.93806312001027
6 1 0.0 167.5650354026958
6 1 0.0 166.98477236998684
6 1 0.0 165.82509462759822
6 1 528.4266165599888 691.8523163200034
6 1 0.0 163.0802172511037
6 1 0.0 161.41501596000217
6 1 0.0 161.4001583199945
6 1 0.0 161.25414322999438
6 1 0.0 160.3251643164101
6 1 5.114296559998593 164.53039097680175
6 1 28.935374119992275 187.9434517699974
6 1 0.0 158.5089889865119
6 1 0.0 158.0852765399918
6 1 0.0 158.07395435999456
6 1 0.0 157.15960708250805
6 1 0.0 156.32671432170554
6 1 0.0 156.0128772026519
6 1 302.00929034249884 457.4645221299959
6 1 186.3593390799956 341.5220647215988
6 1 577.256098549984 731.5444193999901
6 1 0.0 152.89043474510459
6 1 0.0 152.76540371998897
6 1 71.7147033450982 223.7490681887982
6 1 0.0 150.32386416799557
6 1 0.0 150.14729511999298
6 1 0.0 150.0955385200109
6 1 0.0 149.6217767410002
6 1 0.0 149.0423434943965
6 1 0.0 148.75347196986462
6 1 0.0 147.93888470000866
6 1 0.0 147.87664108000433
6 1 24.010853904396413 171.72449855958894
6 1 0.0 147.1629813999956
6 1 0.0 145.57164921840263
6 1 0.0 145.56910992000985
6 1 0.0 145.52430165000442
6 1 0.0 144.96271880000108
6 1 144.21532609000042 287.95953992999466
6 1 0.0 141.95854443819917
6 1 540.3930336304679 681.8260815404592
6 1 22.534172074499793 163.84084982719787
6 1 0.0 140.87269784249725
6 1 0.0 139.63684205999607
6 1 0.0 139.1409196399934
6 1 0.0 138.77723905999756
6 1 0.0 135.61365996650227
6 1 0.0 135.15635780918637
6 1 0.0 134.37885872999425
6 1 0.0 131.9556542424034
6 1 0.0 130.70132905000264
6 1 0.0 130.25102177999747
6 1 0.0 130.01976199030378
6 1 0.0 129.8951404575921
6 1 0.0 128.80148471079883
6 1 0.0 128.68917071998703
6 1 0.0 128.4295056430584
6 1 78.20491517944458 206.1087791125006
6 1 0.0 127.46135087000337
6 1 0.0 125.58793525000476
6 1 0.0 124.73980115305585
6 1 0.0 124.47403671239704
6 1 0.0 121.83559277120366
6 1 0.0 121.37336887319924
6 1 0.0 120.48749876440303
6 1 0.0 118.81030803000044
6 1 46.80735180209717 164.63914686999982
6 1 0.0 117.56495816339486
6 1 0.0 117.45877343880011
6 1 0.0 117.43111640001621
6 1 0.0 115.26796173999563
6 1 0.0 115.16485316542594
6 1 0.0 115.01722196200177
6 1 0.0 114.66717965800285
6 1 22.286024656002155 136.80997540329304
6 1 0.0 114.49138210999934
6 1 0.0 114.20524617320012
6 1 183.70618177586812 297.7262172821913
6 1 0.0 113.88523479269588
6 1 0.0 111.91154816000608
6 1 12.723405902357513 123.517931692925
6 1 0.0 109.70925410760901
6 1 0.0 109.63068375000853
6 1 57.04790897158455 166.02439554748435
6 1 0.0 108.65718458999208
6 1 0.0 107.46066452200876
6 1 239.84108407656822 346.83136428924035
6 1 165.52312897710317 272.2949095557002
6 1 0.0 106.62888266249905
6 1 0.0 106.60803103519629
6 1 0.0 106.45103962910252
6 1 154.85622138000508 261.252638106012
6 1 0.0 106.06419992999508
6 1 0.0 105.9980786399961
6 1 0.0 105.38725136369158
6 1 0.0 104.73735749999469
6 1 0.0 104.59537489064508
6 1 0.0 104.20543578359514
6 1 0.0 104.1477211100065
6 1 0.0 103.08979681240362
6 1 0.0 102.67119091234323
6 1 0.0 101.72071818000222
6 1 0.0 98.95664720961622
6 1 0.0 98.46810839999671
6 1 0.0 97.709829209997
6 1 283.85538616001486 381.4285091899915
6 1 0.0 96.53887254069605
6 1 0.0 95.72915379809427
6 1 0.0 95.2542130615002
6 1 138.66270723748175 233.79899936719835
6 1 0.0 95.06079675910388
6 1 0.0 94.91776735000303
6 1 0.0 94.07402039000108
6 1 0.0 93.58923603999585
6 1 0.0 92.58190846260106
6 1 0.0 90.89677454272555
6 1 0.0 90.89320576249952
6 1 0.0 90.70462264999992
6 1 0.0 90.2310022600077
6 1 0.0 90.10814160000496
6 1 0.0 89.84103694999021
6 1 373.14287703001446 462.78161947998296
6 1 0.0 89.60953778309852
6 1 0.0 89.45381603911972
6 1 0.0 89.27231388000428
6 1 63.731337710007665 152.70372384999996
6 1 198.55046667999545 287.2935386399894
6 1 0.0 88.7298184607996
6 1 0.0 87.75091384969983
6 1 0.0 87.06268109589132
6 1 250.77594279490268 336.9870169049025
6 1 0.0 86.18448577999789
6 1 0.0 86.00870111959512
6 1 0.0 85.4969119836062
6 1 0.0 85.08224917000268
6 1 0.0 84.86152645719619
6 1 48.1368318600054 132.48497017000426
6 1 142.66999958002134 226.80167381241472
6 1 872.019658778906 955.7548656212921
6 1 0.0 83.34130018349879
6 1 0.0 83.32553321000341
6 1 0.0 83.13647604040153
6 1 388.8660814676009 471.82937898799537
6 1 0.0 81.96467262910119
6 1 0.0 81.41857415000209
6 1 0.0 80.02778664799689
6 1 0.0 78.4907381199979
6 1 0.0 77.93624855161636
6 1 304.98225714999353 382.2704929800061
6 1 0.0 77.02220015960188
6 1 0.0 76.6121234743996
6 1 0.0 76.42460541349874
6 1 0.0 76.27750116809625
6 1 0.0 76.27022919750107
6 1 0.0 76.05405942800257
6 1 0.0 75.06461918497627
6 1 0.0 74.86234831999673
6 1 0.0 74.54741530999664
6 1 0.0 74.41091618000189
6 1 10.83482001359846 83.97399057360042
6 1 0.0 73.08350991999714
6 1 0.0 73.03349056801176
6 1 0.0 72.96314748480108
6 1 0.0 72.76662149750535
6 1 0.0 72.73787304999155
6 1 0.0 72.52870275089828
6 1 0.0 71.84673600708607
6 1 372.01433535159936 443.4405209444974
6 1 133.27564580000626 204.5560377999941
6 1 0.0 70.84317938999448
6 1 335.907582913605 406.2413920224112
6 1 0.0 70.03785244310257
6 1 0.0 69.15212501760084
6 1 0.0 68.5342433113027
6 1 0.0 68.06250880476455
6 1 0.0 66.84212214169986
6 1 0.0 65.99641414999644
6 1 0.0 64.4869957975024
6 1 0.0 64.11129633000152
6 1 0.0 63.132429858894966
6 1 0.0 62.67344157010132
6 1 0.0 61.9430288999979
6 1 0.0 61.666380549606174
6 1 0.0 60.86353846001748
6 1 0.0 60.63965045998248
6 1 0.0 60.4133981399911
6 1 0.0 60.142952405503024
6 1 0.0 60.10444920750183
6 1 0.0 58.6673588023981
6 1 215.8813063400121 274.3837560899997
6 1 0.0 58.20550223999237
6 1 2.8774050800024042 61.01651564999423
6 1 0.0 57.388400663658416
6 1 134.28744691998753 191.07595755999455
6 1 0.0 55.99164362229908
6 1 0.0 55.671895639996364
6 1 0.0 55.62447552440176
6 1 0.0 55.12050448000298
6 1 30.684850809990394 84.71277879999184
6 1 0.0 53.64277418599977
6 1 53.13408159999915 105.9139344899919
6 1 153.6248022000085 205.5674955495009
6 1 0.0 51.926060025089555
6 1 0.0 51.86309299719903
6 1 120.57576752639716 172.34593500749872
6 1 0.0 51.3609860213021
6 1 0.0 51.34894556480265
6 1 0.0 50.55636862359779
6 1 12.588916245907285 63.03360840841515
6 1 0.0 50.1057466851089
6 1 0.0 49.26821665040188
6 1 0.0 48.58385880720266
6 1 0.0 48.08228793622368
6 1 0.0 47.703986110804635
6 1 0.0 47.49235138314884
6 1 0.0 47.16369101239843
6 1 0.0 46.951124800006255
6 1 0.0 46.163340018451436
6 1 0.0 42.370188320672014
6 1 0.0 42.296597738701394
6 1 0.0 42.10498544345671
6 1 8.403709320014514 50.00276896998889
6 1 0.0 41.01158036999942
6 1 0.0 40.75577408819936
6 1 0.0 40.527958719652474
6 1 0.0 39.76299138679815
6 1 0.0 39.50995898000593
6 1 0.0 39.28835290451207
6 1 49.29484343998729 87.85262520998958
6 1 0.0 38.06367058990047
6 1 0.0 37.32882512799938
6 1 0.0 37.03103715400084
6 1 0.0 35.40348697800937
6 1 0.0 35.264121723051176
6 1 0.0 35.22981716599725
6 1 73.53949723689777 108.34247302159685
6 1 0.0 34.57132052548832
6 1 64.07794079999803 98.42174418999343
6 1 0.0 33.90181732440851
6 1 0.0 33.640521466396535
6 1 0.0 33.48164535510085
6 1 0.0 33.21206085001495
6 1 65.59531363679626 98.43695624709932
6 1 0.0 32.73248148839002
6 1 0.0 32.680247960008955
6 1 0.0 32.529436737602396
6 1 0.0 32.38478484776192
6 1 2.5886180943018644 33.84096417950309
6 1 0.0 31.210126750001336
6 1 54.70509062249539 85.88234430434275
6 1 0.0 30.268358359997478
6 1 1470.6334458948993 1500.803651006907
6 1 0.0 29.746757664900315
6 1 143.5403082700218 172.95377389999726
6 1 320.8692462672052 349.8970778651892
6 1 0.0 28.975577421199887
6 1 266.7649998539937 295.4635563180025
6 1 0.0 28.191954729702445
6 1 0.0 27.442221799998606
6 1 0.0 27.147395190386987
6 1 5.348472150001612 32.43328196000698
6 1 0.0 26.842071076547086
6 1 0.0 26.78369184167491
6 1 0.0 26.681032520002816
6 1 0.0 26.298748238898497
6 1 0.0 25.83126891310212
6 1 0.0 24.04839496999108
6 1 0.0 23.63523917478858
6 1 0.0 23.220943237019583
6 1 0.0 22.808117749995517
6 1 271.6901299504018 294.18814963169723
6 1 25.67045779439968 48.05005614569768
6 1 76.1960683600073 97.88105307000751
6 1 0.0 21.208989400001542
6 1 0.0 21.084035159996574
6 1 42.01027670000242 63.093166120007936
6 1 18.293501110222905 39.31646712416091
6 1 491.43889723638813 511.34854746559813
6 1 674.4743122328985 693.8161686704013
6 1 0.0 17.022861680007395
6 1 184.1461371875912 201.15732148758912
6 1 0.0 16.996886830016365
6 1 0.0 16.46865148615484
6 1 0.0 16.34711985001286
6 1 0.0 16.12686588129918
6 1 0.0 16.015295913897717
6 1 0.0 15.418569864952588
6 1 0.0 15.305068327303843
6 1 0.0 15.273420703996635
6 1 0.0 15.24957658998835
6 1 0.0 14.726150889987366
6 1 0.0 13.533820865100552
6 1 0.0 11.903443589994367
6 1 0.0 9.985273854391835
6 1 0.0 9.905818449597916
6 1 0.0 9.192620969987274
6 1 0.0 8.903816939823514
6 1 24.868667910002273 33.28912615999411
6 1 0.0 8.370716517602602
6 1 398.73660057711254 405.5755143524061
6 1 0.0 5.941811760003247
6 1 0.0 5.634501969772259
6 1 0.0 5.434408934401745
6 1 0.0 4.065122211099833
6 1 93.78649072992471 97.77171630454313
6 1 0.0 3.5527826749030282
6 1 0.0 3.2897058900075535
6 1 0.0 2.9676332499892624
6 1 0.0 2.94913453889626
6 1 165.14200400999016 167.2081582000028
6 1 115.0096883489 116.9423324399977
6 1 214.56128963999618 215.91603327999837
6 1 55.05608672039682 56.30004088800473
6 0 0.0 inf
# COVID_SAMPLE_19_ROI_2
7 1 0.0 88124.75136808111
7 1 0.0 29546.60006084
7 1 0.0 26955.2311752029
7 1 0.0 23444.463627143494
7 1 0.0 19904.100412762113
7 1 8703.058905940034 28391.744167858407
7 1 0.0 17081.833361280005
7 1 0.0 16796.314253721714
7 1 0.0 16213.06872990747
7 1 0.0 12808.573409814402
7 1 2078.6203276967044 14670.62262021237
7 1 0.0 11427.998877615988
7 1 0.0 11398.588208366917
7 1 0.0 10809.53415349649
7 1 0.0 10523.201183364014
7 1 6980.311468240012 16883.91135932
7 1 16672.25892287002 25033.170678989958
7 1 0.0 8004.370476390014
7 1 295.04549715001895 8219.923604881897
7 1 0.0 6825.852700799998
7 1 0.0 6716.351668209099
7 1 0.0 6527.631889216782
7 1 0.0 6524.037100003053
7 1 0.0 6409.201289080005
7 1 0.0 5258.019691233598
7 1 0.0 5134.537847375805
7 1 0.0 4899.72736998966
7 1 0.0 4842.645035350008
7 1 50.38345910000385 4512.790893537076
7 1 0.0 4316.69320183998
7 1 0.0 4206.732193152493
7 1 0.0 3827.254339659994
7 1 0.0 3155.5673289273022
7 1 270.43743590451095 3368.009704670003
7 1 0.0 3079.7795185400164
7 1 0.0 2931.690080957497
7 1 0.0 2778.1493330169196
7 1 0.0 2756.3904840000087
7 1 0.0 2746.9655523511824
7 1 207.5571721971096 2885.39830901999
7 1 0.0 2588.1848841269293
7 1 0.0 2476.8232899956024
7 1 283.40719559950685 2731.675001636505
7 1 2892.424130149966 5248.057620149964
7 1 0.0 2332.520075159981
7 1 0.0 2287.6415752299054
7 1 1648.9065833400198 3789.0889911439954
7 1 1294.3102105004848 3415.4902716302895
7 1 0.0 2053.2668501588814
7 1 436.6843496622969 2436.8704399600047
7 1 0.0 1919.5981959855008
7 1 0.0 1896.236858870015
7 1 785.1739221271 2610.3262595296287
7 1 2114.554946372701 3905.0158103554973
7 1 0.0 1781.1334267967823
7 1 0.0 1704.7077500000048
7 1 0.0 1659.577944149199
7 1 0.0 1657.229605143612
7 1 0.0 1654.7516613376158
7 1 0.0 1612.5072128700053
7 1 1195.8489408075293 2768.612595987528
7 1 0.0 1540.4785335198758
7 1 0.0 1530.548271389995
7 1 0.0 1503.7222747603064
7 1 0.0 1486.980001659997
7 1 0.0 1414.5554563400337
7 1 0.0 1345.3913144625967
7 1 0.0 1326.2608559700036
7 1 0.0 1315.7843626896183
7 1 104.7964555806011 1412.553804180399
7 1 0.0 1299.4930721673018
7 1 0.0 1295.6890983389183
7 1 0.0 1279.5549387893025
7 1 0.0 1263.3126014355007
7 1 0.0 1250.021915609991
7 1 0.0 1183.5744370999923
7 1 0.0 1149.3863788627004
7 1 0.0 1114.3196959300114
7 1 0.0 1083.4574366699844
7 1 0.0 1080.626615023686
7 1 0.0 1060.4492436099983
7 1 0.0 1054.4346606592044
7 1 0.0 1028.98512287
7 1 196.0808585032055 1211.1513241959965
7 1 0.0 1010.5185780674926
7 1 0.0 1009.1239408300189
7 1 0.0 972.4339569999954
7 1 0.0 964.9501020799975
7 1 0.0 964.7611763500149
7 1 2673.9450139199926 3616.819068870015
7 1 0.0 932.6450988000012
7 1 0.0 924.3499874351015
7 1 0.0 916.4777891910966
7 1 0.0 914.7513904668104
7 1 0.0 910.277320480001
7 1 0.0 904.4353431199909
7 1 2801.880369299988 3703.1123346300146
7 1 0.0 884.8750693936031
7 1 0.0 878.7498426375935
7 1 0.0 871.8496112904959
7 1 9968.378022040011 10833.813884638035
7 1 0.0 864.0615895875044
7 1 1310.632472807065 2169.1885265321307
7 1 0.0 853.1279986050813
7 1 0.0 850.9191982159973
7 1 0.0 843.8257609900181
7 1 0.0 840.9614191396006
7 1 0.0 824.8816790688786
7 1 97.06630849438886 916.5360650096034
7 1 0.0 818.1664350780766
7 1 0.0 814.5329948999879
7 1 0.0 814.0088217308985
7 1 0.0 813.8259468028664
7 1 0.0 813.1093454256093
7 1 0.0 805.7992733067995
7 1 0.0 805.1064037681176
7 1 0.0 798.3683291100115
7 1 0.0 794.5773251044056
7 1 0.0 772.5937749984082
7 1 0.0 765.3690224985039
7 1 183.64734411649897 947.7513345087982
7 1 0.0 757.4889080400056
7 1 0.0 752.100671766404
7 1 0.0 746.2108335635862
7 1 0.0 731.7661340159113
7 1 0.0 728.3567171850609
7 1 0.0 717.5972919292108
7 1 134.6029688095805 849.9738215219957
7 1 0.0 709.9828214400031
7 1 0.0 707.4475693999912
7 1 0.0 702.0735157875997
7 1 14272.048127113989 14969.198840577916
7 1 57.3719554899958 753.8608225599851
7 1 0.0 695.1363093470973
7 1 0.0 693.2282607800023
7 1 0.0 693.2153175275037
7 1 0.0 688.2372649467006
7 1 0.0 680.1161132099687
7 1 0.0 677.6855532175027
7 1 0.0 675.375025551003
7 1 0.0 675.1156764431007
7 1 3674.5743108499737 4346.897792799988
7 1 0.0 670.683862170009
7 1 0.0 668.3262470479904
7 1 2219.1718002875914 2879.7013947484133
7 1 0.0 651.9108789000072
7 1 0.0 644.0907326530926
7 1 0.0 642.9191650299974
7 1 0.0 635.1749852480073
7 1 0.0 631.217619970005
7 1 0.0 614.0183587872069
7 1 0.0 613.8245413164088
7 1 0.0 609.7334016990978
7 1 14.002458740015527 623.25404311
7 1 0.0 605.1236150952941
7 1 0.0 599.3378640500107
7 1 2834.9654815124914 3434.089627842482
7 1 0.0 590.1230178014894
7 1 0.0 590.0756230400099
7 1 0.0 587.299596239981
7 1 30.39258507925433 615.7393468809107
7 1 0.0 580.6706565205018
7 1 0.0 576.4575170885064
7 1 0.0 576.2764876075053
7 1 0.0 564.7376163099962
7 1 0.0 563.8515532771953
7 1 0.0 549.1813684800136
7 1 0.0 543.1753049803974
7 1 40.786758820417845 581.5956541537927
7 1 0.0 539.9288405228966
7 1 0.0 538.7133139679972
7 1 0.0 537.6308548499896
7 1 0.0 535.6685106699997
7 1 0.0 533.2816116299975
7 1 0.0 531.103194364795
7 1 0.0 530.6599827399906
7 1 0.0 524.5637242299958
7 1 0.0 522.2974509800082
7 1 32.80499021999162 554.520175680003
7 1 0.0 506.6102728443716
7 1 0.0 506.3219261400045
7 1 0.0 506.037392835892
7 1 0.0 504.62546564999184
7 1 59.65208726998026 563.2684403699943
7 1 0.0 497.3334968867989
7 1 0.0 490.0355714400046
7 1 0.0 489.72954963729353
7 1 0.0 489.53362327210607
7 1 0.0 488.8292071183989
7 1 0.0 487.68345600000225
7 1 0.0 487.6064732300283
7 1 0.0 485.9851445332008
7 1 816.6483019717048 1297.0244888699954
7 1 0.0 479.0410983680172
7 1 0.0 473.75932151310195
7 1 0.0 468.5688554800013
7 1 0.0 467.0439844799887
7 1 0.0 466.9346372336927
7 1 0.0 466.0732554160029
7 1 0.0 464.4021326390571
7 1 220.76292837450228 684.9302117788046
7 1 0.0 462.0164300799963
7 1 0.0 461.0501879600049
7 1 0.0 457.34498919039765
7 1 0.0 455.7674853549979
7 1 0.0 453.4319534030981
7 1 0.0 451.4604370799924
7 1 0.0 451.032768285105
7 1 0.0 448.1827025699945
7 1 0.0 447.6437645125081
7 1 0.0 443.4191402499956
7 1 0.0 443.23365978172956
7 1 0.0 439.31526725566846
7 1 139.06325936000758 575.8798134000081
7 1 0.0 435.11592671978224
7 1 0.0 435.05986559999246
7 1 0.0 432.44420801000615
7 1 0.0 432.1596381799915
7 1 0.0 431.2096701492051
7 1 0.0 430.9070801889136
7 1 0.0 425.1785188199933
7 1 0.0 424.56008720750197
7 1 0.0 424.3712395551943
7 1 0.0 424.16834350359727
7 1 0.0 413.27453821000995
7 1 0.0 410.8383156196512
7 1 0.0 409.28190972199536
7 1 0.0 409.114725330003
7 1 0.0 407.7715361520046
7 1 0.0 407.39895497878615
7 1 0.0 406.9425511199954
7 1 0.0 406.40593731360104
7 1 0.0 406.2437943600005
7 1 0.0 405.8558011408047
7 1 0.0 404.5524788300056
7 1 15.347469120007645 418.6065339300038
7 1 0.0 402.7299842000019
7 1 0.0 399.91693243470036
7 1 0.0 398.7558737899992
7 1 0.0 397.83922190960175
7 1 0.0 396.6254105825994
7 1 0.0 396.4398369600001
7 1 0.0 396.39344148470593
7 1 23.806074685205203 419.078036767511
7 1 0.0 390.85187669749666
7 1 0.0 388.04791037850737
7 1 0.0 386.4560738555997
7 1 0.0 385.58031316999677
7 1 0.0 384.37981342705973
7 1 0.0 384.25419896759536
7 1 0.0 380.9046175600022
7 1 0.0 380.7717464399991
7 1 0.0 380.18346727087544
7 1 0.0 379.6111881204206
7 1 168.26183033690836 547.3262836224119
7 1 130.85310183112597 509.7984251101183
7 1 37.60275031370065 415.95759873079714
7 1 0.0 376.1644248586938
7 1 0.0 371.78090450999116
7 1 0.0 371.77780996001275
7 1 0.0 367.8362773259993
7 1 0.0 367.5967591400074
7 1 0.0 366.18918367719994
7 1 0.0 362.81845169999724
7 1 0.0 361.7659176800066
7 1 0.0 360.94608352919636
7 1 0.0 358.4129511200058
7 1 984.6741123824227 1342.8313914519858
7 1 0.0 357.49798410439655
7 1 0.0 356.2603240600006
7 1 316.8186527625121 672.8805221673106
7 1 8.099496535302023 361.8935065248015
7 1 0.0 352.9034512399876
7 1 5.616429656402374 358.4535155323014
7 1 0.0 351.7913011899975
7 1 0.0 348.3316099199899
7 1 0.0 346.3432312300013
7 1 0.0 342.07118312999773
7 1 0.0 341.6315534100075
7 1 0.0 339.87722246401074
7 1 364.2798137405074 703.7075400969026
7 1 0.0 339.15678733167806
7 1 0.0 337.8573207379927
7 1 0.0 337.8260657899873
7 1 28.76768325599005 365.40192845999127
7 1 0.0 333.40240057716164
7 1 0.0 332.0422457599954
7 1 0.0 330.5602661103967
7 1 0.0 327.89981873279567
7 1 0.0 327.62469938960044
7 1 0.0 321.93447167650305
7 1 760.1198277681447 1079.8099311100118
7 1 0.0 318.30279276998647
7 1 92.01608003000547 405.6026337200078
7 1 0.0 313.4799218975868
7 1 0.0 312.80680628999596
7 1 0.0 312.35965318440293
7 1 0.0 312.0121710899789
7 1 0.0 309.96484651351017
7 1 0.0 308.5589322351984
7 1 0.0 308.4256121599916
7 1 53.25805337709858 361.3738175371999
7 1 0.0 307.6855455399875
7 1 4.910592750001371 311.97788520999023
7 1 0.0 306.64782839279474
7 1 0.0 306.35021830000017
7 1 0.0 304.7438746799951
7 1 0.0 304.592495592505
7 1 0.0 301.72557508119826
7 1 0.0 301.24020708999524
7 1 0.0 300.8396061100051
7 1 0.0 299.3808526902019
7 1 0.0 298.81034858000135
7 1 0.0 297.9804301310944
7 1 0.0 293.2313110843967
7 1 68.00755188619678 360.05985371730094
7 1 0.0 291.858438516
7 1 0.0 290.3171051731989
7 1 0.0 289.725060255995
7 1 0.0 288.5780567420037
7 1 0.0 288.26991805804846
7 1 0.0 287.7900513775933
7 1 750.9010013299749 1037.8856062899765
7 1 0.0 286.72331531250563
7 1 120.30655427640704 406.623766712685
7 1 0.0 284.3070684887929
7 1 0.0 283.5277241112417
7 1 0.0 283.28396702448526
7 1 0.0 282.20997327999464
7 1 0.0 281.7393584996033
7 1 0.0 279.3294131132991
7 1 0.0 277.8010336999978
7 1 0.0 273.82566974999315
7 1 0.0 273.76863721132554
7 1 0.0 272.4505248347963
7 1 0.0 269.4812736863743
7 1 0.0 269.34401052779936
7 1 0.0 268.89058521238894
7 1 0.0 268.8852862313054
7 1 0.0 267.10732502998326
7 1 0.0 265.9159594099948
7 1 0.0 265.65116788999217
7 1 0.0 262.686366569997
7 1 0.0 261.85555340999895
7 1 105.35692902329743 367.09742515615244
7 1 0.0 261.19673538999314
7 1 0.0 260.89934551999806
7 1 0.0 260.2891331015995
7 1 0.0 260.0829026035983
7 1 0.0 259.5951851400225
7 1 0.0 259.1789098499862
7 1 0.0 258.6227433721824
7 1 0.0 258.20251339280026
7 1 0.0 257.83223108759614
7 1 0.0 256.86333144600394
7 1 0.0 255.82553324310697
7 1 2086.083689440004 2341.2817498700038
7 1 1.5633932996042859 256.41826043751735
7 1 0.0 252.28063589799694
7 1 0.0 252.10830110359984
7 1 158.01576973096417 409.93977672699907
7 1 0.0 248.35465834720037
7 1 0.0 247.69208911999658
7 1 0.0 247.5919490400006
7 1 0.0 245.5190707499953
7 1 0.0 245.3672974763872
7 1 0.0 245.25392335241258
7 1 0.0 243.25359895001066
7 1 0.0 243.11897084249358
7 1 0.0 242.73262617998512
7 1 0.0 242.63400188969536
7 1 0.0 242.17926120749735
7 1 33.9716620800059 275.43338879999465
7 1 0.0 240.93114035000053
7 1 94.43675080959474 334.7299609999981
7 1 0.0 240.0504892439884
7 1 357.480042210856 596.4598737252427
7 1 0.0 236.72350325999685
7 1 3719.253936384205 3953.5310536714687
7 1 0.0 234.05107470149596
7 1 0.0 234.00185677000968
7 1 0.0 233.91515363999463
7 1 792.660677703225 1023.9772465623034
7 1 0.0 229.79777443199907
7 1 0.0 228.0509344399984
7 1 0.0 226.36348522801063
7 1 0.0 225.77513116280534
7 1 0.0 224.70570475000648
7 1 0.0 224.28049847
7 1 0.0 223.67012767309802
7 1 0.0 223.59814928956825
7 1 0.0 223.13141630749772
7 1 0.0 222.79644481000287
7 1 0.0 222.63504327749877
7 1 0.0 221.83528137999963
7 1 0.0 219.77507671800117
7 1 0.0 219.59957963119928
7 1 0.0 218.5391406208002
7 1 313.7987881539002 530.6682021883987
7 1 0.0 215.40351876801037
7 1 50.9879070550021 265.59385889645523
7 1 0.0 214.31879361000688
7 1 0.0 213.9995284100005
7 1 0.0 212.66907546000687
7 1 0.0 211.94560671999943
7 1 0.0 211.62488545850118
7 1 0.0 211.18003497160709
7 1 0.0 211.10922737940405
7 1 108.45178359839917 319.21897759999024
7 1 0.0 210.3007778000042
7 1 0.0 209.66713413708408
7 1 0.0 209.35012202397888
7 1 0.0 209.1495163046987
7 1 0.0 207.37445791750224
7 1 0.0 205.59265324999967
7 1 0.0 205.0714162611025
7 1 14845.714865397491 15050.161638013997
7 1 0.0 204.21231722120058
7 1 0.0 204.10943727001563
7 1 0.0 203.60417778529973
7 1 0.0 203.38072621998117
7 1 285.3887992800039 488.1946814400021
7 1 0.0 202.7006495410011
7 1 0.0 200.63786312040622
7 1 138.0676003656033 338.6730686164019
7 1 0.0 200.49059038960786
7 1 0.0 199.9192184800022
7 1 0.0 199.90712354970537
7 1 0.0 199.55802699000242
7 1 0.0 199.00888042999009
7 1 0.0 198.76772982750208
7 1 0.0 197.95827282560003
7 1 0.0 197.04469730399387
7 1 0.0 196.45568721000507
7 1 0.0 196.43865801000243
7 1 0.0 195.2147226300013
7 1 215.0765274099931 410.21093028000445
7 1 47.862490711982446 242.3517295739989
7 1 0.0 193.7838630000083
7 1 0.0 193.5518034816114
7 1 0.0 191.23153299120304
7 1 6.215587759989376 196.91939901000114
7 1 0.0 189.64491869821006
7 1 0.0 189.23179811519276
7 1 0.0 188.84871721380097
7 1 0.0 188.76795460890276
7 1 0.0 187.38379214000167
7 1 541.5313157756118 728.8020099637097
7 1 0.0 186.84236401760472
7 1 0.0 186.68367664000016
7 1 0.0 186.58042633439936
7 1 481.0863738004091 667.1928969745
7 1 0.0 185.80622544000062
7 1 0.0 185.02891152999973
7 1 0.0 184.36744098579857
7 1 0.0 183.90152032000287
7 1 0.0 181.919097110419
7 1 0.0 179.05116087200304
7 1 0.0 179.010407059999
7 1 0.0 177.16775410509842
7 1 0.0 176.99621419330683
7 1 0.0 176.40901093649643
7 1 0.0 175.96294497000224
7 1 154.49168946600378 329.7840319185094
7 1 0.0 175.08974268410003
7 1 0.0 174.58786077999787
7 1 0.0 174.19143907000398
7 1 0.0 174.05872856999952
7 1 49.588565889996914 221.97343963239848
7 1 26.71930617000612 198.13414776000155
7 1 0.0 170.58903231639624
7 1 0.0 169.9312336963016
7 1 0.0 169.07882266996626
7 1 0.0 168.82191983160158
7 1 0.0 168.66378453439665
7 1 239.61331082990023 404.913026416629
7 1 0.0 165.05955676670135
7 1 4495.056667456814 4660.0761085068025
7 1 0.0 164.0690684600026
7 1 0.0 163.69736284001397
7 1 0.0 163.13685256001077
7 1 0.0 161.3215967375943
7 1 0.0 160.77573260000565
7 1 0.0 160.7189492924988
7 1 0.0 159.52903343750262
7 1 0.0 158.69991065000318
7 1 0.0 158.45019671710043
7 1 0.0 158.4018331920961
7 1 0.0 157.2655075130952
7 1 0.0 156.14952705509944
7 1 0.0 154.50172395839536
7 1 0.0 154.39050961599764
7 1 0.0 152.89894926250008
7 1 0.0 151.0311449663957
7 1 0.0 149.7581296300084
7 1 0.0 147.73944792999754
7 1 0.0 146.5325560000142
7 1 79.85201140000163 226.24108815999853
7 1 0.0 146.242882161902
7 1 0.0 145.47112665490022
7 1 0.0 144.71157045000314
7 1 0.0 144.46093323399975
7 1 0.0 144.28002787200256
7 1 0.0 144.1647823500091
7 1 0.0 143.45716720001025
7 1 0.0 142.33005996359861
7 1 92.85676942999538 234.67140846600682
7 1 0.0 141.78431435839616
7 1 0.0 139.5655020143995
7 1 0.0 138.846183840001
7 1 0.0 137.84293168747377
7 1 0.0 137.5907851188988
7 1 0.0 137.10780590289278
7 1 0.0 136.23744063340064
7 1 0.0 135.7527158366998
7 1 0.0 135.01108506389957
7 1 0.0 134.77048204999915
7 1 266.0561586136914 400.35402014720444
7 1 0.0 133.022776446698
7 1 0.0 132.99889271040752
7 1 0.0 132.9259476825098
7 1 0.0 131.71591800000147
7 1 0.0 131.44872267000238
7 1 0.0 130.56879331249343
7 1 0.0 130.5664802800012
7 1 0.0 130.30949230090027
7 1 0.0 129.29801504849854
7 1 0.0 128.9126257432365
7 1 0.0 128.90330264360034
7 1 0.0 128.2729215200127
7 1 0.0 127.94542923490081
7 1 32.52431236999087 160.36499476000245
7 1 0.0 127.7333669700036
7 1 0.0 127.4810344595951
7 1 0.0 127.25962095000614
7 1 0.0 126.14818188000201
7 1 0.0 125.98615979158808
7 1 0.0 124.60423239000181
7 1 0.0 123.59976175199301
7 1 0.0 123.19338062704765
7 1 0.0 122.20640906999688
7 1 0.0 121.82412444999909
7 1 0.0 121.287612000011
7 1 0.0 120.64659092000062
7 1 239.0752557139922 358.9285529999952
7 1 0.0 119.6301596265032
7 1 38.05162431998235 157.4849257200032
7 1 0.0 118.98819261509686
7 1 0.0 118.12873866000177
7 1 0.0 117.62934887999597
7 1 0.0 117.44987426998921
7 1 0.0 115.39403897000057
7 1 0.0 115.13138767359982
7 1 0.0 115.05189464709906
7 1 0.0 114.40763987890216
7 1 115.25414061270192 229.57283237809895
7 1 0.0 113.80117599929645
7 1 419.74434354000346 533.051031930004
7 1 0.0 112.58550954640327
7 1 0.0 112.47675493000247
7 1 0.0 111.22050515719927
7 1 0.0 111.08993092995718
7 1 295.10981317049595 404.6271081199982
7 1 0.0 109.21127665000813
7 1 2856.433869009982 2965.4720324799864
7 1 0.0 109.00835410840398
7 1 143.63500525530117 252.57676551150485
7 1 0.0 108.83653949999893
7 1 124.40145309239938 231.37656318040035
7 1 1672.2593161600057 1776.6258569899924
7 1 0.0 103.7315632186095
7 1 0.0 103.30267415999566
7 1 0.0 103.07899748320176
7 1 0.0 102.9567882279955
7 1 0.0 102.60743003800235
7 1 0.0 102.02691021000146
7 1 0.0 102.01459404174261
7 1 31.145213190000135 133.0796592400023
7 1 0.0 101.14605738998944
7 1 0.0 100.6431670800032
7 1 1.9239903071943445 102.5500099175905
7 1 0.0 100.5998577999867
7 1 0.0 99.46707858804308
7 1 0.0 98.98891335998303
7 1 64.13672882999708 162.69804986999736
7 1 0.0 96.56629688520161
7 1 0.0 95.88152956159672
7 1 0.0 94.82296730999684
7 1 0.0 94.71956910400058
7 1 0.0 94.47534552749312
7 1 93.76611748999471 187.9600687500024
7 1 0.0 94.0555307625022
7 1 0.0 93.68795772599924
7 1 93.25044652999975 186.38280604800252
7 1 0.0 92.26337825519317
7 1 98.08986205000474 188.03023314559692
7 1 0.0 89.92542327089956
7 1 0.0 89.4267930660983
7 1 0.0 88.13602989249921
7 1 131.8511479999985 219.8392464825056
7 1 56.48615555999049 143.53725239998823
7 1 0.0 85.69431426040177
7 1 22.422547489990734 106.88883541000644
7 1 106.23516188071176 190.61290731690303
7 1 0.0 84.25475009640223
7 1 0.0 84.18563567479998
7 1 0.0 83.95667044441052
7 1 0.0 82.97510580839639
7 1 0.0 82.50061077770113
7 1 0.0 82.24109922999287
7 1 0.0 81.93332504000603
7 1 0.0 81.87663306999582
7 1 0.0 81.63581110600012
7 1 0.0 81.60355049280452
7 1 0.0 81.56532543999754
7 1 0.0 80.6276379500082
7 1 0.0 79.69168254839677
7 1 0.0 78.38253163950799
7 1 0.0 77.96527664000587
7 1 0.0 76.95590137199429
7 1 0.0 76.88143209359737
7 1 0.0 74.45801180639774
7 1 0.0 74.28476575999909
7 1 0.0 74.16596331150436
7 1 72.39712297890219 146.04699804729898
7 1 0.0 73.5054591064004
7 1 0.0 72.7615467803891
7 1 472.30163262559745 543.9116737774913
7 1 0.0 71.3686835635998
7 1 0.0 71.29639402999635
7 1 0.0 70.71624871999768
7 1 0.0 70.4501198145008
7 1 0.0 68.79452824999214
7 1 0.0 67.81565660518004
7 1 0.0 67.10024475749736
7 1 0.0 66.63074017839995
7 1 0.0 65.18331568449992
7 1 0.0 64.96577781199335
7 1 0.0 64.89964471000587
7 1 28.082113951993904 92.42862872350241
7 1 0.0 63.56497559069976
7 1 14.642434743990634 77.48385859999735
7 1 0.0 62.513047564004296
7 1 0.0 62.12566458760398
7 1 0.0 62.05155071749817
7 1 0.0 61.99405881759952
7 1 0.0 61.91677856199885
7 1 0.0 61.486098908104054
7 1 0.0 61.18469268999479
7 1 0.0 61.134329710007705
7 1 0.0 60.788672362508805
7 1 0.0 59.72995428000206
7 1 0.0 59.1138437229
7 1 0.0 58.92167514997709
7 1 2780.018251733999 2838.1551797484954
7 1 0.0 57.8365272700039
7 1 0.0 57.485386401595065
7 1 0.0 55.78147696000701
7 1 91.68221216999501 146.88979555000304
7 1 245.15842720398223 299.956277621905
7 1 0.0 54.227381399989554
7 1 0.0 53.88236609049886
7 1 0.0 53.55529096400778
7 1 0.0 53.36815082999618
7 1 0.0 53.196986323605984
7 1 0.0 52.64666576440891
7 1 0.0 52.515395466500195
7 1 129.36764814002186 181.80987498001173
7 1 330.6856283471086 382.88381126241234
7 1 0.0 51.33076828000067
7 1 0.0 50.72504094839678
7 1 0.0 50.40312385469872
7 1 0.0 50.38417117239851
7 1 0.0 50.3631551203938
7 1 0.0 49.61150699999877
7 1 0.0 49.15742984999906
7 1 0.0 48.72175828799982
7 1 0.0 48.13557839971713
7 1 0.0 46.928231770004004
7 1 0.0 46.465151590102664
7 1 0.0 46.28692339468989
7 1 0.0 46.08630621999839
7 1 0.0 45.24636313000099
7 1 0.0 45.19280500000173
7 1 0.0 44.17814143129834
7 1 0.0 44.04470608001009
7 1 0.0 43.034763557102224
7 1 0.0 42.45767055040346
7 1 0.0 39.652185062398075
7 1 0.0 39.337225759502985
7 1 0.0 39.25580962000441
7 1 0.0 39.035176192407334
7 1 55.103993279993915 93.1717342380033
7 1 0.0 37.09642311000243
7 1 0.0 36.79026266799872
7 1 0.0 36.67211523839603
7 1 0.0 36.133268022699895
7 1 0.0 36.10369014149978
7 1 0.0 35.23873610150986
7 1 0.0 35.21608373030165
7 1 0.0 33.801215999999386
7 1 0.0 33.66041999250197
7 1 0.0 33.63021587000026
7 1 0.0 33.459294605699824
7 1 0.0 33.25705343729442
7 1 25.147897942399823 58.32038303480897
7 1 110.7132489731049 143.41005964999624
7 1 0.0 31.363937729998497
7 1 0.0 31.27476072349964
7 1 0.0 31.218670679998695
7 1 0.0 30.895154409595307
7 1 0.0 30.16738463351021
7 1 64.09307663999607 93.33502488000931
7 1 0.0 28.883535221600823
7 1 0.0 28.673050389604498
7 1 127.20991747997914 155.74302653999928
7 1 0.0 28.464811199993846
7 1 0.0 28.26184361479929
7 1 0.0 27.7138757739732
7 1 0.0 27.637001169988253
7 1 3.6929800803903277 31.318592490389676
7 1 0.0 26.95433560000265
7 1 0.0 26.15296329960529
7 1 7.931746704500625 33.99351560839992
7 1 0.0 25.9033794599967
7 1 0.0 25.667323069203803
7 1 57.06377960000208 82.68050868000228
7 1 0.0 25.04591720001008
7 1 0.0 24.655920056804348
7 1 0.0 23.090738774468264
7 1 0.0 21.619281977502567
7 1 0.0 21.532235610397493
7 1 0.0 21.154853372496063
7 1 0.0 20.939831519996687
7 1 43.62748572749848 64.50729281599996
7 1 0.0 20.87523508999243
7 1 0.0 20.30280718159804
7 1 0.0 19.027564680006066
7 1 0.0 18.74356143000253
7 1 49.58343173490516 67.42297808519447
7 1 28.311863440000707 45.69594732000246
7 1 128.75087351999127 145.96400724999668
7 1 3.3795499679987984 20.199300767603745
7 1 0.0 16.34435031600492
7 1 16.594827353404014 32.51795279999601
7 1 0.0 15.602929979996532
7 1 0.0 15.067024320000883
7 1 0.0 14.841320199997199
7 1 0.0 14.538969371998633
7 1 0.0 14.508063225610385
7 1 0.0 14.402178232207461
7 1 0.0 13.778697799996309
7 1 0.0 12.482462159986994
7 1 11.441028748415818 23.719731813823273
7 1 0.0 12.146143260001821
7 1 0.0 12.14099150998959
7 1 0.0 11.81573164000406
7 1 0.0 11.579269849998695
7 1 0.0 10.917905170009476
7 1 121.7235786000083 132.4757763899952
7 1 0.0 10.181436719984276
7 1 0.0 9.743376009980693
7 1 0.0 8.964929460005692
7 1 0.0 8.757079176002435
7 1 0.0 8.206564919594484
7 1 0.0 8.061232034002927
7 1 0.0 7.681085900401229
7 1 0.0 7.5809404800018
7 1 0.0 7.473998860002979
7 1 45.91422993349835 52.83365292269809
7 1 0.0 6.579878799997687
7 1 0.0 6.084682115023497
7 1 0.0 4.9984473100112154
7 1 79.10181993000307 83.84172504999742
7 1 0.0 4.344953157296715
7 1 205.08594752170234 209.42548005479952
7 1 0.0 3.512134730003254
7 1 0.0 3.3312274072047217
7 1 0.0 2.26650071999984
7 1 0.0 2.034550955494069
7 1 124.91911682999148 126.67005739999377
7 1 0.0 1.3566818000027752
7 1 0.0 1.0720585222973114
7 1 0.0 0.9564254503042093
7 1 0.0 0.3798086362040749
7 1 0.0 0.09107721160648907
7 0 0.0 inf
# COVID_SAMPLE_14_ROI_2
8 1 0.0 52673.70568607129
8 1 0.0 40399.24565802829
8 1 0.0 24650.31277487761
8 1 0.0 19053.97231662836
8 1 0.0 13526.53780602005
8 1 0.0 8210.1958502734
8 1 30472.235911591106 37748.28300281003
8 1 0.0 5983.5419728879
8 1 3101.9276803999783 8976.040243760013
8 1 0.0 5321.287304487985
8 1 0.0 4602.8269651005085
8 1 0.0 4452.753312710036
8 1 0.0 3852.970842170008
8 1 0.0 3476.1699781899733
8 1 380.692099980025 3780.725287449993
8 1 425.92748567397575 3610.940679480058
8 1 0.0 3045.1361393499865
8 1 0.0 2941.289854180809
8 1 0.0 2901.4724341699966
8 1 0.0 2591.7981965915915
8 1 0.0 2491.4454283599944
8 1 0.0 2356.1250926128005
8 1 0.0 2344.301714455992
8 1 0.0 2314.996541598088
8 1 0.0 2211.6465779699797
8 1 0.0 2195.1572843500003
8 1 0.0 2149.8307338720833
8 1 0.0 2078.314920810003
8 1 0.0 2062.087457018009
8 1 0.0 1998.722155519993
8 1 0.0 1992.6706220492033
8 1 0.0 1907.0021139225078
8 1 0.0 1894.8055649400112
8 1 0.0 1883.530910682201
8 1 0.0 1868.2217659299895
8 1 0.0 1853.7003384399982
8 1 0.0 1851.5221920199979
8 1 0.0 1823.9730588064012
8 1 0.0 1822.2674173700166
8 1 0.0 1766.5356647725048
8 1 0.0 1747.733995589994
8 1 0.0 1730.062340279067
8 1 0.0 1675.0287854731419
8 1 0.0 1628.7590880047055
8 1 0.0 1567.7425909254944
8 1 0.0 1512.0944371439837
8 1 0.0 1507.9015437912076
8 1 0.0 1492.3629732900004
8 1 87.9139368215001 1553.2582534537003
8 1 0.0 1442.0307699673003
8 1 0.0 1434.8399749500031
8 1 253.40234583042707 1666.8675494404606
8 1 0.0 1394.7192840796038
8 1 0.0 1392.9842915084064
8 1 0.0 1373.5908511780021
8 1 0.0 1368.354122863298
8 1 0.0 1360.28017976001
8 1 0.0 1359.5509885620077
8 1 0.0 1353.82464813889
8 1 0.0 1351.1119730800037
8 1 274.35382617747973 1614.657262004001
8 1 2747.42926270291 4046.1255631524837
8 1 0.0 1278.1476157231996
8 1 0.0 1267.9371068500054
8 1 0.0 1265.0889477800129
8 1 0.0 1263.6280178402612
8 1 0.0 1229.6445941771162
8 1 0.0 1210.4308365600068
8 1 0.0 1193.370102867511
8 1 0.0 1193.1992614264896
8 1 0.0 1177.9094894873579
8 1 0.0 1159.5233374380002
8 1 0.0 1154.2602823713178
8 1 0.0 1146.0100454099932
8 1 0.0 1121.769323051608
8 1 0.0 1112.2230289719967
8 1 0.0 1102.29056379361
8 1 0.0 1087.467007952393
8 1 0.0 1080.6589180113715
8 1 0.0 1075.7407746799895
8 1 0.0 1074.6318686200063
8 1 0.0 1068.1268972127916
8 1 0.0 1066.824946499722
8 1 0.0 1052.6320967249962
8 1 0.0 1047.366729689989
8 1 0.0 1043.1352467500155
8 1 0.0 1037.3313312199991
8 1 0.0 1034.6921113233093
8 1 0.0 1034.2311124312016
8 1 0.0 1032.4357541900035
8 1 0.0 1020.1919567501357
8 1 0.0 1013.8017969359717
8 1 0.0 1010.0469524699988
8 1 0.0 1002.001455890003
8 1 0.0 990.3186091199889
8 1 0.0 985.3368220699895
8 1 0.0 978.2765334768976
8 1 0.0 955.3176363774996
8 1 0.0 951.971478240026
8 1 0.0 951.3155675408899
8 1 0.0 950.6497938663998
8 1 0.0 943.5483989867016
8 1 0.0 939.6909383189968
8 1 0.0 938.0477689468967
8 1 0.0 937.1974771599987
8 1 0.0 923.3679962299943
8 1 0.0 919.7881586331002
8 1 0.0 916.3686734481535
8 1 0.0 913.8113047999977
8 1 0.0 913.0438318800007
8 1 0.0 912.1757988948916
8 1 172.89048258495723 1084.743749162813
8 1 0.0 910.8917831600183
8 1 0.0 908.8713766731751
8 1 0.0 905.9212744399947
8 1 0.0 893.468651222907
8 1 0.0 892.800716789096
8 1 0.0 891.2660530399994
8 1 0.0 878.5549104771753
8 1 0.0 874.0457383155913
8 1 0.0 870.5435769775913
8 1 0.0 863.5560618399963
8 1 0.0 859.3482688799863
8 1 0.0 858.0893911902465
8 1 0.0 857.286468920006
8 1 838.8641464399977 1694.4778367494969
8 1 0.0 851.971228049988
8 1 0.0 846.9727522699977
8 1 0.0 846.0549700413009
8 1 26.70132105524408 863.2599865688001
8 1 0.0 830.5523893532845
8 1 0.0 827.3195572004047
8 1 0.0 816.7496909439878
8 1 0.0 815.368190194723
8 1 324.50409957532565 1130.089109212001
8 1 0.0 801.0061190043989
8 1 0.0 794.9319188700101
8 1 0.0 790.4678118813158
8 1 0.0 790.236002085599
8 1 0.0 788.9657128399965
8 1 0.0 776.3938194299936
8 1 252.8245257476019 1026.6180254351038
8 1 0.0 773.2310707108018
8 1 194.66313272169566 957.7673223095226
8 1 0.0 761.3716380700002
8 1 0.0 759.8702352600044
8 1 0.0 750.6059214919953
8 1 38.790192530000695 789.2737442699965
8 1 0.0 749.7793748000117
8 1 0.0 748.2803806100103
8 1 0.0 748.1038408115987
8 1 0.0 747.2626183725172
8 1 0.0 744.2504040755998
8 1 0.0 743.2985855399836
8 1 0.0 742.8201663599857
8 1 0.0 742.02745125
8 1 0.0 738.5624303959851
8 1 0.0 728.2527124000151
8 1 0.0 727.446257926958
8 1 0.0 723.5993600700074
8 1 0.0 719.8685500074939
8 1 218.55819719399733 934.1187195000007
8 1 262.89558718000353 977.4105680304012
8 1 25.462034784997286 732.6159526810666
8 1 0.0 702.7233065185083
8 1 0.0 695.2606294399905
8 1 0.0 695.2553827399461
8 1 0.0 694.135975247198
8 1 0.0 692.9970037999831
8 1 0.0 688.4055363300017
8 1 0.0 684.2463095899981
8 1 0.0 681.7861867310985
8 1 0.0 681.4461534591987
8 1 0.0 680.0200187395994
8 1 0.0 678.6527506140415
8 1 0.0 672.059919004804
8 1 0.0 670.144077254394
8 1 0.0 669.4708888799873
8 1 0.0 666.1480336191964
8 1 0.0 663.8757503580937
8 1 0.0 662.4043254783896
8 1 0.0 658.7991314948035
8 1 0.0 657.4871195366952
8 1 0.0 657.454602177605
8 1 0.0 654.675132915088
8 1 0.0 651.9259994429003
8 1 0.0 651.7559181399979
8 1 0.0 648.6813547059946
8 1 0.0 639.4174797624917
8 1 0.0 637.3464283190999
8 1 0.0 634.8362952899932
8 1 0.0 634.3895633199968
8 1 0.0 628.9805432174871
8 1 0.0 626.3623855399824
8 1 64.25915538999925 690.5709260400049
8 1 83.66003743998931 706.6235964799848
8 1 0.0 621.0424698028894
8 1 0.0 611.4130339636008
8 1 0.0 609.0300382174917
8 1 0.0 605.6309548480094
8 1 0.0 603.965794544202
8 1 0.0 599.8090871100007
8 1 127.28357101998245 720.7485903500033
8 1 0.0 592.8765488225006
8 1 0.0 591.1523357477985
8 1 291.73799739999413 882.1473379099906
8 1 0.0 587.9273668756032
8 1 0.0 587.1362666799967
8 1 0.0 585.75622443199
8 1 0.0 578.8423538900147
8 1 0.0 573.7320726499994
8 1 0.0 573.2561567499902
8 1 0.0 572.6063217439989
8 1 0.0 571.9856964208946
8 1 0.0 566.1084170278955
8 1 0.0 565.8284618896032
8 1 0.0 558.0807288699941
8 1 0.0 554.7246945800064
8 1 0.0 552.6611306839984
8 1 0.0 552.2076995199989
8 1 0.0 550.8248954625165
8 1 0.0 549.1610702700145
8 1 0.0 548.2653329299994
8 1 0.0 547.3928404865035
8 1 0.0 545.3284579964065
8 1 0.0 544.9676174625615
8 1 0.0 543.3326575999972
8 1 0.0 543.0080755030831
8 1 0.0 539.8643325551976
8 1 0.0 539.0459359415013
8 1 0.0 537.122969437999
8 1 0.0 534.5237241300039
8 1 0.0 534.1185581400143
8 1 0.0 530.3376243199964
8 1 0.0 527.861578192405
8 1 0.0 525.7537886467449
8 1 0.0 525.183737113095
8 1 0.0 517.3793575115451
8 1 0.0 516.4862622921123
8 1 0.0 513.6024983377606
8 1 0.0 511.64651572249613
8 1 0.0 510.5421624499945
8 1 0.0 507.4756333931804
8 1 0.0 506.5608969275979
8 1 0.0 502.364776589003
8 1 0.0 499.2025160275007
8 1 158.81321713001444 655.1933275999959
8 1 0.0 495.47867976000157
8 1 470.1048023499984 962.3835080040003
8 1 0.0 490.5394328799988
8 1 0.0 487.8314839424977
8 1 0.0 485.58600431550417
8 1 0.0 485.4201753639011
8 1 0.0 483.561360803606
8 1 0.0 483.51657747529725
8 1 191.60538056009204 673.9896481410012
8 1 0.0 482.1887765904071
8 1 84.24192968997932 565.5731484299658
8 1 0.0 479.1583786799922
8 1 74.56733812499897 552.7324510269009
8 1 0.0 477.70150796849885
8 1 0.0 475.6144915788086
8 1 0.0 475.35853339110236
8 1 0.0 473.18345067492396
8 1 0.0 472.25973319998843
8 1 137.0463132900254 606.6757526500076
8 1 0.0 469.3584042799864
8 1 0.0 465.492326831298
8 1 0.0 465.22124292000035
8 1 0.0 465.0447931280812
8 1 0.0 464.0241550480084
8 1 0.0 463.78362785000485
8 1 0.0 463.65720720999207
8 1 0.0 455.64911174559984
8 1 0.0 454.1694774072016
8 1 0.0 452.8149370539993
8 1 0.0 451.83085544998903
8 1 203.60594180998305 655.2999975900163
8 1 0.0 448.7153765699936
8 1 0.0 448.6795795899982
8 1 0.0 447.99131059210004
8 1 0.0 446.2892840000004
8 1 0.0 443.92974774039993
8 1 411.7073130899853 853.751514809994
8 1 0.0 441.1942432000096
8 1 55.677255624898066 496.20151821240154
8 1 0.0 439.4906101744989
8 1 0.0 437.71247216401025
8 1 0.0 435.7898529600043
8 1 0.0 434.74330850998103
8 1 0.0 434.18007264710127
8 1 0.0 432.00217353000585
8 1 0.0 431.22752373200166
8 1 22.629301671986468 452.16972288000443
8 1 0.0 428.41680512210587
8 1 0.0 428.26476616000093
8 1 0.0 427.74219031971006
8 1 0.0 425.55540641929883
8 1 0.0 423.4892787339968
8 1 0.0 420.9596836951923
8 1 54.69586867001567 473.7244339600056
8 1 0.0 415.1916976728985
8 1 0.0 415.15839735000054
8 1 0.0 411.8512082299988
8 1 0.0 411.66323445249964
8 1 0.0 411.5523044000072
8 1 231.14305527999431 641.4981444800094
8 1 0.0 409.91899961000286
8 1 0.0 406.56036387429754
8 1 0.0 406.3041843444
8 1 0.0 405.79195289000586
8 1 0.0 405.35628200999645
8 1 0.0 403.0699622100037
8 1 0.0 402.6746179184088
8 1 0.0 401.15465920559893
8 1 0.0 399.89952370999873
8 1 0.0 397.9629674640977
8 1 0.0 397.1959229599943
8 1 0.0 397.19050897400723
8 1 0.0 395.894251919995
8 1 0.0 394.6483278325029
8 1 0.0 394.3388331355086
8 1 0.0 389.26774315560033
8 1 0.0 387.2636880555975
8 1 0.0 386.0645942900028
8 1 0.0 382.32093844800113
8 1 0.0 381.33779670550007
8 1 0.0 381.2125352699994
8 1 0.0 380.3704536200039
8 1 0.0 378.8217553643988
8 1 0.0 375.94485553200775
8 1 0.0 375.5433130518935
8 1 0.0 374.6985469299982
8 1 0.0 373.9415377300015
8 1 0.0 371.8554759699848
8 1 0.0 371.7448871699998
8 1 163.53568842749905 533.5369289459943
8 1 0.0 367.8306672200016
8 1 0.0 366.69212608000043
8 1 0.0 365.19160211490083
8 1 0.0 362.4475421999932
8 1 0.0 361.4468434124028
8 1 0.0 359.45095074000847
8 1 0.0 359.2356729328976
8 1 0.0 357.6378474380997
8 1 0.0 357.4835858947955
8 1 0.0 357.07003332000204
8 1 0.0 353.1776918931972
8 1 0.0 353.0562749599885
8 1 0.0 352.3934189399847
8 1 0.0 351.91119615000594
8 1 0.0 351.6302223521102
8 1 0.0 351.5918849555012
8 1 0.0 350.7869962811093
8 1 0.0 350.2236956968841
8 1 0.0 349.36596608000684
8 1 47.675964807987384 396.3882872288864
8 1 0.0 347.95943869999314
8 1 0.0 347.7478030399859
8 1 0.0 343.31926592001014
8 1 0.0 341.367158917109
8 1 0.0 341.11002110999596
8 1 0.0 340.1963475556083
8 1 0.0 338.6286390496075
8 1 0.0 337.0175003699918
8 1 0.0 336.99264699001003
8 1 0.0 336.7550710699975
8 1 0.0 336.1311538785043
8 1 0.0 334.6467763148985
8 1 0.0 334.10031044709945
8 1 0.0 334.0796298500077
8 1 0.0 331.90998313199225
8 1 0.0 330.89758148999886
8 1 0.0 330.52258890761505
8 1 0.0 328.80703280559476
8 1 94.24492384001496 422.51819511689746
8 1 0.0 324.50931539999465
8 1 0.0 322.4608520430561
8 1 0.0 321.6453210400048
8 1 7.323489752002615 327.02817176280087
8 1 0.0 319.2409951511154
8 1 0.0 318.0497431038997
8 1 0.0 317.6756728709007
8 1 0.0 315.96860528249863
8 1 0.0 315.8719740399888
8 1 0.0 315.64836983998794
8 1 385.0443640996002 700.0861597976095
8 1 0.0 314.29468324000254
8 1 0.0 314.2434983845036
8 1 0.0 313.99399664000214
8 1 0.0 310.98297483998226
8 1 0.0 310.61670904120376
8 1 0.0 310.5982575899902
8 1 0.0 309.3782056651024
8 1 0.0 308.4140614864027
8 1 0.0 306.89900499998953
8 1 0.0 305.2805283796183
8 1 0.0 304.7498075027004
8 1 0.0 304.14222769998196
8 1 0.0 301.95532268559464
8 1 0.0 301.2743674838948
8 1 0.0 301.0896970873582
8 1 0.0 300.94657184689856
8 1 47.95689968908755 348.87730804909097
8 1 0.0 300.4559569983994
8 1 0.0 300.06346820000954
8 1 0.0 299.5897861699997
8 1 0.0 298.529649182889
8 1 0.0 296.1518768600033
8 1 0.0 293.3728295199894
8 1 0.0 291.02262404000027
8 1 0.0 289.4596947899995
8 1 0.0 289.3553169696006
8 1 12.785260410000433 299.6691675299908
8 1 0.0 285.1431921732824
8 1 0.0 285.0404513100041
8 1 0.0 282.0404594500046
8 1 0.0 281.0133612117145
8 1 0.0 280.7723048296948
8 1 0.0 280.6084326799911
8 1 0.0 280.0259674143008
8 1 0.0 279.7592276400029
8 1 15.987992259919565 295.5622001959937
8 1 0.0 278.91531558199085
8 1 0.0 278.68381767999915
8 1 0.0 276.1142791990991
8 1 0.0 275.0829507542967
8 1 0.0 274.39299842039895
8 1 0.0 273.56899254520533
8 1 0.0 273.4855383858626
8 1 0.0 272.74656488000664
8 1 0.0 272.62743047759704
8 1 0.0 272.533558102799
8 1 0.0 272.1115168700003
8 1 0.0 271.5514967299996
8 1 220.99210651041767 491.67301150001674
8 1 0.0 269.6220924924885
8 1 0.0 268.88537135000394
8 1 0.0 268.6503865753866
8 1 0.0 268.2130874300051
8 1 0.0 267.6045334125115
8 1 0.0 266.3392091347923
8 1 0.0 266.3179834517671
8 1 0.0 265.17025000410945
8 1 13.296098180803597 276.794112820798
8 1 0.0 263.4340233000207
8 1 0.0 263.24807080407027
8 1 0.0 261.5165320379965
8 1 0.0 260.9285037281534
8 1 0.0 260.5672765600066
8 1 0.0 260.4247743900014
8 1 0.0 260.32109160689777
8 1 0.0 257.8863306120966
8 1 0.0 256.8442451754999
8 1 0.0 256.6606917699904
8 1 0.0 255.46578125290034
8 1 0.0 253.75803218840224
8 1 0.0 251.7160690799849
8 1 0.0 251.3075044049035
8 1 0.0 250.9369220500023
8 1 0.0 250.82878754998933
8 1 0.0 249.60222127950738
8 1 0.0 248.9952721499726
8 1 0.0 248.68234439970524
8 1 0.0 246.28344334355234
8 1 0.0 246.26083406989483
8 1 0.0 246.09366802000113
8 1 0.0 246.02922575999128
8 1 0.0 244.27969596968381
8 1 0.0 244.21495619680525
8 1 15.100584539998465 258.83309646998464
8 1 0.0 243.62538930150401
8 1 0.0 242.8889136499879
8 1 0.0 242.4063691118995
8 1 0.0 241.98446041038778
8 1 0.0 241.29058965249146
8 1 0.0 238.58644936000155
8 1 0.0 238.42391213760425
8 1 0.0 238.23625489240231
8 1 0.0 236.02110167750232
8 1 0.0 235.73432774999787
8 1 0.0 235.3940602924024
8 1 1016.9314539595116 1251.7490903519843
8 1 0.0 232.92636470842035
8 1 0.0 231.91871396000533
8 1 0.0 231.3532117500012
8 1 0.0 230.85075698998912
8 1 0.0 230.2492766199996
8 1 0.0 228.87410686579597
8 1 0.0 227.87226411999052
8 1 0.0 226.60782388000337
8 1 0.0 225.92399365160577
8 1 0.0 224.5330990273285
8 1 0.0 224.09286660001317
8 1 0.0 223.62390911999984
8 1 0.0 223.20247479999557
8 1 0.0 222.74696928359663
8 1 0.0 221.8548172685032
8 1 0.0 221.6128364739975
8 1 166.20471321000105 387.8009683300038
8 1 0.0 221.15818612000203
8 1 0.0 220.77111748320567
8 1 0.0 219.46814248440307
8 1 0.0 219.0507301815992
8 1 0.0 217.70531144000506
8 1 288.11434680000457 503.6232322911046
8 1 0.0 213.92360644849327
8 1 0.0 213.6924307099971
8 1 0.0 212.17227691399808
8 1 0.0 208.72431273359675
8 1 241.15498236000258 445.22418760000096
8 1 0.0 202.93168800000967
8 1 1623.2842498500008 1825.4846749299986
8 1 0.0 201.72246276250803
8 1 0.0 201.69333040679703
8 1 0.0 200.0605307529015
8 1 0.0 198.68591145689743
8 1 0.0 197.77268519999507
8 1 0.0 195.90020408000237
8 1 0.0 195.19961879999641
8 1 0.0 194.58188238749767
8 1 0.0 194.43639388730162
8 1 0.0 193.67286633000344
8 1 0.0 193.545142627495
8 1 0.0 193.45803176210302
8 1 0.0 191.9878879636126
8 1 205.99556816000666 396.86319296000397
8 1 57.67518869852984 247.44128290778008
8 1 0.0 189.75149421750575
8 1 0.0 189.6522770660972
8 1 0.0 188.86251419501173
8 1 0.0 188.08488247015407
8 1 0.0 187.84400185688844
8 1 0.0 185.7327025961124
8 1 0.0 185.35781696130277
8 1 0.0 185.0949709471978
8 1 88.75930647844666 273.824986347199
8 1 0.0 185.03677985309923
8 1 0.0 184.99684225199894
8 1 0.0 184.95064883250313
8 1 0.0 184.77190858440008
8 1 0.0 183.71450899999877
8 1 0.0 183.45186401210321
8 1 0.0 182.01351183850193
8 1 0.0 181.28261325279618
8 1 0.0 180.7402532400065
8 1 0.0 179.8228014750066
8 1 0.0 179.80387244640133
8 1 0.0 179.70330804649666
8 1 0.0 179.62063247549713
8 1 0.0 179.2381932624935
8 1 0.0 178.33443613949953
8 1 0.0 177.35340889149916
8 1 0.0 176.60904179201088
8 1 0.0 176.5517697568008
8 1 0.0 175.90494850000596
8 1 0.0 175.57571391082695
8 1 0.0 175.09982043749955
8 1 25.24407240000869 200.2200582451024
8 1 0.0 174.51474946199687
8 1 0.0 174.41170864889682
8 1 0.0 174.30656056000703
8 1 0.0 174.23527348600066
8 1 0.0 172.8308452175993
8 1 7.833805295594402 180.50776350358797
8 1 12.911190348400623 185.55340116040168
8 1 0.0 172.55027139998754
8 1 0.0 172.42937769999185
8 1 48.562004960006334 220.7948947
8 1 0.0 171.05252785440302
8 1 0.0 170.42282207999529
8 1 0.0 170.38329218559716
8 1 0.0 169.85118112000953
8 1 0.0 169.52928479998263
8 1 0.0 169.25404242000366
8 1 0.0 168.85129496999525
8 1 0.0 168.32934487349962
8 1 0.0 167.5412737899983
8 1 515.883909295499 683.280369561438
8 1 0.0 166.0457094879921
8 1 0.0 165.97321927749863
8 1 0.0 165.83541593001974
8 1 0.0 163.91641511999865
8 1 0.0 162.25823271000138
8 1 0.0 161.94312150179212
8 1 0.0 160.14339060390307
8 1 0.0 159.87812976001078
8 1 0.0 159.70120475230465
8 1 0.0 159.2417513295943
8 1 0.0 158.01455394079903
8 1 159.57487563389668 315.6447998774904
8 1 0.0 155.23294409079995
8 1 0.0 155.073566124006
8 1 117.80682928399756 272.87775436799984
8 1 0.0 154.56595660959601
8 1 0.0 153.94869188780058
8 1 0.0 153.78024599030198
8 1 0.0 153.25485202409982
8 1 0.0 150.76645113000018
8 1 0.0 149.7366249553031
8 1 79.76906455000653 229.5052256640006
8 1 27.361813321196564 176.98445566679743
8 1 0.0 149.60121658670278
8 1 0.0 149.25862184798757
8 1 0.0 148.7596735247921
8 1 0.0 148.55696798749022
8 1 0.0 148.16494603999877
8 1 0.0 148.0608640560049
8 1 0.0 147.98781489759608
8 1 98.86729256354283 246.36428697183965
8 1 0.0 147.43912981759718
8 1 0.0 147.06817881399502
8 1 0.0 146.86182557000598
8 1 343.08232014170017 489.7899415580009
8 1 0.0 146.18038399999455
8 1 0.0 145.07850953969842
8 1 0.0 144.57275898560056
8 1 0.0 144.50863769638295
8 1 276.2330683599971 419.36849735999544
8 1 0.0 143.12588990000262
8 1 62.30054884000833 205.14801138240296
8 1 0.0 142.75493638689863
8 1 0.0 141.97260778080016
8 1 0.0 141.7423065699994
8 1 0.0 141.58552381319487
8 1 0.0 141.38942237529818
8 1 0.0 140.9071412300009
8 1 0.0 140.3365439968029
8 1 0.0 139.31177565048358
8 1 0.0 139.01988003000497
8 1 0.0 138.28760803599732
8 1 0.0 137.79748444001734
8 1 4936.499901529996 5074.251202089945
8 1 0.0 137.69323919000044
8 1 0.0 136.99848858999894
8 1 11.290289430004009 148.0658028300112
8 1 0.0 136.74671495999962
8 1 0.0 136.3352937700106
8 1 0.0 136.16913932997795
8 1 0.0 135.9943453200085
8 1 0.0 135.3409016560051
8 1 0.0 135.12428253199755
8 1 0.0 132.91208392000135
8 1 0.0 132.13642646000267
8 1 0.0 132.08920269000532
8 1 0.0 132.08374184708464
8 1 0.0 130.6762913414177
8 1 0.0 130.37176158381408
8 1 0.0 128.89497726670186
8 1 0.0 127.85353893559977
8 1 2.197283600000901 128.42875653000965
8 1 0.0 125.14416282000008
8 1 0.0 124.76952148910539
8 1 0.0 124.39200834440095
8 1 0.0 123.36580599049421
8 1 0.0 123.19799543810177
8 1 0.0 121.93033046017672
8 1 21.332266080011323 141.99015343001383
8 1 0.0 120.52814923110009
8 1 0.0 120.36714189001941
8 1 234.10480027998665 354.03994592519075
8 1 0.0 119.71059219599846
8 1 48.440227679998316 167.9068632000051
8 1 0.0 119.39615265400425
8 1 0.0 118.54653995799748
8 1 0.0 118.26577866440022
8 1 1.5887835520002227 119.47899461999664
8 1 0.0 117.60043422490958
8 1 0.0 117.59973152999623
8 1 0.0 117.37897320909929
8 1 0.0 116.80675063999627
8 1 0.0 116.57223280999551
8 1 0.0 116.33928855971305
8 1 0.0 115.28875682269961
8 1 279.20866225001055 394.27285843000345
8 1 105.26334104600232 219.8801365459974
8 1 0.0 112.74867503000155
8 1 0.0 111.25221039001781
8 1 328.8392861500183 440.0786965100074
8 1 0.0 110.84475464170202
8 1 0.0 110.68748562999886
8 1 0.0 110.29316935210227
8 1 0.0 110.15129230549587
8 1 0.0 110.08492028160822
8 1 170.9128708940068 280.31185759000596
8 1 0.0 108.46221286440095
8 1 0.0 107.82877147799195
8 1 0.0 106.25226408999458
8 1 0.0 105.70271077962434
8 1 0.0 105.50050508249953
8 1 0.0 104.76945277999823
8 1 0.0 104.67020106000086
8 1 228.91285759998436 333.3225655799879
8 1 0.0 103.60253906709988
8 1 0.0 102.75829576960052
8 1 0.0 100.52069719240018
8 1 0.0 100.39223873248511
8 1 0.0 100.22600338240159
8 1 0.0 99.51752862999695
8 1 0.0 99.0621972445606
8 1 51.494166750014074 150.43777448999668
8 1 0.0 98.84716274559526
8 1 0.0 97.77863344999821
8 1 0.0 97.05953755999985
8 1 726.7344336327806 822.677189371967
8 1 0.0 95.72965632320313
8 1 0.0 94.51600307999342
8 1 113.5465761839896 207.96456377799768
8 1 0.0 94.37502009749824
8 1 0.0 93.4499782500011
8 1 0.0 92.36841546000733
8 1 13.641266037525384 104.8866284384851
8 1 0.0 91.18586699001116
8 1 0.0 91.17611875999592
8 1 0.0 91.02405382760048
8 1 321.44292500998836 412.06105558999934
8 1 203.37160354160426 293.84275005159805
8 1 29.611943390002097 119.92124480999769
8 1 0.0 90.26058003399464
8 1 0.0 90.20506003100172
8 1 0.0 90.0557197476046
8 1 0.0 89.79682926440148
8 1 0.0 89.17137449161191
8 1 80.99724030741908 169.8057033569224
8 1 0.0 88.35901719490107
8 1 0.0 87.8517643099974
8 1 0.0 87.62759647000263
8 1 0.0 86.32039460999249
8 1 0.0 85.46939780000105
8 1 0.0 84.9455517659942
8 1 12.179820569997503 96.94565225249687
8 1 0.0 84.31316415601509
8 1 0.0 83.45667697748306
8 1 0.0 83.45299156438887
8 1 10.694031583817434 93.96415101287141
8 1 47.79138365998642 130.14355608001506
8 1 1672.7786804983953 1754.8576236559993
8 1 0.0 81.62616648555013
8 1 0.0 78.76290588119903
8 1 0.0 78.38771164250247
8 1 0.0 78.20729999999662
8 1 0.0 78.0623689139976
8 1 0.0 78.00393556750714
8 1 0.0 77.91156140999192
8 1 0.0 77.9085246399988
8 1 0.0 77.61181932479985
8 1 0.0 77.52260431930642
8 1 0.0 74.98282929440015
8 1 0.0 73.92657388149928
8 1 0.0 73.76187224001217
8 1 0.0 73.0479722310929
8 1 0.0 72.86530726600023
8 1 0.0 72.44295750489982
8 1 0.0 72.09023053997362
8 1 270.16191521921155 342.16119846960123
8 1 4.162311165806841 75.56239932830931
8 1 0.0 71.22660296639759
8 1 0.0 70.54636199849983
8 1 0.0 69.34428691902485
8 1 0.0 69.04851467151735
8 1 0.0 67.79491096870231
8 1 62.840945679992956 129.90045183999527
8 1 101.19002696000621 167.37152072000924
8 1 0.0 64.84746763660053
8 1 0.0 64.35306993000358
8 1 0.0 64.20459272001426
8 1 106.56094220030059 169.6927842424979
8 1 0.0 63.118254876394076
8 1 128.28424521999636 191.2972320000083
8 1 0.0 62.967828201006796
8 1 0.0 62.43693512916411
8 1 0.0 62.18858042399711
8 1 0.0 60.982414268500975
8 1 0.0 59.8024318991055
8 1 0.0 59.091086141197934
8 1 166.85222320000776 225.26029537999284
8 1 0.0 54.007946935098744
8 1 0.0 53.3934844900059
8 1 0.0 52.41111050999325
8 1 253.34938538002098 305.6972760100198
8 1 0.0 51.13656917149979
8 1 125.9739685959928 176.67618935570545
8 1 0.0 50.571696780016055
8 1 311.7474954614979 361.43288378259285
8 1 654.6455725500005 704.0645911499864
8 1 0.0 48.65721041399405
8 1 0.0 48.419993454396604
8 1 0.0 48.40285375130861
8 1 0.0 47.83275514999025
8 1 42.626376090620624 90.3812327916931
8 1 79.1249549600023 126.77027445000064
8 1 0.0 46.60943491650073
8 1 246.27740717750453 292.6558406700019
8 1 0.0 45.84999162119448
8 1 0.0 44.596776929990256
8 1 0.0 44.5329118539978
8 1 0.0 44.22064509309827
8 1 0.0 41.492021540007954
8 1 0.0 40.80005899109574
8 1 26.431452900496424 67.01781167600245
8 1 0.0 40.09573511280905
8 1 15.990688569994063 55.43281261749303
8 1 0.0 38.86761931589933
8 1 0.0 38.84030677999965
8 1 0.0 37.650511359996926
8 1 0.0 37.26652753179849
8 1 0.0 36.771392807708935
8 1 0.0 36.5404863783815
8 1 0.0 36.34261788850324
8 1 31.357579152497976 66.57423674239823
8 1 0.0 35.05055663998951
8 1 0.0 33.39612109752147
8 1 70.94630271999563 104.14578804000132
8 1 0.0 32.4696333578994
8 1 0.0 31.757035225801246
8 1 0.0 31.418779386013966
8 1 0.0 29.860906199895396
8 1 0.0 28.878191932500272
8 1 0.0 28.84240359999808
8 1 0.0 28.785480110006233
8 1 0.0 28.313148741995747
8 1 0.0 27.26236633720049
8 1 0.0 26.987882163999984
8 1 0.0 25.980954514617792
8 1 0.0 24.998668717899136
8 1 24.55512736510383 49.242244028399
8 1 0.0 24.255874179998386
8 1 0.0 23.842847218385486
8 1 930.0373217166634 953.732215439022
8 1 0.0 23.297074920013074
8 1 0.0 22.866369999999506
8 1 0.0 22.441420692498355
8 1 111.51844702348012 133.32261623200338
8 1 0.0 21.47196362840691
8 1 0.0 20.914895319994628
8 1 125.64291963150174 146.31608715149957
8 1 0.0 20.367268890008916
8 1 0.0 20.109714710404432
8 1 0.0 19.919881660025112
8 1 0.0 19.081313058143337
8 1 0.0 18.805599003999987
8 1 46.05276385436093 64.46972918678352
8 1 0.0 17.618994760003147
8 1 103.04859442999793 120.61215305999917
8 1 0.0 17.367650683601028
8 1 0.0 16.848344349603394
8 1 0.0 16.623798319996695
8 1 0.0 16.439825758001007
8 1 0.0 15.927615677401036
8 1 95.66723046360346 111.35117132290156
8 1 0.0 15.365563200014094
8 1 56.6684073874965 71.490410677497
8 1 0.0 14.52814146999998
8 1 140.98453861918767 155.47658193119753
8 1 288.48252441239606 302.70231656999954
8 1 0.0 13.874243189988647
8 1 838.0118253909068 851.8127934368995
8 1 0.0 13.177850600002785
8 1 0.0 12.357018030899326
8 1 126.19249630999866 138.05497211998932
8 1 40.173372153564 51.14625342581155
8 1 0.0 10.74451339359257
8 1 0.0 10.66811510990965
8 1 0.0 9.173208586499072
8 1 0.0 9.169314600269445
8 1 0.0 8.846196009600817
8 1 0.0 8.40749553800157
8 1 0.0 6.836967596560726
8 1 0.0 6.379737360000945
8 1 93.00407665160219 98.52646507999987
8 1 0.0 4.545647589504142
8 1 0.0 3.814461680005479
8 1 49.72587660000454 53.51058319000367
8 1 0.0 2.9651960701030475
8 1 0.0 1.8229145399996014
8 1 0.0 1.3940762749468831
8 1 0.0 0.965532767602781
8 1 0.0 0.7651276456067535
8 0 0.0 inf
# COVID_SAMPLE_14_ROI_1
9 1 0.0 19393.50140184747
9 1 0.0 11983.024298967597
9 1 0.0 6570.374549032507
9 1 0.0 4724.055448383495
9 1 0.0 4605.794016393307
9 1 0.0 4602.962310056023
9 1 0.0 4438.246142109987
9 1 0.0 4199.626030059996
9 1 0.0 4041.654534519954
9 1 0.0 3949.9573381103055
9 1 0.0 3904.2731938259726
9 1 0.0 3814.20780315809
9 1 0.0 3769.5570679528037
9 1 0.0 3466.663582130006
9 1 0.0 3371.170895553594
9 1 1086.539326987875 4189.406464031252
9 1 0.0 3084.0749923443936
9 1 0.0 3041.963711519979
9 1 0.0 2972.7928857949037
9 1 0.0 2969.617850916497
9 1 0.0 2920.2790394959757
9 1 0.0 2869.6520498823943
9 1 0.0 2780.436504549978
9 1 0.0 2766.7386096774953
9 1 0.0 2726.414267091399
9 1 0.0 2725.3440436608907
9 1 0.0 2710.0515894027067
9 1 0.0 2550.102030480013
9 1 0.0 2543.135955910001
9 1 0.0 2372.179662410005
9 1 0.0 2334.199935516793
9 1 0.0 2326.878812689997
9 1 0.0 2323.2493582551115
9 1 0.0 2321.369230567508
9 1 0.0 2313.4269481942392
9 1 0.0 2288.1867941324917
9 1 0.0 2177.1740219279964
9 1 0.0 2160.570816210802
9 1 1391.7065840168998 3527.3442103035004
9 1 0.0 2079.47586595
9 1 0.0 2062.1339065411885
9 1 0.0 2040.0916162025032
9 1 0.0 2038.852796480009
9 1 0.0 2011.8904304060088
9 1 0.0 2000.1096500964022
9 1 0.0 1995.5339682567703
9 1 0.0 1973.0273944294804
9 1 582.0917768206918 2484.5466679362867
9 1 0.0 1838.1937703800704
9 1 0.0 1804.839846244905
9 1 0.0 1790.9226112540018
9 1 0.0 1785.0079935374943
9 1 0.0 1782.1466602700175
9 1 0.0 1775.2001362140018
9 1 0.0 1753.2798544874786
9 1 0.0 1690.8589856175158
9 1 0.0 1666.134325239991
9 1 0.0 1656.660772719999
9 1 0.0 1639.1740468255066
9 1 0.0 1635.9184719644063
9 1 0.0 1633.4516954196183
9 1 0.0 1626.1607634000288
9 1 756.0003899700005 2378.9743351056172
9 1 0.0 1620.1163605899833
9 1 0.0 1589.6441499024872
9 1 0.0 1579.2663734974913
9 1 0.0 1552.8566118291546
9 1 0.0 1528.3697603744035
9 1 0.0 1527.4307571174995
9 1 0.0 1514.8560061000112
9 1 0.0 1510.631113012496
9 1 0.0 1496.3971187975026
9 1 0.0 1482.2499991807886
9 1 0.0 1480.0127577100056
9 1 0.0 1475.3185954000073
9 1 0.0 1474.7870087099936
9 1 0.0 1456.8562847178123
9 1 0.0 1456.4382788268008
9 1 0.0 1444.3341223547923
9 1 0.0 1444.2364128999975
9 1 0.0 1431.638197808401
9 1 103.94224677999864 1523.3088422675007
9 1 0.0 1415.364328080004
9 1 0.0 1399.5203339200061
9 1 0.0 1370.4045598425146
9 1 0.0 1370.2589284171954
9 1 0.0 1368.3577611274977
9 1 0.0 1367.8942094999888
9 1 0.0 1357.6999574099991
9 1 0.0 1344.9545678800046
9 1 0.0 1342.3303268280433
9 1 0.0 1338.3783570669007
9 1 0.0 1334.947594140102
9 1 0.0 1331.2029495600136
9 1 0.0 1327.7517667099848
9 1 0.0 1313.8171452145218
9 1 0.0 1306.1896904499863
9 1 0.0 1277.9848617276025
9 1 0.0 1273.1950637779996
9 1 0.0 1272.783077589982
9 1 70.65586251680179 1321.0467937567091
9 1 0.0 1230.7814519112053
9 1 0.0 1227.8060677049116
9 1 0.0 1225.3746867644013
9 1 0.0 1218.6316236851048
9 1 0.0 1213.4081808885926
9 1 0.0 1208.0459348575082
9 1 0.0 1201.5882939974954
9 1 0.0 1192.319736701977
9 1 0.0 1190.5898361129111
9 1 0.0 1186.6566497340032
9 1 0.0 1182.6636430663839
9 1 0.0 1176.3095466527957
9 1 0.0 1167.3009993300084
9 1 0.0 1149.1199250451018
9 1 0.0 1133.4814132591227
9 1 0.0 1133.0759887227018
9 1 0.0 1127.6578536000093
9 1 51.27158318961119 1155.8598068917
9 1 0.0 1101.2402165144977
9 1 897.0426175599805 1978.4875235200116
9 1 0.0 1080.110364749989
9 1 104.22126248549284 1176.388507768398
9 1 396.0906817124985 1466.9087572625137
9 1 0.0 1053.825538313089
9 1 0.0 1053.6132633400073
9 1 0.0 1051.9327326285054
9 1 0.0 1045.5619340363182
9 1 0.0 1039.2382761788076
9 1 269.5488077184068 1301.0991146943907
9 1 15.452721701502014 1040.3372693348924
9 1 0.0 1018.2779888836017
9 1 0.0 1010.5727893200025
9 1 0.0 1000.3617055091975
9 1 0.0 991.1444258799975
9 1 0.0 989.460412449117
9 1 0.0 988.543709709978
9 1 0.0 987.8478183500058
9 1 0.0 985.5105168225075
9 1 0.0 972.6447695643067
9 1 0.0 965.4713255600043
9 1 0.0 961.7502239390815
9 1 0.0 955.5000461183974
9 1 0.0 948.0271805817911
9 1 0.0 946.6006682062207
9 1 0.0 941.4407856932071
9 1 0.0 938.024672970002
9 1 0.0 931.9289390683916
9 1 0.0 929.3072685000006
9 1 0.0 926.8025780841008
9 1 0.0 919.6269460526892
9 1 0.0 919.1482802375222
9 1 506.11272786890186 1418.6633705664158
9 1 33.998517785606055 941.6859152431971
9 1 0.0 904.8957583403799
9 1 0.0 886.7545628499993
9 1 0.0 880.3983427644946
9 1 0.0 876.0091699349
9 1 0.0 867.5153850591059
9 1 0.0 864.7421702800034
9 1 0.0 863.8819161930985
9 1 0.0 863.353767339988
9 1 0.0 860.3743951152037
9 1 0.0 859.6118194399896
9 1 0.0 848.5392084825007
9 1 0.0 844.0722331500078
9 1 0.0 838.3010054939834
9 1 0.0 835.8537721524954
9 1 0.0 835.3318521849055
9 1 0.0 829.8369251200165
9 1 0.0 829.5275010541075
9 1 0.0 828.3615612499771
9 1 0.0 827.5365201539989
9 1 0.0 824.1392276596122
9 1 0.0 814.4977737679869
9 1 0.0 813.5056986799959
9 1 0.0 809.4815938160082
9 1 0.0 809.1266614899969
9 1 0.0 808.8300527200208
9 1 0.0 804.9949937600154
9 1 0.0 800.6119819039977
9 1 0.0 800.4403867667997
9 1 194.03645047401278 988.1357584500056
9 1 0.0 793.6454640500108
9 1 0.0 792.9835300500063
9 1 0.0 791.9219029585033
9 1 0.0 791.0981858539951
9 1 0.0 771.8097292595976
9 1 0.0 766.8648460500001
9 1 0.0 754.479585600001
9 1 0.0 747.3109220300144
9 1 355.0378908582866 1099.2929633667036
9 1 0.0 739.0884608782931
9 1 0.0 737.1046295639937
9 1 0.0 732.3866673500161
9 1 0.0 730.9121109300045
9 1 0.0 728.7399116444976
9 1 0.0 725.05786069288
9 1 0.0 719.2558796499934
9 1 0.0 714.3506851474986
9 1 0.0 706.5075955475063
9 1 0.0 706.3280039529011
9 1 0.0 697.0163279899934
9 1 0.0 696.4125504013541
9 1 0.0 689.6816513399947
9 1 0.0 687.7210446800109
9 1 0.0 685.5573989400007
9 1 0.0 682.6558240099984
9 1 0.0 682.6352997099901
9 1 0.0 680.6261300114979
9 1 0.0 679.5694285375944
9 1 129.42124489693242 808.2922989936089
9 1 0.0 674.7097522899815
9 1 0.0 672.7881486692984
9 1 0.0 670.4859412100232
9 1 0.0 669.4881321779908
9 1 0.0 667.2099616786918
9 1 0.0 661.3068410535975
9 1 0.0 660.8408503599708
9 1 0.0 660.2002503124968
9 1 0.0 658.8262951600021
9 1 0.0 658.064567993627
9 1 0.0 656.8846067775
9 1 0.0 654.3954057698988
9 1 0.0 649.2922068099917
9 1 0.0 649.2265990444048
9 1 0.0 648.5382094287984
9 1 0.0 646.8198001018986
9 1 0.0 646.8170625600014
9 1 0.0 644.9551298333122
9 1 0.0 644.7923600444989
9 1 0.0 637.7319032784967
9 1 0.0 633.6590362576062
9 1 0.0 633.6061999499987
9 1 0.0 621.3766386120049
9 1 0.0 619.6477468867502
9 1 0.0 612.4618049199878
9 1 0.0 611.0068034225004
9 1 0.0 606.5283363425051
9 1 0.0 602.7644311220112
9 1 0.0 600.3089988900138
9 1 0.0 598.8428906909021
9 1 0.0 593.7994504267999
9 1 0.0 591.3876147199853
9 1 0.0 591.3563421199874
9 1 0.0 588.0630919826867
9 1 0.0 586.3420771126987
9 1 0.0 581.2283972799964
9 1 0.0 581.110274306001
9 1 0.0 578.8764374675013
9 1 490.7720344000081 1068.732037311308
9 1 0.0 573.6138409740092
9 1 0.0 570.3675799199937
9 1 1356.838196367502 1927.157698320917
9 1 0.0 569.2492652800024
9 1 0.0 568.6890182799948
9 1 0.0 568.1592122474972
9 1 0.0 567.1296980000079
9 1 0.0 566.3169720919967
9 1 342.273226225979 902.4867780874754
9 1 0.0 557.3573879600035
9 1 0.0 556.8181129234854
9 1 0.0 556.7818278899945
9 1 0.0 554.8097748100031
9 1 0.0 554.0091231705021
9 1 0.0 553.5381203836016
9 1 0.0 551.2239621500066
9 1 0.0 550.3195672799825
9 1 0.0 549.0971442200009
9 1 0.0 545.6950581579972
9 1 0.0 545.3033468699961
9 1 0.0 543.6226787671762
9 1 0.0 540.3503295088954
9 1 0.0 538.3575401199976
9 1 0.0 536.1606965712908
9 1 0.0 529.5072008800144
9 1 0.0 528.265405199109
9 1 0.0 528.0121058099974
9 1 0.0 521.9600194100076
9 1 0.0 518.7090317584023
9 1 0.0 517.5212366559985
9 1 0.0 513.6446606580018
9 1 0.0 512.4080654800082
9 1 0.0 511.70778554999015
9 1 0.0 506.6882129100007
9 1 0.0 503.86284608999676
9 1 0.0 503.11411096000256
9 1 0.0 501.5109914699069
9 1 0.0 501.25667163559876
9 1 0.0 500.2386037194967
9 1 66.04891494240337 565.5013202519983
9 1 0.0 496.92446960000075
9 1 0.0 495.6879967234094
9 1 0.0 495.3488303808058
9 1 90.18654667070496 584.3806458944691
9 1 0.0 490.49332387999596
9 1 0.0 489.91414816000133
9 1 0.0 488.55723773520185
9 1 0.0 485.8969883354998
9 1 228.98553091349936 712.5576944794992
9 1 0.0 480.92067901490464
9 1 0.0 474.9032053503995
9 1 0.0 472.4148342384001
9 1 0.0 470.3302720297429
9 1 0.0 469.9182463338989
9 1 0.0 469.75211718469575
9 1 0.0 468.79743980670196
9 1 0.0 468.36144034999415
9 1 0.0 467.69159839000804
9 1 0.0 464.85891799479873
9 1 0.0 462.2039013700012
9 1 74.93321911550129 534.6947765311999
9 1 0.0 456.1771862880164
9 1 0.0 451.88391376000067
9 1 0.0 450.5681190499977
9 1 67.26959698678911 516.6873456024932
9 1 0.0 445.05304042399234
9 1 0.0 441.56673303999025
9 1 0.0 440.4801942599979
9 1 0.0 439.4673917046007
9 1 0.0 437.569050072495
9 1 0.0 433.18684963440296
9 1 0.0 431.31998772999816
9 1 0.0 429.36693127999
9 1 0.0 425.36108043003514
9 1 0.0 421.3715759674943
9 1 0.0 418.1763600699919
9 1 0.0 418.10082675959165
9 1 0.0 413.2484590099921
9 1 0.0 412.14053825372423
9 1 0.0 409.65000012688097
9 1 0.0 409.33743742480783
9 1 230.98534313000368 640.135457029992
9 1 0.0 407.5530543900152
9 1 0.0 407.395520081993
9 1 0.0 406.54515524669284
9 1 0.0 401.2890594903977
9 1 0.0 395.3036569799963
9 1 0.0 394.5459894895066
9 1 0.0 393.8030453904821
9 1 0.0 393.3682164400029
9 1 0.0 391.83777448409774
9 1 0.0 390.06172057519666
9 1 0.0 389.74606763000475
9 1 0.0 386.47223710999424
9 1 0.0 386.38170806000744
9 1 0.0 383.8918349699919
9 1 0.0 383.5813768785017
9 1 0.0 383.55341018999025
9 1 0.0 382.17201769412213
9 1 0.0 380.66830471241497
9 1 0.0 380.2807740899964
9 1 0.0 373.96360506440396
9 1 0.0 372.89596366501326
9 1 0.0 372.1269702000127
9 1 0.0 371.38827270840557
9 1 0.0 371.33646916849034
9 1 0.0 370.66398591517736
9 1 0.0 369.1054401583001
9 1 0.0 368.88497291951495
9 1 0.0 367.2996850125012
9 1 0.0 366.5923411476035
9 1 0.0 366.10181703998387
9 1 0.0 364.7256161100056
9 1 0.0 363.8915720096138
9 1 0.0 360.082344179998
9 1 0.0 359.1534178125039
9 1 0.0 357.09188785870083
9 1 0.0 357.08534017639977
9 1 0.0 355.96728039839695
9 1 124.19688384000528 479.13961187000257
9 1 0.0 348.8019978309055
9 1 0.0 346.0995868400107
9 1 0.0 345.80367587999785
9 1 0.0 345.5392664635983
9 1 0.0 344.5650812940112
9 1 0.0 342.02296717439935
9 1 0.0 339.25882214000376
9 1 0.0 338.388425071106
9 1 0.0 335.7878845408068
9 1 0.0 334.1662001799941
9 1 0.0 332.31152102438773
9 1 0.0 330.974880370017
9 1 0.0 329.7225050190232
9 1 0.0 326.4282477287936
9 1 0.0 325.1643820000022
9 1 0.0 318.56385052001815
9 1 0.0 316.27044884000884
9 1 0.0 316.22443586999134
9 1 0.0 315.1450997501041
9 1 0.0 311.61416104000455
9 1 0.0 310.81350107999276
9 1 0.0 310.1325955200008
9 1 0.0 309.4231112889061
9 1 0.0 308.786649122806
9 1 0.0 308.5583836488063
9 1 0.0 308.0840889006928
9 1 0.0 306.17236112999046
9 1 0.0 303.3226740000066
9 1 0.0 302.9488913600006
9 1 0.0 302.8011725900086
9 1 0.0 300.87764282000586
9 1 0.0 299.06081735558473
9 1 0.0 299.02083638999966
9 1 0.0 296.90629893761957
9 1 0.0 296.8708517700088
9 1 0.0 295.9746074796012
9 1 0.0 293.9142522019995
9 1 0.0 291.8646777600052
9 1 0.0 291.7250514799962
9 1 0.0 291.67361664518603
9 1 0.0 291.65134092000676
9 1 148.21779834999552 439.6820167199953
9 1 0.0 291.34011119817956
9 1 0.0 290.6478357359979
9 1 0.0 289.6880715700099
9 1 0.0 289.51163661000714
9 1 0.0 289.36258259000545
9 1 0.0 286.43343292000486
9 1 0.0 285.13816153909397
9 1 0.0 283.8997439999998
9 1 0.0 281.34407364999015
9 1 0.0 276.2380101337649
9 1 0.0 274.7634633499847
9 1 0.0 272.0273966399882
9 1 0.0 271.3558273519966
9 1 0.0 268.449904994422
9 1 0.0 267.0246913844086
9 1 0.0 266.06267774999185
9 1 0.0 265.6958050339988
9 1 1928.0974473104027 2193.3485489599934
9 1 0.0 265.2223904219136
9 1 0.0 263.2121707800015
9 1 0.0 262.1117920424957
9 1 0.0 261.5557249200283
9 1 0.0 261.01770136999085
9 1 0.0 260.8298589145991
9 1 0.0 260.241169290008
9 1 0.0 259.99737403662243
9 1 0.0 259.786329895981
9 1 0.0 256.72438240669476
9 1 0.0 254.9053046400038
9 1 0.0 252.65781583999865
9 1 0.0 251.7300557760957
9 1 468.5273427994988 719.4535282515981
9 1 0.0 250.5646004061109
9 1 0.0 249.71759101299585
9 1 0.0 249.10989428999926
9 1 0.0 247.44174807049546
9 1 0.0 246.4240500000019
9 1 0.0 246.38904288000413
9 1 0.0 245.62284578999407
9 1 0.0 242.60538581000583
9 1 214.3420943019978 456.76830771850064
9 1 271.9281684060097 513.5539664072007
9 1 0.0 240.58205055769417
9 1 0.0 238.8739239599863
9 1 0.0 237.7649876445057
9 1 0.0 234.67088203590174
9 1 0.0 234.19457659038335
9 1 244.7117789275013 478.7586352074967
9 1 0.0 231.0444078340024
9 1 0.0 230.12998016399928
9 1 0.0 229.5603784963007
9 1 0.0 229.0490784004087
9 1 0.0 228.9294980214795
9 1 0.0 227.56684903001678
9 1 0.0 226.668846888002
9 1 0.0 225.8874729599986
9 1 0.0 225.28354481999554
9 1 0.0 225.24806576840047
9 1 15.919877430004249 240.21725142269955
9 1 0.0 220.60219679999227
9 1 0.0 219.94571070999064
9 1 64.02786059816935 283.65412268248565
9 1 0.0 218.7187940905004
9 1 0.0 218.38976939999452
9 1 0.0 218.0463743427963
9 1 0.0 214.5586772480002
9 1 0.0 214.2589005299892
9 1 0.0 213.38111367360216
9 1 0.0 212.31876752001972
9 1 0.0 210.36778691999461
9 1 0.0 208.95661570960078
9 1 0.0 207.82135542079504
9 1 0.0 206.05586602200606
9 1 1246.821198520016 1452.3059006099984
9 1 0.0 205.1797593635082
9 1 0.0 204.26264313000115
9 1 0.0 203.75716300289702
9 1 0.0 203.04886862720247
9 1 100.2861047349055 301.6562142260052
9 1 0.0 200.25368395959595
9 1 0.0 198.28116109129587
9 1 0.0 197.01291174000357
9 1 0.0 195.78613149999205
9 1 0.0 193.73365137909332
9 1 0.0 193.09295673330016
9 1 0.0 192.82032493690343
9 1 0.0 190.7089259188039
9 1 0.0 188.00830382830054
9 1 0.0 186.44129746201725
9 1 0.0 181.99692944639366
9 1 0.0 181.06454931117344
9 1 0.0 180.99599251840255
9 1 0.0 179.96982323879445
9 1 0.0 177.92540727879975
9 1 0.0 177.73551867760716
9 1 0.0 177.27464937000195
9 1 0.0 173.66003695999598
9 1 0.0 172.32511516600994
9 1 0.0 172.16308222518933
9 1 0.0 170.97406493159784
9 1 683.4034924799953 852.2759292000096
9 1 0.0 168.62400803780133
9 1 0.0 167.9849925700214
9 1 0.0 167.78803734001258
9 1 0.0 166.90927620000912
9 1 0.0 165.18065073242042
9 1 0.0 164.16213613000127
9 1 0.0 162.4149027499996
9 1 1237.1509211318698 1399.4360367582663
9 1 0.0 162.27911383749347
9 1 0.0 161.59617319999688
9 1 228.5067704840037 389.4779738799982
9 1 62.7241495200588 222.2970862859343
9 1 0.0 157.9146705008987
9 1 0.0 157.82293717129642
9 1 0.0 157.2862929322955
9 1 0.0 156.68525833799845
9 1 0.0 154.80570053640008
9 1 0.0 153.9323216999851
9 1 0.0 153.61323677999616
9 1 545.0688552400011 698.5898603455946
9 1 0.0 153.43423587999837
9 1 0.0 152.82109153850092
9 1 0.0 151.13884197357743
9 1 0.0 150.30522880440117
9 1 0.0 150.03280399000187
9 1 0.0 149.0818743525009
9 1 139.01522619190098 287.89875687810195
9 1 0.0 148.83016157999464
9 1 0.0 148.46924393280415
9 1 0.0 146.2021924799974
9 1 0.0 145.97748977000128
9 1 0.0 145.5393169599895
9 1 0.0 145.2834527991231
9 1 0.0 144.433430165765
9 1 0.0 144.41356152000753
9 1 0.0 144.36368448001394
9 1 0.0 144.32306072760798
9 1 0.0 143.56965819660093
9 1 13.85226602630064 156.9195531789037
9 1 0.0 140.94105515999706
9 1 0.0 140.27287088600337
9 1 115.12150111998017 254.6768826399964
9 1 0.0 139.35721781670372
9 1 0.0 137.7425821300037
9 1 98.55246536480115 232.75437207559912
9 1 0.0 134.09024968000995
9 1 0.0 133.76565149999578
9 1 0.0 132.8585719419059
9 1 0.0 132.75272021249822
9 1 0.0 132.7358774499878
9 1 0.0 132.01087621529723
9 1 0.0 131.63618920609724
9 1 0.0 130.88370809839807
9 1 0.0 129.5979188000075
9 1 0.0 127.34005042200317
9 1 0.0 127.2854612379083
9 1 0.0 126.99457843001028
9 1 0.0 125.73537712000939
9 1 0.0 122.48042310639767
9 1 0.0 120.19837359551858
9 1 0.0 118.5821377800005
9 1 0.0 118.35067395089914
9 1 38.49849712000287 155.8490547705851
9 1 0.0 116.50208311865504
9 1 0.0 115.9617490338992
9 1 0.0 115.32301324901346
9 1 0.0 114.25325516000157
9 1 0.0 112.4859904674986
9 1 0.0 112.42351667202115
9 1 92.89191044003292 202.89964593750483
9 1 1594.3426274659832 1704.1426508580025
9 1 0.0 109.47616306999817
9 1 330.6312126800067 439.7932854806968
9 1 18.594857574988055 127.3440905449994
9 1 0.0 106.30398388599974
9 1 0.0 104.58278986809705
9 1 0.0 104.49582960559917
9 1 0.0 104.11274176800544
9 1 0.0 104.03709815381683
9 1 0.0 103.90024970241188
9 1 0.0 103.1936394289803
9 1 0.0 102.8530206954988
9 1 0.0 101.98496777640551
9 1 0.0 97.84887040000513
9 1 0.0 97.20453256759811
9 1 0.0 96.78277466749887
9 1 213.68121231199402 310.25652265440453
9 1 0.0 94.9537175091018
9 1 0.0 94.94922418001352
9 1 0.0 94.69181465490055
9 1 0.0 94.02634359069765
9 1 0.0 93.93185852688748
9 1 0.0 91.99263900998403
9 1 0.0 91.74664671999653
9 1 124.30123721639768 215.61535255889584
9 1 0.0 90.94203166012647
9 1 0.0 90.83751719319991
9 1 0.0 90.7595035900124
9 1 0.0 90.63227914160151
9 1 37.05575354999846 127.07303088000052
9 1 3294.355388389977 3383.886257929979
9 1 0.0 88.72603186000015
9 1 0.0 88.69475652793625
9 1 640.4510229503007 728.9660867424004
9 1 100.54173989569608 187.2825272151988
9 1 5.3966366816010805 91.98679019560002
9 1 0.0 85.43146607790402
9 1 202.79647133558979 287.1627118767068
9 1 0.0 83.69534954999847
9 1 0.0 83.65798476999396
9 1 0.0 83.02423288999705
9 1 0.0 81.87903490119982
9 1 0.0 81.86443228250573
9 1 0.0 81.42338431679673
9 1 108.56614626998316 188.9975064369744
9 1 0.0 80.14506460000507
9 1 316.8576250559254 396.99956226051563
9 1 0.0 78.62912953389787
9 1 0.0 78.296535085772
9 1 119.49936055612454 197.12667862342238
9 1 0.0 75.80021534750813
9 1 0.0 75.65418523950666
9 1 0.0 73.01967207001184
9 1 0.0 72.73477829951867
9 1 154.48454990371715 226.89159150200703
9 1 0.0 72.17124467240819
9 1 0.0 72.15537876000303
9 1 0.0 70.46623415999863
9 1 0.0 69.72130678510166
9 1 0.0 69.38873588000547
9 1 0.0 68.36916232249678
9 1 0.0 66.7498166261098
9 1 0.0 66.00473373000165
9 1 40.652520430411414 104.53706317001286
9 1 0.0 62.75886159063462
9 1 0.0 62.55969575999757
9 1 14.527780979999534 77.00707010000644
9 1 0.0 62.22782023639684
9 1 0.0 61.46383732049907
9 1 0.0 61.45512733679493
9 1 0.0 60.57248859999527
9 1 0.0 60.35402906001082
9 1 87.48032983999792 147.65302597773052
9 1 0.0 60.11718908799139
9 1 0.0 59.21579499514735
9 1 0.0 58.98059897361031
9 1 120.51673027997958 178.31772915000624
9 1 0.0 57.71174925999574
9 1 0.0 55.04851169959693
9 1 0.0 54.59024169000179
9 1 0.0 52.654739190005785
9 1 0.0 51.66800944001989
9 1 0.0 49.791048483906025
9 1 0.0 49.04279083999654
9 1 0.0 48.4731114861018
9 1 0.0 48.140504785098074
9 1 0.0 47.986694730495856
9 1 0.0 46.06728374879799
9 1 687.7241953439875 733.2724881919908
9 1 0.0 45.47999916960214
9 1 0.0 45.406529050001446
9 1 945.7772286299969 989.6018279999817
9 1 100.60930943412131 144.29274729163262
9 1 0.0 42.97915608399251
9 1 0.0 42.29498047002562
9 1 0.0 40.641777188399146
9 1 468.6917913920206 508.61146747729344
9 1 0.0 39.65796460560023
9 1 0.0 39.557079840000085
9 1 276.65406617529857 315.98106075039755
9 1 138.20715230999997 176.91188748000127
9 1 0.0 37.58369883999558
9 1 0.0 37.0791009200002
9 1 0.0 36.93877823000798
9 1 0.0 36.92668665999355
9 1 234.2211214600013 270.93083305999403
9 1 0.0 35.386551299992334
9 1 350.77931738000825 386.02387667428684
9 1 0.0 34.66594354999506
9 1 43.75388418680291 77.10568653679888
9 1 0.0 33.21303963000446
9 1 0.0 32.99653434050674
9 1 0.0 32.677494846001196
9 1 0.0 32.20941816801337
9 1 0.0 31.700508114904096
9 1 0.0 31.117017390011142
9 1 0.0 30.749567714921113
9 1 22.22299324749872 52.670928508006
9 1 0.0 30.396559950805795
9 1 0.0 28.735746239991386
9 1 0.0 28.53229351999198
9 1 0.0 28.42860707329919
9 1 109.24539758959577 137.0268974676028
9 1 4.821746309993159 31.793034239994086
9 1 0.0 26.737550438994106
9 1 0.0 26.03545940000089
9 1 25.471163161103675 51.394879354502336
9 1 0.0 25.78582610440162
9 1 0.0 25.6087313099938
9 1 121.08818316750694 146.08002592750495
9 1 0.0 22.885205760015083
9 1 620.7994839699945 643.2407498899802
9 1 0.0 20.321496350016105
9 1 58.65872536107668 78.69465383359578
9 1 0.0 19.818131492505017
9 1 0.0 18.791031730000896
9 1 0.0 18.613716520007983
9 1 0.0 18.174336210000234
9 1 0.0 16.582149884757882
9 1 0.0 16.521983434142328
9 1 88.1404558899967 104.50390568999183
9 1 0.0 16.27739173000373
9 1 0.0 12.12109434998456
9 1 0.0 11.592677070002878
9 1 5.469056937497783 17.01726223999782
9 1 0.0 11.182352824502232
9 1 310.43173302750256 321.2431873551004
9 1 112.89597939000828 122.85281831999339
9 1 0.0 9.180575170007387
9 1 0.0 6.889988534394661
9 1 0.0 6.690147832403454
9 1 0.0 6.642118439995556
9 1 0.0 6.077455845612803
9 1 0.0 4.547088767502032
9 1 0.0 3.3717240988005415
9 1 75.95258570400028 79.0979663675007
9 1 0.0 3.1265702400046393
9 0 0.0 inf
# COVID_SAMPLE_20_ROI_17
10 1 0.0 39189.906980501844
10 1 0.0 18252.06108525002
10 1 0.0 16575.231013590004
10 1 0.0 15576.572811141987
10 1 0.0 12504.972870296817
10 1 0.0 9542.96755221716
10 1 0.0 8759.294918035626
10 1 0.0 8355.750184659988
10 1 1516.3385614000235 8836.437532479955
10 1 0.0 7175.939817510083
10 1 0.0 7120.820761964386
10 1 0.0 7014.517907624522
10 1 0.0 5760.494961109989
10 1 0.0 5365.257168519989
10 1 0.0 4971.747437775994
10 1 0.0 4887.334470518501
10 1 0.0 4851.571371118495
10 1 0.0 4585.295900520427
10 1 2191.942099277996 6576.671935586397
10 1 0.0 3863.325871069983
10 1 0.0 3829.182068042456
10 1 0.0 3807.6193368508084
10 1 0.0 3742.3653352000015
10 1 0.0 3578.756402769984
10 1 0.0 3526.8059347499793
10 1 0.0 3464.8860575020663
10 1 0.0 3450.448726509977
10 1 0.0 3306.2145791780113
10 1 0.0 3295.4673192000164
10 1 0.0 3232.2804639794813
10 1 0.0 3067.489351789968
10 1 2144.4647193299916 5161.071191879972
10 1 0.0 2895.7919610400186
10 1 0.0 2844.142788279992
10 1 0.0 2834.3617778224034
10 1 0.0 2827.2651593200153
10 1 0.0 2792.993034520009
10 1 0.0 2760.1004164992073
10 1 0.0 2711.3924700140074
10 1 0.0 2658.5207345916106
10 1 0.0 2539.053638880018
10 1 0.0 2521.0749707499986
10 1 0.0 2517.3090873196015
10 1 0.0 2424.805262560014
10 1 0.0 2411.90549
10 1 0.0 2315.828815578402
10 1 0.0 2314.209081939074
10 1 0.0 2303.9625591396043
10 1 0.0 2274.1444917492936
10 1 0.0 2237.233862291694
10 1 0.0 2220.9896586100017
10 1 0.0 2209.21662620831
10 1 0.0 2194.663692223591
10 1 0.0 2188.589773830895
10 1 551.701199050096 2685.1569712124865
10 1 0.0 2108.927167240019
10 1 0.0 2099.8258668900176
10 1 0.0 2064.0405916300124
10 1 0.0 2059.822552303601
10 1 0.0 2052.761888893495
10 1 0.0 2048.682254832014
10 1 0.0 2046.0408383099698
10 1 14.048066040005097 2047.39400592
10 1 0.0 2006.4596550949045
10 1 0.0 2005.40765786751
10 1 0.0 1996.8636082774985
10 1 24.341531487500106 2016.0057077635988
10 1 0.0 1987.4126110644265
10 1 0.0 1947.2121453799891
10 1 0.0 1858.1898448882248
10 1 0.0 1839.8936097200058
10 1 0.0 1832.4478739399838
10 1 18.921012169978667 1846.1754305751072
10 1 0.0 1786.1359461664092
10 1 0.0 1749.8449768899864
10 1 0.0 1748.082224974779
10 1 0.0 1729.1146748800293
10 1 0.0 1699.4284904699766
10 1 0.0 1689.052212269983
10 1 0.0 1688.5328492655015
10 1 0.0 1681.2101976300078
10 1 0.0 1673.9212866300034
10 1 0.0 1663.2032370399809
10 1 0.0 1659.0556416043792
10 1 0.0 1608.8229473999886
10 1 0.0 1605.190192230405
10 1 1096.1707449918476 2698.8990622301853
10 1 1936.8730120917016 3535.6231896084964
10 1 0.0 1578.20478594401
10 1 0.0 1571.8795994179764
10 1 0.0 1551.1819559824005
10 1 0.0 1542.2472000200241
10 1 0.0 1539.4443315420085
10 1 0.0 1536.619763599987
10 1 14.444664516400735 1525.279832841598
10 1 0.0 1505.9582774899563
10 1 0.0 1503.1899566000047
10 1 0.0 1492.4973406124955
10 1 0.0 1468.1398934299068
10 1 0.0 1450.026694632511
10 1 0.0 1449.4041051699874
10 1 0.0 1441.4587221600186
10 1 0.0 1439.7811128699677
10 1 0.0 1436.3520723999968
10 1 0.0 1435.106485912498
10 1 0.0 1406.2911985499754
10 1 0.0 1405.4175638878871
10 1 86.15387100000589 1460.7651289999994
10 1 0.0 1373.2909322495057
10 1 0.0 1371.7841502554857
10 1 0.0 1361.0201978299938
10 1 0.0 1352.6683359279887
10 1 0.0 1311.2003627027923
10 1 159.29624819751268 1460.6437608584097
10 1 0.0 1297.0077318912017
10 1 0.0 1290.677769222898
10 1 0.0 1281.6804797099785
10 1 0.0 1276.0830942304942
10 1 0.0 1260.9499147978888
10 1 1701.625429879974 2934.5437154950823
10 1 0.0 1225.9953272815364
10 1 0.0 1222.7232282474974
10 1 904.8153348315846 2097.757761206889
10 1 0.0 1190.198816050707
10 1 0.0 1186.5203045800067
10 1 0.0 1169.054279752007
10 1 0.0 1162.9876347267018
10 1 0.0 1159.8944457611951
10 1 0.0 1159.8913000260018
10 1 20.837376958797904 1166.128181523899
10 1 0.0 1138.6388650609995
10 1 0.0 1135.5758118428994
10 1 0.0 1117.6545862363892
10 1 0.0 1101.6260649085139
10 1 0.0 1093.3749309215962
10 1 0.0 1092.517172950004
10 1 2232.1657551243034 3284.871543964404
10 1 0.0 1052.4943821176012
10 1 0.0 1052.3351424223774
10 1 118.33260346929887 1166.1768271805893
10 1 97.45132566430402 1126.3702997939945
10 1 0.0 1028.547822318109
10 1 0.0 1020.6151461879008
10 1 0.0 1020.1277024509027
10 1 0.0 1020.0161884356062
10 1 0.0 1017.9696592624975
10 1 0.0 1009.0273760400278
10 1 0.0 1007.2453961506108
10 1 0.0 1001.3409428655007
10 1 0.0 991.6697282800196
10 1 0.0 985.8952013988983
10 1 0.0 983.764228808408
10 1 288.88907510397075 1265.5163059595989
10 1 212.3232749000008 1183.9026761899895
10 1 0.0 967.3256964690991
10 1 0.0 950.6259061856003
10 1 638.1452799899957 1576.4011628499954
10 1 0.0 934.4659947800155
10 1 0.0 931.683772872401
10 1 0.0 922.7913715974989
10 1 59.41595004440137 967.526793887998
10 1 0.0 907.4629401500035
10 1 10.181928737560611 917.0378922399686
10 1 0.0 894.9022058825185
10 1 0.0 894.8478881299898
10 1 0.0 893.4744672800014
10 1 0.0 886.2289188224922
10 1 5.744791800011853 887.6763552000032
10 1 0.0 880.9002994191014
10 1 0.0 872.2036626299814
10 1 0.0 870.9443024199961
10 1 0.0 868.8148931259909
10 1 0.0 860.985340888501
10 1 0.0 860.7390195151002
10 1 0.0 850.4597903952011
10 1 0.0 849.8073090500011
10 1 69.45302549999838 908.3024802713071
10 1 0.0 836.1420313204985
10 1 0.0 835.1662068800053
10 1 0.0 834.5678828799878
10 1 1.3097464735965332 832.6912529136007
10 1 0.0 828.4221603072033
10 1 573.8051931154769 1399.573886264218
10 1 0.0 821.6831531937012
10 1 0.0 819.5342621274904
10 1 0.0 819.1311645699982
10 1 0.0 818.8992684899877
10 1 0.0 817.3694584268014
10 1 0.0 804.647638859994
10 1 0.0 792.7383140804003
10 1 0.0 787.4110857700005
10 1 0.0 767.0968679000051
10 1 0.0 761.2084749799942
10 1 0.0 761.1102807083948
10 1 0.0 758.4785158265543
10 1 0.0 756.2384875400013
10 1 0.0 753.6189138684022
10 1 0.0 731.8819019800042
10 1 0.0 717.525854557497
10 1 0.0 714.1083558799038
10 1 0.0 713.7806130120034
10 1 0.0 709.5163816300178
10 1 156.22182767996946 864.2901857599823
10 1 0.0 699.2237125600095
10 1 0.0 696.4247275933002
10 1 0.0 683.7039561920008
10 1 0.0 681.7653984064073
10 1 0.0 674.6414024979956
10 1 0.0 671.6301973300024
10 1 0.0 670.8484816598057
10 1 0.0 658.2592306463932
10 1 0.0 657.9542863024958
10 1 0.0 657.796512123603
10 1 0.0 657.3062260994916
10 1 0.0 655.9624948376031
10 1 0.0 651.1492889824885
10 1 0.0 648.8670448985004
10 1 0.0 635.6983843823999
10 1 0.0 624.8247449059758
10 1 0.0 622.9760733800986
10 1 0.0 621.1316529999804
10 1 277.4515969899712 897.4186801999958
10 1 0.0 617.6460801259905
10 1 0.0 617.3879045999661
10 1 263.54595066809213 877.2610007674994
10 1 0.0 613.5535438414877
10 1 0.0 610.9749100715926
10 1 0.0 606.5666579255965
10 1 0.0 599.9833446404145
10 1 0.0 597.5063519032942
10 1 0.0 595.1200988399949
10 1 0.0 594.0820575404141
10 1 0.0 592.1440249600128
10 1 355.0326991919942 935.7330465200212
10 1 0.0 579.8818122419909
10 1 0.0 578.6155413625197
10 1 215.3482542599795 792.5772913500141
10 1 0.0 575.1609787544007
10 1 0.0 573.2153903099936
10 1 0.0 572.9600713251989
10 1 0.0 572.8164400900191
10 1 174.86796801001628 747.237024650005
10 1 0.0 570.737252190007
10 1 0.0 569.9916374899904
10 1 732.4858117892181 1302.4455043495045
10 1 2451.8280685184945 3019.9895906300244
10 1 0.0 568.0447928648903
10 1 38.18731719000789 605.0611556100293
10 1 0.0 560.3852505399909
10 1 0.0 553.790455514008
10 1 0.0 548.217781600003
10 1 0.0 543.8103204499992
10 1 0.0 543.4212494699932
10 1 0.0 539.4329147052986
10 1 0.0 537.5633395899795
10 1 0.0 536.9503269099916
10 1 0.0 536.7192468891021
10 1 223.8293883955978 759.9351097919022
10 1 0.0 533.2647479999969
10 1 0.0 525.5257446256046
10 1 0.0 521.4103774445008
10 1 0.0 519.8562978335981
10 1 0.0 519.2217383399975
10 1 0.0 510.8201730158935
10 1 0.0 508.0987986899984
10 1 0.0 506.5930189883934
10 1 670.8760455659959 1173.4825506299983
10 1 0.0 500.11418011033675
10 1 0.0 497.83591047000107
10 1 0.0 493.7667894143999
10 1 0.0 490.788309723609
10 1 0.0 490.5671919900053
10 1 0.0 488.1170859699853
10 1 0.0 481.70924701209583
10 1 0.0 481.3685724610982
10 1 652.2231485200066 1132.2916894800135
10 1 0.0 480.06597136148207
10 1 0.0 477.6125054461122
10 1 0.0 473.7546720500404
10 1 0.0 472.9293949200119
10 1 0.0 472.7712596699937
10 1 616.1963069672931 1084.4052438074984
10 1 206.96247428999095 674.2683982000517
10 1 0.0 461.26281766440934
10 1 0.0 460.95051932841284
10 1 1208.7944066376303 1669.077745202586
10 1 0.0 459.2753451422999
10 1 0.0 456.9431983932007
10 1 0.0 454.21980981509705
10 1 0.0 452.7041286725032
10 1 0.0 451.670400719995
10 1 0.0 450.62325027999645
10 1 0.0 450.3507037776219
10 1 508.96049780885005 958.3675621123339
10 1 0.0 449.27084294481233
10 1 0.0 448.7586163599934
10 1 0.0 441.3790898825896
10 1 0.0 441.37601994362194
10 1 0.0 440.49943515999485
10 1 0.0 439.85570592270074
10 1 0.0 431.09631148999574
10 1 324.6892804701049 754.6840786076041
10 1 0.0 425.44955238750254
10 1 0.0 422.5884609067957
10 1 0.0 422.45761075760106
10 1 0.0 416.3653260924042
10 1 0.0 416.14540939249355
10 1 0.0 414.1281228496024
10 1 0.0 411.9854217723521
10 1 0.0 408.77665062719745
10 1 0.0 405.1602938900021
10 1 0.0 404.1595997152058
10 1 0.0 402.42542498622606
10 1 0.0 401.41680684095536
10 1 5947.705925059741 6348.824719457201
10 1 0.0 395.58771124001305
10 1 0.0 391.55811172200356
10 1 0.0 388.256093587495
10 1 0.0 386.74514663159835
10 1 0.0 383.08150109999815
10 1 0.0 381.36523453209793
10 1 0.0 379.6475703500048
10 1 0.0 379.62459114997864
10 1 0.0 379.34553327000503
10 1 0.0 377.40679731000046
10 1 0.0 375.94035837600165
10 1 0.0 372.65394813438525
10 1 0.0 369.44314885599783
10 1 0.0 369.37121256069247
10 1 0.0 369.3493549399959
10 1 66.77062035001597 427.32207987000163
10 1 0.0 359.44451530239985
10 1 23.488368666924885 380.80078258501817
10 1 0.0 356.61313597526987
10 1 2313.110211040031 2668.574961970027
10 1 0.0 354.3132771218807
10 1 0.0 354.25082190110084
10 1 0.0 351.265135559991
10 1 769.8131159707145 1120.3138892912225
10 1 0.0 348.7433444399969
10 1 0.0 347.0456934799954
10 1 0.0 345.2868309099099
10 1 0.0 343.58693411680565
10 1 272.4002934100042 615.6426147200018
10 1 0.0 343.1031320800157
10 1 1372.6650847923083 1707.2552900179076
10 1 0.0 333.40876450639826
10 1 0.0 329.5248655255996
10 1 0.0 327.3372214596038
10 1 6.756894510000365 333.50092316999985
10 1 0.0 326.4093445290988
10 1 0.0 323.1962107299971
10 1 0.0 321.6271582050002
10 1 0.0 321.56807763847974
10 1 0.0 320.6000350379951
10 1 0.0 314.1443713704991
10 1 0.0 313.0300354500041
10 1 0.0 312.7218267999772
10 1 0.0 312.6559662920024
10 1 0.0 309.9933919364962
10 1 0.0 309.15218939249075
10 1 0.0 308.2181223960865
10 1 0.0 307.9136613871942
10 1 391.3637173819907 696.1864154423965
10 1 0.0 304.16923136761443
10 1 0.0 302.90667391079955
10 1 0.0 300.77694295000805
10 1 0.0 300.22911482030383
10 1 287.56883946009975 586.2949523840033
10 1 0.0 297.9722693194906
10 1 0.0 297.7592739100013
10 1 905.6299010255934 1198.950788222799
10 1 1649.5554643785026 1942.8425818969044
10 1 0.0 292.95128172050613
10 1 0.0 292.86766443050874
10 1 0.0 289.7101690264002
10 1 0.0 288.5654001600037
10 1 0.0 286.14542143001427
10 1 0.0 284.80888935998337
10 1 0.0 284.2166340399899
10 1 1373.844928422498 1658.0367498600053
10 1 0.0 283.96700993839784
10 1 0.0 282.77533249638464
10 1 0.0 282.2822806388763
10 1 0.0 278.66310079798814
10 1 0.0 275.48219389679707
10 1 0.0 271.38304807998884
10 1 0.0 270.5687340848001
10 1 608.0114529199955 877.9844116400119
10 1 46.02266698304334 304.63301602112847
10 1 58.299552779998066 316.8699226799873
10 1 0.0 256.130036527589
10 1 80.11737083910953 334.70805524800926
10 1 0.0 253.67651360160426
10 1 0.0 252.45505702249852
10 1 0.0 252.25405021449956
10 1 0.0 251.96736983919072
10 1 1502.235841039971 1751.9509220099771
10 1 0.0 249.45577418999164
10 1 0.0 249.22332319999487
10 1 0.0 249.2125960346009
10 1 0.0 248.91756177002026
10 1 2.653682390002359 250.77112326000133
10 1 0.0 247.4978911806886
10 1 0.0 246.68785063998553
10 1 11.572276767602261 258.2402854963989
10 1 0.0 245.45015990999036
10 1 0.0 244.98819309000828
10 1 0.0 244.43251238749042
10 1 0.0 239.45843108066128
10 1 0.0 238.1284679576038
10 1 0.0 234.71739167999988
10 1 0.0 233.29099706160014
10 1 0.0 231.52899274888978
10 1 0.0 230.178767604702
10 1 0.0 229.94731822999285
10 1 0.0 228.54016092159486
10 1 0.0 227.8679872699879
10 1 20.763003280012526 247.56955487999358
10 1 0.0 225.83926325399352
10 1 0.0 224.22485810000063
10 1 95.33891869200102 317.03884186080654
10 1 0.0 221.1946387124924
10 1 0.0 219.79898306000064
10 1 0.0 219.52156438319616
10 1 0.0 219.51989668800002
10 1 720.298263470007 939.6510962700013
10 1 0.0 218.5245829365008
10 1 82.43422865999332 300.9536465599957
10 1 0.0 215.04608458840806
10 1 1498.2143393844099 1711.875175357597
10 1 721.5237735367718 934.2091085301372
10 1 0.0 212.58669943650193
10 1 0.0 205.40066846649563
10 1 0.0 204.49096446149952
10 1 0.0 203.1849494620019
10 1 0.0 202.78068887249947
10 1 0.0 202.25211473040008
10 1 8.8122943472016 208.05452191850043
10 1 0.0 196.74428484849977
10 1 24.441651999984515 218.5422014299777
10 1 0.0 193.50921051800276
10 1 0.0 192.6116230500014
10 1 0.0 192.41540345000402
10 1 0.0 192.12264843038884
10 1 1283.2634788400737 1473.8540028154043
10 1 0.0 190.47771496000217
10 1 801.4903771704742 991.9065778276679
10 1 0.0 189.7541628143954
10 1 0.0 188.88438629999473
10 1 0.0 186.0201588200149
10 1 0.0 185.40154602439713
10 1 116.4756812499968 299.23266327001625
10 1 0.0 182.43926195000995
10 1 0.0 181.99056286998484
10 1 251.76229627806856 433.23610368314985
10 1 0.0 179.3987153846075
10 1 0.0 177.6988097999996
10 1 0.0 177.66730234799752
10 1 0.0 175.4572345974991
10 1 19.161255713614196 194.31368687210738
10 1 0.0 171.02872903999923
10 1 0.0 170.5187537999882
10 1 0.0 169.2393585599848
10 1 0.0 169.15511576250015
10 1 0.0 166.7887832600013
10 1 0.0 166.68403281870383
10 1 0.0 164.70464034995712
10 1 0.0 162.5613309871183
10 1 0.0 162.2083838024912
10 1 0.0 160.7719467900058
10 1 0.0 159.83742889269297
10 1 86.64027524999551 245.59822156559062
10 1 1049.099685389992 1206.3436658600035
10 1 0.0 156.639376716407
10 1 0.0 155.05439328001262
10 1 0.0 154.9075272160037
10 1 0.0 154.0834494944985
10 1 102.42871155120224 255.49111441289097
10 1 0.0 152.38127462229912
10 1 0.0 151.47649570000283
10 1 0.0 150.54225615000155
10 1 0.0 149.9107427800177
10 1 0.0 149.38519846001236
10 1 0.0 148.68516849999457
10 1 0.0 146.31998302240112
10 1 0.0 145.94941915350591
10 1 0.0 145.85522059085736
10 1 0.0 145.79294365439148
10 1 0.0 145.0418365470921
10 1 0.0 141.35674242977348
10 1 143.8059838847994 284.6282617368023
10 1 0.0 139.5281382164976
10 1 0.0 138.95818489240514
10 1 0.0 138.1187162899945
10 1 0.0 138.00431129829667
10 1 0.0 137.6130381400052
10 1 0.0 136.17375925950546
10 1 0.0 133.6037706870984
10 1 0.0 133.49932741999226
10 1 0.0 132.66792601000287
10 1 80.27589760761157 211.9736975200026
10 1 0.0 131.08269520999602
10 1 0.0 129.13798792889565
10 1 0.0 127.12315980000187
10 1 755.7114863301463 882.6997893763216
10 1 0.0 125.41544046631225
10 1 0.0 124.48893424519974
10 1 0.0 121.22185963000356
10 1 0.0 121.19605499997579
10 1 0.0 121.14197401600586
10 1 0.0 119.7616206100032
10 1 0.0 119.55195385248498
10 1 0.0 116.23952202089936
10 1 0.0 113.50442525000216
10 1 0.0 113.25819656510384
10 1 0.0 112.44192343999896
10 1 0.0 112.0555185911985
10 1 0.0 110.64695486200276
10 1 0.0 110.53649059889904
10 1 0.0 109.23026103359905
10 1 0.0 108.77455175999285
10 1 0.0 108.27281200000539
10 1 54.8488947375962 162.7756920012032
10 1 0.0 106.6000161500981
10 1 0.0 106.48844749000023
10 1 0.0 105.8671049315974
10 1 0.0 104.2793680399983
10 1 0.0 103.52189736750154
10 1 0.0 102.37108044999763
10 1 0.0 101.31223647000866
10 1 522.2913780236152 622.8238861436143
10 1 0.0 100.49360400998376
10 1 0.0 100.05058944000052
10 1 0.0 95.90112322240029
10 1 107.80077136530008 202.99310740920487
10 1 0.0 91.47782682999946
10 1 0.0 91.18680468542823
10 1 0.0 89.8334102828992
10 1 0.0 88.00610500000266
10 1 0.0 87.17376530998717
10 1 0.0 86.84070082000892
10 1 0.0 84.30188746990052
10 1 0.0 83.69218890945689
10 1 1422.5685148875036 1505.6097858275002
10 1 0.0 82.79045252761148
10 1 471.65700302999414 554.2854958599985
10 1 0.0 81.84872261519962
10 1 819.6929440655977 901.3450616604005
10 1 0.0 80.33058754120543
10 1 0.0 79.65359160999128
10 1 0.0 79.39398183909452
10 1 0.0 79.01325656641302
10 1 0.0 78.04648443929835
10 1 0.0 77.40057257989838
10 1 0.0 76.91209931199751
10 1 0.0 75.97438309959949
10 1 0.0 75.48723124000708
10 1 0.0 74.30398156520062
10 1 161.04043293000268 235.10370476999447
10 1 0.0 73.76790927999627
10 1 0.0 71.95640652880229
10 1 10.33641674000205 81.76480000000674
10 1 0.0 71.01306661200158
10 1 0.0 69.8978156860021
10 1 0.0 68.75438688800043
10 1 0.0 67.42218706389883
10 1 0.0 67.35341514999789
10 1 0.0 66.32684481960342
10 1 0.0 65.63314628639921
10 1 0.0 65.19041016999881
10 1 266.65647643850116 331.61741571880566
10 1 0.0 63.256206056498954
10 1 0.0 62.576042709994454
10 1 0.0 58.66224163999317
10 1 0.0 58.36685758507383
10 1 0.0 55.73033143400721
10 1 0.0 55.39708307550052
10 1 1671.4070180000317 1725.4142414100088
10 1 144.18861457002413 197.95823744003883
10 1 0.0 52.9917447716
10 1 533.3229893300013 585.1183809600097
10 1 0.0 51.7562193480112
10 1 0.0 51.368056091099334
10 1 0.0 51.32340543750661
10 1 0.0 50.58303157999261
10 1 0.0 47.00620097309593
10 1 0.0 46.80654643650087
10 1 730.211240467296 776.6932653080939
10 1 0.0 46.10804158250653
10 1 0.0 45.56134695000452
10 1 38.52742332639548 83.70245628250154
10 1 0.0 44.634339802501984
10 1 20.008740110000872 64.54473934001226
10 1 0.0 43.86299982409582
10 1 0.0 42.69503055959672
10 1 291.6035427900115 333.72280912000815
10 1 0.0 40.260896037499265
10 1 175.26191452000222 215.34945145440213
10 1 0.0 39.09475548919704
10 1 0.0 37.54900010000253
10 1 0.0 37.26120075000472
10 1 49.099548642002674 85.98790167360215
10 1 168.66551682670536 205.35254228840188
10 1 357.9694007449016 393.5528103428969
10 1 0.0 33.81161488119784
10 1 0.0 33.60670942880171
10 1 0.0 33.30038152961049
10 1 0.0 31.929763370000728
10 1 0.0 31.8992047099955
10 1 0.0 31.64837312000037
10 1 0.0 31.58758509440463
10 1 146.95388403999596 178.49731422850823
10 1 1410.8524416743958 1441.5712202843984
10 1 318.8276361604019 349.3430782995939
10 1 0.0 30.0429202899968
10 1 0.0 29.939268779502527
10 1 0.0 26.89121859670513
10 1 0.0 26.557999335997692
10 1 0.0 26.411423159990136
10 1 343.8950451599917 369.1453518399976
10 1 994.145258849979 1016.4655939100021
10 1 0.0 20.91634170997736
10 1 58.178991959991436 78.02159950000168
10 1 0.0 19.097734442497085
10 1 0.0 17.86985031999393
10 1 51.644238657492906 68.3994630524137
10 1 62.4496719655981 79.05417042959812
10 1 0.0 15.128762629998619
10 1 0.0 13.828865259997656
10 1 97.33327750199544 110.62039414199916
10 1 148.27486763879915 160.66456866049657
10 1 0.0 12.300339002700184
10 1 25.474027655999294 37.097165098000914
10 1 0.0 10.072286262000489
10 1 0.0 9.544195419993002
10 1 0.0 9.51371976000047
10 1 0.0 8.39508293000327
10 1 204.66582307547287 212.8260103642815
10 1 146.28879354669562 154.00593484529622
10 1 1421.602959915981 1429.0437534367811
10 1 0.0 4.317641750002849
10 1 0.0 3.9120618194874623
10 1 0.0 2.6236624206139822
10 1 50.99552924001307 52.193846777606495
10 1 21.910374841990688 23.05825561520146
10 1 93.75810215999672 94.75255722002044
10 1 0.0 0.42867697000212956
10 0 0.0 inf
# COVID_SAMPLE_6_ROI_3
11 1 0.0 10048.927592929973
11 1 0.0 9416.178259202004
11 1 0.0 5194.198452958099
11 1 0.0 4319.750825407009
11 1 0.0 4028.849960762186
11 1 0.0 3830.8194581832145
11 1 0.0 3478.0353699099996
11 1 0.0 3357.3579303600277
11 1 0.0 2915.640607516564
11 1 1210.003539987411 4093.707751171192
11 1 0.0 2805.7260102399805
11 1 2304.44153214562 5060.818921506592
11 1 0.0 2673.302708989995
11 1 0.0 2634.242044510012
11 1 0.0 2485.9679427899955
11 1 0.0 2461.7012292279096
11 1 0.0 2452.2714433864035
11 1 0.0 2307.996960411606
11 1 0.0 2238.955242555586
11 1 0.0 2219.5704404568987
11 1 0.0 2174.3697948332338
11 1 0.0 2043.234299657397
11 1 0.0 1981.9751649183045
11 1 0.0 1918.623168751495
11 1 0.0 1907.1487235843074
11 1 0.0 1882.5428460116068
11 1 0.0 1881.9026784342243
11 1 0.0 1782.7392135899786
11 1 0.0 1756.4880839599923
11 1 0.0 1720.4486329066644
11 1 0.0 1718.6513411944043
11 1 0.0 1588.0287251044883
11 1 0.0 1577.6839362384949
11 1 180.20903439999734 1739.349799949988
11 1 0.0 1526.8474734431204
11 1 0.0 1495.4232479199943
11 1 0.0 1472.0952838432083
11 1 0.0 1463.044122440102
11 1 0.0 1373.7942819270029
11 1 0.0 1349.5148464720041
11 1 0.0 1335.2413735599937
11 1 0.0 1328.1601924528047
11 1 0.0 1293.694498588513
11 1 0.0 1280.244567004004
11 1 0.0 1278.1871766811905
11 1 0.0 1267.6620684900051
11 1 0.0 1221.6823943619884
11 1 0.0 1173.6033453899768
11 1 0.0 1164.640392752397
11 1 180.44418765439673 1314.6137177000082
11 1 0.0 1131.8994538899983
11 1 0.0 1096.1104971936002
11 1 0.0 1073.372552627071
11 1 0.0 1071.4261898939885
11 1 0.0 1064.155531475708
11 1 0.0 1057.9910356056103
11 1 0.0 1057.1514701399997
11 1 0.0 1027.7794331599925
11 1 0.0 1019.0536270080975
11 1 0.0 1006.3918587304956
11 1 0.0 1002.5692312225126
11 1 0.0 996.0795396964008
11 1 0.0 994.541898700395
11 1 0.0 991.3210704084017
11 1 0.0 990.3780801960004
11 1 0.0 968.4138657795033
11 1 0.0 965.1010788623976
11 1 0.0 956.9815514000079
11 1 0.0 944.0579950081012
11 1 0.0 938.2696076955037
11 1 0.0 930.5452829183985
11 1 37.13304572247989 966.1294276175001
11 1 0.0 925.0252189449002
11 1 0.0 921.5025994736998
11 1 0.0 915.9100607147004
11 1 0.0 897.0024750915713
11 1 0.0 893.0361993663992
11 1 0.0 855.9420604524844
11 1 0.0 855.8991038451071
11 1 0.0 840.0276109257115
11 1 128.52158237760068 957.7852324991973
11 1 144.15607478999573 965.7659193500094
11 1 0.0 820.6576943881029
11 1 0.0 812.6768882525032
11 1 2332.229188890035 3131.761562070042
11 1 369.82829396600005 1149.6278077699899
11 1 0.0 777.3539110905053
11 1 0.0 776.2272491531069
11 1 0.0 775.2965825461112
11 1 0.0 761.4572908736026
11 1 0.0 756.6391809525003
11 1 0.0 754.5737449996063
11 1 0.0 742.5331556330827
11 1 0.0 740.3589831104027
11 1 0.0 739.1916131921255
11 1 0.0 731.3659312474988
11 1 0.0 730.6292284125025
11 1 0.0 724.2109998534849
11 1 0.0 722.8169374091972
11 1 0.0 707.0956745622973
11 1 0.0 694.4555246948983
11 1 0.0 685.7290184503952
11 1 0.0 682.3512386424993
11 1 0.0 681.2319488699936
11 1 0.0 678.7585449977632
11 1 0.0 675.7613671879926
11 1 109.79433419311135 782.590228510604
11 1 0.0 669.5607910799954
11 1 0.0 668.9519152283904
11 1 0.0 658.2094568799953
11 1 0.0 656.473077024094
11 1 0.0 655.2111335376983
11 1 0.0 653.7426456131766
11 1 884.880726781992 1534.6011888840658
11 1 0.0 642.886782860403
11 1 0.0 638.0803567999974
11 1 0.0 635.9353090025086
11 1 0.0 633.3801230499948
11 1 0.0 631.4845415748928
11 1 0.0 623.9408136800007
11 1 0.0 621.3979925920044
11 1 0.0 611.466142549989
11 1 0.0 610.2275356225014
11 1 0.0 609.1594630300007
11 1 0.0 608.0597780109024
11 1 0.0 606.8578392492079
11 1 0.0 604.658700549994
11 1 41.59656467799459 645.8711832932704
11 1 0.0 601.5849503640001
11 1 0.0 599.2847036764092
11 1 0.0 597.4516999999992
11 1 0.0 593.3006559776095
11 1 0.0 586.9449704824806
11 1 0.0 586.5712465499962
11 1 0.0 578.5171341699988
11 1 0.0 576.2431745419908
11 1 0.0 576.229873279992
11 1 0.0 569.7768226655012
11 1 0.0 569.7574591987006
11 1 0.0 566.9117968925085
11 1 0.0 562.8782626260022
11 1 0.0 562.2721658452112
11 1 0.0 560.6779671317017
11 1 0.0 557.204329684489
11 1 0.0 541.9917339536096
11 1 0.0 540.1322981873038
11 1 175.05421421000642 714.0071374408042
11 1 0.0 538.0201688377131
11 1 0.0 535.5944639431971
11 1 0.0 535.2433203935893
11 1 0.0 530.1030461500006
11 1 0.0 529.6358249300009
11 1 0.0 521.9791293374965
11 1 0.0 521.586847109998
11 1 0.0 516.1522108923291
11 1 0.0 510.93415258740424
11 1 0.0 510.8718334799935
11 1 363.17290789230174 868.8944578632022
11 1 0.0 504.7578502043971
11 1 6.356520500002148 509.2470931007987
11 1 0.0 502.417124434097
11 1 0.0 502.06735226999695
11 1 0.0 501.9024971199815
11 1 0.0 500.45702948519374
11 1 0.0 498.34004073849997
11 1 0.0 496.9315184437005
11 1 0.0 492.3487830099825
11 1 0.0 490.5020444599952
11 1 190.4372296699944 672.5562847215913
11 1 0.0 480.12462793679197
11 1 0.0 478.8226699642994
11 1 0.0 477.1103356800036
11 1 209.67122806510042 686.4149384532002
11 1 0.0 475.2320360918916
11 1 0.0 474.5842135136927
11 1 0.0 472.6210493690105
11 1 10.537285832703333 479.75827399040156
11 1 0.0 469.0516786072044
11 1 0.0 467.1371313011997
11 1 0.0 456.6224104924022
11 1 106.17020515000127 557.448328879994
11 1 0.0 451.184670080002
11 1 0.0 445.2411235799823
11 1 0.0 442.3445255399977
11 1 34.332329040004424 474.1729485600165
11 1 0.0 436.7534462805006
11 1 0.0 433.57224383836956
11 1 0.0 432.80365929250206
11 1 0.0 427.50857365000525
11 1 0.0 425.4095846680077
11 1 0.0 424.2833324115012
11 1 0.0 422.7464668157004
11 1 0.0 417.7050445199927
11 1 0.0 416.014604479999
11 1 90.7559436899993 495.80712094360683
11 1 0.0 404.6055768659951
11 1 0.0 403.7321085935895
11 1 0.0 396.7025700180093
11 1 0.0 396.5041192724897
11 1 265.8115362111075 657.5350149940041
11 1 0.0 391.03539670000396
11 1 0.0 388.33017640998924
11 1 0.0 388.2829598399983
11 1 0.0 388.0531733064072
11 1 0.0 385.2443653923993
11 1 0.0 384.97649344746014
11 1 0.0 383.66296028559645
11 1 0.0 381.7194897000003
11 1 0.0 381.6469949600041
11 1 0.0 381.41997275729955
11 1 0.0 377.58889195806114
11 1 0.0 373.58680256769594
11 1 95.15783300999937 462.8296700171895
11 1 0.0 366.9584099827189
11 1 0.0 366.4835377499893
11 1 0.0 365.966134313604
11 1 0.0 365.48484149400656
11 1 0.0 365.3824647524016
11 1 0.0 360.7644634075964
11 1 0.0 359.9827931599957
11 1 0.0 358.82235936309235
11 1 0.0 357.4400499600027
11 1 0.0 357.18434514000364
11 1 0.0 355.4568824433404
11 1 0.0 354.93851385000175
11 1 0.0 354.36129304998974
11 1 0.0 352.4542001884124
11 1 0.0 349.9899824500046
11 1 0.0 348.09902399749666
11 1 0.0 347.5595240457992
11 1 0.0 345.11992991573527
11 1 0.0 343.98232464000347
11 1 0.0 343.5625242443998
11 1 0.0 342.103029126004
11 1 0.0 342.1024080959876
11 1 105.0862698070755 445.6274796131993
11 1 0.0 340.20454758999676
11 1 74.31686077839612 412.866671582201
11 1 0.0 337.1137758800024
11 1 0.0 335.14056302840606
11 1 0.0 334.01400608909535
11 1 0.0 333.28609623999864
11 1 0.0 332.15980693250503
11 1 0.0 332.1585994263976
11 1 0.0 332.15833019749834
11 1 0.0 331.48030897948513
11 1 0.0 331.2273409799993
11 1 0.0 330.16043930249464
11 1 0.0 329.2337091574998
11 1 0.0 328.54933882000205
11 1 0.0 327.1957482499947
11 1 0.0 327.06471590559795
11 1 0.0 326.01120514159686
11 1 0.0 323.135612429993
11 1 0.0 322.3593613005023
11 1 78.45427399997698 398.99206352800957
11 1 0.0 320.3631963590959
11 1 0.0 317.9288795484042
11 1 0.0 317.84974676831644
11 1 0.0 317.24466924160527
11 1 138.19738181499963 449.04426334189236
11 1 0.0 310.0267486607869
11 1 0.0 307.2716051456025
11 1 0.0 303.8330239399952
11 1 0.0 298.88501105271735
11 1 0.0 298.0473910204046
11 1 0.0 296.74810154609975
11 1 0.0 296.61619772800475
11 1 0.0 294.664868600001
11 1 0.0 293.8691506830978
11 1 0.0 293.5255505690866
11 1 0.0 286.57311337920066
11 1 0.0 286.3710981200188
11 1 0.0 286.0793453024919
11 1 0.0 285.12123331999555
11 1 0.0 283.0815430816024
11 1 0.0 281.352810560002
11 1 0.0 280.63712467520145
11 1 0.0 273.1905508827999
11 1 0.0 273.0366370299987
11 1 0.0 271.9062142814937
11 1 0.0 267.0471261588011
11 1 167.965302604797 433.3387574939993
11 1 0.0 264.6022167199991
11 1 0.0 263.8375791135936
11 1 0.0 261.11238696359874
11 1 0.0 260.84548487829784
11 1 0.0 259.6310486399997
11 1 0.0 257.02227818750055
11 1 0.0 256.3683107115173
11 1 0.0 253.8757370968985
11 1 0.0 252.8592949099949
11 1 32.71241909520006 283.7188185704956
11 1 0.0 249.3092346512021
11 1 0.0 248.28446868399192
11 1 0.0 241.7595560275024
11 1 0.0 240.90091915199991
11 1 0.0 236.82762942999443
11 1 0.0 235.06228088760963
11 1 0.0 233.94602792959995
11 1 0.0 233.5441857936005
11 1 0.0 233.52429407240095
11 1 0.0 233.3565491543975
11 1 0.0 232.37748532000313
11 1 0.0 230.79409320681134
11 1 0.0 230.5971501594995
11 1 377.63742420639846 607.9714593043923
11 1 0.0 229.6358791831908
11 1 0.0 229.4910800223015
11 1 594.9562907156997 823.1882129271971
11 1 0.0 226.83441848999246
11 1 0.0 226.63344519519876
11 1 0.0 225.47575127770426
11 1 0.0 223.5645684422925
11 1 0.0 223.38586382369272
11 1 0.0 222.21891805000524
11 1 136.22177538449023 357.998670149992
11 1 0.0 219.94874217749816
11 1 0.0 218.2168489682913
11 1 0.0 217.97080842399924
11 1 0.0 214.35514091969412
11 1 248.14680293000856 462.467777438404
11 1 0.0 213.45627679999848
11 1 0.0 211.8749358200049
11 1 0.0 211.6912607780938
11 1 0.0 210.3773228835969
11 1 0.0 208.0669231289413
11 1 146.426085720502 354.31366536921973
11 1 817.9000906741048 1020.1615564906774
11 1 0.0 201.13897027999883
11 1 0.0 200.23228383279604
11 1 0.0 198.99369861190064
11 1 0.0 198.36108753999792
11 1 25.884664258799944 222.47829512359658
11 1 0.0 194.04698769119454
11 1 0.0 193.98826998269226
11 1 0.0 193.71905535000155
11 1 0.0 192.66775454230537
11 1 0.0 191.15755108000064
11 1 0.0 190.4352542392012
11 1 0.0 189.25300073760204
11 1 25.434542539994254 214.2641963392034
11 1 0.0 186.7231039999965
11 1 0.0 186.52618079800254
11 1 0.0 185.64478275250326
11 1 0.0 185.10022543683135
11 1 0.0 183.6890068139985
11 1 249.1266946384044 432.00471733000927
11 1 0.0 180.80237633250016
11 1 0.0 180.24786493799994
11 1 0.0 178.27232496000806
11 1 0.0 175.5469164799988
11 1 0.0 175.5184392539984
11 1 0.0 175.43796678130013
11 1 493.09210387143867 668.4233790237608
11 1 0.0 175.0623513179982
11 1 44.46312124610267 219.39374181050562
11 1 0.0 173.61520054292419
11 1 0.0 173.29661066679773
11 1 85.01325783666016 258.01200065135777
11 1 193.4509807474958 366.36801408289534
11 1 0.0 171.03824447840367
11 1 0.0 170.5331588088627
11 1 0.0 170.4715349291323
11 1 0.0 170.09752087999607
11 1 0.0 167.51885923599548
11 1 0.0 166.49718921329304
11 1 0.0 165.86220554949432
11 1 0.0 163.96897318995548
11 1 0.0 163.42262745550488
11 1 0.0 162.36901223999882
11 1 0.0 162.22213202200282
11 1 0.0 160.86390572439723
11 1 300.07481286270104 459.9587841905018
11 1 0.0 155.80522658001837
11 1 0.0 154.62178373249617
11 1 0.0 153.76085723840038
11 1 33.231782416001465 185.66558945399834
11 1 0.0 152.2005308184002
11 1 0.0 151.08357477599748
11 1 0.0 148.7180431572005
11 1 0.0 145.29568299040466
11 1 0.0 145.02831254750015
11 1 0.0 144.51178145160208
11 1 0.0 142.76013882050063
11 1 0.0 142.3942715974979
11 1 0.0 138.58802015759989
11 1 0.0 138.302771087495
11 1 0.0 134.74519615001577
11 1 221.34811670001636 355.63617247999355
11 1 0.0 132.45063685050604
11 1 0.0 131.222213947201
11 1 0.0 128.6987794016062
11 1 0.0 127.60736985989752
11 1 0.0 127.43491162110115
11 1 0.0 126.83759155750516
11 1 0.0 124.67297636999666
11 1 0.0 124.56462949800886
11 1 0.0 124.45929749520201
11 1 752.2946569299938 876.4586754499924
11 1 0.0 123.73778552999579
11 1 0.0 122.85038648000213
11 1 175.33434304099387 297.662353045989
11 1 0.0 120.15785392469775
11 1 0.0 119.84782332070097
11 1 0.0 119.13281670959879
11 1 0.0 117.08577365800033
11 1 0.0 115.75935935998291
11 1 0.0 113.38130257799435
11 1 0.0 113.10122350080565
11 1 138.74752916910484 245.96276049000028
11 1 0.0 107.06669616570673
11 1 0.0 106.08393581169571
11 1 0.0 105.88562920999505
11 1 0.0 102.44055479649978
11 1 0.0 102.36818732250515
11 1 0.0 101.81067235589444
11 1 0.0 100.82673343200054
11 1 0.0 100.5557763700076
11 1 0.0 100.36064652000516
11 1 0.0 100.35104144249539
11 1 65.01502187640017 164.7229946084026
11 1 0.0 99.68283491250986
11 1 0.0 99.62413791999973
11 1 0.0 99.30666405610282
11 1 3.0416874999998527 101.66670558989858
11 1 0.0 97.11327497349475
11 1 0.0 96.06574807629897
11 1 249.89478273900409 345.79557450150276
11 1 0.0 92.46576734009602
11 1 0.0 90.83928160001062
11 1 127.73817366321009 218.2033067966006
11 1 0.0 90.08005383749963
11 1 0.0 89.32401050870249
11 1 0.0 88.47349145770477
11 1 0.0 86.83758472478212
11 1 0.0 86.64141690259987
11 1 0.0 85.63466445868565
11 1 0.0 85.3017379566412
11 1 130.4509295743992 215.1045493103918
11 1 0.0 82.67672502360676
11 1 0.0 82.25731166999867
11 1 0.0 81.08387611549927
11 1 0.0 78.36608075000049
11 1 0.0 76.82294155959926
11 1 0.0 74.20756188839835
11 1 0.0 73.79173340750174
11 1 0.0 73.4363811024989
11 1 0.0 70.18202728199708
11 1 71.11420909889296 140.5831261729022
11 1 0.0 68.94377852400339
11 1 0.0 68.19273957929545
11 1 0.0 67.73637913169068
11 1 0.0 67.32178301999892
11 1 0.0 67.03299254250237
11 1 263.6757326272 330.2507493305011
11 1 0.0 64.79067215799648
11 1 0.0 64.72419322690666
11 1 0.0 63.606898702899684
11 1 145.48291478209626 207.64649142089877
11 1 73.4541209146978 135.4884514098967
11 1 0.0 60.42399067000042
11 1 0.0 60.34365812070337
11 1 0.0 58.951877811897134
11 1 16.660054550001632 73.60592159999885
11 1 112.12748059038677 169.00648296999634
11 1 55.63770324001416 112.11642298240736
11 1 0.0 55.32586881910413
11 1 0.0 54.30389864250549
11 1 0.0 53.71102947000554
11 1 102.63932670000327 155.25328613999443
11 1 0.0 52.09812175749812
11 1 0.0 51.788227645093
11 1 0.0 48.88303006377578
11 1 0.0 47.32835331899946
11 1 0.0 47.184829182800996
11 1 0.0 42.75509067930341
11 1 0.0 42.67547613080842
11 1 0.0 41.318445247195996
11 1 106.801182552 147.774957215997
11 1 197.20106903879605 237.8630626899918
11 1 189.48265690198787 228.89550210079597
11 1 0.0 39.01074895999864
11 1 0.0 38.58072566249848
11 1 0.0 36.149713153198604
11 1 0.0 35.19052147001389
11 1 0.0 34.898743498708654
11 1 0.0 34.47568204250001
11 1 2.3122316756049486 36.20539280870298
11 1 0.0 33.80529091549738
11 1 0.0 32.869868462000284
11 1 0.0 31.807608208003217
11 1 628.8118176596104 660.4198183256087
11 1 0.0 30.519193997197362
11 1 0.0 29.317103884101698
11 1 0.0 28.653497162471695
11 1 0.0 28.087264414503124
11 1 0.0 27.58732567289917
11 1 0.0 26.715549402098972
11 1 25.36164092039803 52.03349868720238
11 1 0.0 26.33274495000478
11 1 0.0 25.583367491201443
11 1 0.0 25.529571492529783
11 1 0.0 23.775541865997866
11 1 39.829208610001075 63.40817899000122
11 1 0.0 23.445785991502987
11 1 238.57982907800806 261.84357908089714
11 1 0.0 22.685154142506235
11 1 1.9927321176899113 24.156536421995497
11 1 0.0 22.00193033930327
11 1 0.0 21.623187625095
11 1 4532.146693239993 4553.336668863098
11 1 0.0 20.968482833095777
11 1 0.0 19.71416634679872
11 1 0.0 17.977410737501145
11 1 0.0 16.668492930903312
11 1 0.0 15.508346685261131
11 1 0.0 14.543382902399685
11 1 0.0 14.102264470000591
11 1 0.0 13.852524543992217
11 1 0.0 13.617205000001604
11 1 299.0687219799992 311.07902263000125
11 1 0.0 11.926801562499804
11 1 151.27749649560224 162.56829302570577
11 1 0.0 10.775762268792732
11 1 524.5733828156981 534.9619369380011
11 1 0.0 10.317561049304459
11 1 0.0 10.314428267597862
11 1 0.0 9.110693760003187
11 1 0.0 7.7384098099933
11 1 0.0 7.3936812591956595
11 1 116.7356884351982 122.99613871999759
11 1 0.0 5.581127095999818
11 1 0.0 5.306001622397275
11 1 0.0 3.8891000987986217
11 1 40.641051442494245 41.95747991249891
11 1 0.0 0.5186718400050268
11 0 0.0 inf
# COVID_SAMPLE_6_ROI_1
12 1 0.0 12824.1151481001
12 1 0.0 8821.273420628408
12 1 0.0 7145.371123132392
12 1 273.323229411194 7092.762193060102
12 1 0.0 4668.617879442394
12 1 0.0 4617.242141597401
12 1 0.0 4408.037139559987
12 1 320.7599990737981 4532.058123896006
12 1 0.0 4117.328448732603
12 1 0.0 3885.4980072539947
12 1 0.0 3870.2918913909
12 1 0.0 3675.8583664700077
12 1 481.97143415551 4080.348114774799
12 1 0.0 3586.429145938
12 1 0.0 3503.679498252298
12 1 0.0 3474.340343447201
12 1 0.0 3241.252959999978
12 1 0.0 3132.8087292495775
12 1 0.0 3024.094446269999
12 1 622.4227102495079 3554.8328823284046
12 1 0.0 2828.4055535939847
12 1 0.0 2798.0746620836076
12 1 0.0 2690.590241348399
12 1 0.0 2635.7375701100045
12 1 0.0 2580.581619759498
12 1 0.0 2406.5830140699863
12 1 956.1307091400195 3318.8261044499923
12 1 0.0 2356.338176090802
12 1 0.0 2314.409758576011
12 1 0.0 2260.481432009987
12 1 0.0 2209.567217041499
12 1 0.0 2140.331574312503
12 1 0.0 2090.9946240247955
12 1 0.0 2082.5078545299766
12 1 0.0 2049.2905719292007
12 1 0.0 1951.3854303999933
12 1 0.0 1904.8569130624946
12 1 43.256886128000055 1942.9338744350953
12 1 0.0 1856.0187715499867
12 1 0.0 1837.7815852125113
12 1 0.0 1813.8062994723985
12 1 0.0 1805.3021825163983
12 1 0.0 1766.708395826001
12 1 0.0 1677.8768493413027
12 1 0.0 1653.1467052400017
12 1 0.0 1576.9582657685
12 1 0.0 1545.7640030608518
12 1 0.0 1517.2503653399904
12 1 0.0 1513.3253669859928
12 1 0.0 1502.9668256684954
12 1 0.0 1493.6355260832968
12 1 0.0 1442.0319008371998
12 1 66.73038765269848 1422.0934722834927
12 1 0.0 1330.856944807707
12 1 0.0 1309.442111789981
12 1 0.0 1236.0130750087942
12 1 311.0249031025478 1520.2407623216907
12 1 0.0 1205.250892453214
12 1 222.1904666099872 1425.7876011440035
12 1 0.0 1200.4412165576011
12 1 0.0 1193.4632458999945
12 1 0.0 1192.7432797344036
12 1 0.0 1164.9189993500004
12 1 0.0 1126.8484975872043
12 1 0.0 1124.3514671919988
12 1 0.0 1122.636848651323
12 1 490.2197231175023 1589.45231191711
12 1 325.14160855890896 1418.4251359179802
12 1 0.0 1083.9129045765017
12 1 221.43244703560066 1303.0205855948052
12 1 0.0 1079.9760144675988
12 1 0.0 1071.8628006613076
12 1 0.0 1057.3918521919982
12 1 0.0 1053.7711215299905
12 1 0.0 1053.5976958928973
12 1 0.0 1047.2641903448998
12 1 945.9604496576039 1982.798500799895
12 1 0.0 1034.0514679803046
12 1 0.0 1031.4971747999998
12 1 0.0 1009.085787582392
12 1 0.0 989.7600365331934
12 1 0.0 987.3874689034956
12 1 0.0 982.2582733252013
12 1 0.0 977.8733928080019
12 1 0.0 976.5023660159966
12 1 0.0 961.6253029127356
12 1 1125.857645187507 2080.7851126271053
12 1 0.0 952.7899685576044
12 1 0.0 950.9894718025014
12 1 0.0 944.6466474735998
12 1 0.0 943.591731918541
12 1 0.0 938.2681302664982
12 1 0.0 937.7857049601012
12 1 0.0 936.851028750006
12 1 0.0 929.8473663200086
12 1 0.0 926.5941569035958
12 1 0.0 921.0317660724122
12 1 0.0 920.5193756184776
12 1 0.0 914.7737883423843
12 1 0.0 907.9826512799946
12 1 0.0 899.080979539197
12 1 0.0 884.8457129231992
12 1 167.71954491600104 982.3604803431992
12 1 0.0 807.368301315297
12 1 0.0 784.2912272578575
12 1 0.0 774.3491436591958
12 1 0.0 753.5687154291994
12 1 0.0 752.451558932496
12 1 0.0 734.2872306701017
12 1 0.0 729.0556223743881
12 1 0.0 719.0176346979069
12 1 0.0 716.4782039479824
12 1 0.0 704.235951506003
12 1 0.0 701.6825886659899
12 1 0.0 696.9190441095056
12 1 0.0 696.0925305909036
12 1 0.0 694.3373676711876
12 1 0.0 684.505447170025
12 1 675.5516139999063 1347.4571650219577
12 1 0.0 666.0136386509989
12 1 0.0 654.4900796295958
12 1 0.0 647.4390387599867
12 1 0.0 646.2818831727991
12 1 0.0 642.5010561898209
12 1 0.0 635.7453982789043
12 1 0.0 629.8946119467032
12 1 0.0 628.0727845783933
12 1 0.0 622.6722882999989
12 1 1732.2132139559976 2351.3048568935833
12 1 0.0 615.1860054835033
12 1 0.0 610.4865427828099
12 1 0.0 606.0879175460977
12 1 0.0 604.2788154209986
12 1 0.0 603.2196651375048
12 1 0.0 600.3970434544017
12 1 161.54670633000512 758.5511260800088
12 1 0.0 594.9309446975979
12 1 0.0 584.5392322384532
12 1 0.0 580.421265959993
12 1 38.47215931999153 617.9185482700177
12 1 0.0 578.5918340087949
12 1 0.0 575.0670145712875
12 1 0.0 565.509944462902
12 1 0.0 564.2726896506956
12 1 414.9365874303933 957.8799054704987
12 1 0.0 538.0394362799943
12 1 0.0 537.4385375520012
12 1 0.0 537.0970552096146
12 1 24.606643480800074 560.5460921851959
12 1 0.0 534.4082308315988
12 1 444.9337418996022 967.8196355751984
12 1 0.0 516.7987933340964
12 1 0.0 513.1886943260974
12 1 0.0 506.88964967449044
12 1 2318.3021449783987 2823.1161171271956
12 1 506.8487861899971 1002.5469352119976
12 1 0.0 495.43800162000343
12 1 0.0 490.60966529400116
12 1 156.69844199838371 639.8609379183899
12 1 0.0 474.6534154154997
12 1 0.0 473.86809696520004
12 1 0.0 466.20198488399706
12 1 0.0 460.04607744599616
12 1 0.0 458.3335620697171
12 1 55.0470936780016 512.605811425995
12 1 0.0 456.65959473559553
12 1 0.0 456.5037021246038
12 1 0.0 453.06857167840474
12 1 0.0 450.83698399615685
12 1 0.0 448.7058093999897
12 1 0.0 434.2445637240039
12 1 0.0 433.8508510336087
12 1 0.0 433.69435002400064
12 1 0.0 427.1168903324019
12 1 0.0 425.72683648398834
12 1 0.0 422.6044863999
12 1 0.0 406.02962239999783
12 1 0.0 405.3585384167003
12 1 0.0 402.27292571888097
12 1 0.0 393.18277610690393
12 1 0.0 392.3824439565051
12 1 0.0 387.9189289099977
12 1 0.0 387.7863385774931
12 1 0.0 386.0287696940986
12 1 0.0 382.16870968280864
12 1 0.0 376.35281200319037
12 1 0.0 373.1719817742012
12 1 0.0 373.1464162320008
12 1 0.0 372.87894989960125
12 1 0.0 367.38544146650236
12 1 0.0 363.20124915997917
12 1 0.0 363.1718526557954
12 1 0.0 357.3326111686015
12 1 0.0 356.1905386399976
12 1 0.0 352.90260296600627
12 1 0.0 349.5813750300108
12 1 0.0 348.681256383597
12 1 0.0 348.11660931050665
12 1 0.0 330.1408699123992
12 1 0.0 328.65834525800244
12 1 0.0 328.1883183423988
12 1 1146.1038080024973 1474.1081128755006
12 1 0.0 326.5036644600109
12 1 0.0 325.23353690759336
12 1 0.0 319.9636431219635
12 1 754.6940865899883 1066.1639061900037
12 1 0.0 303.07909183200263
12 1 0.0 297.3228773799874
12 1 0.0 294.88123099999484
12 1 0.0 292.26795143500317
12 1 0.0 288.9653382613019
12 1 0.0 285.604532880005
12 1 1547.9683915128098 1829.0073517383971
12 1 524.1051853024986 804.4706691025012
12 1 0.0 278.37581636471396
12 1 0.0 277.9647498809961
12 1 250.31934538269707 522.7333451207005
12 1 152.25796172251262 421.6761820144054
12 1 25.072260331605776 291.1848986909131
12 1 0.0 263.5408649612982
12 1 192.56523515999606 454.79097708959716
12 1 0.0 255.154616479982
12 1 0.0 253.9507161500003
12 1 0.0 253.9465817831924
12 1 0.0 253.00556330998143
12 1 0.0 252.88852945000235
12 1 0.0 252.76052210601438
12 1 0.0 252.62672686161363
12 1 99.53160764950394 346.78685749249416
12 1 0.0 246.18995293919966
12 1 0.0 245.71263784049916
12 1 0.0 244.84142084799396
12 1 0.0 241.0801859260597
12 1 0.0 233.29422550600657
12 1 0.0 232.58891900999777
12 1 0.0 232.0817018947073
12 1 226.9592454119197 453.6972309748521
12 1 0.0 222.9371389001135
12 1 309.2929278684187 531.5020740480106
12 1 0.0 219.95846311401192
12 1 0.0 218.09883706169933
12 1 0.0 216.78341667309496
12 1 0.0 216.41921413050045
12 1 60.97532447199694 270.42967330760115
12 1 0.0 209.33664459000374
12 1 0.0 208.87578872559436
12 1 0.0 208.30153160259215
12 1 0.0 207.33754458870214
12 1 0.0 205.8756592217146
12 1 0.0 203.31952455919782
12 1 70.12769040920028 269.0592459460007
12 1 0.0 195.1807280894989
12 1 0.0 194.4024546143446
12 1 0.0 191.44995916729113
12 1 0.0 190.894443250005
12 1 0.0 187.77726087640167
12 1 0.0 186.77130949839966
12 1 0.0 185.2498377599968
12 1 0.0 184.8572005764006
12 1 0.0 184.34170414440086
12 1 0.0 178.96153957029873
12 1 1062.1045249680083 1240.988393774002
12 1 0.0 178.33046292229665
12 1 0.0 177.33844388999978
12 1 0.0 176.543810337502
12 1 0.0 174.76417091680014
12 1 0.0 172.11230195690018
12 1 0.0 171.48066511800835
12 1 0.0 169.44775155110233
12 1 0.0 168.43382080679942
12 1 0.0 168.22914429840154
12 1 0.0 166.50728892000313
12 1 0.0 158.1495309963973
12 1 0.0 158.13840417000006
12 1 0.0 156.81265194510092
12 1 0.0 155.92967483394483
12 1 0.0 153.16487345360588
12 1 0.0 152.16195469399656
12 1 0.0 150.267317878399
12 1 0.0 150.08315986240268
12 1 0.0 149.90276266199885
12 1 0.0 149.8296881695012
12 1 0.0 149.18812232860137
12 1 0.0 148.48473534999835
12 1 0.0 148.1194431601
12 1 0.0 145.71751646000519
12 1 0.0 142.88230679638627
12 1 0.0 141.11403046380678
12 1 0.0 139.56667689150436
12 1 0.0 138.1213218014982
12 1 0.0 137.56645025760167
12 1 0.0 134.24786459200527
12 1 0.0 133.1685943499956
12 1 0.0 131.90779885389725
12 1 944.5932875343015 1075.8597249354011
12 1 0.0 130.15360608749785
12 1 0.0 129.30866660000174
12 1 0.0 126.83489270001428
12 1 0.0 125.92189041121196
12 1 0.0 122.64617987600582
12 1 121.07742717160113 242.77283607370418
12 1 0.0 117.16547517389836
12 1 0.0 116.72057849310113
12 1 0.0 116.65037607749412
12 1 10.64595326189874 126.72463057325967
12 1 0.0 115.67457770316082
12 1 0.0 113.61549630998934
12 1 67.97572262330183 180.19589184560243
12 1 0.0 111.24752663789968
12 1 0.0 109.03023436890612
12 1 0.0 102.38278930039667
12 1 231.47397075001572 333.36243795001246
12 1 29.445479450395396 130.82105613330145
12 1 0.0 100.45764452660637
12 1 98.5186286776011 198.12776287280303
12 1 0.0 99.00370624289928
12 1 0.0 97.97264580421415
12 1 0.0 96.34623578120181
12 1 0.0 94.39015634799216
12 1 127.48561089749592 220.9552051999906
12 1 0.0 92.01087583089853
12 1 0.0 91.85747290000563
12 1 0.0 90.0005587975038
12 1 0.0 89.2370121325581
12 1 0.0 87.08403241999031
12 1 0.0 86.17069389280482
12 1 0.0 82.32598809035642
12 1 0.0 82.3034819563984
12 1 0.0 82.19283666611278
12 1 0.0 81.78059628870074
12 1 0.0 81.106043146003
12 1 100.03500340002574 176.6467983691009
12 1 0.0 75.55955573251185
12 1 0.0 72.88908926916247
12 1 0.0 71.86681115249439
12 1 0.0 67.76995405879438
12 1 0.0 67.01010595000025
12 1 0.0 64.3188698663937
12 1 0.0 61.29745371469832
12 1 0.0 60.10576888589708
12 1 0.0 57.79173233159918
12 1 0.0 54.79221657200014
12 1 0.0 54.34783184999503
12 1 0.0 53.31001401119926
12 1 195.41035436609764 245.2748631236036
12 1 119.6564932215017 168.72480083840014
12 1 105.3589568125052 154.29116684250482
12 1 216.5429329574963 265.3199371932996
12 1 0.0 48.051105507600035
12 1 0.0 46.61708221515664
12 1 730.9375838615897 775.7454911584064
12 1 0.0 43.45201281839945
12 1 99.03072116441012 141.16637845441147
12 1 0.0 40.75276132825252
12 1 0.0 40.72709457239944
12 1 1213.0682411800017 1250.9630304099983
12 1 520.9004710724994 557.4541852934981
12 1 0.0 36.28208921477176
12 1 0.0 34.35022729893103
12 1 0.0 33.72997704599243
12 1 0.0 32.96293239871085
12 1 45.80577594999971 78.5552770111999
12 1 0.0 32.36942152975712
12 1 806.0984230820036 837.5331409980017
12 1 0.0 26.32217379668191
12 1 0.0 23.200800201520906
12 1 0.0 21.989841970006182
12 1 0.0 20.585175854398642
12 1 0.0 20.150620663594964
12 1 0.0 17.005635801999688
12 1 0.0 16.931013996405454
12 1 0.0 15.600140769997097
12 1 0.0 15.136537430003273
12 1 0.0 14.53899558400093
12 1 0.0 11.721739702401948
12 1 0.0 11.13290382999952
12 1 0.0 9.503954260800242
12 1 0.0 6.9775960511028075
12 1 115.54057238439748 122.40490334879814
12 1 0.0 6.74216307300162
12 1 0.0 6.45922253599921
12 1 0.0 4.244574241093801
12 1 0.0 3.35128654689629
12 1 0.0 1.7230869775009978
12 1 0.0 0.8640592910219311
12 1 129.0025925844002 129.4235785288056
12 0 0.0 inf
12 0 0.0 6.556699386400851
# COVID_SAMPLE_6_ROI_2
13 1 0.0 16039.935225217207
13 1 0.0 14812.50908016439
13 1 0.0 13672.490544719996
13 1 172.54739343000438 12499.704027689997
13 1 1239.2571329099374 13160.818493680012
13 1 0.0 10253.44543760999
13 1 0.0 9745.101123526407
13 1 0.0 8654.665728530008
13 1 0.0 6722.752850966018
13 1 223.99496630438625 6869.429139742528
13 1 0.0 6125.526739294001
13 1 0.0 5724.6003784541945
13 1 0.0 4870.652769605198
13 1 0.0 4622.054510294905
13 1 0.0 4558.944637667491
13 1 3440.2942548665224 7947.366610234011
13 1 315.3684148991406 4686.77414181029
13 1 932.6742725557842 5152.025190343695
13 1 0.0 4081.6695664399745
13 1 0.0 4049.4663699243865
13 1 0.0 3906.592756726039
13 1 0.0 3742.172963137213
13 1 0.0 3336.272547351593
13 1 7033.121159186325 10246.379644521301
13 1 0.0 3021.387101441693
13 1 0.0 2940.457984465619
13 1 0.0 2628.4330636032014
13 1 0.0 2594.252114630717
13 1 0.0 2530.536165419988
13 1 114.9807141874985 2592.575683656908
13 1 0.0 2446.190710489989
13 1 0.0 2409.701577046399
13 1 0.0 2385.47536418001
13 1 0.0 2355.926122387201
13 1 0.0 2287.253816520009
13 1 8060.5521047592865 10269.361086392404
13 1 0.0 2182.7865613627955
13 1 0.0 2086.2316198760936
13 1 0.0 2043.0231567924839
13 1 0.0 2026.913318592714
13 1 686.1461739951264 2710.132114632803
13 1 96.38685400849681 2104.298145162491
13 1 0.0 1993.7592975500024
13 1 0.0 1988.4143955127947
13 1 0.0 1978.2614133095985
13 1 0.0 1906.7070927211053
13 1 3260.311807420916 5160.7464116684
13 1 0.0 1750.908762570005
13 1 0.0 1734.6539156840972
13 1 0.0 1728.4748187979935
13 1 284.2092770631025 1988.4869321659853
13 1 0.0 1660.4728941400058
13 1 0.0 1636.7431968750027
13 1 0.0 1496.6829409516008
13 1 0.0 1451.539308518013
13 1 0.0 1404.4858235488039
13 1 0.0 1385.9105930265064
13 1 0.0 1284.3795787296012
13 1 0.0 1283.052067161998
13 1 0.0 1283.0230593801002
13 1 0.0 1214.6176868864984
13 1 2576.983322285993 3776.939945390019
13 1 3529.17865954998 4717.625761770018
13 1 0.0 1183.9637632308934
13 1 0.0 1160.6092274520024
13 1 0.0 1149.055992123931
13 1 0.0 1147.2126499524056
13 1 0.0 1124.7517499568003
13 1 0.0 1124.4773175338978
13 1 503.9731157841002 1612.924064350003
13 1 1015.5794705663966 2106.990967015111
13 1 0.0 1019.4083898036083
13 1 0.0 1016.5153431735994
13 1 4376.571454816398 5387.739306507994
13 1 0.0 992.5858199680079
13 1 0.0 991.8770901187381
13 1 0.0 979.7523286514993
13 1 0.0 976.3834585551012
13 1 0.0 937.8231285799966
13 1 0.0 929.9689983900339
13 1 0.0 919.9233963902996
13 1 0.0 908.7324266325018
13 1 3690.398502142394 4552.351352207217
13 1 0.0 845.0693221250967
13 1 0.0 841.1831817299897
13 1 0.0 838.2930316705338
13 1 0.0 818.254866495301
13 1 0.0 814.4967720863988
13 1 236.12424747250407 1031.8084560425068
13 1 0.0 790.1606198555673
13 1 0.0 788.1334622060078
13 1 206.82396963199403 985.5135955875026
13 1 54.588129058473896 828.8831778869846
13 1 0.0 769.5151409688947
13 1 0.0 765.4284990500137
13 1 0.0 764.6969170100097
13 1 0.0 761.9286059728997
13 1 200.13435756600052 960.878738853221
13 1 0.0 754.470305959986
13 1 0.0 746.9305353243095
13 1 3758.2231412781034 4483.708031283693
13 1 6794.63828679248 7519.587580599982
13 1 0.0 723.2524783917042
13 1 0.0 716.8083960823984
13 1 0.0 712.7990629516949
13 1 0.0 706.9422193400992
13 1 0.0 704.4220372265017
13 1 0.0 692.5677621660088
13 1 0.0 691.3012454460079
13 1 0.0 688.5704155676041
13 1 0.0 684.1930557435089
13 1 0.0 677.9908537759943
13 1 0.0 677.8843942199946
13 1 0.0 666.2727323025025
13 1 0.0 645.0878756802585
13 1 0.0 622.8666279899885
13 1 0.0 620.9851298884823
13 1 0.0 615.9147329815005
13 1 0.0 608.468847615603
13 1 0.0 596.3699781428029
13 1 0.0 590.538754800024
13 1 0.0 587.673928147185
13 1 0.0 577.8605473308007
13 1 0.0 572.0759790081011
13 1 0.0 557.7724760974982
13 1 0.0 552.2502115450012
13 1 0.0 550.1331662500077
13 1 1179.5480081199912 1709.874264821995
13 1 0.0 530.0511964609004
13 1 339.9074539635992 861.1846924239037
13 1 59.766101428397405 580.9132755280025
13 1 41.9789632100011 562.8091324910945
13 1 0.0 505.6752553500004
13 1 0.0 503.88609225000016
13 1 0.0 486.8916907156954
13 1 0.0 485.02995689689794
13 1 0.0 454.0526047645062
13 1 0.0 449.8061259588035
13 1 56.540843206499176 501.7861580239928
13 1 0.0 432.1244625529006
13 1 0.0 431.22943222740105
13 1 0.0 431.1002964867056
13 1 207.39142910122655 633.7531656105073
13 1 1870.4833816835476 2293.745523545148
13 1 1135.6333067587004 1552.1185310427097
13 1 0.0 403.08036072359164
13 1 0.0 400.57360806999554
13 1 0.0 399.90443576600103
13 1 21184.053906816924 21579.561859757996
13 1 0.0 378.83611833374914
13 1 0.0 368.2267465264989
13 1 0.0 363.3550708386265
13 1 2355.664050083383 2710.5448291671973
13 1 15.801965725304399 365.93268608560584
13 1 0.0 346.9379915659997
13 1 0.0 342.5919113349985
13 1 0.0 340.918819143998
13 1 0.0 338.86868586650075
13 1 0.0 326.95969473000264
13 1 0.0 315.325888322895
13 1 195.03699655000332 495.46169185999895
13 1 0.0 298.4635198216024
13 1 0.0 294.9532680050952
13 1 0.0 284.17005800002335
13 1 2042.8369546441163 2321.986676122394
13 1 0.0 277.9697929199965
13 1 0.0 274.56541090998144
13 1 0.0 269.52166836999425
13 1 0.0 260.08287835749843
13 1 0.0 243.31141027200056
13 1 0.0 237.2636110549961
13 1 694.9771951454998 931.4576503200009
13 1 0.0 236.3989918151965
13 1 0.0 234.15629362310074
13 1 0.0 233.78937333
13 1 149.4862063501771 376.2420059457237
13 1 230.23467509160582 455.28290894170186
13 1 0.0 214.59189472689724
13 1 0.0 207.99412945919596
13 1 0.0 200.24836192799705
13 1 86.42592690190213 281.56727882190444
13 1 0.0 176.34299594309766
13 1 350.41605242440255 525.8109445096998
13 1 0.0 171.3634949220102
13 1 0.0 167.79886461000137
13 1 0.0 166.60639157840006
13 1 0.0 166.2755012599979
13 1 173.5125365872018 334.4074388160045
13 1 0.0 160.6116375825004
13 1 0.0 160.08118285750197
13 1 0.0 151.03081627399422
13 1 0.0 140.5842936048025
13 1 0.0 138.9368691165006
13 1 0.0 135.54332893710625
13 1 0.0 125.00843581239928
13 1 0.0 118.6047836400013
13 1 0.0 113.63663177110402
13 1 119.67242297752591 233.24051888670465
13 1 34.30099007189801 146.02186080640428
13 1 0.0 110.87141976800149
13 1 0.0 109.29920400280082
13 1 0.0 108.55351213399936
13 1 0.0 108.02290462829842
13 1 0.0 107.94271080450221
13 1 0.0 103.45864479599845
13 1 0.0 100.33460262640278
13 1 0.0 92.31149894599639
13 1 0.0 90.03619643760567
13 1 0.0 87.24952633699206
13 1 2.587271230004262 80.8845007925006
13 1 0.0 76.88617071527301
13 1 0.0 72.66475808550786
13 1 0.0 71.61567230759567
13 1 3.955766492323505 72.57518603681581
13 1 0.0 65.86000292160065
13 1 1219.3804778880017 1280.274872310001
13 1 0.0 56.10406158759855
13 1 0.0 56.05169621190544
13 1 9.086112252895276 61.643813332100336
13 1 889.4471013864095 941.050701700508
13 1 28.902030740398914 78.76070636120357
13 1 275.22896455576983 323.1156174321686
13 1 32.433307087279786 76.63147835144446
13 1 0.0 39.701204219999795
13 1 0.0 38.47738222657608
13 1 0.0 36.15599646131773
13 1 98.04452978000361 133.8862311800012
13 1 0.0 31.984433800006855
13 1 0.0 28.729077951699196
13 1 0.0 28.486936644799812
13 1 0.0 28.09696176249554
13 1 0.0 25.796560356502482
13 1 0.0 25.648779306909773
13 1 0.0 21.839706989198476
13 1 48.17422912079928 69.872237320777
13 1 114.53228031660137 134.84541420326502
13 1 0.0 19.118329941970615
13 1 0.0 12.948190116402884
13 1 401.5402345165976 408.99111714409696
13 1 6.143744848105598 10.58377370969356
13 1 0.0 0.5100439679986266
13 0 0.0 inf
# COVID_SAMPLE_11_ROI_2
14 1 0.0 53324.56294771996
14 1 0.0 23295.60701843557
14 1 5892.224300199989 17713.231904480024
14 1 0.0 10301.77445122999
14 1 0.0 9038.088944768411
14 1 0.0 6020.434028720011
14 1 0.0 3619.7499045159934
14 1 0.0 3416.195000942379
14 1 0.0 3091.9917702854973
14 1 0.0 2366.587697189994
14 1 0.0 2293.260389563193
14 1 0.0 2077.594511334305
14 1 0.0 1945.2916840724947
14 1 0.0 1690.2304105975022
14 1 0.0 1687.5105046000049
14 1 0.0 1601.7453011699658
14 1 0.0 1557.024352190701
14 1 0.0 1492.418920731492
14 1 0.0 1471.7408985116135
14 1 0.0 1466.9188122225046
14 1 0.0 1337.0935314851035
14 1 0.0 1302.5480074461445
14 1 0.0 1288.265460891597
14 1 0.0 1270.9920010399983
14 1 0.0 1246.3976965820175
14 1 0.0 1175.95442070731
14 1 0.0 1174.3245861900114
14 1 0.0 1159.877432575599
14 1 0.0 1159.215583290008
14 1 0.0 1116.8799350725058
14 1 0.0 1108.3266668583979
14 1 0.0 1080.4618777060055
14 1 0.0 1079.7546420705103
14 1 0.0 1066.2952014899997
14 1 0.0 1063.359942405998
14 1 0.0 1054.2106201568145
14 1 0.0 1045.8592003599883
14 1 0.0 1027.4475653049092
14 1 0.0 1018.4337763699955
14 1 0.0 1005.3163039440055
14 1 0.0 1000.764217487497
14 1 0.0 993.0927911808094
14 1 0.0 952.7922516575986
14 1 0.0 944.7867267300082
14 1 0.0 941.6675041364019
14 1 0.0 935.4515000399883
14 1 0.0 925.2945032000005
14 1 0.0 922.7414324224078
14 1 0.0 922.2174143624588
14 1 0.0 910.2359967799903
14 1 0.0 907.5453903337057
14 1 0.0 904.3041056544228
14 1 0.0 903.1460841800126
14 1 0.0 901.0872816400051
14 1 0.0 885.2983367079974
14 1 0.0 881.3429405474989
14 1 0.0 876.0566594844955
14 1 0.0 873.861473160001
14 1 0.0 870.4322098876837
14 1 0.0 869.1167586400165
14 1 0.0 862.1225098600003
14 1 0.0 858.2001254100023
14 1 0.0 855.1022259999846
14 1 0.0 844.1071156994744
14 1 0.0 843.733084940096
14 1 0.0 835.7304272000049
14 1 0.0 832.6240095199923
14 1 0.0 826.6779590799924
14 1 0.0 819.3599180999981
14 1 0.0 817.3249894499936
14 1 0.0 815.6428351099992
14 1 0.0 814.1073416939917
14 1 0.0 807.7498830100021
14 1 0.0 806.2173675099925
14 1 0.0 806.1245085039336
14 1 0.0 801.3181110515993
14 1 0.0 799.3541083541022
14 1 0.0 797.1991489825018
14 1 0.0 790.8642389199815
14 1 0.0 787.571831660006
14 1 0.0 786.2760931199973
14 1 0.0 782.8171527967661
14 1 0.0 778.3179391299846
14 1 0.0 766.9061874700085
14 1 0.0 766.2829521210933
14 1 0.0 758.261720833194
14 1 0.0 757.1333234444915
14 1 0.0 754.8275742599899
14 1 0.0 754.447664673377
14 1 0.0 753.8385911136097
14 1 0.0 748.9851208196978
14 1 0.0 743.5104623200177
14 1 0.0 741.2757603274981
14 1 0.0 739.7676417599987
14 1 176.3532845719983 913.3232134263908
14 1 0.0 734.6926176316031
14 1 0.0 734.3265785925018
14 1 0.0 732.8863323895987
14 1 0.0 731.3087417496004
14 1 0.0 722.3879171025055
14 1 0.0 703.5209942480167
14 1 0.0 699.2995374799928
14 1 0.0 693.4685659841025
14 1 0.0 692.4493299600114
14 1 0.0 683.7410818007907
14 1 0.0 683.4362468924987
14 1 223.29053979594937 899.6981526893067
14 1 0.0 662.4832759416914
14 1 0.0 661.5605362514341
14 1 0.0 659.0722669979955
14 1 0.0 656.6318872951023
14 1 0.0 646.1698429216008
14 1 0.0 645.714209532803
14 1 0.0 645.089576195109
14 1 0.0 637.093011410102
14 1 0.0 635.4456509329955
14 1 0.0 633.7345287168007
14 1 0.0 633.7033444938425
14 1 0.0 632.8573724999931
14 1 0.0 631.8981703283907
14 1 0.0 631.254510119501
14 1 0.0 629.3967862819977
14 1 0.0 626.3726043300057
14 1 151.42896796488458 777.4713732512644
14 1 0.0 625.8941318399932
14 1 0.0 625.0134415989157
14 1 0.0 623.6771826975014
14 1 0.0 622.8381095364109
14 1 0.0 620.3128082525141
14 1 0.0 617.6717848399951
14 1 0.0 612.9741071627942
14 1 0.0 611.9256773599968
14 1 0.0 611.4986363999874
14 1 0.0 609.7121822800268
14 1 0.0 606.3764692110308
14 1 0.0 606.0182117616034
14 1 0.0 605.5248750700116
14 1 0.0 602.4492161099845
14 1 0.0 600.945062709701
14 1 0.0 597.2059935200105
14 1 0.0 596.5877028500003
14 1 0.0 595.2710857683993
14 1 0.0 595.1842066784018
14 1 75.0398198120015 670.2112088899858
14 1 0.0 594.8323564931012
14 1 0.0 593.6092763443901
14 1 0.0 592.0680747540098
14 1 0.0 589.4515526291957
14 1 0.0 589.1694740775076
14 1 0.0 587.075717412358
14 1 0.0 580.0932199499856
14 1 0.0 579.3657353499923
14 1 0.0 579.284657200004
14 1 0.0 577.6900144824858
14 1 0.0 572.5472524887018
14 1 0.0 560.567944726403
14 1 0.0 558.6725635629043
14 1 0.0 558.5994071619832
14 1 0.0 555.9431177759864
14 1 0.0 554.2444574199985
14 1 0.0 552.5955902870887
14 1 28.95799323278925 578.3420973831339
14 1 0.0 546.3416160574877
14 1 0.0 543.7772373304047
14 1 0.0 543.4592969200035
14 1 0.0 541.1433792325056
14 1 0.0 539.931343328917
14 1 0.0 535.8767839200018
14 1 0.0 529.1099463096052
14 1 0.0 528.0785895087088
14 1 0.0 527.2141911299891
14 1 0.0 525.2750560900045
14 1 0.0 524.7792463700025
14 1 0.0 523.2504988505
14 1 0.0 523.0253774448925
14 1 0.0 520.2763353896007
14 1 0.0 519.6187797599928
14 1 0.0 519.5742639155994
14 1 97.14301977000628 616.2545470900025
14 1 0.0 518.4767789332168
14 1 0.0 516.9071573927017
14 1 0.0 516.2443058500972
14 1 0.0 515.1444838753191
14 1 0.0 514.448442199995
14 1 0.0 512.2562312455989
14 1 97.47274993629708 608.348921725702
14 1 19.73598801339881 526.8194563472039
14 1 0.0 506.4553661099976
14 1 0.0 503.983070140011
14 1 0.0 503.13903541000184
14 1 0.0 502.29434720999507
14 1 0.0 501.5918808320075
14 1 5.908117936791086 505.43772665250594
14 1 0.0 498.9870168446025
14 1 0.0 494.9638210442886
14 1 0.0 489.9854134762812
14 1 0.0 489.87581924002325
14 1 0.0 487.0720009999932
14 1 0.0 486.92400872309776
14 1 0.0 485.2093219135014
14 1 0.0 483.59238193728925
14 1 0.0 482.81993505000014
14 1 0.0 481.28557833597756
14 1 0.0 480.9680677487985
14 1 0.0 479.5378991504024
14 1 0.0 476.6990808360151
14 1 0.0 476.57668144729485
14 1 0.0 476.0566016699854
14 1 0.0 476.02199378321257
14 1 0.0 474.58627282719294
14 1 0.0 473.864074430001
14 1 0.0 473.07445910489923
14 1 0.0 469.3157276828008
14 1 0.0 468.9371864855998
14 1 0.0 467.5424377673078
14 1 97.02831414999764 563.1073637616105
14 1 0.0 464.92263395001805
14 1 0.0 463.0104548000081
14 1 0.0 460.76239118549915
14 1 0.0 458.36552154999083
14 1 0.0 455.62889606200974
14 1 0.0 455.4311799199885
14 1 115.19517206999922 569.3733949199716
14 1 3.2807856100221215 456.0296701399875
14 1 0.0 452.0082236402976
14 1 0.0 451.58177964002243
14 1 0.0 449.373409470001
14 1 0.0 449.1541292900006
14 1 0.0 448.231160170001
14 1 0.0 446.0615640299916
14 1 0.0 445.8472530699901
14 1 0.0 445.49188425089324
14 1 0.0 445.34685479160134
14 1 0.0 443.20160186330577
14 1 247.9144070974903 690.8478278516038
14 1 0.0 442.93208377479704
14 1 0.0 442.43018139998935
14 1 0.0 441.3461320300057
14 1 0.0 440.5420907879733
14 1 0.0 439.3409552075924
14 1 0.0 438.00722080359446
14 1 0.0 437.6861473245058
14 1 0.0 437.6644437960015
14 1 0.0 435.99237981999363
14 1 0.0 435.3379099409083
14 1 0.0 434.23322364359706
14 1 0.0 433.8512310940105
14 1 0.0 433.82261399000413
14 1 0.0 431.5792229000042
14 1 0.0 431.4074346399967
14 1 0.0 430.5658802292012
14 1 0.0 427.83613739728435
14 1 0.0 427.14991746649685
14 1 0.0 426.79692855002327
14 1 0.0 425.8171590104985
14 1 0.0 425.1318161399886
14 1 0.0 424.27875959959806
14 1 0.0 424.1178428453001
14 1 0.0 421.89124008930366
14 1 0.0 419.8101061695139
14 1 0.0 419.6746574400006
14 1 0.0 415.2922596048038
14 1 0.0 415.12857911574054
14 1 0.0 411.45389795000256
14 1 0.0 411.2205369100175
14 1 0.0 410.0146623800042
14 1 0.0 408.7945835176158
14 1 0.0 408.3305717540243
14 1 0.0 407.43103009000106
14 1 0.0 406.68857935999847
14 1 0.0 404.4136454879964
14 1 671.4430073700053 1075.8170231499926
14 1 0.0 404.2596343599905
14 1 0.0 404.25396849639924
14 1 0.0 404.23947537001055
14 1 0.0 402.88596710999104
14 1 0.0 402.67917315000955
14 1 0.0 402.47971628072037
14 1 0.0 401.8029892053469
14 1 0.0 401.48144379998075
14 1 0.0 400.96867791360387
14 1 0.0 400.5157959900157
14 1 0.0 400.1938707375066
14 1 0.0 396.55810161762474
14 1 0.0 396.2920196700147
14 1 0.0 396.105492210007
14 1 0.0 395.9803120400202
14 1 0.0 395.31967597043376
14 1 0.0 391.37236687470454
14 1 0.0 391.02136031999964
14 1 0.0 390.9177272500005
14 1 0.0 389.5710479500019
14 1 0.0 389.11385963998737
14 1 0.0 388.66595617890016
14 1 0.0 388.36706176028656
14 1 0.0 387.04580714001577
14 1 0.0 386.8093113166989
14 1 221.4905228200014 607.145708953205
14 1 0.0 384.4523625096113
14 1 0.0 383.752229285898
14 1 0.0 383.28785431800077
14 1 0.0 382.8985268400129
14 1 0.0 382.3555603920124
14 1 0.0 382.33130819000826
14 1 0.0 381.86191149439446
14 1 0.0 380.45038891679496
14 1 0.0 380.2864403999921
14 1 0.0 379.6404479025016
14 1 0.0 379.6276319499973
14 1 0.0 378.82181402751485
14 1 0.0 374.6302173104975
14 1 0.0 374.5231923600061
14 1 0.0 373.60419812320356
14 1 1.184769480000682 373.63551357249617
14 1 0.0 372.0496732795789
14 1 0.0 370.3219134700179
14 1 0.0 368.871081295399
14 1 0.0 368.4941762531979
14 1 0.0 367.5008498568054
14 1 0.0 367.21960833271214
14 1 0.0 366.1666685293337
14 1 516.1684397105025 880.2636361308998
14 1 0.0 362.3826543699945
14 1 0.0 360.4799020265709
14 1 0.0 356.66446131999896
14 1 0.0 356.4660404099852
14 1 0.0 355.7051824997993
14 1 77.99757803748707 433.32562975688097
14 1 0.0 352.97532085199816
14 1 0.0 352.15093909750635
14 1 0.0 351.89553432449645
14 1 0.0 350.91040279999834
14 1 0.0 347.88652226999216
14 1 0.0 346.81272210650195
14 1 0.0 346.6883224481044
14 1 0.0 344.9905598024727
14 1 0.0 344.6590224399995
14 1 0.0 344.4226883155993
14 1 0.0 343.29069422600423
14 1 0.0 342.02802465130185
14 1 210.65674812521956 552.4527725333019
14 1 0.0 341.6774186899868
14 1 0.0 341.5862123105028
14 1 0.0 341.1162041000043
14 1 0.0 340.79474019838653
14 1 0.0 340.10935069999846
14 1 0.0 339.3148578291052
14 1 0.0 338.9382968499955
14 1 0.0 338.7291637855891
14 1 0.0 338.0426174299921
14 1 0.0 336.13820523680056
14 1 0.0 335.77419072959833
14 1 0.0 334.52182434966585
14 1 0.0 333.56290226998954
14 1 0.0 333.2936626795108
14 1 0.0 333.20246524799666
14 1 0.0 333.0423316500114
14 1 0.0 330.723509020002
14 1 0.0 330.12009322489996
14 1 0.0 329.6402300299951
14 1 0.0 327.98694640999884
14 1 0.0 326.3624639501804
14 1 0.0 326.2315162120003
14 1 0.0 325.25796256889635
14 1 0.0 324.97936115999994
14 1 0.0 323.52388465570175
14 1 0.0 322.39634586599897
14 1 0.0 322.2807846081423
14 1 0.0 321.87947866250727
14 1 0.0 321.6518510795104
14 1 0.0 321.56471739320705
14 1 0.0 320.98427875000436
14 1 0.0 320.3640704040164
14 1 21.886745100801534 342.10710131719725
14 1 0.0 319.6475023000021
14 1 135.81752781960404 454.93775958359925
14 1 0.0 319.03734882850677
14 1 0.0 317.6715383599894
14 1 0.0 316.43682142240004
14 1 0.0 316.3392399300036
14 1 0.0 315.2263382859983
14 1 0.0 312.96016430559985
14 1 0.0 312.32625175000385
14 1 0.0 310.99621847480364
14 1 0.0 310.60576022249586
14 1 0.0 310.5493720800039
14 1 0.0 309.14427256000545
14 1 0.0 308.8114584100026
14 1 0.0 307.3375338595963
14 1 0.0 307.3339808469053
14 1 0.0 306.54032934999464
14 1 0.0 305.34385743000206
14 1 0.0 304.9996532028049
14 1 0.0 304.0647098800091
14 1 0.0 300.46515358760587
14 1 0.0 300.3449675899942
14 1 0.0 299.34036393990107
14 1 0.0 298.6377655413114
14 1 0.0 298.52630781064136
14 1 0.0 297.6965986500096
14 1 0.0 297.0420215300104
14 1 0.0 296.47524345400166
14 1 0.0 296.3135383300191
14 1 0.0 296.15979366360807
14 1 0.0 295.9432458647003
14 1 0.0 295.3183157399908
14 1 95.60137772160442 390.0935084100106
14 1 0.0 294.1060173824105
14 1 0.0 293.9302693227023
14 1 0.0 291.9098471999994
14 1 0.0 289.13407813890814
14 1 0.0 288.05132759640514
14 1 0.0 287.2199771849014
14 1 0.0 287.187150765997
14 1 0.0 286.40941794689445
14 1 0.0 286.088826739996
14 1 0.0 286.0252521099965
14 1 0.0 285.9603955800028
14 1 0.0 285.92038465999644
14 1 0.0 285.8283193110956
14 1 0.0 285.0083570074968
14 1 20.054114449974122 304.64571244001013
14 1 0.0 283.99492275000443
14 1 0.0 283.8518752300124
14 1 0.0 283.8224987599881
14 1 0.0 283.6173567174932
14 1 0.0 282.6519592179078
14 1 0.0 282.6221386863872
14 1 0.0 279.294576711432
14 1 0.0 278.7292593500174
14 1 0.0 278.4942133956989
14 1 0.0 278.4610861119954
14 1 0.0 277.5293409261007
14 1 0.0 276.98605340199583
14 1 0.0 276.55428472998824
14 1 0.0 276.48905899189515
14 1 0.0 276.1490972145033
14 1 0.0 276.13813032000036
14 1 0.0 274.68191860119293
14 1 0.0 274.17314680590334
14 1 0.0 274.12268714560173
14 1 130.8278845645059 404.8341874029038
14 1 0.0 273.1267165369992
14 1 0.0 271.98649373000114
14 1 233.4235735373054 504.7699869557
14 1 0.0 271.29960351729096
14 1 0.0 270.3275841200043
14 1 0.0 267.8005239695051
14 1 0.0 267.54105699200204
14 1 0.0 267.0305888799983
14 1 31.127436465601036 297.53534772040126
14 1 0.0 266.3544578699955
14 1 0.0 265.39926254000244
14 1 0.0 264.63018374517355
14 1 0.0 262.5974145940983
14 1 0.0 262.4953728000029
14 1 0.0 261.57137993999686
14 1 0.0 261.0634933900101
14 1 0.0 260.26542855760886
14 1 0.0 260.23357654110237
14 1 0.0 259.89018026279757
14 1 0.0 259.4903676899871
14 1 0.0 259.16757929599794
14 1 0.0 259.15951397001754
14 1 0.0 257.3241716636044
14 1 0.0 256.2302427399936
14 1 0.0 256.16512259999797
14 1 0.0 255.50716660466423
14 1 0.0 255.09514023559723
14 1 0.0 254.7927595516055
14 1 0.0 254.60668533630076
14 1 0.0 254.55336553000006
14 1 156.63645660999202 410.3574763999893
14 1 0.0 253.55857679999744
14 1 0.0 252.35320895999575
14 1 0.0 252.2508372000027
14 1 0.0 251.8264550899953
14 1 0.0 251.10568634999936
14 1 0.0 250.65022784999928
14 1 0.0 250.45245924999998
14 1 0.0 249.61021299999499
14 1 0.0 249.046392839997
14 1 0.0 248.58852518999788
14 1 0.0 248.3615598444025
14 1 68.75398313999608 315.7491707999877
14 1 0.0 246.9421026254945
14 1 0.0 246.62540648039996
14 1 0.0 245.99301479999968
14 1 0.0 244.85853542999803
14 1 0.0 244.663321080003
14 1 0.0 243.430908889992
14 1 0.0 242.9093107100034
14 1 0.0 241.35140621499966
14 1 0.0 240.8491043948751
14 1 0.0 239.70776506000107
14 1 0.0 239.27861518759946
14 1 0.0 239.19552289801067
14 1 0.0 238.76931721000415
14 1 0.0 238.7544871300003
14 1 0.0 238.710187139769
14 1 0.0 237.66008835810453
14 1 0.0 237.31365678000128
14 1 0.0 237.30472052910034
14 1 0.0 236.7072605600058
14 1 0.0 235.99127554649658
14 1 0.0 234.0150749892024
14 1 0.0 233.28598855999883
14 1 0.0 232.74008868969804
14 1 0.0 232.64842460679688
14 1 35.29345334399454 267.3387091339971
14 1 0.0 231.39218234370492
14 1 0.0 229.45551090039817
14 1 0.0 229.1742209959973
14 1 0.0 228.93042240001728
14 1 0.0 227.36461647000482
14 1 0.0 226.1145029856267
14 1 0.0 225.7714054700008
14 1 0.0 225.6338998199974
14 1 0.0 225.33810932002098
14 1 0.0 224.03220294000045
14 1 0.0 223.54438661150547
14 1 0.0 222.40943363239103
14 1 0.0 221.85266327600687
14 1 0.0 221.75244439800463
14 1 0.0 221.7368430024835
14 1 0.0 221.70033148999715
14 1 0.0 221.6345857099917
14 1 0.0 221.41478027999858
14 1 0.0 221.0116259500155
14 1 0.0 218.4473093150989
14 1 0.0 217.7798179599964
14 1 0.0 217.2212408600244
14 1 0.0 217.0405902435993
14 1 0.0 216.21494084631695
14 1 0.0 215.7978372400015
14 1 0.0 215.59256579999465
14 1 0.0 215.10028490999417
14 1 0.0 214.79754561320016
14 1 284.73323971288767 498.82617766439114
14 1 0.0 213.6742710923985
14 1 0.0 212.0348507720014
14 1 0.0 211.815643980397
14 1 0.0 210.70622319999006
14 1 0.0 210.59435018229783
14 1 0.0 210.51678179080773
14 1 0.0 210.4866228525011
14 1 0.0 209.9694285601023
14 1 0.0 209.53589200199076
14 1 0.0 208.76671849469722
14 1 0.0 208.2028565600051
14 1 0.0 207.40342937742116
14 1 0.0 207.24167680480377
14 1 121.2301901136068 328.44831096001803
14 1 0.0 206.48148118999552
14 1 0.0 205.85074672530243
14 1 0.0 205.71626429807395
14 1 0.0 205.28121631559952
14 1 79.38010808999502 284.3701872500012
14 1 0.0 204.91158554879303
14 1 0.0 204.42685038320656
14 1 0.0 203.53222327036724
14 1 0.0 203.28865830539098
14 1 0.0 202.99173321999365
14 1 0.0 202.71392197001455
14 1 0.0 201.96942905800506
14 1 0.0 201.1268248499914
14 1 0.0 200.40421055640417
14 1 0.0 200.0579778119968
14 1 0.0 199.58225180999693
14 1 0.0 198.83798797950544
14 1 0.0 198.7951661500099
14 1 0.0 198.37959892799245
14 1 0.0 196.77884681639995
14 1 0.0 196.6733843200061
14 1 0.0 195.96164437440598
14 1 0.0 195.09191480472043
14 1 0.0 195.08769776997724
14 1 0.0 194.81488783440386
14 1 0.0 193.7552782400014
14 1 0.0 192.83354979000165
14 1 0.0 191.11272919960288
14 1 0.0 190.73969464909806
14 1 500.26362358760025 690.3002201607997
14 1 0.0 189.3922812900023
14 1 95.25098646559627 283.6391592679968
14 1 0.0 188.38216939071054
14 1 0.0 188.13543192751524
14 1 0.0 188.05013037000225
14 1 0.0 187.6971141463991
14 1 0.0 186.89388963129636
14 1 0.0 185.14329531470344
14 1 0.0 185.04186160999848
14 1 0.0 184.65829370769984
14 1 0.0 184.42238464544263
14 1 0.0 183.24933547998558
14 1 0.0 182.92237901120086
14 1 18.8700924499975 200.42616754998835
14 1 0.0 181.36091569998985
14 1 0.0 180.44303090438916
14 1 0.0 180.37678758968377
14 1 0.0 179.79015900320428
14 1 340.3296765100083 519.6831752899857
14 1 0.0 179.24335472998587
14 1 0.0 179.14305814399245
14 1 0.0 178.94246938840286
14 1 0.0 177.4182975592006
14 1 0.0 177.33925068000394
14 1 0.0 176.97252440000364
14 1 178.43747012040194 354.6451343679987
14 1 0.0 176.02431612019927
14 1 278.32069959980436 453.73667379056906
14 1 0.0 175.0957220763961
14 1 0.0 175.05392529199912
14 1 0.0 174.68551953000474
14 1 0.0 174.38246237299538
14 1 0.0 174.2595208800035
14 1 0.0 174.25930060998394
14 1 0.0 173.85908160750705
14 1 0.0 173.29282617120168
14 1 0.0 173.27108451452352
14 1 0.0 172.623695079993
14 1 0.0 171.76127947000322
14 1 0.0 171.39886944599675
14 1 264.36075115160634 435.5284916861103
14 1 60.27754757040259 231.2913187908075
14 1 0.0 170.98810548459846
14 1 0.0 170.6274033800148
14 1 118.25052784999161 288.77450111001053
14 1 5.573213510002006 175.37532305119976
14 1 14.061147643999675 183.77543966960138
14 1 0.0 168.03991952558908
14 1 0.0 168.03226490951909
14 1 173.5460610195869 341.23466640329866
14 1 0.0 167.51182485850188
14 1 0.0 166.45112337860076
14 1 0.0 164.35030375000736
14 1 8.219209569999578 172.22648245999713
14 1 0.0 163.88220198999238
14 1 0.0 163.34324886010927
14 1 0.0 163.228129831091
14 1 0.0 162.32945380000214
14 1 0.0 161.81546506666047
14 1 448.04876964290304 609.4681236924948
14 1 0.0 159.6566786103009
14 1 0.0 159.62071966139547
14 1 0.0 159.16977242439933
14 1 0.0 159.07120280400397
14 1 0.0 158.9886898844012
14 1 0.0 158.81060506599857
14 1 0.0 158.72791607120234
14 1 0.0 158.72699573800253
14 1 0.0 158.1744283675048
14 1 0.0 158.12355256999763
14 1 0.0 157.91849724000667
14 1 0.0 157.7311515000004
14 1 0.0 155.51057474217532
14 1 0.0 154.3510903499921
14 1 0.0 154.17366452117642
14 1 0.0 154.04224172559702
14 1 0.0 153.8001555815979
14 1 0.0 153.6714741733026
14 1 0.0 153.5342254896019
14 1 0.0 151.68053496160172
14 1 0.0 151.52078761920234
14 1 0.0 151.3220920000067
14 1 0.0 150.90071911000044
14 1 0.0 150.76524416000007
14 1 0.0 150.43073435607585
14 1 0.0 150.00245734231834
14 1 0.0 149.5919147707001
14 1 0.0 149.0097002936982
14 1 0.0 148.74264531470067
14 1 0.0 148.59026172999984
14 1 0.0 148.2845353404
14 1 0.0 148.25450969001463
14 1 0.0 147.229264229994
14 1 0.0 147.13510923050944
14 1 0.0 146.33405903999733
14 1 193.4478325900027 338.4584909299974
14 1 0.0 144.79868459431236
14 1 0.0 144.62538818577445
14 1 0.0 144.39685375000215
14 1 0.0 143.9553826999927
14 1 0.0 143.7922102335042
14 1 0.0 143.4755948708024
14 1 0.0 143.19180646270343
14 1 0.0 141.84113977670404
14 1 0.0 141.60091481070134
14 1 0.0 140.39159877000134
14 1 0.0 139.68250534949289
14 1 0.0 139.33814966362127
14 1 0.0 139.29624490599758
14 1 97.46742295829154 236.31414259609392
14 1 314.97173607999116 453.5977213599904
14 1 114.27014480309685 252.7606655975922
14 1 0.0 137.89726305050226
14 1 0.0 137.35382006999237
14 1 0.0 136.9063564824018
14 1 83.27523968359958 219.97662631680043
14 1 0.0 136.34082398180124
14 1 0.0 136.32947843750458
14 1 0.0 136.22316574999877
14 1 0.0 135.8553024255984
14 1 0.0 135.714344799998
14 1 72.73878506029814 208.44958082310404
14 1 0.0 135.14658807759824
14 1 0.0 134.94359863370107
14 1 0.0 134.42399005760387
14 1 0.0 133.902142107999
14 1 0.0 133.90131544000042
14 1 0.0 131.10314960000426
14 1 30.405387699591586 161.18569964638175
14 1 0.0 130.5142288167035
14 1 207.25568963000603 337.318068950015
14 1 0.0 129.55359680329616
14 1 30.69616319998738 159.1286596400048
14 1 0.0 127.55584553440235
14 1 0.0 127.25079800490994
14 1 0.0 127.02514850439945
14 1 0.0 126.47818463999971
14 1 0.0 126.31143729639848
14 1 19.75010560401097 145.8606831999959
14 1 0.0 125.40460676999987
14 1 59.16211055909969 184.03652082239444
14 1 0.0 124.25989994000582
14 1 0.0 123.5622839940005
14 1 0.0 122.96048312749122
14 1 120.7254500000031 243.51658400750216
14 1 0.0 122.64550107998866
14 1 0.0 122.52585677000297
14 1 0.0 121.53136082559831
14 1 0.0 120.82048273950659
14 1 0.0 120.09410439998896
14 1 0.0 120.02061331010583
14 1 0.0 118.7700039011961
14 1 0.0 118.47359239999128
14 1 0.0 118.4445858400058
14 1 0.0 118.15280904000383
14 1 0.0 118.0846073223729
14 1 0.0 117.64366147129545
14 1 0.0 117.37958647199434
14 1 0.0 116.94470097482736
14 1 0.0 116.76634932239972
14 1 0.0 116.65588649200004
14 1 0.0 116.00407949237865
14 1 0.0 115.90961658049628
14 1 0.0 115.23170654419943
14 1 0.0 114.82411783000188
14 1 0.0 114.71869919400615
14 1 0.0 114.09278646050495
14 1 0.0 113.73215323999051
14 1 0.0 113.66740157999772
14 1 0.0 113.65423539749946
14 1 0.0 113.34166044323234
14 1 0.0 112.72011003919886
14 1 0.0 112.0998429319041
14 1 0.0 111.61533028849993
14 1 0.0 111.24772648640078
14 1 0.0 110.73599779000426
14 1 0.0 110.58696819328634
14 1 0.0 110.27497524000331
14 1 0.0 109.72176474560365
14 1 0.0 109.54498484111286
14 1 0.0 109.0067553620047
14 1 0.0 108.52559830480106
14 1 0.0 108.47939903999594
14 1 0.0 108.26667472000304
14 1 0.0 108.25352112559358
14 1 0.0 107.28401040000244
14 1 0.0 106.94030848000398
14 1 0.0 106.91594044199792
14 1 303.18913736600143 410.05647641469363
14 1 0.0 106.84098180000001
14 1 0.0 106.60027582898874
14 1 0.0 106.56075429690748
14 1 0.0 106.12129203550296
14 1 0.0 106.0545067605002
14 1 0.0 106.0449530739022
14 1 0.0 105.9463939456021
14 1 0.0 105.81383016150329
14 1 0.0 105.79141645000686
14 1 0.0 105.63846967879954
14 1 0.0 105.58817584719918
14 1 35.5013498300047 141.01722879200088
14 1 0.0 105.1938094555992
14 1 0.0 105.01526954999781
14 1 0.0 104.91192754198937
14 1 0.0 104.88759292089105
14 1 39.00008931000184 143.45609673400213
14 1 0.0 103.38679612840178
14 1 15.44526767274101 117.60016777560111
14 1 0.0 102.14114278840137
14 1 0.0 101.17312378750125
14 1 0.0 100.61148493050064
14 1 0.0 100.60678354902007
14 1 0.0 100.5830519420997
14 1 0.0 99.73325116879948
14 1 0.0 99.17011930999911
14 1 135.37377004640734 233.65484039480862
14 1 0.0 98.2407772092987
14 1 0.0 98.08919172999879
14 1 0.0 98.08294807950051
14 1 138.89578330998938 236.31392968000932
14 1 0.0 97.22033774999727
14 1 0.0 96.862370480008
14 1 0.0 96.6070374423698
14 1 0.0 96.60302913000135
14 1 0.0 96.5769178100004
14 1 0.0 96.43353601730041
14 1 0.0 96.38172941039807
14 1 0.0 95.94685274239941
14 1 0.0 95.87282912439889
14 1 0.0 95.64144322000607
14 1 0.0 95.56344047999562
14 1 0.0 95.54222150530006
14 1 0.0 95.23374915999511
14 1 0.0 94.53978287997325
14 1 124.70184640009609 218.99910864914938
14 1 0.0 94.0960677600068
14 1 0.0 93.9598773238938
14 1 71.52891686999874 165.29819994999355
14 1 0.0 93.44895525000584
14 1 0.0 93.36591439001711
14 1 0.0 93.02528131400106
14 1 0.0 92.9366250535009
14 1 0.0 92.92344890678658
14 1 0.0 92.48166793000169
14 1 0.0 92.20257355999479
14 1 5.128751903988359 96.86357040640723
14 1 0.0 91.69656159920123
14 1 0.0 90.95563828269701
14 1 0.0 90.90156007999622
14 1 0.0 90.86098590919721
14 1 0.0 90.36460846079967
14 1 0.0 89.47382436560213
14 1 0.0 89.02172807399074
14 1 0.0 88.40838459309953
14 1 0.0 88.0885046824051
14 1 0.0 87.62800064999146
14 1 0.0 87.51716147000087
14 1 4.847516590000893 91.72441749000473
14 1 7.46331800000371 93.81598158000084
14 1 0.0 86.23180661000254
14 1 0.0 85.87012688000254
14 1 0.0 85.8361051471
14 1 0.0 85.76448293000624
14 1 0.0 85.55888124999603
14 1 0.0 85.460599510002
14 1 0.0 84.90388912000572
14 1 0.0 84.73345100199992
14 1 0.0 84.05774716159658
14 1 51.48920642560756 134.38252821759966
14 1 0.0 82.71751513959146
14 1 0.0 82.33541157000377
14 1 70.98507493250031 152.99605368349364
14 1 0.0 81.727092664
14 1 348.7213184025218 429.8391722004121
14 1 0.0 80.40318408640093
14 1 0.0 80.36382451999964
14 1 0.0 80.26122645119403
14 1 0.0 80.25307471000306
14 1 0.0 80.2417309009432
14 1 0.0 80.13284545600158
14 1 0.0 80.11780681000118
14 1 105.90160832200831 185.9320520799988
14 1 0.0 79.78640768930177
14 1 0.0 79.72876418999397
14 1 0.0 79.44698618000803
14 1 0.0 79.2392192941017
14 1 0.0 78.81496165559952
14 1 29.554979637495137 108.1883575999993
14 1 0.0 78.31512919999784
14 1 0.0 78.22726439999263
14 1 0.0 78.01282597990134
14 1 0.0 77.46446535839937
14 1 0.0 77.18386314369855
14 1 0.0 77.14310849190628
14 1 24.832262519603773 100.85511942549931
14 1 0.0 75.9783741500039
14 1 0.0 75.76887710079791
14 1 0.0 75.5145575100023
14 1 607.7789508382859 683.1571709515813
14 1 0.0 75.21375140999623
14 1 0.0 75.07018560119889
14 1 0.0 74.13705469759964
14 1 0.0 74.00350286569943
14 1 95.01305668999385 168.97951622000335
14 1 0.0 73.69721192999668
14 1 0.0 73.45566520998375
14 1 136.62632628999052 209.32834787998956
14 1 0.0 72.45121077999306
14 1 0.0 71.86479696318816
14 1 0.0 71.69531959960085
14 1 171.88379791839736 243.50119209999832
14 1 0.0 70.5439099528013
14 1 14.2649321659934 84.04584336599936
14 1 0.0 69.71286887999577
14 1 0.0 69.29307375521603
14 1 0.0 68.97780200000398
14 1 0.0 68.96133914950337
14 1 0.0 68.62844701769632
14 1 0.0 68.50421813829973
14 1 0.0 67.98940771000059
14 1 139.14849268089984 206.94898155649616
14 1 0.0 67.5276736499734
14 1 0.0 67.25314270199851
14 1 0.0 66.95302400999853
14 1 0.0 66.94795108998915
14 1 0.0 66.82761088319978
14 1 0.0 66.54069027003015
14 1 38.986912945501956 105.27411310849561
14 1 0.0 66.09104443999888
14 1 0.0 65.96577059249682
14 1 0.0 65.94553008000423
14 1 0.0 65.80683119900141
14 1 0.0 65.18901235400085
14 1 0.0 65.1047472672908
14 1 0.0 64.80879283039752
14 1 74.748073660008 139.34800675001043
14 1 0.0 64.41939566000303
14 1 0.0 64.31665605999115
14 1 173.20877733969678 237.33873324609726
14 1 0.0 63.80226377000656
14 1 0.0 63.75783504290621
14 1 0.0 63.38095589330031
14 1 0.0 63.14190951119548
14 1 19.999606370000606 82.83438232999907
14 1 82.07938084633258 144.5192226104042
14 1 0.0 61.485048016504265
14 1 0.0 61.47214987200687
14 1 0.0 61.25833767201061
14 1 0.0 60.59455310039815
14 1 0.0 59.5892228799932
14 1 0.0 58.8209272000131
14 1 0.0 58.65258020760018
14 1 0.0 57.15221557000592
14 1 0.0 56.99117996789414
14 1 0.0 56.92118559999483
14 1 0.0 56.74547805490329
14 1 7.208381660501118 62.959015265995504
14 1 0.0 55.63354787769936
14 1 0.0 55.05986428479878
14 1 104.60552751840538 158.80865468840375
14 1 22.13516775000585 75.87864143000525
14 1 0.0 53.656029269992814
14 1 0.0 51.12157486009892
14 1 0.0 51.02597873639763
14 1 0.0 50.98431080650295
14 1 0.0 50.657492880002565
14 1 0.0 50.01882533249477
14 1 0.0 49.91123353000626
14 1 0.0 49.59174525000253
14 1 10.479875797943123 58.89726980788407
14 1 0.0 48.410282250005366
14 1 0.0 48.05928329000102
14 1 0.0 47.66638267070289
14 1 0.0 47.58056306149501
14 1 0.0 47.31255421759897
14 1 0.0 47.02407522000294
14 1 0.0 46.72996872999386
14 1 0.0 46.66921918912021
14 1 0.0 46.63513573999768
14 1 0.0 45.56478915710636
14 1 38.76654838199815 84.18677797800143
14 1 86.62524216750194 132.01893377749877
14 1 0.0 45.291310450479955
14 1 0.0 44.48623974372663
14 1 0.0 44.316940360003855
14 1 377.44779554108345 421.02157166318784
14 1 0.0 43.46546094840869
14 1 0.0 43.33335873249848
14 1 0.0 43.09128817949795
14 1 0.0 42.98681340999997
14 1 0.0 42.84980616730331
14 1 297.1332273100095 339.09274089000405
14 1 0.0 41.82648930601226
14 1 0.0 41.79850156709924
14 1 0.0 41.767608839995546
14 1 0.0 41.71322741439997
14 1 0.0 41.55695507999812
14 1 0.0 41.46870864000357
14 1 0.0 41.24805001689833
14 1 0.0 41.09416632570037
14 1 0.0 40.6328719199887
14 1 0.0 40.423651867487195
14 1 0.0 40.39294153999879
14 1 0.0 39.98759803400412
14 1 33.48183103560615 72.90931402960211
14 1 0.0 38.99568029960136
14 1 9.271984029988062 48.20611807002069
14 1 0.0 38.880831430001535
14 1 76.57522710959222 115.22404475510018
14 1 0.0 38.4876085007033
14 1 0.0 38.25341445630329
14 1 0.0 38.20187546400166
14 1 22.297323362509815 60.2391428694998
14 1 0.0 37.5386801200018
14 1 0.0 36.83934115001557
14 1 0.0 36.51339851999501
14 1 0.0 36.40951769999276
14 1 0.0 35.83274317629889
14 1 0.0 35.195574820318996
14 1 364.7643303711011 399.8741665136007
14 1 0.0 34.79018359559984
14 1 0.0 34.69242212010022
14 1 0.0 34.60206832999694
14 1 0.0 34.23248864199809
14 1 0.0 34.1899262000087
14 1 0.0 34.09207377239984
14 1 38.329109227504915 72.31470862750146
14 1 0.0 33.89293625119922
14 1 0.0 33.42183355159227
14 1 140.60814338849502 173.4841372184993
14 1 0.0 32.77253695000218
14 1 0.0 32.64260577742971
14 1 0.0 32.34125759999904
14 1 0.0 32.31678349909453
14 1 0.0 32.307461004400125
14 1 0.0 32.27077703239854
14 1 0.0 32.147818657504445
14 1 0.0 31.554942362503198
14 1 0.0 31.099570837780675
14 1 0.0 30.77018336000492
14 1 0.0 29.64561840000556
14 1 0.0 29.480032743897766
14 1 0.0 29.23946400250088
14 1 39.12707596001087 68.22157495001102
14 1 102.62336094269779 131.63881431199974
14 1 0.0 28.698330823606284
14 1 0.0 28.324043679977876
14 1 87.13304939790942 115.28920540748055
14 1 20.781390560008276 48.92439583160444
14 1 85.39514183999609 113.13748291749187
14 1 0.0 27.104683431602098
14 1 0.0 26.671257672402277
14 1 0.0 26.545584520000375
14 1 0.0 26.459584706499868
14 1 0.0 26.305703609994225
14 1 94.41439850176107 120.6781401945359
14 1 0.0 26.248918710001135
14 1 0.0 26.14146971050286
14 1 25.803856321094372 51.84123451249957
14 1 0.0 25.72263165000038
14 1 0.0 25.66827164999927
14 1 0.0 25.535513698000045
14 1 0.0 25.003549550011257
14 1 0.0 24.854888009604508
14 1 0.0 24.260725584000625
14 1 0.0 23.696313140002644
14 1 0.0 23.18368427080452
14 1 0.0 23.072450887497894
14 1 75.64612116599619 98.69364487750249
14 1 0.0 22.938633499796993
14 1 0.0 22.77906994999654
14 1 108.78645526389948 131.53328892360003
14 1 506.2845366772124 528.7394707147
14 1 0.0 22.081106919998717
14 1 0.0 22.020101290000753
14 1 0.0 22.003530980001983
14 1 0.0 21.462311753500387
14 1 0.0 21.31411571250075
14 1 0.0 21.292406944101316
14 1 0.0 21.225559359997987
14 1 0.0 20.740621839997175
14 1 0.0 20.649548480000874
14 1 102.61295644409381 123.05377293690037
14 1 0.0 20.306388260003587
14 1 0.0 20.099756168000575
14 1 0.0 19.81181758680418
14 1 0.0 19.747752420007146
14 1 2.3793053040002974 22.110926168100036
14 1 0.0 19.232328047894498
14 1 284.99554827320287 304.083544356704
14 1 0.0 18.6958944228179
14 1 161.52828930880491 180.1822865439019
14 1 0.0 18.054075849976698
14 1 50.36614365999429 68.40977535000411
14 1 0.0 17.922056493589935
14 1 0.0 17.845397310000408
14 1 0.0 17.789643197902592
14 1 0.0 16.64581734669838
14 1 0.0 16.122983420402306
14 1 0.0 15.459507949997715
14 1 216.74408474999908 232.1141723099937
14 1 0.0 15.248130307826614
14 1 0.0 14.113702100004645
14 1 0.0 13.874970333600714
14 1 228.95191055209864 242.80785046249844
14 1 59.0011269408036 72.82295313800739
14 1 0.0 13.78970695749831
14 1 110.3205525292924 123.86371815994153
14 1 0.0 13.430900850006111
14 1 0.0 13.013542698110768
14 1 0.0 12.936652219597534
14 1 0.0 12.870071169201083
14 1 0.0 12.76785045000014
14 1 0.0 12.526469870007531
14 1 28.072367662398648 40.33438226030131
14 1 0.0 12.20044966999825
14 1 0.0 11.6770493300005
14 1 0.0 10.608056092801547
14 1 120.41506480679891 130.29988749040035
14 1 0.0 8.62770735998538
14 1 0.0 8.607214838395294
14 1 0.0 8.436669267675711
14 1 86.40206027080262 94.71916233919944
14 1 152.7597956899824 160.41161887999306
14 1 163.12853305440285 170.4841844615985
14 1 49.72082534558298 56.90304474239936
14 1 15.829974479997418 22.850689397502265
14 1 0.0 6.942604420005864
14 1 0.0 6.846820754695386
14 1 0.0 6.7152230724015
14 1 29.341872543749787 35.88235349456227
14 1 0.0 6.500853555599747
14 1 0.0 6.281211299994311
14 1 0.0 6.000379630823545
14 1 98.58164315950444 104.55496734349697
14 1 191.9113061431018 197.68496677330245
14 1 0.0 5.503608530005408
14 1 0.0 5.245896868796763
14 1 0.0 5.206273632398734
14 1 0.0 4.753798193594321
14 1 0.0 3.603054235998627
14 1 0.0 3.5667280807020347
14 1 184.6413840795003 188.0609963695017
14 1 0.0 3.3919372020006904
14 1 0.0 3.378796519993557
14 1 0.0 2.879547367512714
14 1 0.0 1.6668339099951481
14 1 0.0 1.2730237530852264
14 1 0.0 1.2671287500002677
14 1 120.26602591439791 121.432487631497
14 0 0.0 inf
# COVID_SAMPLE_11_ROI_1
15 1 0.0 48576.157018089965
15 1 0.0 25254.303556430008
15 1 0.0 22929.348506021306
15 1 0.0 15835.83219839311
15 1 0.0 12143.01041204999
15 1 0.0 8392.181389465593
15 1 0.0 7187.412666240899
15 1 0.0 7171.485875879985
15 1 0.0 5243.377055190906
15 1 0.0 5201.521720860006
15 1 2972.3026492300132 7452.878258370019
15 1 0.0 4246.00273247
15 1 0.0 4069.2540545500065
15 1 0.0 3735.231398938058
15 1 2284.810627548096 5833.534107618796
15 1 959.7387749646371 4456.629837490048
15 1 0.0 3063.7923104543925
15 1 0.0 2728.769192399198
15 1 0.0 2642.0566833195853
15 1 0.0 2582.08645209
15 1 0.0 2486.3387034400266
15 1 0.0 2333.4831055396567
15 1 0.0 2296.1776973799865
15 1 0.0 2221.3213946400147
15 1 0.0 2075.095532160001
15 1 0.0 1973.0379258949351
15 1 0.0 1889.5064319445441
15 1 0.0 1877.9654686300082
15 1 0.0 1872.3246271600196
15 1 0.0 1855.2897758400054
15 1 26.006244371311368 1817.9792969332934
15 1 0.0 1786.4840046000163
15 1 0.0 1783.794669672695
15 1 0.0 1747.6108091391707
15 1 0.0 1693.6820678400097
15 1 0.0 1617.2409731188068
15 1 277.78995918752 1871.7172199599913
15 1 0.0 1593.7751636475036
15 1 0.0 1557.9461286375054
15 1 0.0 1531.8193507799942
15 1 0.0 1502.5685670816943
15 1 0.0 1481.2940963887977
15 1 774.1965068907921 2236.404023914103
15 1 0.0 1443.9816960662984
15 1 0.0 1412.000494199995
15 1 0.0 1402.5513089199908
15 1 0.0 1358.8128801599914
15 1 0.0 1349.8183078109064
15 1 0.0 1336.2931492800076
15 1 0.0 1332.1850590959912
15 1 0.0 1330.8694784933057
15 1 0.0 1325.4198658499954
15 1 0.0 1307.1371167209036
15 1 0.0 1299.5925553999855
15 1 0.0 1282.9245038392737
15 1 0.0 1155.9188130539933
15 1 0.0 1148.7561283299854
15 1 0.0 1127.8558012000053
15 1 413.98031635997813 1539.9485935200096
15 1 0.0 1125.7241960600013
15 1 0.0 1082.9048366969066
15 1 0.0 1031.0285303924138
15 1 0.0 1030.8584061029176
15 1 0.0 1027.2884951008027
15 1 0.0 1026.191160440007
15 1 0.0 1023.7334119000197
15 1 0.0 1017.9695022099872
15 1 0.0 1016.9516737899712
15 1 0.0 996.8575180399848
15 1 0.0 994.5337352742999
15 1 0.0 974.6950618863948
15 1 0.0 974.4066095973008
15 1 0.0 973.9952717332048
15 1 0.0 972.2203224064925
15 1 0.0 957.9405470100055
15 1 0.0 952.0898929992052
15 1 0.0 945.1472849165211
15 1 0.0 936.0565128859798
15 1 0.0 929.9150230899932
15 1 0.0 924.778451684514
15 1 0.0 924.2090379484088
15 1 0.0 916.1802683444948
15 1 0.0 912.1851162020039
15 1 0.0 910.664964579315
15 1 0.0 910.1106807917054
15 1 0.0 908.9491157781067
15 1 0.0 902.4609706000001
15 1 0.0 900.7833852499982
15 1 0.0 900.6304357949109
15 1 0.0 877.9822764383821
15 1 0.0 877.8643535869023
15 1 0.0 874.2034708505994
15 1 0.0 868.3907656381243
15 1 0.0 862.5757293100132
15 1 0.0 860.7267842324964
15 1 0.0 859.1219969599993
15 1 0.0 858.0921631161132
15 1 0.0 852.3015536763023
15 1 0.0 846.3752102399876
15 1 0.0 840.9667813850874
15 1 113.75884758970301 947.6538891381051
15 1 0.0 829.3962011000135
15 1 0.0 826.1421643199847
15 1 0.0 811.9729153199972
15 1 0.0 809.532698779964
15 1 0.0 802.3965665627998
15 1 0.0 790.3040105700265
15 1 0.0 786.6032064765213
15 1 0.0 785.2290196917106
15 1 0.0 784.9949258655931
15 1 0.0 777.0085874400111
15 1 0.0 770.9312759081104
15 1 0.0 768.099676659598
15 1 0.0 766.486266182138
15 1 0.0 764.5710559019956
15 1 0.0 763.5312691041008
15 1 237.00028532999522 997.4222599700092
15 1 0.0 753.7048102499957
15 1 0.0 751.0093539975006
15 1 0.0 749.7946819195863
15 1 0.0 744.9156585862793
15 1 0.0 743.021416583992
15 1 0.0 740.883834155597
15 1 0.0 739.8758986724179
15 1 0.0 738.5501712699961
15 1 0.0 735.7993897895767
15 1 0.0 731.2726564800157
15 1 0.0 725.4485808699919
15 1 0.0 723.8919277515981
15 1 0.0 719.2813544604012
15 1 0.0 714.6575502303925
15 1 0.0 712.6117930035069
15 1 0.0 712.4220238655844
15 1 0.0 709.5294349048079
15 1 158.48341851999453 863.7939880000004
15 1 0.0 704.8873109700103
15 1 0.0 700.1349198465578
15 1 0.0 699.1313871721081
15 1 0.0 698.9760028100018
15 1 608.5136694505009 1304.3463998000097
15 1 0.0 695.4473504676005
15 1 0.0 693.0173342071098
15 1 0.0 689.2513710199946
15 1 0.0 687.5904599999953
15 1 607.2739453115892 1292.4953016794832
15 1 0.0 683.2041240524974
15 1 0.0 676.1330468190222
15 1 0.0 672.0139567355923
15 1 0.0 670.708296921096
15 1 0.0 666.642000358401
15 1 0.0 663.5071687967866
15 1 0.0 660.7210196601068
15 1 0.0 652.6462380125058
15 1 0.0 650.2579857438977
15 1 0.0 647.9880310303888
15 1 0.0 645.7012366448869
15 1 0.0 641.9825207337442
15 1 0.0 640.8845721716059
15 1 0.0 640.2449584099888
15 1 0.0 634.9675600759015
15 1 0.0 634.5787836335926
15 1 0.0 628.6646013533059
15 1 0.0 624.7526272708033
15 1 0.0 623.9736159999966
15 1 0.0 611.5409775439032
15 1 0.0 611.2119990000032
15 1 0.0 609.1915478901062
15 1 0.0 608.915293116002
15 1 0.0 607.5826160900012
15 1 0.0 606.0085797800157
15 1 0.0 603.5130453903967
15 1 0.0 597.3393912368956
15 1 0.0 596.937053720005
15 1 0.0 596.3648747999973
15 1 0.0 594.4195929525008
15 1 0.0 594.3026254539882
15 1 0.0 586.3493730647945
15 1 0.0 584.4681764000045
15 1 0.0 583.5088101299666
15 1 0.0 580.1124428813077
15 1 0.0 576.6672149499934
15 1 0.0 570.1805702900092
15 1 0.0 566.7595914660023
15 1 0.0 566.412488833997
15 1 0.0 566.3261817600028
15 1 0.0 566.1274822299937
15 1 0.0 563.7562548024023
15 1 0.0 563.0746139500004
15 1 0.0 562.9235245369673
15 1 0.0 562.7253632100055
15 1 0.0 560.4630136719024
15 1 0.0 560.2526076984086
15 1 0.0 558.4413867907194
15 1 0.0 552.0406623028014
15 1 0.0 549.7475392000033
15 1 0.0 545.6930330848763
15 1 0.0 543.3559123956085
15 1 114.6353379094628 657.8312043059855
15 1 0.0 535.790597599995
15 1 0.0 535.1435163007902
15 1 0.0 534.6164823283912
15 1 0.0 533.7328624499996
15 1 0.0 531.6373973999953
15 1 0.0 531.6151936439937
15 1 0.0 527.9012547200025
15 1 0.0 527.4575324400121
15 1 0.0 523.5475937399979
15 1 0.0 520.6371056476039
15 1 0.0 519.2312274400113
15 1 0.0 518.5011417827983
15 1 0.0 516.0410285999903
15 1 0.0 511.2494701065134
15 1 0.0 509.67480802510363
15 1 0.0 509.66723912459753
15 1 278.8077818435863 787.5738668899589
15 1 0.0 508.7485089114962
15 1 0.0 506.61354429399876
15 1 0.0 506.54795771769284
15 1 0.0 506.253324459997
15 1 0.0 504.8624873665044
15 1 0.0 500.70754810439627
15 1 0.0 499.2128088156178
15 1 0.0 498.77311104500495
15 1 0.0 497.86834092000106
15 1 0.0 495.6191121269036
15 1 0.0 495.58948283999956
15 1 0.0 494.2285212859947
15 1 0.0 490.7996533924967
15 1 0.0 489.6907729945003
15 1 0.0 489.4260330028073
15 1 0.0 487.6012427705027
15 1 26.57734882999881 513.896580210007
15 1 0.0 486.9188863365098
15 1 0.0 482.8587286699676
15 1 0.0 479.5544564435976
15 1 0.0 475.39262736998717
15 1 0.0 475.27283081640337
15 1 0.0 474.8497299986857
15 1 0.0 474.71071665680233
15 1 0.0 474.54361627189434
15 1 0.0 472.0885085370928
15 1 209.70378556830474 676.1224170037185
15 1 0.0 463.8008053359995
15 1 0.0 463.04234920799894
15 1 0.0 461.1753702523067
15 1 0.0 457.6489016729056
15 1 0.0 451.50866915000165
15 1 0.0 450.18064148998906
15 1 0.0 449.8290721019964
15 1 0.0 449.6814396397076
15 1 0.0 447.70821641999044
15 1 0.0 446.15849963989825
15 1 0.0 445.27669171944365
15 1 0.0 444.37560167280003
15 1 0.0 441.76120778000745
15 1 105.23726761998552 545.0666490499918
15 1 0.0 438.764453317522
15 1 0.0 438.6063429544038
15 1 0.0 437.91111714380554
15 1 303.6876518899844 741.4977276888937
15 1 0.0 436.52882951039555
15 1 0.0 435.5466527400105
15 1 0.0 435.39355235839935
15 1 0.0 433.3790654231882
15 1 0.0 432.0811496019902
15 1 0.0 431.8435752843902
15 1 0.0 430.1247762999969
15 1 0.0 429.2250464599954
15 1 23.695344460893693 452.3565250687059
15 1 0.0 425.31808532270304
15 1 0.0 424.95217957421164
15 1 0.0 424.2552048500147
15 1 0.0 423.82970439089985
15 1 0.0 423.6660114023026
15 1 0.0 422.6081360767048
15 1 0.0 421.7743787200002
15 1 0.0 420.32997885399936
15 1 0.0 419.0187093368045
15 1 19.192699319995313 436.3428085599967
15 1 0.0 415.98706762998836
15 1 0.0 412.9853211726968
15 1 0.0 410.1187305888161
15 1 0.0 409.91090701000644
15 1 0.0 405.31879129000504
15 1 0.0 404.2244546600177
15 1 0.0 403.5532189500092
15 1 0.0 403.2937325899852
15 1 0.0 403.2327250400001
15 1 0.0 400.92536987710673
15 1 0.0 400.73463494760495
15 1 0.0 399.56695480480244
15 1 0.0 398.77404383310545
15 1 0.0 397.27041530000315
15 1 0.0 396.0213368499874
15 1 0.0 395.61057532800953
15 1 0.0 395.2165855776043
15 1 0.0 395.1700195729045
15 1 0.0 394.43539893440686
15 1 0.0 391.18539343689076
15 1 0.0 390.4905633904
15 1 0.0 389.2835900319924
15 1 0.0 389.0379313667929
15 1 0.0 386.15601114960117
15 1 0.0 383.6226213900004
15 1 0.0 383.35301589030223
15 1 0.0 382.33126946038783
15 1 0.0 381.7391045000014
15 1 0.0 381.67580735999957
15 1 0.0 381.0264813099967
15 1 0.0 376.416847963485
15 1 0.0 376.21918336730016
15 1 0.0 375.66303088440714
15 1 0.0 370.5524398755943
15 1 0.0 369.9269697300051
15 1 0.0 369.2288865199996
15 1 0.0 367.50457157400297
15 1 0.0 367.11773864209823
15 1 0.0 366.29134882880226
15 1 0.0 365.4276460058959
15 1 0.0 364.96743599000047
15 1 0.0 363.8846101975712
15 1 0.0 363.61953612630964
15 1 0.0 363.0555068700046
15 1 0.0 362.3640133500071
15 1 0.0 359.7062598895956
15 1 0.0 359.46665079000206
15 1 0.0 359.3919105500031
15 1 0.0 358.18038003999845
15 1 0.0 357.1144474000049
15 1 0.0 356.2371744430925
15 1 0.0 355.8463408183902
15 1 0.0 355.775485981703
15 1 0.0 352.1824456999948
15 1 0.0 349.5268198736003
15 1 0.0 349.4301847669567
15 1 0.0 349.2193164400046
15 1 0.0 347.59515319688853
15 1 0.0 347.1525830000079
15 1 0.0 346.8930914610007
15 1 0.0 346.50431131999164
15 1 0.0 346.1727533299918
15 1 0.0 343.143757337599
15 1 0.0 342.86844828760127
15 1 0.0 342.54688943769736
15 1 0.0 341.8792883324022
15 1 0.0 338.6148439100058
15 1 43.78340815079741 381.35412056600387
15 1 0.0 335.991860846799
15 1 0.0 335.3232838251995
15 1 0.0 334.3423497875988
15 1 0.0 333.06008892159525
15 1 0.0 332.7598708619973
15 1 0.0 329.6919414420123
15 1 0.0 329.2979380700014
15 1 0.0 328.64272240001196
15 1 0.0 325.90319881999835
15 1 0.0 325.5683888325113
15 1 122.79676591360044 448.18362680479527
15 1 0.0 325.1399175419924
15 1 0.0 323.56468598839933
15 1 0.0 323.4650640324139
15 1 0.0 323.46446070289403
15 1 0.0 323.3501858496063
15 1 0.0 323.1991645600083
15 1 20939.598083155506 21262.631901223
15 1 13.522271986433452 336.49450074761444
15 1 0.0 322.71264369999915
15 1 0.0 322.37160824999546
15 1 0.0 321.08713280000575
15 1 0.0 320.25977249490086
15 1 0.0 319.46968222402484
15 1 0.0 319.3971511019962
15 1 0.0 317.3448836500229
15 1 0.0 313.56321148090035
15 1 0.0 312.94728521350316
15 1 117.48999653850024 428.3780585490947
15 1 0.0 310.20657320000606
15 1 0.0 308.8827589871928
15 1 0.0 307.7616710628879
15 1 0.0 307.3516976599867
15 1 0.0 307.14381672249283
15 1 0.0 307.0217336741348
15 1 0.0 306.90272372269874
15 1 0.0 305.6205568199889
15 1 0.0 303.1132728847033
15 1 0.0 301.97672362999174
15 1 0.0 301.7378933184914
15 1 0.0 301.1770533962913
15 1 0.0 300.37689558599504
15 1 0.0 299.8596699994805
15 1 0.0 299.85952473999885
15 1 933.47791887001 1231.64652913
15 1 0.0 297.1128239200066
15 1 0.0 297.06171069959413
15 1 0.0 296.2505311024049
15 1 0.0 295.74082194861137
15 1 0.0 294.9699311262973
15 1 0.0 294.4692869580051
15 1 0.0 293.8616145968956
15 1 0.0 293.19418396680203
15 1 0.0 292.2658132712959
15 1 0.0 291.9635417599943
15 1 0.0 291.64218207879867
15 1 13.201475319992426 304.3373541000018
15 1 0.0 288.9061973000116
15 1 0.0 285.3939637916071
15 1 0.0 285.2616721000061
15 1 0.0 285.10031227997706
15 1 0.0 284.63095358999135
15 1 0.0 283.56153549959936
15 1 0.0 283.2633210001077
15 1 0.0 283.26182500410033
15 1 0.0 282.5099262092965
15 1 0.0 280.07738406249564
15 1 0.0 279.7497685499883
15 1 0.0 277.0101185787046
15 1 0.0 276.9773841299984
15 1 0.0 276.20766423960754
15 1 0.0 276.1336464136989
15 1 0.0 275.65851062230035
15 1 0.0 273.37914202089587
15 1 0.0 272.5182421888019
15 1 0.0 271.6180691900115
15 1 0.0 271.4290961699935
15 1 0.0 268.83176243048183
15 1 0.0 267.96929444249815
15 1 0.0 267.93995217610154
15 1 0.0 267.8519033799954
15 1 0.0 267.45321200000285
15 1 0.0 267.11135580000655
15 1 0.0 266.92695495998714
15 1 0.0 266.517155427578
15 1 51.16917696000655 316.44605136000496
15 1 0.0 264.69161249789863
15 1 0.0 264.44975386399653
15 1 0.0 264.130544936404
15 1 0.0 263.96390062200453
15 1 0.0 263.8369881300018
15 1 0.0 263.5069237999985
15 1 0.0 263.0418078399988
15 1 0.0 262.871827983101
15 1 0.0 262.3298865871018
15 1 0.0 261.6872028800085
15 1 0.0 261.33837519159033
15 1 0.0 261.0737656149004
15 1 0.0 260.8121731509017
15 1 0.0 260.643240504005
15 1 0.0 260.23005299000147
15 1 0.0 258.6856089399812
15 1 0.0 258.6691797043045
15 1 0.0 257.23471272110237
15 1 0.0 255.90424967449962
15 1 0.0 255.81549174810493
15 1 0.0 255.36093805889982
15 1 0.0 254.9515813139967
15 1 0.0 254.66312331001063
15 1 0.0 254.55234282200172
15 1 0.0 254.48967802080324
15 1 0.0 254.00652869159967
15 1 0.0 253.89896494940217
15 1 0.0 252.89549664749325
15 1 0.0 252.0742430931989
15 1 0.0 251.53919053999937
15 1 0.0 251.2144270393038
15 1 0.0 251.14718382239653
15 1 0.0 249.80479504070553
15 1 0.0 249.72044676961104
15 1 0.0 249.64299573999824
15 1 0.0 249.35200719240333
15 1 0.0 248.77388846840176
15 1 24.050578406402792 272.38356237360176
15 1 0.0 248.3298568176017
15 1 0.0 248.2867291300131
15 1 0.0 248.21693884879676
15 1 0.0 247.79321511919989
15 1 0.0 246.79078214950096
15 1 0.0 246.6177420978006
15 1 0.0 246.02855881049686
15 1 0.0 245.93053962890372
15 1 0.0 245.16829863999646
15 1 0.0 244.9800336200076
15 1 0.0 244.75974149999945
15 1 0.0 244.40047439771502
15 1 0.0 243.98260944793196
15 1 0.0 243.3100645139889
15 1 0.0 242.90764726000452
15 1 0.0 242.616821487501
15 1 0.0 239.65710311240196
15 1 0.0 238.59145880750384
15 1 0.0 238.2013894559999
15 1 0.0 236.90562356000396
15 1 0.0 236.5955401620049
15 1 0.0 236.48915251680273
15 1 0.0 234.51405459997204
15 1 0.0 234.38403214160468
15 1 0.0 233.7887481603941
15 1 0.0 233.25648928999277
15 1 0.0 232.1935286464028
15 1 0.0 231.09214020000354
15 1 0.0 231.08532327558714
15 1 0.0 230.11450109999078
15 1 0.0 229.66318367998815
15 1 0.0 228.31162722489717
15 1 0.0 227.09293880000587
15 1 0.0 226.49122700959538
15 1 0.0 225.97186925000574
15 1 0.0 225.11489246999815
15 1 0.0 224.93104233180532
15 1 0.0 223.6011233543967
15 1 1510.2382306699992 1733.2334669599754
15 1 0.0 222.0451641112021
15 1 0.0 221.7146877399996
15 1 0.0 221.30491963480029
15 1 0.0 220.94682685680186
15 1 10.043409051901563 230.81170615799522
15 1 0.0 217.99680320129949
15 1 0.0 217.51713355190122
15 1 0.0 216.84555939000393
15 1 0.0 215.09751965749706
15 1 0.0 214.40045458560246
15 1 230.14648216201067 444.05013132448585
15 1 79.92097034730091 293.19418396680203
15 1 0.0 213.07379712000045
15 1 919.0111946839852 1132.0497792884032
15 1 0.0 212.62754960511302
15 1 0.0 212.572777127496
15 1 0.0 212.1983892116018
15 1 0.0 211.17760166398966
15 1 0.0 210.90690346730435
15 1 0.0 209.41006930041522
15 1 0.0 209.02527113000156
15 1 0.0 208.73902569000688
15 1 0.0 208.64857763000202
15 1 0.0 206.9659980700094
15 1 0.0 206.54551580999623
15 1 0.0 206.28298183160916
15 1 0.0 206.13329478749938
15 1 0.0 206.04266138850164
15 1 0.0 204.79681564800057
15 1 0.0 203.42318188900094
15 1 0.0 202.5015776999885
15 1 33.97090664000166 234.786035080004
15 1 0.0 200.74212672800405
15 1 0.0 200.313284046101
15 1 0.0 200.17763783460214
15 1 0.0 200.09761904040852
15 1 18.81674732801048 218.89830789720247
15 1 0.0 198.91470344321885
15 1 0.0 197.5202377385002
15 1 0.0 195.20156180909544
15 1 0.0 195.11820210510393
15 1 2437.9173348400027 2632.0901556100102
15 1 0.0 193.96843363800167
15 1 0.0 193.84338763999858
15 1 0.0 193.210775585698
15 1 0.0 193.12840283001105
15 1 0.0 192.98785922190086
15 1 0.0 192.06252696001275
15 1 0.0 191.84172273000286
15 1 0.0 191.83900995999738
15 1 0.0 191.8064691599966
15 1 0.0 191.51771676001295
15 1 0.0 191.47813357000132
15 1 0.0 190.67736767560018
15 1 0.0 190.24254777250871
15 1 0.0 189.70256621999488
15 1 0.0 189.6853254499929
15 1 0.0 189.6849218283038
15 1 0.0 188.87218140000255
15 1 0.0 188.70179695999263
15 1 0.0 188.61846283199907
15 1 0.0 188.34386749270516
15 1 45.22349365890091 233.45215139579966
15 1 0.0 188.17842216000804
15 1 0.0 187.51542467909724
15 1 95.28264304279747 282.318168174398
15 1 0.0 185.61291527000822
15 1 0.0 185.51291597639647
15 1 0.0 184.7401637175027
15 1 0.0 184.61179342399748
15 1 18.372696554898653 202.78683806739423
15 1 0.0 183.7641532000066
15 1 0.0 183.35954835879375
15 1 0.0 181.5608151993098
15 1 0.0 180.78494197699195
15 1 250.909717440019 430.0473412900004
15 1 0.0 179.02321310489992
15 1 0.0 177.55039776000308
15 1 0.0 177.1047218879994
15 1 0.0 177.04062043400245
15 1 0.0 176.59162339329941
15 1 63.87016670211915 239.9957635917126
15 1 0.0 175.9577282299988
15 1 0.0 175.23693948960658
15 1 120.62957267350316 295.8381603075061
15 1 0.0 174.79539506550634
15 1 0.0 173.7104568991956
15 1 0.0 173.01230584199914
15 1 0.0 172.8553013499884
15 1 0.0 172.5568609934951
15 1 0.0 172.22807934690195
15 1 0.0 171.89961443988136
15 1 0.0 171.89636909900378
15 1 0.0 171.72081565149983
15 1 0.0 171.57090151149842
15 1 0.0 170.40417773795684
15 1 0.0 170.1865972975006
15 1 0.0 170.04276552000965
15 1 0.0 169.96498284841027
15 1 0.0 169.2762740940036
15 1 0.0 168.6811093199982
15 1 0.0 168.31353087999832
15 1 0.0 168.26166835810312
15 1 0.0 167.18856413669982
15 1 0.0 167.01970013349955
15 1 0.0 165.62426350479336
15 1 0.0 163.08680655999524
15 1 0.0 163.00274510760687
15 1 0.0 162.9309040068008
15 1 0.0 160.8560512372065
15 1 95.21269158238556 255.7730424000008
15 1 0.0 160.2473134899917
15 1 0.0 160.17577582411514
15 1 172.66315830999338 332.79229309997163
15 1 633.1929916400029 792.9011245900142
15 1 0.0 159.66429160000007
15 1 0.0 159.55809047799846
15 1 0.0 158.30615869549774
15 1 0.0 158.09095167999862
15 1 0.0 157.98637114849987
15 1 0.0 157.00200330000035
15 1 0.0 156.62018341801064
15 1 0.0 156.42971871998998
15 1 0.0 155.014603847601
15 1 0.0 153.8881509516118
15 1 0.0 153.76361294600554
15 1 0.0 152.528179555502
15 1 0.0 152.17717269774516
15 1 0.0 152.07292242910194
15 1 0.0 151.32439552000358
15 1 0.0 150.623537686399
15 1 68.39169524030194 218.87358216750044
15 1 0.0 150.20714266999664
15 1 0.0 150.00541333302613
15 1 0.0 149.83101945959928
15 1 0.0 149.65736481750002
15 1 0.0 147.37193302367848
15 1 0.0 147.29882507999332
15 1 0.0 146.62682457640562
15 1 0.0 145.80556923609726
15 1 0.0 145.57153511690717
15 1 0.0 144.84102978399096
15 1 90.48727916809639 235.29260487250122
15 1 0.0 144.5166339400064
15 1 0.0 143.62188170749414
15 1 0.0 143.3905791759962
15 1 0.0 143.34363169600124
15 1 0.0 142.91765975000206
15 1 0.0 142.5210325028968
15 1 29.91873576998404 171.66105377999918
15 1 0.0 141.33213864000288
15 1 0.0 140.98417377479404
15 1 0.0 140.52861209000116
15 1 0.0 139.9969383004037
15 1 0.0 139.57086145001347
15 1 0.0 139.22645143520128
15 1 0.0 138.98456480999835
15 1 0.0 138.78228076509674
15 1 0.0 138.7615229700034
15 1 2271.6308559252366 2410.071985774784
15 1 200.96902153840188 338.4953272800027
15 1 0.0 137.2295421600038
15 1 0.0 136.93788927000128
15 1 0.0 136.24663848800014
15 1 0.0 135.88747523549728
15 1 0.0 135.30008182320705
15 1 0.0 134.52204876600194
15 1 0.0 134.00231899000255
15 1 0.0 133.14890693579616
15 1 0.0 133.1078621614986
15 1 0.0 132.46651374049566
15 1 0.0 132.02641920000087
15 1 0.0 131.86197697600937
15 1 0.0 131.78303014999392
15 1 0.0 131.70442079001054
15 1 0.0 131.33481055750178
15 1 0.0 130.84786451329944
15 1 0.0 130.75870257389965
15 1 46.03218040950412 176.65071813069244
15 1 0.0 130.3198541440053
15 1 0.0 130.23886600833612
15 1 0.0 129.99028789673542
15 1 0.0 128.64234402389434
15 1 0.0 127.94497936249877
15 1 0.0 127.8969418300012
15 1 0.0 127.37620935000245
15 1 0.0 126.25794085999473
15 1 0.0 124.994096630125
15 1 0.0 124.94827659360499
15 1 0.0 124.59115735000557
15 1 0.0 124.44350892000693
15 1 0.0 123.4528923612977
15 1 0.0 123.27028971480274
15 1 0.0 122.77936878999844
15 1 0.0 122.6683966100984
15 1 0.0 121.75199316001249
15 1 0.0 121.55517577000296
15 1 0.0 121.21890653650598
15 1 0.0 120.87482117929994
15 1 63.20698908730128 183.82098914376354
15 1 0.0 120.04183473879584
15 1 0.0 119.9681152235944
15 1 0.0 119.63690517361465
15 1 0.0 119.3555584700049
15 1 0.0 119.13559286690503
15 1 0.0 118.83378263039879
15 1 0.0 118.62337665359928
15 1 0.0 117.61009439240792
15 1 0.0 117.45328519549764
15 1 0.0 116.91514884000705
15 1 0.0 116.86670123999329
15 1 0.0 116.76042978549816
15 1 0.0 115.74030680000084
15 1 0.0 115.27283693607751
15 1 0.0 115.27201714199191
15 1 0.0 115.23248123748749
15 1 0.0 115.05982363089424
15 1 0.0 114.67019193610076
15 1 0.0 114.07665007339773
15 1 0.0 114.07029152359917
15 1 0.0 113.49972714709997
15 1 0.0 113.18783549719342
15 1 0.0 113.18616980449951
15 1 0.0 112.94844797910042
15 1 0.0 112.65870292001
15 1 0.0 112.62092812000265
15 1 0.0 112.02526910092456
15 1 0.0 111.75909102050048
15 1 0.0 111.72677722049878
15 1 0.0 111.45462361159821
15 1 0.0 111.22976176799278
15 1 0.0 110.998197630003
15 1 0.0 110.9493973143027
15 1 0.0 110.66597528230295
15 1 0.0 110.61346509020177
15 1 0.0 109.97689580000096
15 1 0.0 109.4483710191978
15 1 0.0 109.27080998509666
15 1 0.0 109.180697484701
15 1 0.0 109.10306649720326
15 1 0.0 108.38516016250219
15 1 0.0 107.96856558000934
15 1 0.0 107.93925157402668
15 1 122.87825355250743 230.59499601250218
15 1 0.0 107.67247695489766
15 1 0.0 106.81763379999614
15 1 0.0 105.61656539000484
15 1 0.0 105.32147669999267
15 1 0.0 104.63065280999918
15 1 5.781125270001439 110.39513545999921
15 1 4.378101625503291 108.67906584990482
15 1 0.0 104.21050274909794
15 1 0.0 104.07591845089576
15 1 0.0 103.56975806520109
15 1 0.0 103.11871327000136
15 1 180.0466907464977 282.7602399595073
15 1 0.0 102.30899052000382
15 1 0.0 101.58475602287268
15 1 0.0 100.88550850359712
15 1 0.0 100.3363326300016
15 1 0.0 100.18546551669033
15 1 0.0 99.04706885120203
15 1 0.0 97.13668815449682
15 1 0.0 96.55170766759562
15 1 0.0 96.54840401040929
15 1 0.0 95.87701871040099
15 1 0.0 95.87598086010735
15 1 62.976541170682594 158.3909236563943
15 1 0.0 94.97799096999637
15 1 0.0 94.48812423280208
15 1 0.0 93.83106876009617
15 1 121.8523430435979 215.65357181190552
15 1 0.0 93.41520351919701
15 1 0.0 93.06097130561466
15 1 0.0 92.88528925512935
15 1 0.0 92.27133643000079
15 1 0.0 91.9614211744042
15 1 0.0 91.88382468000464
15 1 0.0 91.6121850396006
15 1 0.0 91.56055930650041
15 1 0.0 91.43690836998667
15 1 0.0 91.00049892180073
15 1 0.0 90.6927751887132
15 1 0.0 90.20926580839853
15 1 0.0 89.03917512800069
15 1 0.0 88.95726257559022
15 1 0.0 88.69557116280947
15 1 0.0 87.94981269508321
15 1 0.0 87.11491181239865
15 1 152.83340919890088 239.6686613190986
15 1 0.0 86.44533439001043
15 1 0.0 85.71805377959708
15 1 0.0 85.7012588763015
15 1 0.0 85.47435248960278
15 1 0.0 84.39814911629641
15 1 0.0 84.28227073119331
15 1 0.0 84.25261375479988
15 1 0.0 84.1278719999982
15 1 140.00495641640146 223.81672266290116
15 1 0.0 82.73208900560576
15 1 0.0 82.60579401000001
15 1 0.0 82.06392302760136
15 1 889.6276544700154 971.5141993599873
15 1 29.139853159994573 110.75784335000299
15 1 239.53449665739913 320.7582533283387
15 1 87.05736446199944 168.2594608852985
15 1 0.0 80.89534406999542
15 1 0.0 80.1338306500013
15 1 0.0 79.4595003111981
15 1 0.0 79.25496025049753
15 1 0.0 79.04745533999755
15 1 0.0 79.04274958110523
15 1 0.0 78.74918727559316
15 1 0.0 78.27590660400267
15 1 0.0 77.56609859449713
15 1 0.0 76.72368888000125
15 1 0.0 75.9157986899989
15 1 0.0 75.84390588829501
15 1 19.370634350494925 95.2098425000031
15 1 0.0 75.64356943290173
15 1 0.0 75.3390323151043
15 1 0.0 75.16257504000066
15 1 0.0 74.74329170001039
15 1 0.0 74.47469006429765
15 1 0.0 74.05002320149879
15 1 99.902919634515 173.87052313651157
15 1 0.0 73.96635476000279
15 1 0.0 73.81461878480147
15 1 33.04364751153639 106.18050040799653
15 1 0.0 72.56182274999918
15 1 161.94813518999763 233.55412318950175
15 1 26.358171932505684 97.52652853999973
15 1 0.0 70.25134899129847
15 1 0.0 70.06317309450401
15 1 0.0 69.44893536479975
15 1 0.0 68.54524239998727
15 1 0.0 68.52163775649932
15 1 0.0 67.05159836810913
15 1 0.0 66.7171080888038
15 1 5.362356346901606 71.93811764509496
15 1 0.0 65.91187546300182
15 1 0.0 65.86126338120042
15 1 0.0 65.38463047709769
15 1 0.0 65.20960571919568
15 1 0.0 65.01884168560389
15 1 0.0 64.56239811999524
15 1 48.6355936255909 112.8825229359984
15 1 0.0 64.24311106999858
15 1 0.0 64.20540186000636
15 1 14.638287455098634 78.60726413800217
15 1 0.0 63.953253457508595
15 1 0.0 63.79149599999879
15 1 0.0 63.78529216168272
15 1 0.0 63.45282110050732
15 1 0.0 62.894169268503674
15 1 0.0 62.774282509601676
15 1 0.0 62.680670835602655
15 1 0.0 62.657793028398714
15 1 0.0 62.42567045000942
15 1 347.7737438874867 409.6701091799923
15 1 611.3258029599859 672.8718381999795
15 1 134.77277127705463 196.21340259585486
15 1 0.0 61.386712120005654
15 1 0.0 61.071896909996696
15 1 0.0 60.34265615999976
15 1 0.0 60.32399079000561
15 1 0.0 60.00508204998596
15 1 0.0 58.79834039490123
15 1 0.0 57.999899456100366
15 1 0.0 57.8688313979942
15 1 0.0 57.86330418000023
15 1 119.25735822900765 177.0486340259945
15 1 0.0 57.432311689999096
15 1 0.0 57.342803006000395
15 1 0.0 56.99650130800188
15 1 0.0 56.20542153200188
15 1 0.0 55.80712543999334
15 1 0.0 55.56639323092247
15 1 0.0 55.44339522999144
15 1 0.0 55.411604635283766
15 1 0.0 54.78361775399651
15 1 12.650336356414755 66.73229193451425
15 1 8.139472956901045 62.17487630559759
15 1 0.0 53.86455324110125
15 1 0.0 53.61760252400376
15 1 0.0 53.30144085659063
15 1 0.0 53.23062373370041
15 1 0.0 53.140613741996276
15 1 0.0 53.05231135210579
15 1 0.0 52.89355744179693
15 1 0.0 52.62588501559958
15 1 0.0 52.50912502528854
15 1 587.838693062 639.9604486300034
15 1 0.0 52.020119679997606
15 1 0.0 51.94260666999591
15 1 249.50086376748618 300.8733514231553
15 1 21.3927923899937 72.0608204000007
15 1 0.0 49.98009356000074
15 1 0.0 49.531245920006086
15 1 0.0 49.28934093599972
15 1 0.0 48.87379979470276
15 1 0.0 48.37262983999938
15 1 0.0 48.02148945000113
15 1 0.0 47.88192942999922
15 1 0.0 47.29512515000806
15 1 459.40520613000376 506.6406247800139
15 1 637.2585991476012 684.4782876205038
15 1 0.0 46.929974154495085
15 1 9.209064156300883 54.924594506304516
15 1 0.0 44.798398891604165
15 1 148.92854041160223 193.67189244800085
15 1 0.0 44.66557551998733
15 1 0.0 44.272641165498726
15 1 78.62087539015022 122.86046321887159
15 1 0.0 43.81726668999687
15 1 0.0 42.68151022999109
15 1 0.0 42.64537465000214
15 1 0.0 42.47652837440603
15 1 0.0 42.406297641645466
15 1 0.0 42.29465277510235
15 1 185.5299473099924 227.65143732150364
15 1 0.0 41.897778740006515
15 1 0.0 41.31921111161
15 1 0.0 41.28956776750181
15 1 155.58330143999137 196.7610010900189
15 1 2463.2099023200017 2504.217636059993
15 1 0.0 40.42588405599889
15 1 0.0 39.96504573700213
15 1 0.0 39.62316625000142
15 1 0.0 39.51860643239934
15 1 0.0 39.41214616279899
15 1 0.0 39.267505070001334
15 1 0.0 38.868302661103485
15 1 0.0 38.749536243599394
15 1 0.0 38.68033267999857
15 1 60.855014560293625 99.4012322259947
15 1 0.0 38.38832991000004
15 1 0.0 38.26111540429861
15 1 0.0 37.703281570004776
15 1 0.0 37.703066852201346
15 1 0.0 37.42361320400187
15 1 0.0 36.692933500003164
15 1 27.83072849429675 64.35359999999955
15 1 0.0 36.51599027249813
15 1 0.0 36.486886320003066
15 1 0.0 36.425096959202335
15 1 0.0 36.424623164056584
15 1 18.836562650023097 55.20627887751607
15 1 0.0 35.73431560998597
15 1 0.0 35.342981140000305
15 1 40.52548776749745 75.7645526599922
15 1 145.24369455230544 180.43091291719975
15 1 0.0 35.11936431999891
15 1 0.0 34.71686955000314
15 1 0.0 34.30901501999688
15 1 144.88039042471155 179.1588158887048
15 1 0.0 34.23156717563745
15 1 0.0 34.12325770909183
15 1 0.0 33.90195669959621
15 1 0.0 33.36885017848169
15 1 0.0 33.275016030002746
15 1 0.0 33.26668601889355
15 1 96.22392754090197 128.9019792068915
15 1 0.0 32.535444618197744
15 1 0.0 32.17735508998976
15 1 164.07067875999826 196.0540046525051
15 1 0.0 31.952453611198052
15 1 0.0 31.888504749999925
15 1 11.88342739591144 43.42061830599573
15 1 0.0 31.419840037601034
15 1 0.0 31.340377934701763
15 1 0.0 30.96696415998963
15 1 0.0 30.554847158699545
15 1 0.0 30.011180316002395
15 1 0.0 29.467529040006866
15 1 0.0 29.146261058800178
15 1 0.0 28.835270730603725
15 1 0.0 28.613174400019943
15 1 0.0 28.5995594203672
15 1 0.0 28.39940282450152
15 1 0.0 28.30033793800112
15 1 0.0 28.24853673331131
15 1 0.0 27.911666023596126
15 1 0.0 27.77599559999726
15 1 0.0 27.38133736000964
15 1 0.0 27.29896981799476
15 1 0.0 27.09356261489961
15 1 48.67422909001425 75.51977489001138
15 1 0.0 26.24194375379807
15 1 0.0 26.13928641999712
15 1 36.71859591920156 62.6573037417013
15 1 0.0 25.683352471097976
15 1 0.0 25.36890761790005
15 1 76.79967637089732 102.0529466989019
15 1 0.0 25.15963052999132
15 1 0.0 25.00657964000044
15 1 0.0 24.6537255200015
15 1 62.83637383020107 87.48196827525601
15 1 0.0 24.170200345001035
15 1 0.0 24.077267964394878
15 1 0.0 23.631772295306973
15 1 0.0 22.342250615997955
15 1 0.0 21.550886465998474
15 1 0.0 21.456824150004195
15 1 30.798669653599518 52.08514023358839
15 1 7.855134415701116 29.097775600501336
15 1 0.0 21.02037552279944
15 1 0.0 20.662242265602515
15 1 24.31220521360001 44.793478560693984
15 1 0.0 20.37167852634377
15 1 0.0 20.222983976501382
15 1 0.0 20.024337492300276
15 1 0.0 19.637111975103494
15 1 0.0 19.547796372498624
15 1 0.0 18.505839347203846
15 1 0.0 18.12278174679983
15 1 172.20830496960434 189.95888060000152
15 1 0.0 17.7414203413756
15 1 0.0 17.664236083602532
15 1 0.0 17.344524377095013
15 1 54.36169433401221 71.50876261639644
15 1 63.046018866793474 80.16773014000046
15 1 0.0 15.840601624499186
15 1 0.0 15.424688840000073
15 1 0.0 15.048972286799199
15 1 16.275683995599536 31.139186593999696
15 1 0.0 14.781639420898728
15 1 0.0 14.278767487995765
15 1 0.0 14.278489380910287
15 1 33.480244830504944 47.592265281597236
15 1 0.0 13.544563200002585
15 1 0.0 12.493915059901724
15 1 0.0 12.460818343600977
15 1 124.37901021600692 136.54951808669784
15 1 28.620914158498522 40.78166115750662
15 1 0.0 12.147142599992776
15 1 0.0 11.891432792495493
15 1 62.69366337160102 74.51481008999235
15 1 0.0 11.068514120007535
15 1 24.434252439097747 35.18162738089768
15 1 0.0 10.245555190004325
15 1 0.0 9.83154517000338
15 1 0.0 9.66344911000283
15 1 0.0 9.57181032703545
15 1 0.0 8.836922137104466
15 1 0.0 8.610964622902287
15 1 0.0 8.164946170008989
15 1 210.33563196310752 218.4547262960051
15 1 0.0 7.877297556006852
15 1 244.3589775951168 252.19027966688554
15 1 238.5989192114994 245.80047162850133
15 1 285.41719503839886 291.46133151200365
15 1 0.0 6.034941781301882
15 1 0.0 5.234153717112804
15 1 0.0 4.465610240397382
15 1 13.398051249995945 17.43438616999771
15 1 0.0 3.7274748899949373
15 1 0.0 3.6078780500029097
15 1 43.047594990004654 46.63543139000657
15 1 0.0 3.5757970672990496
15 1 0.0 3.392767164898032
15 1 0.0 3.261566265602596
15 1 0.0 2.614789080499918
15 1 0.0 2.2767262130973904
15 1 104.92771179485635 105.99878150367408
15 1 0.0 0.715458782400674
15 1 0.0 0.5588630666014751
15 0 0.0 inf
# COVID_SAMPLE_4_ROI_3
16 1 0.0 17025.790222559976
16 1 0.0 11805.16770296801
16 1 0.0 5395.504682442674
16 1 0.0 3858.79835397003
16 1 0.0 3625.5930566232105
16 1 0.0 3252.8529398116066
16 1 5201.844266987597 8086.0790875456005
16 1 0.0 2752.6520798860006
16 1 0.0 2490.5812740699957
16 1 0.0 2449.9508699699927
16 1 0.0 2271.949959311899
16 1 0.0 2252.60842229003
16 1 0.0 2250.333483972513
16 1 0.0 2239.484044465358
16 1 0.0 2212.9785527870063
16 1 0.0 2201.4137566326963
16 1 0.0 2188.1152303205054
16 1 0.0 2049.571794879992
16 1 0.0 2040.2079599499941
16 1 0.0 1995.3315254499862
16 1 0.0 1981.1650716977674
16 1 0.0 1964.9603021099933
16 1 0.0 1943.8924321861032
16 1 0.0 1924.6287230544067
16 1 0.0 1809.0894196719933
16 1 0.0 1793.3007455500438
16 1 0.0 1769.8346685599968
16 1 0.0 1767.5030817180223
16 1 0.0 1744.2205085500148
16 1 0.0 1739.0130705000183
16 1 0.0 1675.4844072459987
16 1 0.0 1670.0239063589988
16 1 0.0 1660.1942346094993
16 1 0.0 1654.5133476775009
16 1 0.0 1633.0938581351993
16 1 0.0 1577.7015701640048
16 1 0.0 1547.7076908153176
16 1 0.0 1524.168547614297
16 1 0.0 1516.2790189687857
16 1 0.0 1512.862061808105
16 1 0.0 1493.434200375299
16 1 0.0 1453.80601151999
16 1 0.0 1430.641734338496
16 1 0.0 1389.671372871491
16 1 0.0 1385.7303124971017
16 1 0.0 1367.401679842491
16 1 0.0 1301.9868879539954
16 1 0.0 1294.4210169800942
16 1 0.0 1288.0998770234646
16 1 0.0 1284.9250154794995
16 1 0.0 1278.6761647999892
16 1 0.0 1252.5856269036099
16 1 0.0 1249.557199415213
16 1 1025.986614989993 2250.553873590001
16 1 0.0 1214.503866258792
16 1 0.0 1213.3852228245048
16 1 0.0 1212.5152807384027
16 1 0.0 1199.6207515399965
16 1 0.0 1198.0072872159958
16 1 0.0 1192.236706329992
16 1 0.0 1191.1084166057035
16 1 0.0 1186.6361230994996
16 1 0.0 1170.4972474579954
16 1 0.0 1163.965476221092
16 1 0.0 1150.798984375001
16 1 0.0 1135.9027324280012
16 1 0.0 1117.2518853969177
16 1 0.0 1110.275621143504
16 1 0.0 1108.4382838219956
16 1 0.0 1106.747012279986
16 1 260.84187392999 1363.0086797699905
16 1 0.0 1082.7908771159987
16 1 0.0 1077.0666788499989
16 1 0.0 1067.1274501985004
16 1 0.0 1038.163370282499
16 1 0.0 1034.5407946175028
16 1 0.0 1027.3866652999995
16 1 134.48880436201125 1157.2139873425049
16 1 0.0 999.7951477371885
16 1 0.0 998.0680899225099
16 1 0.0 990.4738716668976
16 1 0.0 990.2880764599984
16 1 0.0 986.1501382971974
16 1 0.0 975.2754297305107
16 1 0.0 967.7412857259919
16 1 0.0 955.2432829445008
16 1 0.0 946.1907644000108
16 1 80.9566899954907 1014.8120158551001
16 1 0.0 918.4088052799966
16 1 0.0 917.0688440144027
16 1 0.0 908.2449206948086
16 1 0.0 906.7668376872
16 1 0.0 905.424284135999
16 1 0.0 903.5619899996916
16 1 0.0 903.0149662820022
16 1 0.0 901.4174600717042
16 1 0.0 891.1055133800317
16 1 0.0 890.4401840407086
16 1 0.0 884.4814508180068
16 1 0.0 868.7208949803817
16 1 0.0 860.8864693439994
16 1 0.0 856.8289949532884
16 1 0.0 853.829078736002
16 1 0.0 852.6342224399975
16 1 0.0 848.6831936000065
16 1 0.0 847.517408180804
16 1 0.0 847.0831173860068
16 1 0.0 845.2064056000122
16 1 0.0 841.2935789929015
16 1 0.0 836.5096495900045
16 1 0.0 833.1604634219939
16 1 0.0 827.3899689699986
16 1 0.0 824.7476661999833
16 1 0.0 824.5610133822111
16 1 0.0 817.2255468900007
16 1 0.0 815.7796124363995
16 1 0.0 813.3919285471025
16 1 0.0 811.4205249299903
16 1 155.29589025803307 965.0536475992112
16 1 0.0 807.7226826224851
16 1 0.0 800.0442549591992
16 1 0.0 797.1191771700057
16 1 0.0 795.5831716692975
16 1 0.0 790.9083342499662
16 1 0.0 789.8298228299955
16 1 0.0 789.2097754700076
16 1 0.0 788.3726358176018
16 1 0.0 787.7238764920021
16 1 0.0 781.8506377800095
16 1 0.0 777.3117173527171
16 1 0.0 770.3871786300019
16 1 0.0 767.5528198400023
16 1 0.0 766.6820652655874
16 1 0.0 759.5975567729018
16 1 0.0 755.3761413056043
16 1 0.0 750.2249285599946
16 1 0.0 748.9148918848923
16 1 0.0 748.1545020359927
16 1 0.0 747.9241871599954
16 1 0.0 743.428121660012
16 1 0.0 740.422665477086
16 1 0.0 738.8029053279021
16 1 0.0 737.543901490104
16 1 0.0 736.963578637603
16 1 0.0 734.824009259994
16 1 0.0 733.8806831999868
16 1 0.0 727.364568250397
16 1 0.0 726.3575457299969
16 1 0.0 726.0331484582314
16 1 0.0 721.6595086524824
16 1 0.0 717.5488215891974
16 1 0.0 713.315273187086
16 1 0.0 709.8661867044136
16 1 0.0 706.218821183988
16 1 0.0 704.9592417883987
16 1 0.0 701.5346017400002
16 1 0.0 698.2720884865986
16 1 0.0 693.6281630400108
16 1 0.0 693.3870513280032
16 1 0.0 692.4549684773972
16 1 0.0 691.8541912700089
16 1 0.0 691.8479112176042
16 1 0.0 691.0423314524
16 1 0.0 689.4633326499952
16 1 0.0 689.2628833215799
16 1 0.0 684.5063195671902
16 1 0.0 684.3709909329018
16 1 0.0 683.5634108758995
16 1 0.0 682.9915639099904
16 1 0.0 679.3544275599829
16 1 0.0 672.1140368100071
16 1 0.0 671.9327087364004
16 1 0.0 670.7540068799963
16 1 0.0 664.925285420793
16 1 0.0 664.8815403739854
16 1 0.0 663.2394109999912
16 1 0.0 662.2716858368958
16 1 0.0 656.3585611038006
16 1 0.0 655.0989365100068
16 1 0.0 653.1311349356961
16 1 0.0 650.9146866699984
16 1 0.0 648.3836506425007
16 1 0.0 645.4053357199937
16 1 0.0 642.3534990946937
16 1 0.0 640.3046796999945
16 1 0.0 639.542956679989
16 1 0.0 630.579998810013
16 1 0.0 627.3118254974947
16 1 0.0 620.9956734763987
16 1 0.0 620.7663776595964
16 1 0.0 617.3906898400012
16 1 0.0 616.7654848799964
16 1 0.0 616.591710339603
16 1 0.0 615.8691483500045
16 1 0.0 614.1814829600037
16 1 0.0 613.5687065259019
16 1 0.0 609.5264023250993
16 1 0.0 608.9743415399926
16 1 0.0 607.3111983399867
16 1 0.0 606.2965804499881
16 1 0.0 606.2916947200108
16 1 0.0 603.1704154275984
16 1 0.0 602.2992253599966
16 1 0.0 600.030919006017
16 1 0.0 599.7004633499992
16 1 0.0 595.9538715256015
16 1 0.0 588.5600129800165
16 1 0.0 586.8351298156149
16 1 0.0 585.7707791999958
16 1 0.0 584.3054275609029
16 1 0.0 583.367604750011
16 1 0.0 582.8213992000001
16 1 0.0 578.9047173443923
16 1 359.8721097200055 937.0165859199972
16 1 0.0 576.3385389699988
16 1 0.0 576.2015285600046
16 1 0.0 575.3202633700262
16 1 0.0 571.2093950642738
16 1 0.0 570.3418248225125
16 1 0.0 570.2636752679991
16 1 0.0 567.3984693900184
16 1 1197.2664359340029 1763.3801149255175
16 1 0.0 565.7593606499986
16 1 0.0 565.5209172284062
16 1 0.0 559.1518442963361
16 1 0.0 559.099725739994
16 1 0.0 558.5640112900005
16 1 0.0 555.5971283695351
16 1 0.0 549.7876232475037
16 1 0.0 547.4092229115074
16 1 0.0 547.1342496944862
16 1 0.0 546.3859883379956
16 1 0.0 545.3423999999877
16 1 0.0 543.6473961699917
16 1 0.0 543.5934153799876
16 1 0.0 541.4860358060089
16 1 0.0 539.4644302899978
16 1 0.0 538.2922763151965
16 1 0.0 536.7229508399045
16 1 0.0 534.7727147200171
16 1 0.0 532.9281920399994
16 1 0.0 529.5326518236029
16 1 0.0 529.3943710936987
16 1 0.0 526.5659599391995
16 1 0.0 523.1710808952944
16 1 1580.4317965999944 2102.7583653499923
16 1 0.0 519.7058757610744
16 1 0.0 516.7604104024795
16 1 0.0 516.3761742099912
16 1 0.0 515.3491895200109
16 1 0.0 514.20478772041
16 1 0.0 513.7554853574995
16 1 0.0 513.5811558156006
16 1 0.0 513.5425110000124
16 1 0.0 512.9362645974998
16 1 0.0 512.3389250000009
16 1 0.0 511.8030386875123
16 1 322.6658508687942 832.4474317625031
16 1 0.0 509.63166213001614
16 1 0.0 507.5028548600069
16 1 0.0 504.0863166506974
16 1 0.0 502.992674817905
16 1 0.0 501.3735343011275
16 1 0.0 499.46898098998645
16 1 0.0 496.16621681359993
16 1 0.0 489.7953611120056
16 1 0.0 488.61106238999673
16 1 0.0 484.32110949429807
16 1 0.0 484.21990188868267
16 1 0.0 483.08997725000563
16 1 0.0 482.4976868403909
16 1 0.0 481.2326389999953
16 1 0.0 478.92948257469925
16 1 0.0 478.6264357130224
16 1 227.78122632289637 705.9970500638999
16 1 0.0 473.9810220299021
16 1 0.0 471.1478881900066
16 1 0.0 469.04502777490086
16 1 0.0 466.0097144400009
16 1 0.0 465.71815640249395
16 1 0.0 465.47384569729866
16 1 0.0 465.3416985099926
16 1 0.0 461.6553823436027
16 1 0.0 461.3156007859984
16 1 0.0 461.2828353267921
16 1 36.21132291848539 495.00015209080266
16 1 0.0 455.44073205000166
16 1 76.25651130309689 530.5901929077363
16 1 0.0 450.6645553727117
16 1 0.0 450.0000038240098
16 1 173.9513720700047 623.3679737700013
16 1 0.0 447.9879662855815
16 1 0.0 446.59099110840066
16 1 0.0 446.36736185000404
16 1 0.0 445.7941819092093
16 1 0.0 445.1067965700023
16 1 0.0 443.5026367739972
16 1 120.71332650289924 562.6951789619002
16 1 0.0 439.60610919640055
16 1 0.0 439.47914376650124
16 1 0.0 439.17382990330293
16 1 0.0 438.73860969774705
16 1 0.0 436.8384381499948
16 1 0.0 436.624420117485
16 1 0.0 433.8617524315948
16 1 0.0 431.507394578304
16 1 0.0 427.0655932499994
16 1 0.0 426.9294659904931
16 1 47.17398622450946 473.85210500868834
16 1 17.329595526648518 443.3990451961174
16 1 0.0 425.34404292999875
16 1 0.0 423.501122348885
16 1 0.0 422.20567144848906
16 1 0.0 421.2004243949066
16 1 0.0 421.1697823339996
16 1 0.0 421.1121147304991
16 1 0.0 420.3026630200042
16 1 0.0 419.3463688915035
16 1 0.0 419.1193233491922
16 1 0.0 418.3290818499993
16 1 0.0 417.80637731000286
16 1 0.0 417.4987125780069
16 1 0.0 413.3486541424845
16 1 0.0 412.2615687923958
16 1 0.0 411.67189834467723
16 1 0.0 410.7136567599971
16 1 0.0 410.46584823480066
16 1 0.0 409.7653936464976
16 1 0.0 408.7031680012917
16 1 0.0 408.6662225299988
16 1 0.0 408.1647450300061
16 1 0.0 407.1745813671064
16 1 0.0 406.2609980024956
16 1 0.0 405.8658684499933
16 1 0.0 403.97013896000885
16 1 0.0 403.7352542914871
16 1 0.0 403.59631667000576
16 1 0.0 396.9914346500034
16 1 138.35842562429434 533.750818910506
16 1 0.0 394.6079869599919
16 1 0.0 391.1098314160063
16 1 0.0 390.1477268825006
16 1 0.0 388.58251412069103
16 1 0.0 388.48949287629705
16 1 0.0 387.5178920759986
16 1 0.0 386.21201066000424
16 1 112.53344263520466 498.60824989050116
16 1 0.0 384.43358005769755
16 1 328.1637509567872 710.8660259050002
16 1 0.0 382.18119306240715
16 1 0.0 378.4949656194003
16 1 0.0 377.58813083960035
16 1 0.0 377.5006336799958
16 1 98.56476103601608 475.95419388240066
16 1 131.07642426240528 508.4000993721063
16 1 284.07295992689706 659.3809914647982
16 1 0.0 373.1331234000195
16 1 0.0 371.14168020000466
16 1 0.0 370.2672347699795
16 1 0.0 370.1761555239942
16 1 0.0 370.09008151999546
16 1 0.0 369.2660246400003
16 1 0.0 367.89866777670363
16 1 0.0 367.3166862100252
16 1 0.0 366.6276036588986
16 1 0.0 366.58885328000883
16 1 0.0 365.71618178060476
16 1 0.0 365.27396556999906
16 1 0.0 364.74897744000805
16 1 0.0 363.8131980195931
16 1 0.0 362.7200569700012
16 1 0.0 361.0261721499862
16 1 0.0 360.4576875475067
16 1 0.0 359.97818407240425
16 1 0.0 359.4505906003883
16 1 0.0 357.51404867000247
16 1 0.0 356.3674810761049
16 1 0.0 354.936914560009
16 1 0.0 352.52958392999244
16 1 0.0 351.38276278598914
16 1 0.0 350.76556144000335
16 1 0.0 350.2831643599953
16 1 0.0 349.4052244800074
16 1 0.0 347.872877819995
16 1 0.0 347.00772841391586
16 1 0.0 345.4338191027973
16 1 0.0 345.36909297000943
16 1 0.0 345.1009497124155
16 1 20.61694124002497 365.6493671600033
16 1 0.0 344.9005526948017
16 1 0.0 343.76873142337445
16 1 0.0 343.5497705100079
16 1 146.33680550999952 489.72201143000757
16 1 0.0 343.2439577362943
16 1 0.0 343.0915047996107
16 1 0.0 343.0911777120025
16 1 0.0 342.3287685776045
16 1 0.0 340.5043660100116
16 1 0.0 339.8002546500014
16 1 0.0 339.6860023199938
16 1 0.0 339.01864363500385
16 1 0.0 338.8301096000282
16 1 0.0 337.40942145998827
16 1 0.0 336.27027754249593
16 1 0.0 336.10296367999774
16 1 0.0 335.3780875299832
16 1 0.0 334.4403909599773
16 1 0.0 333.3508723299906
16 1 0.0 332.8493469064067
16 1 0.0 331.5929747288716
16 1 0.0 331.5776344974986
16 1 0.0 330.9661104566568
16 1 0.0 330.0571751099924
16 1 0.0 329.8082015011987
16 1 0.0 329.6371129299923
16 1 29.9760530499791 358.90518336000025
16 1 0.0 328.20436944999904
16 1 0.0 326.46073877839603
16 1 0.0 325.5116962179918
16 1 0.7714903299765865 325.8255955599998
16 1 0.0 324.3876420200079
16 1 0.0 321.55473451360785
16 1 0.0 321.42787128511054
16 1 0.0 320.5887967695005
16 1 0.0 317.7377404655991
16 1 0.0 317.7089392664907
16 1 0.0 316.7785030699979
16 1 0.0 314.72305308159514
16 1 0.0 314.52976555869554
16 1 0.0 314.4058340915974
16 1 0.0 312.28286645439573
16 1 0.0 312.0225499900066
16 1 33.102283079989775 343.5571271290987
16 1 0.0 309.07792105319413
16 1 0.0 306.40515088876805
16 1 0.0 304.98579520001135
16 1 0.0 304.30907813840076
16 1 0.0 303.34997479529306
16 1 0.0 303.33749207997744
16 1 0.0 302.9089074960043
16 1 0.0 301.57422516250074
16 1 0.0 299.73516110880473
16 1 0.0 297.4896214316964
16 1 0.0 295.6346228035974
16 1 0.0 295.0786812100067
16 1 0.0 294.1218084100076
16 1 0.0 293.01623342000175
16 1 0.0 292.8325559199866
16 1 0.0 292.7315400099933
16 1 0.0 289.91220816999294
16 1 0.0 288.16559033560907
16 1 0.0 287.3000444695417
16 1 6.300499192005759 292.99032902040244
16 1 0.0 285.30659112000137
16 1 0.0 284.91530825001064
16 1 0.0 283.84207612001944
16 1 0.0 282.6032148948002
16 1 0.0 282.51110419199586
16 1 0.0 281.721523876902
16 1 0.0 281.47533776998125
16 1 0.0 280.8987740141265
16 1 0.0 280.36078677390014
16 1 0.0 279.8282579500042
16 1 0.0 279.3092862152956
16 1 0.0 277.94680988000346
16 1 0.0 277.77886027000545
16 1 0.0 277.0045023839989
16 1 0.0 274.2016456554975
16 1 0.0 273.899084013105
16 1 0.0 272.2484511031955
16 1 0.0 271.573244909986
16 1 0.0 269.15466266650003
16 1 0.0 268.41945251959737
16 1 0.0 268.154011660009
16 1 117.08591148279913 385.142565965687
16 1 0.0 267.9452566965774
16 1 0.0 267.3380609782843
16 1 0.0 266.12680354999486
16 1 0.0 266.0257602879983
16 1 0.0 265.8860443100009
16 1 0.0 265.0949989999947
16 1 0.0 264.8164656500045
16 1 0.0 264.44089881599757
16 1 0.0 264.3017082299957
16 1 0.0 262.5646989683928
16 1 0.0 262.1854136676004
16 1 0.0 261.8909920228016
16 1 0.0 260.87771813890095
16 1 0.0 260.83448704001364
16 1 0.0 259.9006113599853
16 1 0.0 259.5977649527954
16 1 0.0 259.0442610547018
16 1 0.0 258.575886788208
16 1 0.0 257.4384288328122
16 1 0.0 257.1236861000141
16 1 0.0 256.56922233850287
16 1 0.0 255.65057508790187
16 1 0.0 255.26153984999883
16 1 0.0 255.05969135249302
16 1 0.0 254.58950755999922
16 1 276.7235118911949 531.0674814911963
16 1 0.0 254.07989701999634
16 1 0.0 253.97745661239514
16 1 231.58874590150572 484.9897549500138
16 1 0.0 252.40521213000642
16 1 0.0 250.7241355385022
16 1 445.4523523139924 695.3821995491908
16 1 0.0 249.22695936537139
16 1 0.0 249.19450095999346
16 1 0.0 249.06391905999294
16 1 0.0 245.3082942400041
16 1 0.0 244.80548676650187
16 1 0.0 244.13592962999883
16 1 0.0 243.5991210395989
16 1 296.76299862641645 539.8669340964052
16 1 0.0 240.68698707400324
16 1 0.0 239.38279540000076
16 1 73.66053946198508 312.99775530730506
16 1 0.0 238.87215695030818
16 1 249.2566144010957 488.0902369359951
16 1 0.0 238.59676072949856
16 1 0.0 238.5274314799994
16 1 0.0 237.76073011869812
16 1 0.0 237.6466397500044
16 1 0.0 237.43924288001108
16 1 0.0 237.07599449200097
16 1 0.0 236.78636993599525
16 1 0.0 236.04413202719024
16 1 0.0 235.75275915999578
16 1 0.0 235.63014377649756
16 1 0.0 232.33842514289393
16 1 0.0 232.18542775999958
16 1 0.0 232.10137247999728
16 1 0.0 230.48681159000841
16 1 170.47349820960062 400.366321132003
16 1 0.0 229.65489822999143
16 1 0.0 228.76844120999624
16 1 0.0 226.3402276011991
16 1 0.0 225.93827907000912
16 1 0.0 225.3137809463999
16 1 0.0 225.28284417840132
16 1 147.95206816199538 368.3629630239973
16 1 0.0 219.89891863999446
16 1 0.0 217.97409031960706
16 1 0.0 216.68510492000996
16 1 0.0 216.46838003999414
16 1 0.0 216.31483316999004
16 1 0.0 215.06271840999767
16 1 0.0 214.27585139359735
16 1 0.0 214.15157825999586
16 1 0.0 212.21800643499387
16 1 0.0 211.84055648999083
16 1 0.0 211.32363152349842
16 1 0.0 210.9346022832001
16 1 0.0 210.91572231000816
16 1 0.0 210.05882779400758
16 1 0.0 209.84907895000447
16 1 0.0 209.73096354280437
16 1 0.0 209.55970849639675
16 1 0.0 208.65517318999605
16 1 0.0 208.21996692000562
16 1 0.0 208.15917645934326
16 1 0.0 207.96772592000025
16 1 0.0 207.66244124490186
16 1 0.0 206.78824868000538
16 1 0.0 206.28658754998287
16 1 0.0 206.0967426472995
16 1 0.0 205.30148530999816
16 1 0.0 204.38231547000282
16 1 0.0 203.08269245620158
16 1 0.0 203.06520911359507
16 1 0.0 202.1717389869018
16 1 0.0 201.41973104001113
16 1 0.0 201.1626957999914
16 1 0.0 200.76250887000566
16 1 186.11066929249137 386.0656153975988
16 1 0.0 199.82212181000318
16 1 0.0 199.18499913999858
16 1 0.0 198.57400256999563
16 1 0.0 198.0161499320002
16 1 0.0 197.91891805000213
16 1 0.0 197.74242842569538
16 1 0.0 196.11977174910453
16 1 148.74070232600388 344.2969518659993
16 1 0.0 195.5523825863197
16 1 0.0 193.86472957499507
16 1 0.0 193.50160026679941
16 1 0.0 192.27861698490096
16 1 0.0 190.3376374214996
16 1 0.0 190.28795115270646
16 1 0.0 190.0836942699882
16 1 0.0 190.0038771237197
16 1 0.0 188.4058725775103
16 1 0.0 188.3430659279935
16 1 0.0 188.2455675543041
16 1 0.0 188.2007880425067
16 1 0.0 187.79988095999056
16 1 0.0 187.48182797399778
16 1 120.13670252000452 307.5103766400035
16 1 0.0 187.00280496000642
16 1 0.0 186.63063984000314
16 1 0.0 186.490889109695
16 1 0.0 186.41442230729763
16 1 0.0 186.33294857000067
16 1 36.55564420600865 222.3851432760997
16 1 0.0 185.79351002249973
16 1 53.880369645996325 239.3308686742995
16 1 0.0 182.4900620092964
16 1 0.0 182.2715466528963
16 1 0.0 182.14121428799996
16 1 0.0 181.5761064500009
16 1 0.0 180.86236628999256
16 1 0.0 180.75183760001028
16 1 0.0 180.6986178059961
16 1 26.95580735999465 207.6269690900042
16 1 24.578809115894046 205.03844143750393
16 1 0.0 179.27224429000057
16 1 0.0 178.4050494799966
16 1 0.0 177.42121239999915
16 1 0.0 177.24494195798343
16 1 0.0 177.0601824500012
16 1 0.0 176.6398325700012
16 1 61.80716018998646 238.34532078000166
16 1 0.0 174.2880987000009
16 1 0.0 174.1426908175988
16 1 0.0 173.68985737999856
16 1 0.0 172.8115412824996
16 1 0.0 172.71374394290524
16 1 0.0 172.45051226000658
16 1 0.0 172.1919669500047
16 1 0.0 172.09350534760233
16 1 0.0 172.0751582449052
16 1 0.0 171.69640120000395
16 1 0.0 171.6479013500002
16 1 0.0 171.64730759999816
16 1 0.0 171.35317205999604
16 1 0.0 170.21373416110373
16 1 0.0 168.98794605000444
16 1 0.0 168.7902206820006
16 1 0.0 168.73754080440403
16 1 0.0 168.7193614099972
16 1 0.0 167.86042032001228
16 1 0.0 167.84433549000642
16 1 0.0 167.6744006100023
16 1 0.0 167.60065748000147
16 1 0.0 164.5812951461503
16 1 0.0 164.06165132999604
16 1 0.0 163.85290563249862
16 1 0.0 163.50655535000578
16 1 0.0 163.4999251423942
16 1 0.0 162.72149063799952
16 1 0.0 159.48846533000528
16 1 0.0 157.9270299618969
16 1 0.0 157.09452648000297
16 1 0.0 156.96188891070085
16 1 0.0 155.88014571249005
16 1 0.0 155.166468129981
16 1 0.0 155.08803410999508
16 1 0.0 154.9502237999934
16 1 0.0 154.1266876799882
16 1 0.0 152.56083421999983
16 1 315.3831357575 467.5089807020822
16 1 0.0 150.98832370161085
16 1 0.0 150.69608103000883
16 1 0.0 150.57671999999297
16 1 1636.5659620000079 1787.0310694963955
16 1 0.0 150.0818291199967
16 1 0.0 149.60042565999913
16 1 0.0 148.4494928800077
16 1 0.0 147.64520282641706
16 1 0.0 146.87085105000665
16 1 0.0 145.70506853174197
16 1 0.0 145.53833513000183
16 1 0.0 145.17485004107175
16 1 0.0 144.4785020799959
16 1 0.0 143.94042750998096
16 1 0.0 143.8490421028048
16 1 0.0 143.82626105750956
16 1 0.0 142.47559008130287
16 1 0.0 142.38916915558843
16 1 275.630065651477 417.39915131657744
16 1 0.0 141.66647184249769
16 1 0.0 141.05319861799944
16 1 0.0 140.85992758519455
16 1 0.0 140.68209512259978
16 1 0.0 140.08176590188918
16 1 0.0 139.8030399199954
16 1 0.0 139.31379899999354
16 1 0.0 139.26825048000774
16 1 0.0 139.1858791352006
16 1 0.0 138.87342151600774
16 1 0.0 138.62301890000253
16 1 0.0 137.2641750299881
16 1 0.0 137.19420203998106
16 1 104.3290494582352 240.40294484162723
16 1 0.0 135.86847184806743
16 1 0.0 135.7579980300044
16 1 0.0 135.50816759639383
16 1 0.0 134.57733308000115
16 1 0.0 133.7110674500011
16 1 43.45163329549632 176.8767269024961
16 1 0.0 133.35454973000594
16 1 0.0 132.97034805440057
16 1 0.0 132.8303341685828
16 1 0.0 131.7886663044012
16 1 17.76818374999175 149.3246393700099
16 1 246.35065153241067 377.8902659148016
16 1 0.0 130.98464448289894
16 1 0.0 130.69002265000393
16 1 0.0 130.20268564999895
16 1 156.46677837001016 286.47770243001673
16 1 0.0 129.99232721251292
16 1 0.0 128.80429900800402
16 1 0.0 128.2205585300021
16 1 411.3794878399997 539.2893689600053
16 1 0.0 127.89467514239698
16 1 0.0 127.87348176250475
16 1 46.53607888250599 173.82425163000516
16 1 0.0 126.66023275959782
16 1 0.0 125.54926294950224
16 1 156.14767538999376 281.6077306320162
16 1 0.0 125.09518604999221
16 1 0.0 125.03548188000104
16 1 0.0 123.99307421999549
16 1 0.0 123.49760060237077
16 1 160.1079427500024 282.71801229999096
16 1 0.0 122.57783194999396
16 1 0.0 122.33140530279456
16 1 0.0 121.96888608000359
16 1 0.0 121.59120176999437
16 1 289.9541930056189 411.4418289136165
16 1 0.0 120.72299512999894
16 1 9.664281189300596 129.57511366832912
16 1 0.0 118.61328999999273
16 1 0.0 118.28216707049978
16 1 0.0 118.11213867930212
16 1 0.0 117.9143185304074
16 1 0.0 117.69054018250176
16 1 0.0 117.02424713439888
16 1 0.0 116.30809719210265
16 1 0.0 116.16305200089664
16 1 0.0 115.42807397439651
16 1 260.368258574303 375.5937132923966
16 1 0.0 115.16540487999777
16 1 0.0 113.8104630709006
16 1 0.0 112.59491225000542
16 1 0.0 112.21348443870306
16 1 0.0 112.12122583998735
16 1 0.0 111.77856333389093
16 1 0.0 110.7225159699965
16 1 220.1084323275918 330.73890849091094
16 1 0.0 110.41002428720412
16 1 0.0 110.03760672999658
16 1 50.128383989990084 160.02157728000117
16 1 0.0 108.81530656000336
16 1 0.0 108.79794303039785
16 1 0.0 108.65215270998283
16 1 0.0 108.49052361560143
16 1 22.761275279998273 130.88594220999704
16 1 0.0 108.10444608759008
16 1 0.0 108.00786853440115
16 1 0.0 107.97477655740306
16 1 0.0 107.22788816999503
16 1 0.0 107.20725272360505
16 1 0.0 104.66605440000114
16 1 0.0 104.59607208069656
16 1 0.0 103.25727488839993
16 1 0.0 103.23597552000001
16 1 0.0 102.87273959999209
16 1 167.4154151856003 269.95184970962146
16 1 0.0 101.15955811249614
16 1 79.14760085998546 180.159984759998
16 1 0.0 100.79120454760414
16 1 0.0 100.4651295825006
16 1 162.70252834189125 262.82223566400216
16 1 0.0 99.77850440999896
16 1 0.0 99.65313934999949
16 1 0.0 98.52059875760312
16 1 234.83310582690774 332.4715401104995
16 1 0.0 95.74361462759964
16 1 0.0 95.73244756000452
16 1 0.0 94.52909621000526
16 1 0.0 92.72811067679277
16 1 0.0 92.39830082360538
16 1 0.0 91.9132689375042
16 1 0.0 91.89509346999284
16 1 0.0 91.89248658632368
16 1 0.0 90.19949179599882
16 1 0.0 89.49770617000084
16 1 0.0 89.39973602000532
16 1 0.0 89.25491049229504
16 1 0.0 89.23034997623927
16 1 0.0 89.1224601699995
16 1 28.30809299159671 117.25506586200234
16 1 0.0 88.90421820560357
16 1 0.0 88.31654639999988
16 1 0.0 88.15257158399913
16 1 0.0 87.99964221999744
16 1 0.0 87.3849311899969
16 1 0.0 87.34519800749945
16 1 0.0 87.05815015999934
16 1 0.0 86.54004957389338
16 1 0.0 85.42638580799576
16 1 0.0 85.35767076350021
16 1 155.15684555214114 240.41541398777508
16 1 0.0 85.17858454399266
16 1 0.0 84.50245977857116
16 1 0.0 84.25328455000272
16 1 0.0 84.2039806700041
16 1 0.0 84.19308786998579
16 1 0.0 83.8898841500095
16 1 0.0 83.38845151999618
16 1 0.0 83.25571413810803
16 1 0.0 82.16082419709988
16 1 0.0 82.09273631001406
16 1 0.0 81.75823331999652
16 1 0.0 81.26565130000853
16 1 378.0317473595993 459.18084600199677
16 1 0.0 80.68182333000436
16 1 0.0 80.6101639099918
16 1 0.0 80.46159503999189
16 1 48.36286361291286 128.52855173372745
16 1 0.0 79.46698945000401
16 1 0.0 79.45400536139755
16 1 0.0 79.1374369799978
16 1 0.0 78.02096827839875
16 1 0.0 77.37461461750172
16 1 0.0 74.72924862640411
16 1 0.0 74.20539003000081
16 1 199.88598849999653 273.34164587997475
16 1 0.0 73.3766665500043
16 1 0.0 73.35076692389339
16 1 0.0 72.96536594210193
16 1 0.0 72.95675429545872
16 1 0.0 72.51134591999573
16 1 0.0 72.39291956000241
16 1 0.0 72.3747742500019
16 1 0.0 72.09563173559991
16 1 0.0 71.39695802999995
16 1 0.0 70.99668374000458
16 1 0.0 69.75226435199545
16 1 0.0 69.55196710839698
16 1 293.4679091419996 363.00384482690265
16 1 0.0 69.47589471999646
16 1 0.0 69.06980206999492
16 1 0.0 68.0601471586383
16 1 0.0 67.23556736000046
16 1 0.0 67.00854109800639
16 1 0.0 65.05405071689756
16 1 10.966150329996708 74.31374220998873
16 1 0.0 63.03183820001959
16 1 0.0 62.94436502160136
16 1 0.0 62.819792787595816
16 1 0.0 62.57285434520213
16 1 0.0 62.52833623998936
16 1 0.0 62.033388685101386
16 1 0.0 61.67968288470604
16 1 0.0 61.389138216079346
16 1 0.0 61.331115919997615
16 1 0.0 61.18584689000909
16 1 0.0 60.689740137491526
16 1 0.0 60.48722465960748
16 1 0.0 60.21615075000477
16 1 0.0 59.69217608999304
16 1 0.0 59.576910877201726
16 1 0.0 59.116942802480935
16 1 0.0 58.787317920005364
16 1 240.1707422275024 298.48258797999983
16 1 0.0 57.857717678100585
16 1 0.0 57.83571466999388
16 1 0.0 57.8250266184034
16 1 0.0 57.483790389994965
16 1 0.0 57.429665809988364
16 1 0.0 57.38619045000502
16 1 251.0115132884971 308.2135170716988
16 1 0.0 57.015732600002366
16 1 112.82816444849641 169.62415423319476
16 1 380.7497680544966 436.87831882000955
16 1 0.0 56.08296809480066
16 1 0.0 55.02558462289801
16 1 113.9696615971946 168.3243939168026
16 1 0.0 54.154946559988275
16 1 0.0 53.82626783549688
16 1 0.0 53.238400830015735
16 1 0.0 52.95197814000005
16 1 0.0 52.93683525000745
16 1 102.62893660998452 155.18505838999772
16 1 0.0 50.862827159994936
16 1 0.0 50.79542085000162
16 1 0.0 50.09339627039253
16 1 54.11249103999478 104.13613203999836
16 1 0.0 49.84053693749229
16 1 0.0 49.745688964859255
16 1 16.91692392001096 64.33875424000439
16 1 0.0 47.20176952209886
16 1 0.0 46.98038004000017
16 1 0.0 44.71243907989037
16 1 0.0 43.62849678001044
16 1 0.0 43.07413215999827
16 1 0.0 42.985270150005476
16 1 0.0 42.01868277569997
16 1 0.0 41.366320289990426
16 1 0.0 41.27755824040325
16 1 0.0 40.36104956130441
16 1 0.0 39.24346306799771
16 1 0.0 38.80236371479509
16 1 25.94998873400982 64.64382811000223
16 1 0.0 38.38256802999928
16 1 0.0 37.81108844999471
16 1 0.0 37.512730209994515
16 1 0.0 36.984642107737955
16 1 0.0 36.29238771000087
16 1 281.88546200000064 317.84845637999194
16 1 320.93540769048843 356.69960860519393
16 1 391.8980615099887 427.61966406998704
16 1 0.0 35.155680128930726
16 1 11.478907380001147 45.68781298000761
16 1 0.0 33.553861913598325
16 1 0.0 33.12722206000001
16 1 57.75771147999808 90.36260241760237
16 1 0.0 32.20995195000364
16 1 0.0 30.027687296805652
16 1 544.6681665900014 574.4008672904874
16 1 0.0 29.68722667110319
16 1 0.0 29.602958644097612
16 1 0.0 28.89190200001019
16 1 0.0 27.62573542598784
16 1 164.70297690439156 191.4041528634075
16 1 0.0 26.681586482895455
16 1 0.0 26.56364326000812
16 1 28.18600500997627 53.84017527997753
16 1 0.0 25.13759930400238
16 1 0.0 25.137083197201093
16 1 81.31572859449932 106.17405884000596
16 1 25.065934110004378 49.61387628000398
16 1 0.0 24.182073432398738
16 1 0.0 23.65684311000092
16 1 0.0 22.74672062248146
16 1 0.0 22.49913018080838
16 1 0.0 20.976067465697497
16 1 0.0 20.748418821500593
16 1 0.0 20.685017199996082
16 1 172.23978263999226 192.58894611999153
16 1 10.823577089997684 31.140778990001763
16 1 0.0 20.054904972002987
16 1 0.0 19.789907699999617
16 1 2.8834151580019807 22.014120295309567
16 1 0.0 19.022635406194922
16 1 0.0 18.889771379998365
16 1 83.6616868500007 102.51480364999225
16 1 0.0 18.57352767998634
16 1 233.1322679574937 251.527057177502
16 1 0.0 17.91840411960993
16 1 0.0 17.912564714000382
16 1 0.0 17.209062263601197
16 1 126.91345005002086 143.84442660001173
16 1 0.0 16.48155165085359
16 1 1812.9410444575042 1828.9522445575003
16 1 277.2422426780072 293.13178670120635
16 1 0.0 15.011628360009126
16 1 12.96829728689886 27.330347224798345
16 1 0.0 13.621300423502475
16 1 39.56064662999643 52.22656425999935
16 1 0.0 12.159649815604098
16 1 0.0 11.551177277200395
16 1 0.0 11.313640772510553
16 1 0.0 11.072535342299261
16 1 28.837631588702948 39.69328035720366
16 1 0.0 10.645695990000178
16 1 255.78131192748833 266.2199463758866
16 1 0.0 10.329249335582972
16 1 777.6633609973442 787.4766332772892
16 1 233.7363737425094 242.90889519259395
16 1 157.64369328640123 166.55536545290215
16 1 93.37858892998975 101.89205458688866
16 1 0.0 5.9882883200034485
16 1 0.0 5.747888483598672
16 1 0.0 4.987783169997186
16 1 201.78445214999988 206.24398791999647
16 1 56.43674569002587 60.18052275000173
16 1 0.0 2.531044542499785
16 1 315.40190171000745 317.5835272099923
16 1 0.0 1.6129305480458243
16 1 0.0 1.5907729311932144
16 1 0.0 0.9735443364061211
16 1 0.0 0.2412657680108623
16 1 0.0 0.1350618100039469
16 0 0.0 inf
# COVID_SAMPLE_9_ROI_2
17 1 0.0 9567.81942750001
17 1 0.0 7071.175721957487
17 1 0.0 6950.367085161602
17 1 0.0 5123.444026449976
17 1 0.0 5058.418791239985
17 1 0.0 5001.388678212512
17 1 1194.9840791980396 5147.56167927749
17 1 0.0 3896.254266119977
17 1 0.0 3392.412898925098
17 1 0.0 3296.1030533700014
17 1 0.0 3290.8740928924963
17 1 0.0 3267.839494630036
17 1 0.0 3171.5181446535985
17 1 0.0 3127.7209324250903
17 1 0.0 3109.9233271099947
17 1 0.0 3030.0919009323047
17 1 1243.7424168545008 4234.941501516496
17 1 0.0 2946.5449192243477
17 1 0.0 2699.1617920916005
17 1 0.0 2663.2864580780983
17 1 0.0 2655.2432761600035
17 1 0.0 2630.7526345583865
17 1 0.0 2542.6187952599953
17 1 0.0 2413.100887479996
17 1 0.0 2344.273641667495
17 1 0.0 2213.324523091178
17 1 0.0 2192.3932185499953
17 1 0.0 2132.3220968739115
17 1 0.0 2129.1429152258975
17 1 0.0 2118.8145284300253
17 1 0.0 2065.7031753492015
17 1 0.0 2043.013413959985
17 1 0.0 1955.5721550476947
17 1 0.0 1946.3366056699633
17 1 0.0 1938.6368319709372
17 1 0.0 1920.6992704999966
17 1 0.0 1918.5347194000083
17 1 0.0 1873.8180507184425
17 1 0.0 1860.406573393594
17 1 0.0 1856.76887033999
17 1 0.0 1844.8183867999896
17 1 0.0 1836.3249829104107
17 1 0.0 1818.2008114300106
17 1 0.0 1733.4772332900247
17 1 835.7998592504964 2537.2139772485984
17 1 0.0 1691.0944611699997
17 1 0.0 1690.2914449476048
17 1 0.0 1678.3748372399814
17 1 0.0 1624.3876177299044
17 1 0.0 1623.5540468399663
17 1 0.0 1594.0272612122021
17 1 214.3829433600231 1778.7746707800075
17 1 0.0 1537.0510056800003
17 1 0.0 1529.3530417124987
17 1 0.0 1446.3938896795053
17 1 0.0 1444.5331298130973
17 1 290.6798564937085 1708.5075842482115
17 1 0.0 1405.0114499500114
17 1 0.0 1373.9119619940948
17 1 0.0 1373.8899494210896
17 1 0.0 1300.3101209202987
17 1 0.0 1298.0774167100367
17 1 0.0 1271.473128024803
17 1 0.0 1270.0697081725093
17 1 0.0 1268.5782635083983
17 1 0.0 1266.6829017143864
17 1 0.0 1260.872390470016
17 1 0.0 1259.0535921854962
17 1 0.0 1258.846192894408
17 1 0.0 1247.850789280013
17 1 0.0 1240.7813581800208
17 1 0.0 1230.3003215700105
17 1 0.0 1228.8969901199994
17 1 0.0 1218.9764424680156
17 1 0.0 1204.9018622576145
17 1 0.0 1203.9324748799627
17 1 0.0 1196.778660337989
17 1 0.0 1194.7009402816118
17 1 0.0 1188.049557692806
17 1 0.0 1180.1847054362997
17 1 0.0 1163.0036545844073
17 1 0.0 1156.958052650411
17 1 0.0 1140.2751808828953
17 1 0.0 1136.9757567999914
17 1 0.0 1136.5998543808078
17 1 0.0 1117.7652304099806
17 1 0.0 1117.2894952500033
17 1 0.0 1111.328307419998
17 1 0.0 1098.690912023199
17 1 0.0 1093.4166988165093
17 1 0.0 1076.808704932008
17 1 0.0 1070.875774449992
17 1 0.0 1069.7728582299906
17 1 0.0 1062.0252082499942
17 1 0.0 1058.141734859994
17 1 0.0 1055.8859468340124
17 1 16.932005646503512 1060.972470275622
17 1 0.0 1043.328226531199
17 1 0.0 1035.8968112779235
17 1 0.0 1016.6455278699805
17 1 1671.4249782953966 2684.296250081092
17 1 0.0 1005.4489268544075
17 1 0.0 1001.8370407899915
17 1 0.0 999.4847289599675
17 1 0.0 983.7140428499997
17 1 0.0 979.7138852194987
17 1 0.0 978.2764110899866
17 1 0.0 977.2135391324916
17 1 0.0 976.8577764900126
17 1 0.0 976.822967438904
17 1 0.0 975.7585608174973
17 1 0.0 963.7031592474527
17 1 0.0 963.4063325704055
17 1 0.0 948.9372494459951
17 1 0.0 946.0891050135017
17 1 0.0 941.324706179998
17 1 0.0 927.2072843099991
17 1 0.0 926.6855417682493
17 1 0.0 922.6518546864181
17 1 0.0 922.5347743499985
17 1 0.0 919.6032299600033
17 1 0.0 911.1251317471981
17 1 0.0 906.4854788811003
17 1 0.0 905.464264433996
17 1 0.0 903.2133484036135
17 1 0.0 899.9580803175049
17 1 0.0 895.32664875
17 1 0.0 893.5672253234907
17 1 0.0 880.4567828000124
17 1 0.0 871.4175291906001
17 1 0.0 870.4845016120048
17 1 0.0 866.2739490751001
17 1 0.0 863.5747714699885
17 1 0.0 863.006628207098
17 1 604.8166906800452 1464.6057043299875
17 1 0.0 857.117374921497
17 1 0.0 855.7524903196104
17 1 0.0 855.5436674995765
17 1 0.0 854.1538375528005
17 1 0.0 853.4613828096951
17 1 0.0 852.5510729700004
17 1 0.0 846.148258082407
17 1 0.0 843.7891333044088
17 1 0.0 836.4517079300035
17 1 0.0 832.8466436095991
17 1 0.0 828.4015855707335
17 1 0.0 825.8888359308046
17 1 0.0 825.327646770008
17 1 0.0 824.5068223200017
17 1 0.0 818.876628299982
17 1 0.0 818.4523559279967
17 1 0.0 818.4019947544139
17 1 0.0 817.0849617343955
17 1 202.35197360948905 1009.344086415997
17 1 0.0 801.657799689986
17 1 0.0 798.9173879500145
17 1 0.0 798.4078904844023
17 1 0.0 797.2124730700157
17 1 0.0 793.5879041817057
17 1 0.0 788.0559542002013
17 1 0.0 787.4877957600165
17 1 0.0 783.6284579974999
17 1 0.0 772.9864157999873
17 1 0.0 772.7317349253062
17 1 0.0 767.0092786799744
17 1 0.0 761.1102167538979
17 1 0.0 758.5843792743979
17 1 276.7043436783963 1031.1603048800057
17 1 0.0 751.6956479999999
17 1 0.0 742.9742081330985
17 1 0.0 741.431680537477
17 1 910.204118873995 1651.5508980996096
17 1 0.0 740.7286442592019
17 1 0.0 736.5032919845041
17 1 0.0 736.3684163525043
17 1 0.0 732.5887394900105
17 1 0.0 726.0639743000152
17 1 0.0 725.7393921443836
17 1 0.0 722.5807576610944
17 1 0.0 721.0353795503996
17 1 0.0 714.2039198596012
17 1 0.0 710.806572847715
17 1 0.0 709.5019110575931
17 1 0.0 707.3355371799942
17 1 0.0 699.0140814661127
17 1 22.036094680003657 719.7547089300097
17 1 90.95636107879409 782.8116587315999
17 1 0.0 689.451197904008
17 1 0.0 688.0617424700094
17 1 0.0 686.8944918800144
17 1 0.0 684.0339756474878
17 1 0.0 681.5705639299904
17 1 0.0 681.2686817700037
17 1 0.0 679.7706992496037
17 1 0.0 679.0603855221134
17 1 0.0 679.0509516399998
17 1 0.0 675.6297871715037
17 1 0.0 672.3557422565929
17 1 0.0 669.3108184750986
17 1 0.0 666.3935352200099
17 1 0.0 664.707670877991
17 1 0.0 658.5953639999952
17 1 0.0 657.7973056364012
17 1 0.0 657.3542286500026
17 1 0.0 654.490576074784
17 1 0.0 652.5198969663928
17 1 0.0 651.7676831499016
17 1 0.0 639.7192317864024
17 1 0.0 638.4762750400048
17 1 0.0 636.6414189100046
17 1 0.0 634.5336973319003
17 1 0.0 631.4780186740049
17 1 0.0 631.4508529667946
17 1 0.0 630.9470832000034
17 1 0.0 628.9528928975988
17 1 0.0 628.3678972109037
17 1 0.0 626.0438111411996
17 1 0.0 624.5963245396022
17 1 0.0 623.8921378412945
17 1 0.0 617.4509143029024
17 1 151.9874826400087 769.2878243584024
17 1 33.175743479999255 648.2713604675034
17 1 0.0 614.6191505510026
17 1 0.0 614.4612831320055
17 1 0.0 611.2334114599953
17 1 0.0 609.2596330444023
17 1 0.0 606.5339021060049
17 1 0.0 604.2936768183978
17 1 0.0 603.7357266235153
17 1 0.0 601.6074378341036
17 1 0.0 601.5564500900011
17 1 0.0 601.3949097695975
17 1 0.0 596.9663745967989
17 1 0.0 595.5100885578845
17 1 0.0 587.3767597624937
17 1 0.0 580.9218981967056
17 1 0.0 573.3128877827894
17 1 0.0 573.0232239745005
17 1 0.0 571.3000891200095
17 1 0.0 569.2443480500087
17 1 0.0 568.1249468000142
17 1 0.0 567.2935958783319
17 1 0.0 567.0772311990994
17 1 0.0 566.1423548303964
17 1 0.0 565.1298280174999
17 1 0.0 564.5678918999963
17 1 0.0 561.0973783028028
17 1 0.0 560.6184895200031
17 1 6.66806721001376 566.5033787199891
17 1 0.0 554.9145911055944
17 1 0.0 553.8534658600174
17 1 0.0 550.094482157499
17 1 0.0 542.7342380855956
17 1 0.0 536.9187811700012
17 1 0.0 536.4932826600234
17 1 1243.7051201835015 1780.0280426657998
17 1 0.0 536.1444402600041
17 1 139.69681672249953 675.1902816899992
17 1 0.0 532.7442283600153
17 1 0.0 532.573862455688
17 1 490.5366605900035 1022.7518231400063
17 1 0.0 527.7144812162016
17 1 0.0 525.550704454005
17 1 6.538463921897801 529.2996623949987
17 1 0.0 521.1294124999758
17 1 0.0 520.6770485916059
17 1 0.0 515.4637682168006
17 1 0.0 512.0112513815998
17 1 0.0 511.9550531928053
17 1 0.0 511.44946422109297
17 1 0.0 510.8096039332927
17 1 0.0 508.9225621596088
17 1 0.0 507.8060492700056
17 1 0.0 507.45031812642674
17 1 0.0 506.4802460699884
17 1 0.0 504.7415791802672
17 1 0.0 502.94246888248915
17 1 0.0 502.56833279003604
17 1 0.0 502.39610371792656
17 1 0.0 500.71567865238626
17 1 0.0 500.55466150289453
17 1 0.0 494.6227563200009
17 1 0.0 493.8886719687059
17 1 0.0 493.2906224900071
17 1 0.0 492.9904064407974
17 1 0.0 491.6991663475019
17 1 0.0 490.88937807490265
17 1 0.0 490.7039797900005
17 1 0.0 489.73477782119784
17 1 0.0 489.6061523429976
17 1 0.0 488.70879449039273
17 1 0.0 488.2574863712955
17 1 0.0 486.2569663526581
17 1 0.0 484.35128566998765
17 1 298.67409180169034 782.7943913144934
17 1 0.0 483.0627380000017
17 1 0.0 482.52717754999424
17 1 83.5104677500085 565.0474661700089
17 1 0.0 481.5268859159946
17 1 0.0 480.0217969799796
17 1 102.21678484429594 581.3424587622942
17 1 0.0 478.9182201699937
17 1 0.0 474.304819342
17 1 0.0 472.23057287999984
17 1 0.0 472.1198655499961
17 1 0.0 470.9995259524985
17 1 0.0 469.5733361063992
17 1 0.0 468.024303745897
17 1 0.0 467.73759682869104
17 1 0.0 462.62121862889217
17 1 0.0 462.18866178599717
17 1 0.0 461.2018288840086
17 1 238.70283143001006 698.6165446099931
17 1 0.0 459.3084878864761
17 1 0.0 458.4129863759965
17 1 0.0 456.94196520998435
17 1 0.0 456.17992391459836
17 1 0.0 455.3977253600058
17 1 103.52850723429896 558.8726266153072
17 1 0.0 454.6404592872012
17 1 0.0 450.00853987999767
17 1 0.0 448.93324479790545
17 1 0.0 448.91956206250813
17 1 0.0 448.84476851248996
17 1 0.0 448.4932390199931
17 1 0.0 448.1435656399998
17 1 0.0 447.6831719999991
17 1 0.0 447.6794029900193
17 1 0.0 446.7276673200025
17 1 0.0 444.85628546750786
17 1 0.0 441.6309903158931
17 1 0.0 441.29874413359994
17 1 0.0 441.1124318348109
17 1 0.0 440.41997664970904
17 1 0.0 440.0147486200117
17 1 0.0 439.8209667117033
17 1 0.0 439.3040807925057
17 1 0.0 439.06147809559207
17 1 0.0 438.97415808000187
17 1 0.0 438.64074855879835
17 1 0.0 437.9683483487024
17 1 10.397719289998804 448.14026608000336
17 1 0.0 437.7116760999929
17 1 0.0 437.3834930400103
17 1 0.0 434.2749246596213
17 1 14.027646033200426 447.01024720769624
17 1 114.00080365002941 546.1684992960172
17 1 0.0 431.8777936751914
17 1 0.0 430.12151918997506
17 1 0.0 427.846739841601
17 1 0.0 426.41404639000825
17 1 80.04741851998642 502.47466916998474
17 1 177.8759405936994 600.0129701700002
17 1 186.23140366371445 607.668661779727
17 1 0.0 420.6730399900068
17 1 0.0 417.4877429191007
17 1 0.0 416.103974403175
17 1 0.0 415.9747412420061
17 1 0.0 415.7426729999943
17 1 0.0 415.3772398319777
17 1 265.79061970001885 679.168908640012
17 1 0.0 409.72495200680396
17 1 0.0 407.74282503749646
17 1 661.2751865999944 1068.2367152100092
17 1 41.084324729994364 447.8022898167917
17 1 0.0 405.44800847159627
17 1 0.0 404.15087194530315
17 1 0.0 402.164002656016
17 1 0.0 401.84261858655543
17 1 0.0 401.0210872396233
17 1 0.0 400.67445168000927
17 1 0.0 400.2766432298989
17 1 0.0 399.41842701559915
17 1 0.0 398.90128962165136
17 1 0.0 398.6358279436073
17 1 0.0 397.96699507399853
17 1 0.0 397.8387392039999
17 1 0.0 397.7674918839027
17 1 0.0 396.95145273000196
17 1 0.0 396.8738169330966
17 1 0.0 394.7350248091898
17 1 0.0 393.37927289798745
17 1 0.0 392.7243934799933
17 1 0.0 390.81150056998933
17 1 0.0 389.9975907416956
17 1 0.0 389.7052697914977
17 1 0.0 389.70040476089775
17 1 0.0 388.9784954399938
17 1 0.0 388.85811952001814
17 1 0.0 387.08539675800057
17 1 0.0 382.0063501500126
17 1 0.0 381.96629508000103
17 1 0.0 380.8782999300124
17 1 0.0 379.7056128413087
17 1 0.0 377.4678876783962
17 1 0.0 375.8128539428992
17 1 182.08083931200554 555.0925855695032
17 1 0.0 372.74102871149626
17 1 0.0 371.0264798624885
17 1 0.0 368.6154074799924
17 1 0.0 367.4273610396026
17 1 0.0 366.584079305105
17 1 0.0 366.1951328405021
17 1 0.0 365.7800343188019
17 1 0.0 365.00586714999235
17 1 0.0 364.65737913249563
17 1 0.0 363.54988443000184
17 1 64.70341282999402 427.9869466200064
17 1 0.0 362.3940955035009
17 1 0.0 361.45584731129657
17 1 0.0 359.8982471999891
17 1 0.0 359.35243867799477
17 1 0.0 359.3422058775026
17 1 92.58033760999092 450.1559384234811
17 1 0.0 357.16883702730115
17 1 0.0 355.8438259300033
17 1 0.0 355.7801614581008
17 1 0.0 355.2434459300083
17 1 0.0 354.78673892959
17 1 0.0 354.4760787999986
17 1 0.0 353.36138387288497
17 1 0.0 351.1823676064017
17 1 0.0 350.92122815210973
17 1 0.0 349.3773823083884
17 1 208.5993550104999 556.2962868395019
17 1 0.0 347.6693006504994
17 1 0.0 347.06497507489587
17 1 0.0 345.700461410004
17 1 0.0 345.1024248700037
17 1 0.0 344.953421896504
17 1 0.0 343.7605636154972
17 1 0.0 343.5953506460023
17 1 0.0 341.8117568800018
17 1 0.0 341.66158804799943
17 1 0.0 341.0954156708036
17 1 0.0 340.5942491824974
17 1 0.0 340.3371590870979
17 1 0.0 339.6914887168032
17 1 0.0 339.2478010700918
17 1 0.0 333.33964764880045
17 1 0.0 333.2838500996918
17 1 0.0 331.00061134040874
17 1 0.0 330.2816752355975
17 1 0.0 328.5613775307843
17 1 0.0 327.5397228664983
17 1 0.0 327.328976493999
17 1 0.0 326.4826961459951
17 1 0.0 324.7741675845708
17 1 0.0 324.43020325760017
17 1 0.0 321.5317980815953
17 1 0.0 321.46939295647667
17 1 0.0 321.0364357499984
17 1 0.0 320.3914944831083
17 1 76.59539363470071 395.7984867951045
17 1 534.2902928021003 853.4096778279068
17 1 0.0 318.7259839318996
17 1 0.0 316.9964484656914
17 1 0.0 316.4161711699862
17 1 0.0 314.83437843200045
17 1 0.0 314.6330280560005
17 1 0.0 313.3673170800116
17 1 0.0 310.4952689989028
17 1 0.0 307.10602816999494
17 1 0.0 306.8791770459418
17 1 0.0 306.42638436129823
17 1 0.0 305.9349022320072
17 1 0.0 305.78259421550047
17 1 0.0 304.8243316840908
17 1 0.0 304.2214746007954
17 1 77.44829812600983 380.8846297580085
17 1 0.0 303.2970256417764
17 1 0.0 302.26104528960036
17 1 0.0 302.2270393703975
17 1 0.0 301.72510199000226
17 1 0.0 301.1009663200157
17 1 0.0 300.4650633810952
17 1 0.0 300.28291824560256
17 1 0.0 299.792575200011
17 1 0.0 299.3129078656036
17 1 0.0 298.62118032589626
17 1 0.0 298.3358137739906
17 1 0.0 296.8479528035891
17 1 0.0 295.8589995225087
17 1 79.83519945999637 374.7645456274947
17 1 0.0 294.46123212000657
17 1 0.0 294.2071551969009
17 1 0.0 291.51333217999047
17 1 0.0 291.3301224360971
17 1 0.0 288.2566700188215
17 1 0.0 287.6802322268968
17 1 0.0 287.6721629900021
17 1 0.0 285.96464029027493
17 1 0.0 285.7925306163979
17 1 0.0 284.8535968300091
17 1 374.0417951884988 658.4031336619873
17 1 0.0 284.13059521799187
17 1 0.0 283.4469649785101
17 1 0.0 281.73212770560804
17 1 0.0 281.1045886775055
17 1 0.0 280.45820745971
17 1 0.0 279.09222087999296
17 1 0.0 278.03171036309004
17 1 0.0 277.45617548000655
17 1 0.0 275.4859611479951
17 1 0.0 275.43234960999416
17 1 0.0 275.34991794800294
17 1 0.0 274.6990262512246
17 1 0.0 272.6520019045049
17 1 0.0 272.3311768359489
17 1 0.0 271.8650970079968
17 1 0.0 269.95688866599585
17 1 0.0 268.1502053595043
17 1 163.48194474409502 430.00116251541476
17 1 0.0 264.20122929999593
17 1 112.19656079999572 376.1833484099882
17 1 0.0 263.8611771799974
17 1 0.0 263.7557097387988
17 1 0.0 263.4372995799888
17 1 0.0 262.98274776159565
17 1 0.0 259.8457550599146
17 1 0.0 259.8017756591428
17 1 0.0 259.50706670000136
17 1 0.0 259.117105416508
17 1 0.0 258.0668734975977
17 1 0.0 257.3942643928044
17 1 0.0 256.85192243001075
17 1 0.0 255.56835369130204
17 1 0.0 255.49225153000054
17 1 0.0 254.74727686241886
17 1 0.0 253.74196037398679
17 1 0.0 253.41919001109932
17 1 0.0 251.93834945869457
17 1 0.0 251.60710354712796
17 1 0.0 250.81714528750456
17 1 0.0 249.50130919728872
17 1 74.41725736019953 323.43599574349855
17 1 0.0 247.39142980070233
17 1 0.0 246.27748249561319
17 1 0.0 243.3187647899199
17 1 0.0 243.1010170794948
17 1 0.0 240.58769883437262
17 1 0.0 240.34213606240382
17 1 0.0 238.60138239429966
17 1 0.0 238.41275547800387
17 1 0.0 238.33881674508757
17 1 1260.7255191125041 1498.9988546399968
17 1 0.0 238.1495742468934
17 1 0.0 234.0973577229006
17 1 0.0 233.82073969000476
17 1 0.0 232.93827572999635
17 1 0.0 232.48960016200186
17 1 0.0 231.6735887324861
17 1 0.904452190027996 232.38176286481587
17 1 0.0 230.7163087109427
17 1 33.75428721000145 263.8364380300063
17 1 0.0 229.88026623149858
17 1 0.0 229.65216725000124
17 1 0.0 229.13493163989745
17 1 0.0 227.83776851160633
17 1 0.0 226.35473526999112
17 1 0.0 221.72239119999745
17 1 12.595926222395065 233.87322507569024
17 1 0.0 221.02815252000482
17 1 0.0 219.3061500600054
17 1 0.0 218.33941916999845
17 1 0.0 217.50289687999793
17 1 53.12013980129814 270.14829149761454
17 1 0.0 214.9224910399904
17 1 0.0 214.31850555480196
17 1 0.0 214.19466512508848
17 1 0.0 214.04056786030196
17 1 0.0 212.7208348891968
17 1 28.117409086801217 239.85882887249136
17 1 0.0 211.36358305149724
17 1 0.0 210.9168397204063
17 1 0.0 210.43625729759583
17 1 0.0 209.259472405407
17 1 0.0 209.1677579135992
17 1 0.0 208.7035514000113
17 1 0.0 207.85611086001154
17 1 0.0 207.63456821558248
17 1 0.0 207.34054023594524
17 1 0.0 206.34619109510527
17 1 0.0 205.24918963999835
17 1 0.0 204.62326903999565
17 1 0.0 204.3887634159965
17 1 0.0 202.82982744480842
17 1 0.0 201.65742780809956
17 1 0.0 201.48741727999754
17 1 0.0 200.12886924850068
17 1 0.0 199.88008295943519
17 1 0.0 199.68463631529858
17 1 0.0 198.60966825780542
17 1 0.0 197.85961807559988
17 1 37.55744705002007 234.4523144000109
17 1 0.0 196.59062679999715
17 1 0.0 195.6862952015406
17 1 0.0 195.4868953599953
17 1 0.0 194.74777204999282
17 1 0.0 193.0065500494942
17 1 0.0 192.034956205993
17 1 0.0 191.14709336160018
17 1 1712.2087111375026 1903.2197601748048
17 1 0.0 190.31604911999602
17 1 0.0 189.93055788000243
17 1 0.0 189.5183873087899
17 1 0.0 189.36953677199836
17 1 0.0 189.3139809096017
17 1 0.0 188.53409896259836
17 1 0.0 188.48900645927483
17 1 0.0 187.77823012003364
17 1 0.0 187.4055336446977
17 1 383.0906477624999 569.3078538500081
17 1 0.0 185.4402487699956
17 1 0.0 185.43915852998998
17 1 0.0 185.3940152058849
17 1 0.0 184.12896554839767
17 1 48.01948270919911 231.98090739840052
17 1 0.0 183.19034444000096
17 1 900.7322880400243 1083.888952280016
17 1 0.0 182.0818877100046
17 1 0.0 181.83560017000673
17 1 0.0 180.41904571999095
17 1 0.0 180.11882361240237
17 1 0.0 179.92014055911295
17 1 0.0 178.7605185119994
17 1 0.0 176.93850536158857
17 1 0.0 175.95907396249686
17 1 28.274171600016416 203.01891612959798
17 1 0.0 174.3695606835954
17 1 0.0 174.32477337989894
17 1 0.0 173.03260748559512
17 1 0.0 172.8436915998595
17 1 0.0 172.55815327000138
17 1 0.0 172.50412216598352
17 1 0.0 172.3161501583072
17 1 0.0 172.08887171999822
17 1 0.0 171.8307221375078
17 1 0.0 170.55843138400314
17 1 0.0 169.94994864999285
17 1 0.0 169.65942336960052
17 1 0.0 169.4710436663081
17 1 0.0 169.01054980289757
17 1 0.0 168.37197868562652
17 1 860.9980093300217 1027.8368512300128
17 1 0.0 166.7282172799932
17 1 0.0 165.98283265170016
17 1 21.69779411999798 187.3764701299931
17 1 0.0 165.4402490083197
17 1 0.0 165.29011712461102
17 1 38.66373212250386 203.095361780006
17 1 35.490745500399726 198.6563405527005
17 1 0.0 162.71515184998452
17 1 51.88254543450239 213.94176793649922
17 1 0.0 161.92995497002357
17 1 0.0 161.68745028060005
17 1 0.0 161.39893367079594
17 1 0.0 160.6085640000082
17 1 99.28694366994478 258.61961406995397
17 1 0.0 159.32635548999906
17 1 0.0 159.17836192268226
17 1 0.0 159.16042288750066
17 1 0.0 159.03673493959957
17 1 0.0 158.64823170895716
17 1 1069.6133187200285 1227.528577680001
17 1 0.0 157.60367204439763
17 1 0.0 157.60151101750535
17 1 0.0 156.9373684195009
17 1 0.0 156.23978320728884
17 1 0.0 155.79651183600458
17 1 0.0 155.65001724999988
17 1 0.0 155.4208340154928
17 1 0.0 155.17013064670346
17 1 0.0 153.99405894748338
17 1 65.36531764080132 218.16246869260158
17 1 43.12956267999539 195.78730743000733
17 1 0.0 152.109910251999
17 1 0.0 151.2120344899913
17 1 0.0 150.96794855617645
17 1 0.0 150.1197584371157
17 1 0.0 149.03885352160205
17 1 0.0 148.8981359760013
17 1 0.0 148.02895721000436
17 1 0.0 147.847063236405
17 1 63.53511045550408 210.5435329460065
17 1 0.0 146.9405017600111
17 1 0.0 145.72664645029965
17 1 7.566257117496775 152.43986087669828
17 1 0.0 144.6518875374011
17 1 0.0 144.44645131160263
17 1 0.0 143.71258074510547
17 1 0.0 143.08923011999798
17 1 95.68192525401082 238.41038710280964
17 1 85.20021912840502 227.22245572718816
17 1 135.12024650149647 276.81382346930013
17 1 98.57804817599481 240.19403415198894
17 1 0.0 141.42562203000443
17 1 71.4453188351963 212.8506094932136
17 1 137.8667267175981 278.6110355919993
17 1 435.8598397900096 576.3259515899911
17 1 22.808254109189647 162.6858728691809
17 1 0.0 139.71643918690302
17 1 0.0 138.90506656000616
17 1 0.0 137.76960286999912
17 1 0.0 136.6773563995
17 1 0.0 135.02968191430318
17 1 0.0 134.9025294100004
17 1 0.0 133.5903444000112
17 1 0.0 133.56259715399938
17 1 0.0 133.10893461669275
17 1 0.0 131.353516477501
17 1 0.0 131.28086624750006
17 1 0.0 130.98474162400112
17 1 0.0 129.42239898999878
17 1 0.0 128.7033016675008
17 1 0.0 128.68423249999842
17 1 0.0 128.20094979360238
17 1 0.0 127.81623655000371
17 1 0.0 127.55944934708447
17 1 0.0 127.51909511679992
17 1 79.67040487440454 207.11714770160438
17 1 0.0 126.47780778250339
17 1 0.0 126.41774604000125
17 1 0.0 125.70437189729887
17 1 0.0 125.63773941750071
17 1 83.17757259033954 208.13375976581062
17 1 0.0 124.7723547687009
17 1 0.0 124.65646727920216
17 1 0.0 124.33139628248682
17 1 0.0 124.13110673610595
17 1 0.0 122.89500811129938
17 1 0.0 122.47267538879441
17 1 0.0 122.02613229469921
17 1 7.906320261992505 128.90966106249527
17 1 0.0 120.55258561129858
17 1 39.81965879990116 159.04957137690144
17 1 0.0 119.05906760510686
17 1 0.0 118.61673337818024
17 1 0.0 118.18566335400078
17 1 14.00099326559257 131.8197093283111
17 1 0.0 117.67209578319353
17 1 0.0 117.640064372511
17 1 0.0 117.41760222000357
17 1 0.0 116.92146510638895
17 1 0.0 116.67726193819931
17 1 0.0 116.61057708998737
17 1 0.0 116.42712015999314
17 1 0.0 114.48534671999391
17 1 0.0 114.1230526969764
17 1 0.0 113.17316650199655
17 1 0.0 112.95177529440025
17 1 0.0 112.62152300359776
17 1 0.0 112.54381603161733
17 1 0.0 111.25414132800393
17 1 0.0 110.0683889719844
17 1 49.44697034599665 159.2672836555853
17 1 94.22991562520531 203.3291199680025
17 1 0.0 108.12665541249908
17 1 229.39393376489767 337.4799628115883
17 1 0.0 107.73244481920051
17 1 0.0 107.70117628321373
17 1 0.0 107.68547917289902
17 1 17.451590510003257 124.50995595000734
17 1 0.0 107.05768716999876
17 1 0.0 107.05612554000322
17 1 0.0 106.61135484960107
17 1 0.0 106.32752947038443
17 1 0.0 106.06838548602991
17 1 0.0 104.99756399000569
17 1 0.0 104.2105984600048
17 1 0.0 103.92099877319629
17 1 0.0 103.84885621700232
17 1 0.0 102.4135466372934
17 1 0.0 101.88146192360125
17 1 0.0 99.87687304000042
17 1 0.0 99.08439284200017
17 1 0.0 98.96220848489895
17 1 0.0 98.78059233000386
17 1 53.43096797200565 151.18015109460157
17 1 0.0 97.07705331000011
17 1 0.0 96.12687442050026
17 1 0.0 95.94371337360121
17 1 0.0 95.86951907999924
17 1 133.43940286999475 227.3101916499943
17 1 0.0 93.53265795281823
17 1 0.0 93.51374508998015
17 1 0.0 93.27075334999782
17 1 0.0 92.36875078410321
17 1 0.0 92.33683031430121
17 1 0.0 91.57383681758824
17 1 0.0 91.01385722239434
17 1 78.26657033999618 169.19133450001482
17 1 0.0 90.4816977460057
17 1 0.0 89.71073866999393
17 1 0.0 89.38820094999755
17 1 21.714834619982753 110.81849799999543
17 1 0.0 88.77312039449862
17 1 0.0 88.7427167868052
17 1 0.0 88.62942913340044
17 1 0.0 88.27717833000838
17 1 0.0 87.9459007708017
17 1 0.48845677250938024 87.13397537250853
17 1 0.0 86.61383249000664
17 1 0.0 86.45260756998869
17 1 0.0 86.27287948750336
17 1 0.0 86.01023628953499
17 1 0.0 85.90175504680155
17 1 0.0 85.6556538155969
17 1 0.0 85.32972966985608
17 1 0.0 84.5381237279991
17 1 0.0 84.51017831769877
17 1 0.0 83.92194876000212
17 1 0.0 83.71072526875082
17 1 0.0 82.09374532999891
17 1 211.8214704664042 293.67911090690404
17 1 0.0 81.1138955244023
17 1 0.0 81.06113372800155
17 1 0.0 78.41421863649919
17 1 0.0 78.38225335589686
17 1 0.0 78.06511256440444
17 1 0.0 77.88004485400097
17 1 0.0 76.85757131489936
17 1 0.0 76.85429206001481
17 1 0.0 76.53705068119439
17 1 42.49149207001847 117.65924440000526
17 1 0.0 75.08031049480223
17 1 0.0 72.97552277750106
17 1 135.9375825975004 208.41333422999992
17 1 0.0 72.46443376520301
17 1 0.0 71.91920163160466
17 1 0.0 71.72066250399348
17 1 0.0 71.58455370000024
17 1 0.0 71.48312672918905
17 1 0.0 71.18678513998611
17 1 0.0 70.99580096
17 1 0.0 70.10318257800327
17 1 57.56960520655616 127.55944934708447
17 1 0.0 69.96496303799807
17 1 0.0 69.71736066999392
17 1 0.0 67.48955498759801
17 1 0.0 67.08574249999515
17 1 0.0 66.62595498204928
17 1 539.6689651499885 606.1151166400086
17 1 0.0 66.11884495930462
17 1 0.0 65.85233981760086
17 1 0.0 65.72289786999806
17 1 0.0 65.48145635250103
17 1 216.7427030399906 282.0148503200094
17 1 0.0 64.93619249589369
17 1 0.0 64.5502067911998
17 1 0.0 64.27939417120774
17 1 27.207953827490883 89.7281876697001
17 1 0.0 61.35487068998464
17 1 0.0 60.47158239150576
17 1 0.0 60.3452202599874
17 1 152.28964333999716 211.83907698000507
17 1 0.0 58.839136320000875
17 1 0.0 58.324140529598935
17 1 0.0 56.33952537069894
17 1 0.0 56.06610018850165
17 1 0.0 55.998031888302194
17 1 0.0 55.64083558439728
17 1 0.0 55.17512056510441
17 1 135.31140458240122 189.85594043400073
17 1 174.79882375065097 228.83977136108774
17 1 0.0 53.377169144696836
17 1 0.0 53.37215939776024
17 1 0.0 53.01784251689628
17 1 0.0 52.76880068999941
17 1 13.007509509999608 65.63983515999732
17 1 0.0 52.390998574799596
17 1 0.0 52.36414825269958
17 1 0.0 52.25878233760034
17 1 19.94734329330163 71.84912479150057
17 1 0.0 51.891289478278395
17 1 0.0 51.83213980010032
17 1 260.73236180090703 312.4886097460012
17 1 0.0 51.49402555590109
17 1 303.82732509001835 355.1334390599977
17 1 0.0 51.00184707000426
17 1 0.0 50.62873461870544
17 1 144.06253333000268 194.43756300000177
17 1 668.0360864345744 717.4075771844696
17 1 0.0 48.08350296489732
17 1 0.0 47.18751712000835
17 1 0.0 46.6486002664974
17 1 0.0 46.47085950500423
17 1 0.0 44.602725870399354
17 1 0.0 43.30239379000534
17 1 0.0 42.966931790007834
17 1 0.0 42.733252584097954
17 1 792.7333939800037 835.0452022000123
17 1 0.0 41.27371355999878
17 1 0.0 38.617502283998704
17 1 0.0 38.32917215150155
17 1 0.0 38.18056147249948
17 1 0.0 37.991656767995664
17 1 0.0 37.7548726500072
17 1 0.0 37.27112266270046
17 1 0.0 37.17729341132514
17 1 452.6070625350112 489.0321839024973
17 1 0.0 36.275762380799165
17 1 0.0 36.19919798122294
17 1 14.248268867493607 50.160476640010984
17 1 0.0 34.979862455600596
17 1 0.0 34.21183927039169
17 1 0.0 33.30256564150386
17 1 0.0 32.98950108129938
17 1 0.0 32.823801177292125
17 1 119.57787751268074 152.20073759477157
17 1 0.0 31.793788441991182
17 1 0.0 30.38879885439897
17 1 0.0 29.109221452500293
17 1 115.10558397950513 143.37558086010176
17 1 0.0 27.79748562010119
17 1 0.0 26.615109638999684
17 1 0.0 26.419629877600073
17 1 9.204306600005566 35.60365849999698
17 1 57.940003485240595 82.72580500069125
17 1 270.98978305750256 295.65908080350147
17 1 0.0 24.439807044400368
17 1 0.0 24.324377607994165
17 1 6.318209920004733 30.129041919994506
17 1 0.0 23.787762720004594
17 1 0.0 23.400410693994445
17 1 0.0 23.387263629995005
17 1 0.0 23.283770230187656
17 1 0.0 22.27078572040324
17 1 63.09078833000012 84.93489755000473
17 1 54.371503967301265 74.73477317750144
17 1 0.0 20.353751291606272
17 1 0.0 20.179342590003216
17 1 0.0 19.829690373600215
17 1 0.0 19.649679344443882
17 1 0.0 19.43808858589881
17 1 0.0 18.699295120007264
17 1 31.257862795597248 49.946362722800586
17 1 0.0 18.286601786301503
17 1 0.0 17.746250187501232
17 1 301.7781785599955 318.95652178039904
17 1 0.0 16.272604800010072
17 1 0.0 16.251852049995705
17 1 0.0 15.682704889999627
17 1 0.0 14.2210654209008
17 1 0.0 13.479443411993088
17 1 0.0 12.640236509993656
17 1 0.0 12.606844932090098
17 1 10.26659734295049 22.871847816237278
17 1 0.0 10.82979128213583
17 1 0.0 10.368474942897592
17 1 0.0 8.952739001595091
17 1 0.0 8.916560786905848
17 1 0.0 8.84963467919954
17 1 0.0 8.541448920013181
17 1 0.0 8.377931769501629
17 1 592.2592111644101 600.6364785344101
17 1 0.0 8.150211471016632
17 1 0.0 7.998039860398421
17 1 0.0 7.917553289592888
17 1 0.0 7.82680404870041
17 1 84.52090080999318 91.95362183359128
17 1 0.0 7.187143649598966
17 1 0.0 6.947764659975746
17 1 0.0 6.399481903983542
17 1 0.0 6.2940855599917995
17 1 0.0 6.006490950002444
17 1 70.92846767599724 76.80734015519619
17 1 0.0 4.909168035913126
17 1 0.0 4.780779769999754
17 1 164.19813509160315 168.93073028350432
17 1 0.0 4.143974280000265
17 1 0.0 3.766389177508586
17 1 805.7040249000057 808.8462500875004
17 1 0.0 2.8688067924022107
17 1 0.0 2.6973803100011082
17 1 0.0 2.648606417591054
17 1 0.0 2.5606788299990058
17 1 0.0 2.3141081575003
17 0 0.0 inf
# COVID_SAMPLE_4_ROI_2
18 1 0.0 8670.308118598105
18 1 0.0 7105.692522871968
18 1 0.0 6620.973380413294
18 1 0.0 6615.0013057599945
18 1 0.0 5507.371550640013
18 1 0.0 5407.56450819001
18 1 12142.885443100338 16990.186534248012
18 1 0.0 4734.374624059998
18 1 0.0 4340.904078299989
18 1 0.0 3523.050807572494
18 1 0.0 3420.1689741820974
18 1 0.0 2941.3529162365585
18 1 0.0 2804.320388800027
18 1 0.0 2695.40397983997
18 1 0.0 2615.908936790028
18 1 0.0 2599.330892371994
18 1 0.0 2550.460137287504
18 1 0.0 2524.3815440359967
18 1 0.0 2439.2357060658933
18 1 0.0 2428.3816053299925
18 1 0.0 2346.7931876228895
18 1 0.0 2289.3389604900285
18 1 0.0 2196.820303000015
18 1 0.0 2039.4614100342378
18 1 0.0 1988.6607874300178
18 1 0.0 1960.489356176421
18 1 0.0 1927.6577943039822
18 1 0.0 1865.5328497709033
18 1 0.0 1840.4791792264896
18 1 0.0 1769.7946360684068
18 1 0.0 1711.5651174296027
18 1 0.0 1692.356494867494
18 1 0.0 1683.7434632100012
18 1 0.0 1671.2834255567964
18 1 0.0 1637.3204933363936
18 1 0.0 1617.5809901900038
18 1 0.0 1614.9148326617037
18 1 0.0 1539.0261259103859
18 1 0.0 1527.814999494905
18 1 0.0 1507.6325732000114
18 1 0.0 1503.902741355998
18 1 0.0 1497.6643667604121
18 1 0.0 1450.8688514575124
18 1 0.0 1446.394015919619
18 1 0.0 1445.9920696728936
18 1 0.0 1442.4318766558772
18 1 0.0 1404.2694489279927
18 1 0.0 1403.6993288598678
18 1 0.0 1371.0193033940195
18 1 0.0 1364.8156966803917
18 1 0.0 1355.7418463800082
18 1 0.0 1347.4972961519945
18 1 0.0 1331.4187142240999
18 1 0.0 1330.6013053499887
18 1 104.61576930761021 1434.1985460724936
18 1 0.0 1309.6939318700124
18 1 0.0 1301.3523696919926
18 1 0.0 1283.7258466689996
18 1 0.0 1274.3647495484063
18 1 0.0 1250.6378010900326
18 1 0.0 1246.9757631299726
18 1 0.0 1244.3109820800328
18 1 0.0 1227.2577663765026
18 1 0.0 1216.746478906798
18 1 0.0 1213.2263071199977
18 1 0.0 1204.3609968715998
18 1 0.0 1202.2587779889063
18 1 0.0 1188.9915028572004
18 1 0.0 1185.5654257999904
18 1 0.0 1179.5535949365062
18 1 0.0 1171.1264707300038
18 1 0.0 1167.7849588568974
18 1 0.0 1167.1817475760095
18 1 22.22532084000568 1186.8572697419936
18 1 0.0 1156.7020419699866
18 1 0.0 1153.2939112100019
18 1 0.0 1135.5161428500055
18 1 0.0 1129.7625793248928
18 1 0.0 1129.6527987029071
18 1 0.0 1127.0090274240106
18 1 0.0 1126.479244039989
18 1 0.0 1111.948353721577
18 1 0.0 1102.320242017605
18 1 0.0 1098.3927710064845
18 1 0.0 1084.5177470499937
18 1 0.0 1076.898852449989
18 1 0.0 1065.8250935221977
18 1 0.0 1059.8528977799938
18 1 0.0 1048.2216300319114
18 1 0.0 1043.2678522149008
18 1 0.0 1034.9465812504818
18 1 0.0 1030.9983066100058
18 1 0.0 1019.3078033591989
18 1 0.0 1005.1445192811084
18 1 0.0 985.9824014100141
18 1 1349.7288898956235 2334.868624118933
18 1 0.0 969.1871484779053
18 1 0.0 963.9564708869016
18 1 0.0 951.5058622898014
18 1 0.0 940.4896489599978
18 1 11.970008471986603 950.1836808256162
18 1 0.0 936.0254407999855
18 1 0.0 930.1671714399936
18 1 0.0 927.7148415244892
18 1 0.0 923.0741556399851
18 1 0.0 922.1992417799884
18 1 0.0 916.3250236751992
18 1 0.0 909.9860650791984
18 1 0.0 903.9873268160165
18 1 0.0 903.3589024689031
18 1 0.0 896.02922919
18 1 0.0 890.5628975988966
18 1 0.0 887.029224540013
18 1 0.0 878.7429468732998
18 1 0.0 874.8475513503963
18 1 0.0 867.2425414887402
18 1 0.0 863.2431368899965
18 1 0.0 861.6364386879966
18 1 53.31846781799595 911.780685066009
18 1 0.0 858.0418012308892
18 1 0.0 852.8523262179988
18 1 0.0 849.460002373999
18 1 0.0 842.8401500224959
18 1 0.0 842.1097186124017
18 1 0.0 836.527192361201
18 1 301.0861254192041 1128.7858485355036
18 1 0.0 824.4307379599993
18 1 0.0 819.2422685375955
18 1 0.0 817.3530140664793
18 1 0.0 816.0203998016109
18 1 0.0 814.1318507700007
18 1 0.0 813.0176635691987
18 1 0.0 806.1019755519919
18 1 0.0 801.0603409354997
18 1 0.0 800.8926161999952
18 1 0.0 791.1990487943394
18 1 0.0 789.5010076800022
18 1 0.0 786.5185751921094
18 1 0.0 784.7224054375954
18 1 0.0 782.6723280299927
18 1 0.0 779.5250657777708
18 1 0.0 775.7050546580895
18 1 0.0 773.8792873245038
18 1 0.0 773.0939954967052
18 1 0.0 769.6231877200075
18 1 0.0 762.7858397916011
18 1 0.0 758.3410164799991
18 1 0.0 755.7596511799928
18 1 0.0 754.2837968674974
18 1 0.0 753.6131576392886
18 1 0.0 751.4893410291754
18 1 0.0 750.171037544002
18 1 0.0 748.3156416460084
18 1 0.0 739.7795277900018
18 1 0.0 738.7231787681017
18 1 0.0 733.2584285599928
18 1 0.0 732.4053468132988
18 1 0.0 727.9509817199958
18 1 0.0 727.1399235095971
18 1 0.0 726.2059500240134
18 1 0.0 721.8598112624995
18 1 0.0 719.3378217984082
18 1 218.08653191998997 937.0746936300006
18 1 0.0 718.2625348167039
18 1 0.0 716.8604708959974
18 1 0.0 716.3134367999951
18 1 0.0 715.9700218494963
18 1 0.0 715.6962624783976
18 1 0.0 713.9384169176001
18 1 0.0 712.5085034499954
18 1 0.0 709.9814516071974
18 1 0.0 709.6431479999883
18 1 0.0 701.6766836367865
18 1 0.0 701.1675995400001
18 1 0.0 698.0334124895949
18 1 0.0 694.6241419759947
18 1 0.0 693.9819100799995
18 1 0.0 693.7078552022995
18 1 0.0 691.7111270044013
18 1 0.0 691.6580820372119
18 1 0.0 689.6028071399987
18 1 0.0 688.810203167528
18 1 0.0 688.1697954820065
18 1 0.0 686.773172020005
18 1 0.0 685.1791364608029
18 1 0.0 684.477732787486
18 1 0.0 681.7601577468001
18 1 0.0 674.938568487989
18 1 0.0 674.787910155201
18 1 0.0 669.8470894374973
18 1 0.0 666.6465083199855
18 1 0.0 658.0234833071099
18 1 1198.4410684203904 1853.4023481184054
18 1 0.0 654.4080745551003
18 1 0.0 651.1868837915872
18 1 0.0 650.7590871599818
18 1 0.0 649.054226469993
18 1 0.0 646.4149762399929
18 1 0.0 642.023428562185
18 1 0.0 641.0500075055043
18 1 0.0 634.246423959974
18 1 0.0 625.8127032886982
18 1 0.0 624.5819965008047
18 1 0.0 622.7433720131062
18 1 0.0 618.4002640300032
18 1 0.0 617.2718824700137
18 1 0.0 615.2563440197075
18 1 0.0 612.8834872621817
18 1 0.0 610.8060797004055
18 1 0.0 606.1499925364133
18 1 0.0 600.3417097999891
18 1 0.0 599.9473783499934
18 1 0.0 599.0603185100013
18 1 58.81119624002349 656.2908993699925
18 1 0.0 596.8059229275121
18 1 0.0 596.519355669995
18 1 0.0 596.4590404443884
18 1 0.0 595.0322224800072
18 1 0.0 591.1896880400005
18 1 0.0 590.6916831999952
18 1 0.0 583.0149706592019
18 1 0.0 582.4327015128949
18 1 0.0 582.1949468249031
18 1 0.0 579.5736507125091
18 1 0.0 577.8725635388996
18 1 0.0 574.1295062385188
18 1 0.0 574.0081421069003
18 1 0.0 573.978276989991
18 1 5858.5788168516865 6428.755891080003
18 1 0.0 569.8710861924867
18 1 0.0 566.4421629500002
18 1 0.0 566.1383868080054
18 1 0.0 565.9255547999796
18 1 0.0 562.7921223900037
18 1 0.0 562.6333093703947
18 1 0.0 557.0931454399981
18 1 0.0 556.4864853887993
18 1 0.0 555.4205681674925
18 1 0.0 554.7505206879948
18 1 0.0 554.3978916640133
18 1 0.0 553.9552052528156
18 1 0.0 552.6959826000063
18 1 0.0 551.7811129103948
18 1 1832.0538995699794 2383.804534169998
18 1 0.0 549.4762832940046
18 1 0.0 547.8627274400023
18 1 0.0 547.2565102516032
18 1 0.0 541.8990164499814
18 1 0.0 539.4883935746934
18 1 0.0 537.197439852799
18 1 0.0 536.6544073168045
18 1 0.0 535.6829818600122
18 1 0.0 528.9437534400035
18 1 6.655938295204351 533.1116178824975
18 1 0.0 526.3002860824998
18 1 0.0 525.9826800260059
18 1 404.26048379040276 929.3032059783914
18 1 0.0 523.7957095703841
18 1 0.0 523.7296291139828
18 1 0.0 523.0990835599919
18 1 0.0 522.7039613284778
18 1 0.0 519.4041566480046
18 1 0.0 518.037240588001
18 1 0.0 515.507607460001
18 1 0.0 510.3026407406046
18 1 0.0 509.40406180949503
18 1 0.0 502.3098826514979
18 1 0.0 502.26992015529777
18 1 0.0 501.9023436686034
18 1 0.0 501.64261521250137
18 1 0.0 498.64482315000714
18 1 2324.9337696540206 2822.5638602055114
18 1 0.0 495.74780741849463
18 1 0.0 492.8713920281906
18 1 1231.2959345762563 1722.7638993675205
18 1 0.0 490.83589274079986
18 1 0.0 489.35945852999976
18 1 0.0 488.14836543000024
18 1 0.0 486.7172347300025
18 1 0.0 486.62839386001326
18 1 0.0 480.12867812000195
18 1 0.0 479.50711437661926
18 1 123.16139064000254 601.5564150299967
18 1 0.0 478.3427437099954
18 1 0.0 477.94645765000087
18 1 0.0 477.49768798999185
18 1 0.0 476.65654775839494
18 1 0.0 476.59958884750245
18 1 22.3562090000014 493.73397654999917
18 1 0.0 469.72154659000097
18 1 0.0 466.7946916306928
18 1 0.0 464.5578693299926
18 1 0.0 463.80398566998997
18 1 3580.2032599499908 4036.421187709977
18 1 0.0 453.0620130224006
18 1 172.00836205869177 624.7228359800099
18 1 0.0 450.46123380998597
18 1 0.0 449.63481518999356
18 1 0.0 449.3094346949006
18 1 0.0 447.1298841300006
18 1 0.0 446.6949856470965
18 1 0.0 446.5396475200057
18 1 0.0 445.58866232998344
18 1 0.0 442.28501840001786
18 1 0.0 442.059041189998
18 1 0.0 440.49511931000325
18 1 0.0 440.4211268655022
18 1 0.0 439.3554724432006
18 1 0.0 429.87197666490124
18 1 0.0 429.7365832400021
18 1 0.0 429.6990479096903
18 1 0.0 429.22190803000285
18 1 0.0 428.1114757110522
18 1 0.0 427.7018138185017
18 1 34.36234408949895 459.05129528110183
18 1 85.81460100999607 509.4781643699969
18 1 0.0 423.3448280544012
18 1 0.0 422.9261585088725
18 1 0.0 422.8255779512783
18 1 0.0 422.80761024001185
18 1 0.0 422.56758179998815
18 1 0.0 422.31337692749366
18 1 0.0 421.8536263111994
18 1 0.0 420.8643063304048
18 1 0.0 418.739848524894
18 1 0.0 417.8159742456003
18 1 0.0 413.65119285759886
18 1 0.0 413.59419280998327
18 1 0.0 412.7295464512017
18 1 0.0 410.24519730999805
18 1 0.0 407.85482006311463
18 1 0.0 405.5402786679001
18 1 0.0 404.7365034399909
18 1 0.0 404.6358786799956
18 1 0.0 404.32616662361147
18 1 0.0 403.31617155959066
18 1 0.0 401.2426827299963
18 1 0.0 396.6021888496976
18 1 0.0 395.61966540999924
18 1 0.0 395.1874817083983
18 1 0.0 394.87523004001514
18 1 0.0 394.6015245375106
18 1 97.35709971001006 491.2033923699961
18 1 0.0 393.8314395799989
18 1 0.0 392.33866649910055
18 1 0.0 390.9485000199978
18 1 0.0 390.598908179996
18 1 0.0 390.067399090492
18 1 0.0 389.4113956484068
18 1 0.0 389.3282931874728
18 1 0.0 389.1721507290988
18 1 0.0 386.3249903699966
18 1 0.0 385.5644987484038
18 1 0.0 384.94805655233176
18 1 0.0 384.45748731199365
18 1 0.0 383.60055595999256
18 1 0.0 383.56472577560515
18 1 0.0 382.02502388759524
18 1 0.0 381.2667194904011
18 1 0.0 380.6111900699939
18 1 0.0 380.1934805400206
18 1 0.0 378.81888585491447
18 1 0.0 378.22054487290825
18 1 0.0 376.0533965160023
18 1 0.0 376.013976435984
18 1 0.0 374.314454249886
18 1 0.0 373.37825588680903
18 1 0.0 373.0430356768984
18 1 0.0 372.67554357360416
18 1 0.0 371.9585133299929
18 1 16.628901901502445 386.9359801456038
18 1 0.0 369.6876228579993
18 1 0.0 369.6608892700026
18 1 0.0 368.95502428999544
18 1 0.0 367.5202828579029
18 1 0.0 364.77358340901895
18 1 0.0 364.21933667999747
18 1 0.0 364.20958899000243
18 1 0.0 364.158234446492
18 1 0.0 363.62838762839704
18 1 0.0 363.3035338499799
18 1 0.0 363.1570993157975
18 1 0.0 363.11736255997903
18 1 258.06965087089816 619.7736351099901
18 1 0.0 360.5734310355042
18 1 0.0 360.5707078270947
18 1 0.0 359.2990288900048
18 1 0.0 359.12154913559357
18 1 0.0 359.1213111659922
18 1 0.0 358.49717124999756
18 1 0.0 357.97473028280274
18 1 0.0 357.5246251900137
18 1 0.0 357.2615046291903
18 1 0.0 355.4472960624928
18 1 287.21195594810206 641.9662154631026
18 1 0.0 354.3032014899919
18 1 0.0 351.2515251348018
18 1 0.0 349.8134823700028
18 1 0.0 348.98165688229847
18 1 100.37112360989909 447.6503691207006
18 1 0.0 345.74653348368395
18 1 0.0 341.13868503020467
18 1 0.0 340.71645684199825
18 1 0.0 339.7988258399887
18 1 0.0 339.7717989800035
18 1 209.86693809570238 547.4529638372144
18 1 0.0 336.87396619998617
18 1 0.0 335.9357498217005
18 1 0.0 332.9947832799987
18 1 0.0 331.50025005000225
18 1 0.0 331.3468621008027
18 1 0.0 330.30972847813655
18 1 68.68944434759806 398.6968410425068
18 1 0.0 328.99181270660483
18 1 335.1604141300088 663.9594191499934
18 1 186.2881610304962 514.6061796232916
18 1 496.4568516700165 823.9828342799744
18 1 0.0 327.450688617487
18 1 0.0 326.4747825004
18 1 0.0 325.1382101999924
18 1 0.0 324.75213470999836
18 1 0.0 324.2265204199998
18 1 0.0 323.25276337689525
18 1 0.0 322.4616468899969
18 1 0.0 321.32964519000234
18 1 0.0 320.9406947600237
18 1 0.0 318.0286683615816
18 1 0.0 316.8761318200104
18 1 0.0 315.6322138283913
18 1 0.0 314.6667345215742
18 1 0.0 314.65448079998737
18 1 0.0 314.46104546321476
18 1 0.0 313.4497701800011
18 1 0.0 312.2924425600106
18 1 0.0 311.73224719000655
18 1 0.0 310.3634456799937
18 1 0.0 310.09291752600586
18 1 0.0 306.057256942511
18 1 0.0 305.11960951958713
18 1 0.0 304.8672383355224
18 1 0.0 304.5249378836098
18 1 0.0 304.4742261099902
18 1 0.0 304.35193829529794
18 1 300.1024798400317 603.8384782300091
18 1 0.0 303.18712086100345
18 1 0.0 301.8562351200103
18 1 0.0 301.671056992398
18 1 0.0 301.1926343190902
18 1 0.0 297.30838432310543
18 1 0.0 296.4536744836041
18 1 0.0 296.38499117920696
18 1 0.0 295.50988269549566
18 1 0.0 295.1066423092989
18 1 0.0 294.88222042790005
18 1 0.0 294.06979545569493
18 1 0.0 293.65405179999334
18 1 0.0 293.4202092199953
18 1 0.0 291.1607245400037
18 1 0.0 289.37872157000857
18 1 0.0 288.85200489999363
18 1 7.1269362544035175 295.9169747904075
18 1 0.0 287.4021244899875
18 1 0.0 286.07275529990056
18 1 900.5026149405076 1186.400529189201
18 1 0.0 285.3900234875973
18 1 0.0 284.3229335715039
18 1 0.0 283.4312975900157
18 1 0.0 282.5206642344964
18 1 0.0 281.7712782700006
18 1 0.0 279.6650077152108
18 1 0.0 279.61142974537574
18 1 0.0 278.72451679650476
18 1 0.0 278.7034985779983
18 1 0.0 278.10898064729787
18 1 0.0 277.83600576999356
18 1 0.0 276.2139160034992
18 1 0.0 275.8163252099979
18 1 0.0 272.77890164488235
18 1 0.0 272.6667179236065
18 1 0.0 272.65241619000585
18 1 0.0 272.64758447269514
18 1 0.0 270.06018759999847
18 1 304.99259304600037 574.8782162699953
18 1 0.0 269.2824000899942
18 1 0.0 269.1459571787884
18 1 0.0 269.016812166803
18 1 157.62229191999518 426.6101551200022
18 1 0.0 267.0504809411509
18 1 0.0 264.9945582400014
18 1 0.0 264.2890640984971
18 1 0.0 263.0915236499959
18 1 0.0 262.14399864001507
18 1 0.0 260.9396316700213
18 1 0.0 260.50523063760056
18 1 0.0 260.0735296300028
18 1 0.0 259.20091263999984
18 1 0.0 259.1069987999947
18 1 38.10095593800861 295.88663938441266
18 1 0.0 257.25244167998926
18 1 0.0 256.5475716808995
18 1 0.0 256.35124659999155
18 1 0.0 254.17692788999568
18 1 0.0 253.75076606249903
18 1 0.0 253.34264296529977
18 1 0.0 251.61773825999774
18 1 0.0 249.44907917000637
18 1 0.0 247.6230202671013
18 1 0.0 243.6351687460019
18 1 0.0 243.3389323548936
18 1 96.95242877240878 340.13305770599663
18 1 0.0 243.1517896400053
18 1 533.8130352173005 776.8896324524987
18 1 0.0 242.95258589000161
18 1 0.0 242.60823989999125
18 1 0.0 241.98310318749645
18 1 0.0 241.49154365000027
18 1 0.0 240.63019578829991
18 1 0.0 238.92633978769027
18 1 0.0 238.58744180160306
18 1 0.0 237.82298754200542
18 1 0.0 237.2331261999875
18 1 0.0 236.86048830799996
18 1 0.0 236.69996716002106
18 1 0.0 236.69858328400346
18 1 170.39109801879977 406.31336725759525
18 1 0.0 235.87676377200614
18 1 0.0 235.38168385001427
18 1 0.0 233.7701534700027
18 1 0.0 232.6032427199999
18 1 0.0 231.80913030000806
18 1 0.0 231.45062995999115
18 1 0.0 228.57761039999878
18 1 0.0 228.38611096839668
18 1 0.0 228.23991329720457
18 1 0.0 227.5804224999938
18 1 398.26450969999905 624.9177361091029
18 1 0.0 226.5468348579866
18 1 0.0 225.53973433002466
18 1 0.0 224.72650617190072
18 1 0.0 223.74879315999965
18 1 0.0 223.06076741479774
18 1 0.0 222.3584887996044
18 1 0.0 221.85444020000045
18 1 0.0 220.37825738200254
18 1 0.0 219.14557843748935
18 1 0.0 218.5389042586969
18 1 0.0 217.83640539710382
18 1 0.0 217.76806968001006
18 1 17.105530880003016 234.2014855032055
18 1 0.0 216.9983667999959
18 1 810.828524864386 1026.8087665510852
18 1 0.0 214.9612787746272
18 1 0.0 213.80954445000623
18 1 0.0 212.0625100900022
18 1 0.0 210.77162238999267
18 1 0.0 208.51415472431313
18 1 0.0 207.92966023001304
18 1 0.0 207.92672084799483
18 1 0.0 205.00062395999385
18 1 0.0 204.81024290999937
18 1 0.0 204.54780227000754
18 1 0.0 204.41877949640138
18 1 0.0 204.31814023679908
18 1 0.0 204.29389310829924
18 1 0.0 203.46240287248082
18 1 0.0 203.4074946300127
18 1 2238.2252509699792 2438.315675932384
18 1 0.0 199.87436328000535
18 1 76.42840224000179 275.09575200000194
18 1 0.0 197.50660336330407
18 1 0.0 196.22565176440776
18 1 0.0 194.0558072579979
18 1 0.0 193.1697770399943
18 1 0.0 192.44668166999736
18 1 0.0 192.3278501574964
18 1 0.0 191.88183753688645
18 1 0.0 191.71886943551272
18 1 1352.9473702399846 1544.0296651200133
18 1 0.0 189.59419141401077
18 1 188.56824447999395 378.0365556799892
18 1 0.0 189.46326004210124
18 1 0.0 188.30937127529432
18 1 0.0 188.2326817056055
18 1 0.0 187.97197092129863
18 1 0.0 187.86717859200144
18 1 0.0 187.3577618090963
18 1 0.0 187.02155937200473
18 1 0.0 186.80641269730177
18 1 0.0 186.6586510090974
18 1 180.04874021089427 366.29843393248893
18 1 0.0 185.94921457119995
18 1 325.83995032998064 511.6933660499776
18 1 0.0 185.49330953689662
18 1 0.0 185.40552181950102
18 1 0.0 185.06564566001566
18 1 0.0 185.05870010000285
18 1 0.0 184.46803137000666
18 1 0.0 183.41500518000657
18 1 0.0 182.88769760450023
18 1 0.0 182.20140868999738
18 1 0.0 181.99801102479705
18 1 459.6137429160269 641.2672830260033
18 1 0.0 181.20273617689384
18 1 0.0 180.31879297841192
18 1 0.0 179.94703405000257
18 1 0.0 179.59488003398974
18 1 0.0 179.40504297360383
18 1 0.0 179.3236426000026
18 1 0.0 178.40813227000217
18 1 87.5289695999868 264.3274290511981
18 1 0.0 175.92071055999224
18 1 0.0 175.01322589800043
18 1 0.0 174.74007486079535
18 1 1945.347351550021 2118.899818239972
18 1 0.0 172.79859237360347
18 1 0.0 172.69592737998903
18 1 0.0 169.0599927999931
18 1 0.0 168.45275619000267
18 1 0.0 168.30988266999884
18 1 253.70026016680174 420.40809996890124
18 1 0.0 166.24034471999755
18 1 0.0 165.6853925772989
18 1 121.07403097110569 286.6604714191001
18 1 0.0 164.4270381399944
18 1 0.0 164.24991379430003
18 1 0.0 163.19316974974583
18 1 0.0 163.05950206080138
18 1 0.0 162.01586169120105
18 1 0.0 161.9960570420128
18 1 0.0 161.96884453610141
18 1 0.0 161.42140597050002
18 1 0.0 160.8666764800073
18 1 0.0 160.46757252999942
18 1 0.0 160.26499394742018
18 1 0.0 160.23482730239812
18 1 0.0 160.20815448599365
18 1 0.0 160.1477043999878
18 1 0.0 159.17158441600372
18 1 0.0 157.87079935749284
18 1 0.0 157.54939417679975
18 1 104.81046258319839 261.39366517600615
18 1 0.0 154.00584537999453
18 1 0.0 153.58213994789617
18 1 0.0 153.44506128000455
18 1 0.0 153.02234433999854
18 1 24.394801969993864 176.8796641999969
18 1 0.0 152.1468528007016
18 1 0.0 151.83118075309733
18 1 0.0 151.5760213199991
18 1 0.0 151.40026087309866
18 1 0.0 150.76900412002715
18 1 0.0 150.6608567999956
18 1 0.0 150.37106839000205
18 1 0.0 149.83489562110185
18 1 0.0 149.63619187240226
18 1 0.0 148.67043088239495
18 1 0.0 147.63357002109956
18 1 0.0 146.99952774998167
18 1 0.0 146.61219065561636
18 1 0.0 145.408485069991
18 1 5.846389016100915 150.95824671090156
18 1 0.0 145.0028924574931
18 1 0.0 144.7298952000026
18 1 0.0 144.65960819989448
18 1 125.0837078504045 268.9382506572042
18 1 0.0 143.26565754999683
18 1 0.0 143.0108642489099
18 1 533.332172767728 675.3967663818789
18 1 0.0 141.43279399999358
18 1 0.0 140.45699788111187
18 1 0.0 139.80171133310387
18 1 0.0 139.08848530441105
18 1 0.0 138.46069035999358
18 1 50.87217126109908 188.99445235599796
18 1 0.0 138.0945173548048
18 1 202.46226515001035 340.48049274760297
18 1 225.8738964056114 362.1446690016021
18 1 0.0 136.24374849771266
18 1 0.0 135.9153656893527
18 1 0.0 131.5845653843047
18 1 0.0 130.55712718504037
18 1 0.0 129.8495952900036
18 1 0.0 129.79690781529962
18 1 0.0 129.22823550359453
18 1 0.0 128.4831690696018
18 1 0.0 128.21456061449987
18 1 0.0 126.85248796000627
18 1 0.0 126.60265461109475
18 1 0.0 126.1883088876034
18 1 0.0 126.1194220576009
18 1 0.0 124.52937123001425
18 1 0.0 124.45844214640309
18 1 0.0 124.09079804000453
18 1 0.0 123.67447535999463
18 1 0.0 122.40787490729258
18 1 0.0 121.94522840999946
18 1 0.0 120.82499345929878
18 1 0.0 120.77448866040311
18 1 0.0 120.59122918999833
18 1 0.0 119.78108357400285
18 1 0.0 119.76331894058603
18 1 0.0 118.09045190998677
18 1 0.0 116.87286991650353
18 1 0.0 116.58826097480187
18 1 182.66259659960906 299.22725152000794
18 1 6.918470360000811 122.78777950850326
18 1 47.41530599998623 162.5393708399863
18 1 0.0 114.99725383200087
18 1 345.5178186820008 460.18402357000764
18 1 0.0 113.86380441001234
18 1 62.87796234790653 176.67072939689962
18 1 49.02644684840675 162.7348351683993
18 1 70.97327441760399 184.57617267362298
18 1 0.0 112.87351740639895
18 1 0.0 112.74541298199028
18 1 0.0 111.9329712500055
18 1 0.0 111.78150800999674
18 1 0.0 111.15397416469955
18 1 0.0 110.54630483469646
18 1 105.64287250560858 216.00672951199408
18 1 265.2299873602942 374.71962366850084
18 1 0.0 109.41043974199852
18 1 0.0 109.1316895495936
18 1 0.0 107.89951183999528
18 1 0.0 107.34394727999631
18 1 0.0 106.38950310999803
18 1 73.38258233430292 179.24813334149894
18 1 0.0 105.75134185726438
18 1 0.0 105.32569449360204
18 1 0.0 103.711936196485
18 1 0.0 102.9436528693991
18 1 0.0 102.70977640999331
18 1 0.0 101.95119473000864
18 1 0.0 101.22668076040145
18 1 0.0 101.01012803099917
18 1 0.0 100.54641960999356
18 1 741.0919873060056 840.6738405998972
18 1 0.0 98.40201690001118
18 1 0.0 95.5794494088941
18 1 0.0 95.46812894799609
18 1 0.0 94.20807330000048
18 1 0.0 93.71523918360253
18 1 0.0 93.1678223600012
18 1 0.0 93.13103777989659
18 1 0.0 92.74984966999796
18 1 0.0 92.20706303719726
18 1 0.0 91.86712904999905
18 1 0.0 91.51924899225719
18 1 0.0 90.51012076110055
18 1 0.0 90.16497671039497
18 1 0.0 90.09351179999294
18 1 0.0 89.44068663990318
18 1 0.0 89.28467657439785
18 1 89.73682649440843 178.1685464860043
18 1 0.0 88.18291007999687
18 1 0.0 87.32713614809848
18 1 0.0 86.86719409000443
18 1 0.0 86.8279062816107
18 1 143.63395541755017 229.70527786622552
18 1 0.0 84.95879520000676
18 1 0.0 84.40698702309305
18 1 0.0 84.00429891001158
18 1 0.0 83.90428217000294
18 1 0.0 83.79629159040206
18 1 22.185494439275544 104.80957644629899
18 1 77.79414715880239 159.82937481150793
18 1 71.65485624999292 153.41255400000273
18 1 389.06434340489386 470.80525899120266
18 1 0.0 81.43311565488204
18 1 122.67614444670244 203.8673763342067
18 1 0.0 81.14749315000938
18 1 515.966440877497 596.8831821814988
18 1 0.0 80.86944635759482
18 1 0.0 80.76830319190026
18 1 0.0 80.29931642687802
18 1 558.423904800015 638.0542082400025
18 1 0.0 79.59600784024269
18 1 0.0 79.44914991000837
18 1 0.0 79.01016931750223
18 1 0.0 78.86480079999546
18 1 0.0 78.17871626639862
18 1 0.0 76.35002926599645
18 1 0.0 76.1046664472982
18 1 0.0 75.96679935001043
18 1 76.35988858999212 151.98635279880347
18 1 11.769142130000304 86.82276737910041
18 1 0.0 74.58560329799923
18 1 0.0 74.57461106489848
18 1 12.536188745997606 87.03047537479438
18 1 42.54630395000049 115.60088894000523
18 1 0.0 72.84838975999469
18 1 0.0 71.95576330360211
18 1 0.0 71.8541880285002
18 1 0.0 71.53905778750504
18 1 0.0 70.05835226999795
18 1 0.0 69.66848410250279
18 1 479.6978565995091 548.9731612339992
18 1 0.0 68.56149313049548
18 1 0.0 67.80423670999994
18 1 0.0 66.94779268949742
18 1 0.0 66.43201876001785
18 1 0.0 65.64422332090726
18 1 0.0 65.50323775001834
18 1 0.0 64.41171615999747
18 1 0.0 64.205219520004
18 1 89.99776437951141 153.95350347999567
18 1 304.2129323399936 368.050975616903
18 1 0.0 63.72655687604174
18 1 0.0 63.277687704899336
18 1 0.0 63.20107955750143
18 1 0.0 62.59657009760042
18 1 0.0 62.54159157950198
18 1 0.0 62.36448372210714
18 1 0.0 62.27738467640063
18 1 81.25905957600156 143.31862276400395
18 1 0.0 61.57771896039924
18 1 0.0 61.53637585552951
18 1 0.0 61.508288123699685
18 1 0.0 60.40874116040118
18 1 0.0 60.27428848080035
18 1 0.0 59.602688592501636
18 1 0.0 59.58634748559871
18 1 0.0 59.31125099399867
18 1 0.0 58.52279715240104
18 1 0.0 58.380348417599635
18 1 0.0 58.360682405198304
18 1 0.0 56.94657677159728
18 1 0.0 56.727431229998274
18 1 0.0 56.41840365750636
18 1 0.0 56.18858707000149
18 1 0.0 56.10826950879812
18 1 556.6813105305027 612.7610186363072
18 1 0.0 55.81289268999831
18 1 295.6985313060154 351.33224639401806
18 1 689.8012961100137 744.5360358000148
18 1 0.0 54.48334101000199
18 1 0.0 53.03144820999569
18 1 241.87115474999814 294.8300668580041
18 1 183.2275929040013 236.06423674200187
18 1 503.525176799983 555.317828219986
18 1 0.0 51.75439041000595
18 1 222.06839007799545 271.8464342241058
18 1 0.0 49.732786737495644
18 1 0.0 49.70640441999603
18 1 0.0 49.48425096000125
18 1 0.0 49.23539736309317
18 1 0.0 48.78550024680143
18 1 0.0 47.96629066500145
18 1 0.0 47.73457907529223
18 1 0.0 47.110180869999226
18 1 0.0 46.181571321296474
18 1 132.05810350849583 177.88456280249738
18 1 79.82056901999317 125.63403677998417
18 1 0.0 45.80083568000873
18 1 0.0 45.552188966000756
18 1 0.0 45.42888292999328
18 1 0.0 44.91448499999274
18 1 0.0 44.70553763462135
18 1 216.44424865800534 260.29983716800257
18 1 0.0 42.759243930000764
18 1 58.78893717989831 100.2835539424018
18 1 0.0 39.17468039189862
18 1 0.0 38.562837001194794
18 1 0.0 38.243914790007466
18 1 0.0 37.949695750010505
18 1 70.55493507000654 108.17982766550108
18 1 0.0 37.614745450101736
18 1 305.4764792499991 342.72805128680034
18 1 0.0 36.96289242000057
18 1 0.0 36.78100633000372
18 1 0.0 36.49603798830424
18 1 0.0 36.22487769000327
18 1 150.75322503749794 186.54357039749198
18 1 574.9297339499999 610.2914490800022
18 1 0.0 35.262197041700574
18 1 0.0 34.86586443999113
18 1 0.0 34.58869133001349
18 1 0.0 34.394151700503585
18 1 0.0 33.20703537249989
18 1 0.0 33.07841724799664
18 1 0.0 32.98982803999604
18 1 0.0 32.53919700830011
18 1 101.14926193399447 132.8674308299901
18 1 0.0 31.06491778549912
18 1 77.3180856256001 107.65614003909752
18 1 0.0 30.31450856001493
18 1 0.0 30.03503282999486
18 1 0.0 29.8564268000041
18 1 0.0 29.249571734014694
18 1 19.915309151201484 48.82891593759794
18 1 0.0 28.33458127989934
18 1 0.0 27.42512986490047
18 1 664.9594571883904 691.2778777299832
18 1 0.0 26.284694050019198
18 1 0.0 25.941439487497746
18 1 0.0 25.786129391998657
18 1 21.08775268399927 46.640145510500474
18 1 168.89907312430648 194.1733504410994
18 1 459.00318905002086 484.12771925001607
18 1 181.1037045600043 206.1188964600102
18 1 0.0 24.905189412497293
18 1 0.0 24.821846880005296
18 1 0.0 24.552875319984196
18 1 0.0 23.742694399984543
18 1 0.0 22.500789242228734
18 1 190.99797852330585 213.123965119501
18 1 0.0 20.842867067300404
18 1 0.0 20.267626239998663
18 1 100.74231618250496 119.56311029760445
18 1 0.0 16.994188394701155
18 1 53.063621933998206 70.04341907670141
18 1 0.0 16.514344961107327
18 1 56.577125135993924 73.08795548479895
18 1 45.04056738210056 61.48603410560054
18 1 0.0 16.3459016700034
18 1 0.0 16.249105089999432
18 1 0.0 14.871776386292709
18 1 0.0 14.435873430001834
18 1 0.0 13.834199999997963
18 1 93.06392973689947 106.66443281250372
18 1 74.08952841749851 87.34126039195638
18 1 0.0 12.919372536396736
18 1 0.0 12.811636102401962
18 1 0.0 11.812146519996219
18 1 0.0 11.69173972170131
18 1 0.0 11.560061375093994
18 1 93.11937449440552 104.67359993977186
18 1 0.0 10.831091920004042
18 1 0.0 10.405954265602759
18 1 0.0 10.216343364400018
18 1 0.0 10.10577013914883
18 1 0.0 9.74242686959883
18 1 0.0 9.5974535696011
18 1 0.0 8.972674840005766
18 1 376.43753583400394 385.11954934510345
18 1 512.286976460402 520.1239025985558
18 1 0.0 7.536642950001351
18 1 0.0 7.508281690009085
18 1 2.3607600834984055 9.827796866800142
18 1 38.10301803489676 44.79585454999932
18 1 0.0 6.572475967089531
18 1 0.0 6.286699979988953
18 1 32.38760964239532 38.53680833279509
18 1 0.0 5.846107517497927
18 1 0.0 4.552883539501067
18 1 0.0 4.34767007359244
18 1 294.9420036399986 298.52442340000084
18 1 0.0 2.5820884500092234
18 1 0.0 2.399989673307573
18 1 0.0 1.9317901899926255
18 1 0.0 1.926253770003541
18 1 0.0 1.6548477600065326
18 1 0.0 1.6389574100121536
18 1 0.0 1.4546260125016488
18 1 0.0 1.3307405099974403
18 1 0.0 1.2677556735020516
18 1 0.0 0.7817762387992389
18 1 524.7211292719944 525.4033845099771
18 0 0.0 inf
18 0 0.0 25.403912560001345
# COVID_SAMPLE_9_ROI_1
19 1 0.0 11810.658180400025
19 1 45.94359234977264 8117.8413630783625
19 1 0.0 7436.031983755611
19 1 0.0 6563.171733412788
19 1 0.0 6098.315854351315
19 1 0.0 5906.926257109992
19 1 0.0 5860.174928325303
19 1 0.0 4522.8505542735775
19 1 0.0 4406.883295990009
19 1 600.989537209216 4959.358518748339
19 1 0.0 4159.107211725421
19 1 0.0 3863.7231651295947
19 1 0.0 3775.2130660714965
19 1 0.0 3654.4590565291955
19 1 0.0 3543.464031715893
19 1 0.0 3162.686778967489
19 1 0.0 3120.7613824107943
19 1 0.0 3108.3996965038023
19 1 0.0 3059.209193549993
19 1 0.0 2860.8673407055944
19 1 0.0 2842.352966379987
19 1 0.0 2838.775681081607
19 1 0.0 2662.56884574159
19 1 0.0 2525.9745848523594
19 1 0.0 2424.5120134499866
19 1 0.0 2332.4516746900053
19 1 0.0 2256.944274689605
19 1 229.35680432119943 2413.8413440335926
19 1 0.0 2163.213282572396
19 1 0.0 2158.5103593476033
19 1 0.0 2123.976557099992
19 1 0.0 2049.2980797408245
19 1 0.0 2031.6472690843887
19 1 0.0 2007.4365070520994
19 1 0.0 2003.016069210011
19 1 60.51486541849522 2041.2377327508268
19 1 0.0 1978.6552214544054
19 1 0.0 1964.2905113050967
19 1 0.0 1938.7508301272974
19 1 0.0 1934.416955095296
19 1 0.0 1908.6289561947042
19 1 0.0 1894.1741762500028
19 1 0.0 1874.536219832712
19 1 1341.5194195990898 3211.9408170099773
19 1 0.0 1842.926296640007
19 1 0.0 1821.6380317400017
19 1 0.0 1818.0372507843936
19 1 0.0 1797.2002019315844
19 1 0.0 1774.6344809652073
19 1 0.0 1747.5986981899787
19 1 0.0 1739.003271457606
19 1 0.0 1717.4146372304058
19 1 0.0 1685.1451569874966
19 1 4141.867645730023 5821.588291839996
19 1 0.0 1674.0906478575032
19 1 0.0 1626.536693285204
19 1 0.0 1567.1723044907903
19 1 0.0 1522.573983900011
19 1 0.0 1503.981935783199
19 1 0.0 1496.4064557175063
19 1 0.0 1483.0728858599691
19 1 0.0 1462.2275956124895
19 1 0.0 1447.3841335080106
19 1 0.0 1427.120555970008
19 1 0.0 1411.4590381566
19 1 0.0 1397.3576378799785
19 1 0.0 1393.1742520399903
19 1 0.0 1389.7218217199943
19 1 0.0 1388.7545255699918
19 1 0.0 1375.2769027800127
19 1 0.0 1367.659209076804
19 1 0.0 1336.645023689091
19 1 0.0 1328.534532990016
19 1 0.0 1294.7673165200158
19 1 0.0 1286.942391247493
19 1 0.0 1274.8842463599865
19 1 0.0 1266.7539969143959
19 1 0.0 1222.1180865500176
19 1 0.0 1213.2599631299881
19 1 0.0 1202.7282583739989
19 1 0.0 1202.133963789994
19 1 0.0 1198.8695613599896
19 1 0.0 1190.5725704099987
19 1 0.0 1190.0342785479252
19 1 0.0 1184.4178141200077
19 1 0.0 1172.2672141725025
19 1 0.0 1171.7901343691979
19 1 0.0 1164.3017506699994
19 1 0.0 1160.457076260002
19 1 0.0 1152.6735908513099
19 1 0.0 1144.5550525067852
19 1 0.0 1142.0745474675164
19 1 0.0 1139.4431789599948
19 1 0.0 1138.442419239998
19 1 0.0 1133.544786609994
19 1 0.0 1130.8535768000202
19 1 0.0 1130.2480612900013
19 1 0.0 1116.3191093575954
19 1 0.0 1101.2190253499916
19 1 0.0 1096.7457746920004
19 1 0.0 1091.4989320851062
19 1 0.0 1081.3736462304012
19 1 0.0 1080.6963190889824
19 1 32.36873111815203 1111.59181810898
19 1 0.0 1075.3897846099899
19 1 0.0 1068.3531484723808
19 1 0.0 1067.3599141815987
19 1 0.0 1064.2576870328703
19 1 0.0 1060.2774434400112
19 1 0.0 1056.856948217595
19 1 0.0 1050.9106795199868
19 1 0.0 1045.3087566708032
19 1 0.0 1035.7930909184947
19 1 0.0 1035.6366844800011
19 1 0.0 1028.308399238403
19 1 0.0 1025.052859223999
19 1 0.0 1018.9540369951924
19 1 0.0 1018.0474665778988
19 1 0.0 1015.3930185699842
19 1 0.0 1012.569519377505
19 1 0.0 999.7307371599973
19 1 0.0 997.1580829155992
19 1 0.0 996.8369477690969
19 1 0.0 996.1603948699772
19 1 0.0 990.437518980003
19 1 0.0 989.2841448599684
19 1 0.0 987.5239003899981
19 1 0.0 981.6438947385025
19 1 0.0 965.1831410303928
19 1 0.0 958.4282711400006
19 1 0.0 955.8157840500126
19 1 0.0 950.3384939404045
19 1 0.0 948.3952169400038
19 1 0.0 940.7446116275969
19 1 0.0 930.0736720100072
19 1 0.0 929.7201078074971
19 1 0.0 922.8004632418888
19 1 0.0 920.9658979500027
19 1 0.0 914.0262390400176
19 1 0.0 906.4128352156986
19 1 0.0 904.5931001700052
19 1 0.0 883.9875017520036
19 1 0.0 881.8853944188927
19 1 0.0 880.651057319992
19 1 0.0 880.6338616900102
19 1 0.0 879.9279699225042
19 1 0.0 877.8147262444581
19 1 0.0 875.9181870319962
19 1 0.0 874.2985500899968
19 1 0.0 874.279751878418
19 1 0.0 857.3706575728992
19 1 0.0 855.163752000004
19 1 0.0 850.8563958499865
19 1 0.0 850.4143682199951
19 1 0.0 844.3068686867023
19 1 0.0 843.3701008874989
19 1 0.0 843.1135280999983
19 1 0.0 842.2401411499836
19 1 0.0 836.8967239085996
19 1 0.0 836.4572047974957
19 1 1621.0246498013048 2453.140769987108
19 1 0.0 831.0444764074082
19 1 196.95483618359253 1024.6385451600067
19 1 0.0 826.3203391731831
19 1 128.1170667078577 947.2132992420006
19 1 0.0 813.8080070240385
19 1 0.0 810.2062838999906
19 1 0.0 807.5478385200022
19 1 0.0 798.3970715899848
19 1 0.0 793.341270426971
19 1 0.0 792.8641493909045
19 1 0.0 791.7796523799893
19 1 0.0 790.4230185059896
19 1 81.40940081869849 868.4599904663946
19 1 0.0 783.4022778500039
19 1 0.0 783.1530080175016
19 1 0.0 781.5252378756734
19 1 16.438712240010773 797.8201913700091
19 1 0.0 768.2712208800112
19 1 0.0 764.4862568542976
19 1 0.0 754.1266044700143
19 1 0.0 752.988038410494
19 1 0.0 751.2772783929186
19 1 0.0 750.4906710525265
19 1 0.0 748.7683188157539
19 1 0.0 747.425742239991
19 1 0.0 745.5544677283956
19 1 106.4756563851015 849.7604695139994
19 1 0.0 739.7802451535879
19 1 0.0 733.2798061799831
19 1 0.0 729.571412759991
19 1 0.0 726.5062123370899
19 1 0.0 726.465660169988
19 1 0.0 725.2242901019924
19 1 0.0 724.9238187000119
19 1 0.0 722.9078695699973
19 1 0.0 720.5241755700035
19 1 0.0 715.5252732600047
19 1 0.0 714.5206936625073
19 1 0.0 706.8099747000135
19 1 0.0 705.89721435001
19 1 0.0 704.3174396200147
19 1 0.0 703.8007680094984
19 1 412.5706119255033 1116.033088635203
19 1 0.0 701.7697971824955
19 1 0.0 700.2005314999988
19 1 0.0 694.0589880332013
19 1 0.0 693.1631727548005
19 1 0.0 691.6250725200015
19 1 159.525603962702 848.0616156839833
19 1 0.0 688.3276189165075
19 1 0.0 678.8190986100049
19 1 0.0 678.124322519502
19 1 0.0 675.7315724760051
19 1 0.0 674.8561579247046
19 1 627.4906751664084 1296.59973095449
19 1 0.0 662.1934317019975
19 1 0.0 660.0462170199924
19 1 0.0 659.6994935599996
19 1 0.0 657.7975119408102
19 1 0.0 657.5713971299929
19 1 0.0 657.2138598038381
19 1 0.0 657.1734130543987
19 1 14.699567432301322 671.220065655499
19 1 0.0 654.4791360637
19 1 0.0 654.28167547001
19 1 0.0 648.0917770708979
19 1 0.0 647.802066968894
19 1 0.0 645.0290260399986
19 1 0.0 643.9924747044242
19 1 46.861321558403006 686.0720587508047
19 1 0.0 639.0634929040037
19 1 0.0 638.3151228160034
19 1 605.947643880013 1244.1758927699948
19 1 0.0 636.3366442918973
19 1 0.0 635.2482534099813
19 1 0.0 635.0186877416018
19 1 0.0 634.881078681608
19 1 0.0 632.852065690895
19 1 0.0 632.3119182414903
19 1 0.0 631.9229587004024
19 1 0.0 631.5365814775969
19 1 0.0 627.6583303199976
19 1 0.0 627.2336559999981
19 1 0.0 621.9723147151044
19 1 455.77366508800276 1072.9438134999982
19 1 0.0 615.0360550674991
19 1 0.0 614.6847252125235
19 1 0.0 613.3698710735925
19 1 0.0 612.9884665999953
19 1 0.0 611.4829082453019
19 1 0.0 608.2575583123944
19 1 0.0 607.3230244199941
19 1 0.0 606.9244862399878
19 1 0.0 602.6805842787803
19 1 0.0 602.6298270138996
19 1 0.0 602.5431654068016
19 1 0.0 600.7741060800115
19 1 0.0 592.4315690700014
19 1 418.4891718628005 1009.9044836458295
19 1 33.26260762040647 621.2020016267959
19 1 0.0 586.7020077017844
19 1 0.0 581.8612874391983
19 1 0.0 580.8854703599823
19 1 0.0 578.6525326800211
19 1 0.0 572.3134324808956
19 1 0.0 569.6722518500346
19 1 0.0 567.0275973844981
19 1 0.0 563.3470354056035
19 1 0.0 561.1846655299935
19 1 0.0 560.8209564500066
19 1 0.0 560.6092743421044
19 1 0.0 560.2903684831965
19 1 0.0 558.5398616799914
19 1 0.0 557.8444517140024
19 1 0.0 556.6733112900074
19 1 0.0 555.1755470976204
19 1 249.06482343999642 803.8019599099989
19 1 0.0 551.6538765088985
19 1 0.0 550.9301455355248
19 1 0.0 542.4548516400296
19 1 0.0 542.3048966915982
19 1 0.0 541.2206722894005
19 1 0.0 540.046526220015
19 1 0.0 539.5807237700017
19 1 0.0 539.2242834166959
19 1 0.0 538.1374223999937
19 1 101.4989522819842 636.3141450812923
19 1 0.0 534.4303520000037
19 1 0.0 533.5204254499904
19 1 0.0 532.766188380022
19 1 0.0 531.3675698871021
19 1 0.0 530.5857760394974
19 1 0.0 526.1552967600078
19 1 0.0 524.3643661655997
19 1 0.0 518.8839540800075
19 1 0.0 517.4708161600006
19 1 79.97449682369847 596.5819000483948
19 1 0.0 513.6575912027702
19 1 0.0 513.3139847933762
19 1 0.0 513.1900915815004
19 1 0.0 511.35528586999953
19 1 0.0 507.08857486279874
19 1 0.0 504.79335240398746
19 1 0.0 504.30578792677875
19 1 0.0 500.5106045599958
19 1 0.0 499.0234272800087
19 1 0.0 497.93221632320456
19 1 0.0 497.8642850575079
19 1 0.0 495.79230279399894
19 1 0.0 494.2211018304074
19 1 0.0 493.1693193490973
19 1 0.0 493.1115893347978
19 1 0.0 489.36741783999923
19 1 0.0 488.9372755791053
19 1 0.0 485.32629844999883
19 1 0.0 484.45830095681436
19 1 214.18315140000186 697.3145294100004
19 1 0.0 480.1426917720055
19 1 0.0 479.5509923350951
19 1 32.97521176999862 512.2880869899911
19 1 0.0 479.1303112435926
19 1 0.0 477.5028781297019
19 1 0.0 474.83879061050266
19 1 564.3648559200392 1038.7373569775755
19 1 0.0 473.85313598349853
19 1 0.0 472.50782829000013
19 1 0.0 472.15906219520843
19 1 101.66548449400784 572.3924277292012
19 1 0.0 468.0392897900002
19 1 0.0 465.9962871928692
19 1 0.0 463.0395122900168
19 1 0.0 462.80761211000913
19 1 0.0 462.6687198089003
19 1 0.0 461.36233595
19 1 86.9158532959003 547.4807471048989
19 1 0.0 460.2930230159898
19 1 191.21262970000316 647.952892657484
19 1 0.0 455.13739031999546
19 1 0.0 454.4038727090183
19 1 0.0 453.2286955999982
19 1 0.0 453.1268852630999
19 1 0.0 449.16913954969004
19 1 0.0 448.06684935001385
19 1 0.0 447.9343113620107
19 1 0.0 447.4028967670969
19 1 0.0 444.8357269684002
19 1 0.0 444.21747473026016
19 1 0.0 442.1344219016007
19 1 0.0 435.9485407299984
19 1 0.0 435.40403891759365
19 1 0.0 435.288025678399
19 1 0.0 433.4954931999953
19 1 0.0 433.43190484999855
19 1 0.0 432.93083768999895
19 1 0.0 429.66534922000096
19 1 458.73942224079536 886.5981322799962
19 1 0.0 427.36980851748905
19 1 42.59437334998097 466.3244564899894
19 1 0.0 423.2915010400103
19 1 0.0 422.56773051250707
19 1 0.0 422.52751214871614
19 1 0.0 420.60274191471797
19 1 0.0 419.79147049001267
19 1 0.0 419.6462283612568
19 1 0.0 418.86276190250464
19 1 0.0 412.3698096700002
19 1 0.0 412.361701879498
19 1 0.0 411.85137870641347
19 1 0.0 409.3564905418989
19 1 0.0 409.32011749019875
19 1 0.0 408.7144923403912
19 1 0.0 407.16724536560014
19 1 0.0 406.80455434998476
19 1 0.0 406.4683077873017
19 1 0.0 405.5872417264041
19 1 713.813516710019 1119.3988795900168
19 1 0.0 400.97948334150055
19 1 0.0 398.34777499999757
19 1 0.0 397.9746501623963
19 1 0.0 394.71530159999884
19 1 0.0 394.5983174499913
19 1 0.0 392.04873022000857
19 1 0.0 391.9589694176025
19 1 0.0 391.06827540390736
19 1 0.0 387.46853336186405
19 1 0.0 387.143904340003
19 1 0.0 383.77583215001107
19 1 0.0 382.8952762769069
19 1 0.0 381.0399000600023
19 1 0.0 380.04298658359505
19 1 158.5551335200089 538.0977869099959
19 1 0.0 378.5549737699987
19 1 0.0 377.98798740960126
19 1 0.0 376.19778132650276
19 1 0.0 373.23057480000466
19 1 0.0 373.18764107999937
19 1 0.0 369.69615389759747
19 1 0.0 368.2588029376118
19 1 0.0 367.2120554000005
19 1 0.0 366.9004769020096
19 1 0.0 364.7429679599736
19 1 0.0 363.67825381600846
19 1 0.0 359.82136924250267
19 1 0.0 356.38680388002194
19 1 0.0 351.6725989699992
19 1 0.0 349.31064422850136
19 1 0.0 346.61372883519243
19 1 0.0 345.0834955975963
19 1 596.6665881006829 941.0435995506905
19 1 0.0 341.1610615475006
19 1 0.0 340.8180372399952
19 1 0.0 338.01396878440414
19 1 0.0 336.5897976479955
19 1 0.0 336.3645687135006
19 1 0.0 336.2582014825084
19 1 0.0 335.6879921299892
19 1 0.0 335.58233995999035
19 1 0.0 335.18311917720075
19 1 0.0 331.23833569999306
19 1 0.0 331.14595225000085
19 1 0.0 330.8688035700038
19 1 0.0 330.3600274800001
19 1 0.0 329.7909845468905
19 1 0.0 329.041633483198
19 1 0.0 327.6585477752092
19 1 0.0 326.4863551976399
19 1 0.0 325.78911199839786
19 1 417.2677298100127 742.1940822740876
19 1 0.0 324.7022190699854
19 1 0.0 319.13503221280143
19 1 0.0 318.9723235831025
19 1 0.0 318.9036060025012
19 1 0.0 318.3007265100025
19 1 1.9155005599977812 320.12048841999285
19 1 141.39151219999303 459.1072984899952
19 1 0.0 317.1147531134111
19 1 0.0 315.34475309698337
19 1 0.0 315.1561855799995
19 1 121.24366194789741 435.39781352110253
19 1 90.53740758149962 404.69087240949625
19 1 0.0 313.84932986001195
19 1 0.0 313.45645170358466
19 1 0.0 312.9972520399922
19 1 128.11691273000042 439.83912100910175
19 1 0.0 309.0672138599969
19 1 0.0 308.6417782700091
19 1 0.0 307.79759779270034
19 1 0.0 307.74154924000277
19 1 0.0 306.7507071903982
19 1 0.0 305.1413346726961
19 1 0.0 303.19889221749725
19 1 0.0 300.9084962200027
19 1 0.0 300.32037122836044
19 1 0.0 298.14536897950404
19 1 0.0 297.47600723251367
19 1 0.0 295.99718509250135
19 1 0.0 294.8724634192024
19 1 0.0 294.72230844998603
19 1 0.0 294.5081499584039
19 1 0.0 294.3927227699796
19 1 45.05761635999954 336.3827361999997
19 1 0.0 290.33126929000696
19 1 0.0 288.7591363599922
19 1 106.86013764000745 392.9477910900059
19 1 0.0 285.3951802800068
19 1 0.0 285.3313848000114
19 1 0.0 284.7713841774554
19 1 0.0 282.94265124998356
19 1 0.0 280.5828528000003
19 1 231.52951837759633 509.7822465248182
19 1 0.0 277.04025335999177
19 1 0.0 276.82389215999206
19 1 0.0 275.9397684444739
19 1 0.0 275.404472691097
19 1 0.0 274.6054041599941
19 1 0.0 274.56681226280216
19 1 31.818783079997786 305.8495706800019
19 1 0.0 273.8293808299959
19 1 0.0 273.49449480159115
19 1 0.0 272.2811909956017
19 1 0.0 271.1474821153088
19 1 0.0 269.8806836428001
19 1 0.0 268.03650964001827
19 1 0.0 266.9205893496014
19 1 595.6985339947123 861.8056010087389
19 1 0.0 265.05817595001076
19 1 0.0 263.6930818799967
19 1 326.30035745680516 588.2636946199968
19 1 0.0 260.9449332016002
19 1 0.0 260.84283600000526
19 1 1.9448349599952053 262.16867583997714
19 1 0.0 258.35599420090625
19 1 0.0 257.9097807199979
19 1 0.0 257.79880992000045
19 1 0.0 257.1130283876046
19 1 0.0 256.7851271259001
19 1 0.0 255.96025643999565
19 1 0.0 255.0939586800048
19 1 0.0 252.62098535330688
19 1 0.0 252.54771684200523
19 1 0.0 251.72348770910162
19 1 0.0 248.16931144049454
19 1 0.0 247.39457967000476
19 1 0.0 246.9840311602934
19 1 0.0 246.79471538840357
19 1 17.742383039996525 264.3517230299948
19 1 0.0 246.35639922520068
19 1 0.0 243.84990206880593
19 1 0.0 242.24774709999087
19 1 7.189880375099619 248.86677368849746
19 1 28.77048464389202 269.9708141999914
19 1 0.0 241.13181398729932
19 1 0.0 239.9586856800027
19 1 0.0 239.83113317999812
19 1 0.0 239.7114893060226
19 1 0.0 239.3328438099943
19 1 0.12204339000177811 235.5214755799974
19 1 0.0 234.96588957960194
19 1 0.0 234.34703789137717
19 1 0.0 234.21624968799762
19 1 120.47446095001942 354.4084995500061
19 1 0.0 232.8929772859933
19 1 213.067266509997 444.4730027596046
19 1 0.0 231.22137965999798
19 1 0.0 231.00594535209484
19 1 0.0 230.29427036962625
19 1 0.0 228.64713575999963
19 1 0.0 226.71383538999885
19 1 0.0 225.6930493921268
19 1 0.0 224.0142864513109
19 1 0.0 223.9760308208971
19 1 0.0 223.30812193090333
19 1 0.0 222.55618223999306
19 1 0.0 221.05746553000108
19 1 0.0 220.0654241044008
19 1 0.0 215.37789658639394
19 1 0.0 213.91285369833645
19 1 0.0 212.83075700000006
19 1 0.0 207.31208125000245
19 1 0.0 206.60383028919887
19 1 80.09345108999912 286.3478049144004
19 1 6.410464446498281 211.9329198276023
19 1 0.0 205.09613297040096
19 1 0.0 204.5296322811082
19 1 138.4197438475028 342.3564121874897
19 1 0.0 200.92492400029846
19 1 0.0 200.5075574699996
19 1 0.0 200.46592575002046
19 1 0.0 200.24739604600927
19 1 0.0 199.98420778889715
19 1 0.0 199.74987917999795
19 1 415.821306999992 614.6086497999927
19 1 0.0 198.72540475879785
19 1 0.0 198.60006652066454
19 1 0.0 198.0897959071035
19 1 0.0 197.23088180909735
19 1 0.0 196.87991050691244
19 1 0.0 195.222946252391
19 1 0.0 194.24809910573413
19 1 0.0 193.66328015770102
19 1 0.0 193.0991042099962
19 1 48.060005670015016 240.65645535002182
19 1 0.0 191.10497146639693
19 1 0.0 190.86204198159908
19 1 0.0 190.55586261000371
19 1 0.0 189.44166759559857
19 1 0.0 188.23634328000685
19 1 0.0 186.97826962998613
19 1 0.0 186.79205823360098
19 1 0.0 185.48999249441226
19 1 78.38199912079904 262.5589149409989
19 1 0.0 183.55531527000483
19 1 0.0 182.62866083049437
19 1 0.0 182.4672760336225
19 1 0.0 181.9699030599919
19 1 0.0 181.01578769650303
19 1 182.47916326668292 361.78803320535553
19 1 0.0 179.06131934440873
19 1 0.0 178.1426808499939
19 1 0.0 176.8255784774954
19 1 0.0 176.21430464000196
19 1 0.0 176.04040139999478
19 1 0.0 175.98069731999612
19 1 261.00661981748317 435.33966974999703
19 1 0.0 169.86839290270655
19 1 0.0 169.8266974619928
19 1 0.0 169.62440268390037
19 1 0.0 165.74363548000656
19 1 201.9058213309013 367.2992361899984
19 1 0.0 163.60471918001258
19 1 0.0 162.55523760000227
19 1 0.0 161.9645423495963
19 1 0.0 161.36242677239306
19 1 0.0 160.94280246480184
19 1 0.0 160.48962324109846
19 1 0.0 160.39961684800141
19 1 0.0 158.582444319994
19 1 0.0 158.30539750949765
19 1 158.4100565248957 315.19072180406783
19 1 0.0 156.01332903949424
19 1 0.0 155.9546833856091
19 1 0.0 155.13064111370159
19 1 0.0 153.80977934001612
19 1 44.62200766069964 197.52231195869626
19 1 0.0 151.91474754729848
19 1 78.52759838750808 230.11563363750338
19 1 966.1999073799911 1116.7983243599915
19 1 0.0 150.06473407999192
19 1 21.37493173159578 170.09515799000587
19 1 182.02371252997727 329.2758849999768
19 1 0.0 146.68319420640444
19 1 0.0 145.90513932839752
19 1 0.0 144.39594420324647
19 1 0.0 143.94057468000392
19 1 0.0 143.06434282999476
19 1 508.5343233925123 651.4524142425007
19 1 0.0 142.76839079
19 1 0.0 141.30147785999964
19 1 0.0 141.2782273586979
19 1 0.0 140.43059187510175
19 1 65.23199641558085 204.9426296226518
19 1 310.15046672640045 449.7460124531984
19 1 0.0 139.32493303970432
19 1 0.0 139.28104332999874
19 1 0.0 137.6325831199888
19 1 0.0 136.93513139999902
19 1 0.0 136.58301043000284
19 1 0.0 136.49995987330317
19 1 171.17452814399132 307.3193757199962
19 1 0.0 135.81158946280198
19 1 0.0 134.86706844582636
19 1 0.0 134.77104934078727
19 1 0.0 133.1540840000032
19 1 0.0 132.73328711998977
19 1 0.0 132.38513422000597
19 1 0.0 130.75687522749965
19 1 81.06082204358927 211.33461368710869
19 1 0.0 129.30822876542373
19 1 0.0 129.28595953199556
19 1 0.0 128.88580368390194
19 1 21.606520074899436 149.29409673919645
19 1 0.0 126.57001139289957
19 1 0.0 126.35146339998437
19 1 0.0 125.88794202329768
19 1 0.0 125.69989674997623
19 1 506.8838830996092 632.3264413040142
19 1 770.7975876512164 896.1008481218973
19 1 143.97512283997548 269.21629250997694
19 1 0.0 125.17186530999317
19 1 0.0 122.92969846600258
19 1 0.0 122.69392226889215
19 1 0.0 121.4606060025086
19 1 772.3514494816009 892.0344294332028
19 1 0.0 116.79481339999325
19 1 0.0 116.41217389500196
19 1 64.27112935999367 180.35659758000702
19 1 0.0 115.42228946519833
19 1 0.0 115.30830103999956
19 1 0.0 114.1027667634985
19 1 0.0 114.0855156832115
19 1 0.0 112.44451934999188
19 1 130.06237570999724 241.64502391999872
19 1 0.0 110.70847990999982
19 1 0.0 110.64334975999384
19 1 0.0 110.18798401999447
19 1 151.2920524095016 259.5858696343039
19 1 0.0 107.59977339999182
19 1 52.50970146680231 159.10937715679927
19 1 0.0 106.24578821999853
19 1 0.0 105.87395362209782
19 1 0.0 104.65343496359924
19 1 0.0 104.53233719000718
19 1 0.0 103.80965920003291
19 1 0.0 103.03153741000256
19 1 0.0 102.69061953998153
19 1 0.0 102.33986928752165
19 1 0.0 101.31551936999631
19 1 0.0 101.23558365000122
19 1 0.0 100.18807184559478
19 1 0.0 100.13400202000275
19 1 43.602756469188535 142.66105273769654
19 1 91.49669285960545 190.10112829210493
19 1 0.0 98.30129431809871
19 1 0.0 98.06558983999241
19 1 0.0 97.23084137799356
19 1 0.0 97.20798586370756
19 1 0.0 96.54615166200091
19 1 0.0 94.81853868999767
19 1 36.1995588675054 130.95837883439162
19 1 0.0 94.18548589059174
19 1 0.0 93.7112226299987
19 1 281.229170799995 374.38335375999975
19 1 0.0 92.70490456158632
19 1 59.678664023589135 151.96496598360307
19 1 0.0 92.1232538345048
19 1 0.0 91.95310443840026
19 1 0.0 90.9418186951948
19 1 0.0 90.35244874000466
19 1 0.0 90.20372208000435
19 1 87.0376447599956 176.72344435999094
19 1 31.045603130005702 120.69955838000351
19 1 0.0 89.4582877663048
19 1 0.0 87.5402386901012
19 1 190.58911727167924 277.6080016748175
19 1 0.0 85.68794935999301
19 1 0.0 85.1192957699983
19 1 0.0 83.57859764763543
19 1 0.0 83.24853663250406
19 1 0.0 82.63823773950458
19 1 15.617763753604322 97.39408940400381
19 1 273.48187935689947 353.67157954579744
19 1 0.0 80.17429370999412
19 1 0.0 79.78640114510262
19 1 0.0 79.66923577000375
19 1 0.0 79.1591994182993
19 1 0.0 79.04656625999269
19 1 49.17971056999937 127.49717496399921
19 1 18.186956949995874 96.22716828998887
19 1 0.0 78.01298023539985
19 1 1424.8328176100022 1502.833852418013
19 1 224.44584774999475 302.0630176579947
19 1 0.0 76.20882107250736
19 1 0.0 74.71157054560399
19 1 0.0 73.58735860050012
19 1 0.0 72.48509902999012
19 1 0.0 72.42348986199875
19 1 130.86004539119585 203.15339154720073
19 1 0.0 71.3938155949595
19 1 0.0 71.13505128039634
19 1 0.0 70.44885520549587
19 1 0.0 69.90208838729313
19 1 0.0 69.44297409249714
19 1 0.0 68.96571348000225
19 1 406.4922111899972 475.1268581100078
19 1 0.0 68.21598860411223
19 1 0.0 67.74996090999889
19 1 0.0 67.12678600000261
19 1 0.0 66.89336186100024
19 1 156.16307579999648 221.07955469850123
19 1 0.0 64.49346952249823
19 1 198.537054849583 262.1651283674869
19 1 0.0 63.617059574419955
19 1 0.0 63.3583288572014
19 1 0.0 62.82454016000861
19 1 0.0 62.67837312869915
19 1 0.0 62.60869543999934
19 1 0.0 62.08175138570007
19 1 0.0 62.04049445419946
19 1 0.0 61.91636287239862
19 1 0.0 61.542389278303745
19 1 0.0 60.69769580800448
19 1 0.0 60.34320848000516
19 1 0.0 59.49389047309637
19 1 0.0 57.76298153000198
19 1 0.0 57.27694004000682
19 1 0.0 56.74839189000227
19 1 94.01313336249848 150.59464860249284
19 1 0.0 56.52131473750069
19 1 0.0 55.72457443200801
19 1 1798.7912571499955 1854.3658368000033
19 1 0.0 55.535302327494264
19 1 0.0 54.82479936000641
19 1 0.0 54.81733934998829
19 1 0.0 54.77173065000096
19 1 61.65828181240431 115.9081309933008
19 1 0.0 53.5384497123996
19 1 0.0 49.89181957759922
19 1 0.0 49.81059932799553
19 1 0.0 49.221157517500046
19 1 0.0 48.618708400802916
19 1 0.0 47.69955622928808
19 1 0.0 47.39154666000559
19 1 0.0 46.712387369981116
19 1 255.39763214021764 301.84575332258805
19 1 0.0 46.092079837298
19 1 0.0 45.98497913951633
19 1 0.0 45.11785538759938
19 1 0.0 44.630464085987114
19 1 0.0 44.02123677600082
19 1 0.0 43.70003915999246
19 1 0.0 43.2238159466969
19 1 0.0 43.19943387999933
19 1 0.0 42.79781019119417
19 1 0.0 42.74208341000008
19 1 0.0 42.02175249998959
19 1 0.0 41.71539166999446
19 1 0.0 39.592915860001426
19 1 0.0 37.29479745250319
19 1 0.0 36.60712007000711
19 1 43.67390924154358 79.12332658328603
19 1 0.0 35.4116805431986
19 1 0.0 34.95598797119874
19 1 0.0 34.934148599998935
19 1 0.0 34.817130619975615
19 1 0.0 34.49023737509094
19 1 136.7154660959999 170.58459492999663
19 1 0.0 33.38364495000769
19 1 0.0 32.28380659999334
19 1 0.0 31.508057654900085
19 1 0.0 30.81470383190208
19 1 0.0 30.75404425949546
19 1 0.0 30.382996617424396
19 1 0.0 30.294168524705697
19 1 56.424534920002884 86.24685068000792
19 1 0.0 29.640815449998485
19 1 131.34020996960288 160.63697365199977
19 1 0.0 28.56626801759876
19 1 0.0 27.61752015398997
19 1 0.0 26.246600908498294
19 1 0.0 25.318000988398296
19 1 0.0 25.095097349094885
19 1 9.991620359992794 34.79785920000052
19 1 0.0 23.83301329999847
19 1 0.0 23.70337337250794
19 1 39.56650183999943 61.7124622400097
19 1 499.88939126760147 521.956036454005
19 1 0.0 21.850602119995074
19 1 0.0 21.634766270001478
19 1 0.0 21.008068730004197
19 1 670.5061014416169 690.5869986399968
19 1 0.0 19.539050038398273
19 1 0.0 16.66807053000707
19 1 0.0 16.325225413998623
19 1 151.29708499300267 167.18689430878635
19 1 0.0 15.881105903504249
19 1 0.0 14.650727390004135
19 1 0.0 14.08148340380012
19 1 0.0 12.54868135000163
19 1 0.0 12.265340704666727
19 1 0.0 12.171486539999876
19 1 0.0 10.838721585297492
19 1 46.55286354757936 57.268793600006575
19 1 0.0 9.788813399996172
19 1 29.06437015590268 38.452059881502066
19 1 0.0 9.313405389994386
19 1 41.37034761880386 50.26876849079554
19 1 0.0 8.06149341439459
19 1 0.0 7.766021639994051
19 1 0.0 7.452693395102756
19 1 0.0 6.888122642497365
19 1 0.0 5.781210053604809
19 1 0.0 5.617122870399271
19 1 0.0 5.164204210001344
19 1 0.0 4.268816080001898
19 1 300.0189034000009 303.83984119999815
19 1 0.0 3.571936409998443
19 1 4.8664521880050415 7.951429853604168
19 1 77.3315439000051 79.5955195532054
19 1 0.0 2.209767120001743
19 1 608.7006159000143 609.7126839599973
19 1 0.0 0.5856486500165374
19 1 0.0 0.29229941799599146
19 0 0.0 inf
# COVID_SAMPLE_17_ROI_1
20 1 0.0 12740.355030953593
20 1 0.0 8222.69541713108
20 1 0.0 7848.63172213441
20 1 0.0 4478.939881060002
20 1 0.0 3319.0577175199833
20 1 0.0 3294.9681867036034
20 1 0.0 3038.7364461815214
20 1 0.0 2988.9810959190845
20 1 0.0 2913.249500201995
20 1 0.0 2887.6353895425127
20 1 635.6235700463931 3470.9301608335936
20 1 0.0 2190.5147124619943
20 1 0.0 2184.5428970590956
20 1 99.15192647809732 2224.226449883997
20 1 0.0 1976.5271302400026
20 1 0.0 1822.4827730929069
20 1 1960.4235173244097 3736.2933582223204
20 1 0.0 1757.334452370002
20 1 0.0 1736.8183500583011
20 1 0.0 1715.404175525423
20 1 908.0764540681057 2539.3282853080964
20 1 0.0 1620.635305079998
20 1 0.0 1579.983105529991
20 1 0.0 1574.4734928667008
20 1 0.0 1468.6767982200126
20 1 0.0 1423.4617842396003
20 1 0.0 1386.7261728775038
20 1 0.0 1348.14255602999
20 1 0.0 1316.7406890165025
20 1 0.0 1308.0822180955752
20 1 0.0 1300.4006598108974
20 1 0.0 1253.4781328159993
20 1 0.0 1252.3021249699989
20 1 0.0 1213.9604020792885
20 1 130.65143372889338 1270.9964419500136
20 1 5.129595890002747 1117.0776532899815
20 1 0.0 1094.300066940903
20 1 0.0 1081.5830745492003
20 1 0.0 1046.579056385111
20 1 0.0 1036.068748681199
20 1 0.0 1032.8421805400162
20 1 0.0 1008.8754309573062
20 1 0.0 999.3745735100047
20 1 0.0 975.8360589800013
20 1 0.0 962.4467803699956
20 1 0.0 958.1492106299975
20 1 0.0 940.3768213973317
20 1 550.8582014325029 1479.2011596499951
20 1 0.0 918.6232341850987
20 1 0.0 914.6379240924894
20 1 0.0 909.5799481847021
20 1 0.0 909.4724666187929
20 1 0.0 902.1871991215189
20 1 0.0 901.6753229875146
20 1 0.0 896.6934954500093
20 1 0.0 889.651393440002
20 1 0.0 885.321055620007
20 1 0.0 878.3379807635038
20 1 0.0 877.1931255200113
20 1 0.0 876.0241322399936
20 1 0.0 873.9098423036025
20 1 0.0 872.5220659399756
20 1 0.0 867.621351379607
20 1 0.0 863.8409653254885
20 1 0.0 861.7659936978996
20 1 0.0 858.4664572079948
20 1 0.0 850.5684014256115
20 1 0.0 835.7069032499953
20 1 0.0 834.8976932088967
20 1 0.0 828.9773086579984
20 1 0.0 824.9962796037016
20 1 70.87612048002711 892.4119438299956
20 1 0.0 817.0036003713003
20 1 0.0 815.8072727359886
20 1 0.0 815.1019434851994
20 1 0.0 812.1718952307874
20 1 0.0 804.3991711883972
20 1 0.0 803.921279868799
20 1 0.0 796.9170283042954
20 1 0.0 789.3275299200013
20 1 0.0 778.9531401903837
20 1 0.0 772.8397604708036
20 1 0.0 751.7024914499946
20 1 0.0 748.6132710175164
20 1 0.0 747.5246667399942
20 1 0.0 740.6996687355987
20 1 0.0 739.7186482074851
20 1 0.0 739.4948025371014
20 1 0.0 734.9263715863988
20 1 0.0 728.6590770098996
20 1 0.0 728.0257703486955
20 1 0.0 727.9145753990995
20 1 0.0 726.2820126837009
20 1 0.0 725.1503374144072
20 1 801.1985184899854 1510.9829339595985
20 1 0.0 702.4309437199968
20 1 0.0 698.8517709191924
20 1 0.0 696.784774785998
20 1 0.0 696.6461443475976
20 1 0.0 688.2900543002024
20 1 0.0 687.2099218647109
20 1 0.0 687.1883357500128
20 1 15.932134439606216 702.933268168505
20 1 0.0 682.0270453184008
20 1 0.0 681.3221351906952
20 1 0.0 680.6438541484002
20 1 0.0 676.7935696674074
20 1 0.0 665.5548611874983
20 1 0.0 664.8386026220023
20 1 0.0 657.6493785273015
20 1 0.0 657.4653978024969
20 1 0.0 655.6788305939021
20 1 0.0 652.6412356439048
20 1 0.0 647.7006061500092
20 1 0.0 643.3061826150974
20 1 0.0 632.3048766413974
20 1 0.0 632.1501476569945
20 1 0.0 632.1164068500112
20 1 0.0 630.6698100279991
20 1 0.0 623.8834660313232
20 1 0.0 611.4116489485
20 1 0.0 609.8026147300034
20 1 0.0 609.3693613999865
20 1 0.0 598.9132524000004
20 1 0.0 595.8149826619906
20 1 0.0 590.1126677000134
20 1 0.0 587.1788694863901
20 1 0.0 585.6455568196023
20 1 0.0 583.6328340119012
20 1 145.95268223049987 728.856706321108
20 1 0.0 579.4632766799998
20 1 0.0 578.3423661760007
20 1 0.0 574.8334850497004
20 1 0.0 574.4550550000017
20 1 0.0 574.0098626124159
20 1 0.0 566.778537426598
20 1 0.0 565.4486497871992
20 1 0.0 564.8072677535977
20 1 0.0 559.0159391456091
20 1 0.0 555.731281095601
20 1 0.0 555.4355882400016
20 1 0.0 547.4900170453898
20 1 0.0 546.587456184
20 1 0.0 545.5136474110991
20 1 0.0 542.6915051339997
20 1 66.1569843135967 607.5737316255072
20 1 0.0 541.0578576827986
20 1 0.0 540.7685098236013
20 1 0.0 540.1401043800029
20 1 0.0 539.6032770612167
20 1 211.35478960002592 749.546761320003
20 1 0.0 536.5487286899956
20 1 0.0 534.8712886548853
20 1 0.0 529.9639277500012
20 1 0.0 528.2913620543961
20 1 0.0 521.1154399574932
20 1 0.0 515.7358257241078
20 1 0.0 515.3016751885011
20 1 0.0 514.3645439083152
20 1 0.0 512.6737814400158
20 1 0.0 511.49177965800345
20 1 0.0 510.6925481083374
20 1 0.0 509.21767311798476
20 1 0.0 508.71627210400226
20 1 0.0 507.00617044840146
20 1 0.0 505.20610544800206
20 1 0.0 502.3371288435019
20 1 0.0 502.08607259349674
20 1 0.0 502.02275236352034
20 1 0.0 500.41463981147945
20 1 0.0 499.0050774119991
20 1 0.0 494.7072436263984
20 1 0.0 494.2756552800106
20 1 0.0 491.99908059750214
20 1 0.0 484.10369028840887
20 1 0.0 483.49462877000815
20 1 0.0 480.47454888000743
20 1 0.0 477.3086048020041
20 1 0.0 474.9955659599957
20 1 0.0 474.3757142744968
20 1 0.0 473.3723700532323
20 1 0.0 471.011727425604
20 1 0.0 470.00344046370026
20 1 0.0 469.78985330199544
20 1 0.0 463.20466818888326
20 1 0.0 460.1585902508956
20 1 0.0 457.4918103525033
20 1 0.0 456.8603285564973
20 1 0.0 456.39652131750006
20 1 0.0 455.8693681271038
20 1 0.0 454.4138733325073
20 1 0.0 452.54105499999844
20 1 0.0 451.50366930000746
20 1 0.0 450.27846382269956
20 1 0.0 449.5833614572948
20 1 0.0 447.8398721864995
20 1 0.0 447.6810140099915
20 1 0.0 447.4447535599959
20 1 294.41384466340014 740.7105377529979
20 1 0.0 443.5791336783991
20 1 0.0 441.04480619270157
20 1 0.0 440.650360450006
20 1 0.0 439.66141785249215
20 1 0.0 435.5722800879771
20 1 0.0 431.86882901588956
20 1 0.0 429.70271550140615
20 1 0.0 428.9523202300106
20 1 0.0 428.33090950724977
20 1 0.0 427.53410441800406
20 1 0.0 425.7098293600002
20 1 0.0 421.738656250001
20 1 0.0 418.26125974001525
20 1 0.0 415.4345114690325
20 1 0.0 413.9401064671988
20 1 0.0 412.4657948127001
20 1 0.0 410.92075312183465
20 1 0.0 408.74157509589077
20 1 0.0 407.0175641124988
20 1 0.0 406.39047217350344
20 1 0.0 404.514386150011
20 1 0.0 403.8677847100023
20 1 0.0 401.38457211039895
20 1 0.0 401.0793900715066
20 1 0.0 400.1267020799978
20 1 0.0 399.2348944284041
20 1 0.0 399.2053245600082
20 1 0.0 397.6289739580084
20 1 0.0 397.57196744998964
20 1 0.0 395.42445361890714
20 1 0.0 393.3697891633067
20 1 0.0 392.16674349090545
20 1 0.0 390.6510960699982
20 1 0.0 384.8161796575898
20 1 0.0 384.7301112330124
20 1 0.0 382.5326813899919
20 1 0.0 382.0685407999988
20 1 0.0 381.10658651999734
20 1 0.0 378.82533453828273
20 1 0.0 376.5281999755075
20 1 0.0 376.3916077332076
20 1 0.0 375.0243392474914
20 1 0.0 373.61164412630126
20 1 0.0 372.2555168095205
20 1 0.0 370.82690996639394
20 1 0.0 370.20621412000924
20 1 0.0 369.0122202059904
20 1 0.0 368.0881389325014
20 1 0.0 368.05641460000516
20 1 0.0 367.3488218699956
20 1 0.0 367.23326574419787
20 1 0.0 367.1420076175036
20 1 0.0 366.6720200544016
20 1 0.0 364.8704599656992
20 1 0.0 363.12591746639464
20 1 0.0 362.4106002985046
20 1 0.0 361.16019153310117
20 1 0.0 360.767107484412
20 1 0.0 360.63906329999213
20 1 0.0 359.5864620335933
20 1 200.76372864440827 559.6365524000139
20 1 0.0 356.6224814808006
20 1 58.89487903999998 414.72094720000337
20 1 0.0 354.63807807349895
20 1 0.0 353.11996402730495
20 1 0.0 352.93273527999725
20 1 0.0 352.17614558251285
20 1 0.0 351.4054158240017
20 1 0.0 349.6580665511044
20 1 0.0 348.5878507194964
20 1 0.0 347.10712796680014
20 1 0.0 346.9426704016055
20 1 0.0 343.4877302465975
20 1 0.0 342.8046389084999
20 1 2183.1774545516882 2525.909964457209
20 1 0.0 341.7644412899967
20 1 0.0 341.42890096000156
20 1 0.0 341.38500945810074
20 1 0.0 340.44347110400395
20 1 0.0 340.3044795900063
20 1 0.0 338.3392251099983
20 1 0.0 337.08601955998165
20 1 0.0 336.6074116375057
20 1 0.0 335.9558190125015
20 1 0.0 335.17524395000237
20 1 0.0 334.90734663549256
20 1 0.0 332.3346427299982
20 1 0.0 332.2810208328922
20 1 306.1519940700082 637.8030700175011
20 1 0.0 331.5424076038912
20 1 0.0 330.9872640299998
20 1 0.0 330.12331009830086
20 1 0.0 329.03095646998986
20 1 0.0 327.1039751039023
20 1 0.0 326.59333824600026
20 1 0.0 323.87649235029926
20 1 0.0 319.5278582220009
20 1 0.0 319.45007223999266
20 1 0.0 319.16693661749537
20 1 0.0 318.41753482908916
20 1 0.0 318.3024419599973
20 1 0.0 317.1264027410998
20 1 0.0 316.19767725280474
20 1 59.10824270032799 372.61660741835794
20 1 0.0 310.5252677099909
20 1 0.0 309.88155136000114
20 1 0.0 309.4886727791995
20 1 0.0 309.4122739644015
20 1 0.0 309.30610688999764
20 1 0.0 306.0861412999957
20 1 0.0 306.0497542659998
20 1 0.0 304.57477100000074
20 1 0.0 304.3575622799938
20 1 0.0 302.9906332700074
20 1 0.0 302.76754966049316
20 1 0.0 302.23992270290125
20 1 0.0 300.2814443923975
20 1 0.0 298.64247874070315
20 1 0.0 298.42901831630087
20 1 0.0 296.4514850540977
20 1 0.0 295.1314704699936
20 1 0.0 292.87223929910624
20 1 0.0 291.46428263089956
20 1 0.0 290.74655783749733
20 1 0.0 290.25363265001556
20 1 0.0 287.5161508500031
20 1 0.0 286.62671328289866
20 1 0.0 284.9406194063981
20 1 0.0 282.80649024000513
20 1 0.0 282.39191298001026
20 1 0.0 281.7962143448008
20 1 0.0 280.3383131699966
20 1 31.345670192502666 311.25735544400413
20 1 0.0 278.99919627999816
20 1 0.0 278.61096611509515
20 1 0.0 277.00287999750094
20 1 0.0 276.8593801984043
20 1 0.0 275.6932904500095
20 1 0.0 275.056232322504
20 1 0.0 275.0458268174998
20 1 0.0 273.37804086528627
20 1 0.0 272.62285678999774
20 1 0.0 272.49049799840293
20 1 0.0 271.96737861998577
20 1 0.0 268.3942177300014
20 1 0.0 267.03054592000206
20 1 0.0 266.2501581086993
20 1 0.0 265.01449383959664
20 1 0.0 264.6300191200055
20 1 0.0 264.54448391250867
20 1 0.0 264.1612617326007
20 1 0.0 264.13084025680087
20 1 0.0 263.8194931635926
20 1 0.0 263.3015749199007
20 1 0.0 259.23285792269826
20 1 0.0 258.670059182598
20 1 0.0 258.41130743001236
20 1 0.0 256.6242404800046
20 1 0.0 256.32484308199196
20 1 0.0 256.1717829099914
20 1 86.2303855463988 341.58364909879685
20 1 0.0 253.1252414454366
20 1 0.0 252.8845266820084
20 1 0.0 252.07391066446212
20 1 0.0 249.82725742189973
20 1 0.0 249.19900755989568
20 1 0.0 249.12409096998454
20 1 0.0 248.55638538367998
20 1 0.0 248.45511356399948
20 1 0.0 248.33815676800043
20 1 0.0 245.2874298224998
20 1 0.0 243.96316382880286
20 1 0.0 243.59140816000763
20 1 0.0 241.5590074186016
20 1 0.0 241.47072080729868
20 1 0.0 240.565642204797
20 1 0.0 239.14148330219905
20 1 0.0 239.12938753001123
20 1 0.0 239.07343033120014
20 1 0.0 238.4948626399937
20 1 0.0 238.20339259589582
20 1 0.0 235.8655501172002
20 1 0.0 235.7503952299985
20 1 0.0 234.4020799288005
20 1 0.0 233.96432168121328
20 1 0.0 232.8468198899891
20 1 12.527414211198646 244.44398562270106
20 1 0.0 231.382992810122
20 1 0.0 231.380716461951
20 1 0.0 231.30731135000397
20 1 0.0 230.80875705150504
20 1 0.0 230.22380425469441
20 1 0.0 230.07398116370996
20 1 0.0 228.6387242415807
20 1 0.0 227.6058815271922
20 1 0.0 227.34046356239742
20 1 0.0 227.30323374999648
20 1 0.0 227.2478045500036
20 1 0.0 226.9744386290979
20 1 0.0 226.3306395515001
20 1 0.0 225.89116942309624
20 1 0.0 225.87060185130213
20 1 0.0 224.64720305680123
20 1 90.02066404199843 313.1996858452005
20 1 0.0 222.89458458999377
20 1 0.0 221.39055019949706
20 1 0.0 221.19449587799937
20 1 0.0 221.00833723689698
20 1 0.0 219.60922023999842
20 1 0.0 219.10362543679094
20 1 0.0 216.221678738302
20 1 0.0 216.10775710999496
20 1 0.0 214.55708637000475
20 1 0.0 213.6209797153007
20 1 81.18139101900135 294.37937185909095
20 1 0.0 213.05245847999367
20 1 0.0 209.6810326371981
20 1 0.0 209.29218376000392
20 1 0.0 209.0532629827972
20 1 0.0 207.25412559249776
20 1 0.0 206.48490715999742
20 1 0.0 206.33854969000294
20 1 0.0 206.07056862810146
20 1 0.0 205.23798848890806
20 1 0.0 204.69770039999634
20 1 0.0 204.06583886999715
20 1 0.0 203.97277343250056
20 1 0.0 203.87343133549325
20 1 0.0 203.76294254530694
20 1 20.41162420710384 223.60860632402478
20 1 104.93270916109907 305.4071366629029
20 1 0.0 200.26227462880252
20 1 0.0 199.8918167709419
20 1 0.0 198.1355331474973
20 1 0.0 197.88839698800075
20 1 0.0 195.66132791040968
20 1 0.0 194.85469295000962
20 1 0.0 194.49663206041953
20 1 0.0 192.53055182760056
20 1 0.0 192.09477194960232
20 1 0.0 189.78490346549427
20 1 0.0 188.98512916759887
20 1 0.0 188.86502117909913
20 1 0.0 187.34909926239038
20 1 63.098474762696924 249.0794151994994
20 1 0.0 184.39664976000518
20 1 0.0 182.33268438890082
20 1 285.946698546903 468.2400178479579
20 1 0.0 180.06751490999102
20 1 0.0 178.96998224999788
20 1 0.0 178.941325692394
20 1 0.0 178.67873691240038
20 1 0.0 178.64618048250122
20 1 0.0 177.62174692000326
20 1 0.0 177.53654358440417
20 1 0.0 177.13913844509705
20 1 0.0 176.22132314800092
20 1 0.0 173.21191459231
20 1 0.0 173.06914636160195
20 1 0.0 172.86063604399362
20 1 0.0 172.75846983377642
20 1 0.0 172.31622567529507
20 1 110.30994861689851 282.6036117423987
20 1 0.0 172.12343632000727
20 1 0.0 170.2718197567524
20 1 0.0 169.282887352898
20 1 0.0 168.56287933889007
20 1 15.211267227899498 183.05887637750186
20 1 0.0 167.78269572289662
20 1 0.0 167.70050729520437
20 1 0.0 167.23417142599476
20 1 0.0 166.93427099370388
20 1 0.0 166.52100288319616
20 1 0.0 166.1806185200037
20 1 0.0 163.5730599220999
20 1 0.0 163.05735653958868
20 1 0.0 162.83100803999525
20 1 0.0 162.1676393719946
20 1 0.0 160.88807172239854
20 1 0.0 160.7004882261008
20 1 0.0 158.96827082740185
20 1 0.0 158.94716200120808
20 1 0.0 158.72859855999877
20 1 0.0 158.3387192099981
20 1 0.0 157.47526665450278
20 1 0.0 156.98800897589842
20 1 0.0 156.66561788999695
20 1 166.3473802528099 322.36070214000574
20 1 0.0 155.98331012999824
20 1 0.0 155.7925546427973
20 1 0.0 154.6025813175986
20 1 72.3353795103983 226.8099970113061
20 1 0.0 154.23754793890052
20 1 0.0 151.7348306768015
20 1 0.0 151.60671282399767
20 1 0.0 151.5689899999926
20 1 0.0 151.55738275249678
20 1 0.0 151.46589729600055
20 1 0.0 151.00563971907172
20 1 0.0 150.86407653749774
20 1 0.0 150.8215380804827
20 1 0.0 150.65758232159942
20 1 0.0 149.5037136000006
20 1 24.310518572000774 173.3858927751013
20 1 0.0 148.99558249160168
20 1 0.0 147.7673845999925
20 1 0.0 147.08905136001567
20 1 0.0 145.21362355199994
20 1 0.0 145.13114541789935
20 1 0.0 143.7571223704864
20 1 0.0 143.4632542439964
20 1 0.0 142.78274778302375
20 1 0.0 142.32860560230233
20 1 0.0 141.48036741599367
20 1 0.0 140.67244052360297
20 1 0.0 139.7646433947026
20 1 0.0 139.55553793000945
20 1 0.0 138.98274424209217
20 1 0.0 138.75616385999996
20 1 0.0 138.59930359799682
20 1 0.0 137.41153597614903
20 1 0.0 134.5505498240218
20 1 0.0 134.0222577070915
20 1 0.0 133.5769696800014
20 1 0.0 132.39003265359656
20 1 0.0 131.76999896998814
20 1 0.0 131.40405103840249
20 1 0.0 130.87224805610072
20 1 0.0 130.41142022870065
20 1 0.0 130.31759864000253
20 1 0.0 129.96931659999325
20 1 0.0 128.61515310999766
20 1 0.0 128.06854331120394
20 1 0.0 127.35575796000057
20 1 0.0 127.19348748472248
20 1 0.0 127.07522488000654
20 1 684.0103097533147 810.8002265835937
20 1 0.0 126.78091183200104
20 1 0.0 126.77845474979836
20 1 0.0 126.53883000999122
20 1 0.0 126.43918615799657
20 1 0.0 126.19829915999992
20 1 0.0 126.09760355998174
20 1 0.0 126.01695663998584
20 1 169.50663147615433 295.231354316541
20 1 0.0 125.33970474999694
20 1 0.0 124.57488934649405
20 1 0.0 124.28131417199393
20 1 0.0 124.13564928999267
20 1 421.7178846300053 545.1999740799993
20 1 0.0 123.29407239240754
20 1 0.0 122.91107604000229
20 1 0.0 121.54126105249907
20 1 0.0 120.22668996629909
20 1 0.0 120.16972721960894
20 1 0.0 119.89826866359539
20 1 83.05098035040129 201.6406010235968
20 1 0.0 118.42191452159597
20 1 0.0 118.05704923999883
20 1 0.0 117.87276043999475
20 1 0.0 116.48007259649467
20 1 0.0 116.09433073760101
20 1 0.0 115.6887761854955
20 1 0.0 115.64592687279946
20 1 0.0 115.24788866999654
20 1 0.0 113.75944938090038
20 1 0.0 113.6079958640048
20 1 0.0 113.51874483999495
20 1 0.0 112.36537416000562
20 1 0.0 112.01222567399566
20 1 0.0 111.62295770361254
20 1 0.0 111.5903539194851
20 1 0.0 111.28048081479119
20 1 0.0 110.8122933600024
20 1 462.7079192686979 572.927276501699
20 1 17.267197020004147 126.87927565000007
20 1 134.94233106249726 243.7959313375039
20 1 0.0 107.99316095999961
20 1 0.0 107.32966725800077
20 1 0.0 107.26430420360009
20 1 0.0 107.08914177851273
20 1 0.0 106.24286682000343
20 1 0.0 106.1779696334961
20 1 0.0 105.2574962565
20 1 0.0 104.58440676320407
20 1 0.0 103.47790031999091
20 1 0.0 102.58559799999261
20 1 0.0 102.05664925999852
20 1 0.0 101.29074355000677
20 1 0.0 100.5895506799975
20 1 0.0 99.40702370239887
20 1 0.0 99.03508604760577
20 1 0.0 97.01533887641517
20 1 0.0 96.8452358115997
20 1 0.0 96.82691479999494
20 1 0.0 96.80016624930795
20 1 0.0 96.73359755999633
20 1 0.0 95.92775496360014
20 1 0.0 94.72801276049972
20 1 0.0 93.24772611999973
20 1 0.0 93.04952765749931
20 1 0.0 92.60016299950163
20 1 177.6811815136016 269.9898706400006
20 1 0.0 91.14246077727819
20 1 0.0 90.48438294880043
20 1 0.0 90.1424437499985
20 1 0.0 89.12548374600644
20 1 0.0 88.74420704160377
20 1 0.0 87.98380603509054
20 1 0.0 87.07558275400109
20 1 124.79616473340093 210.1064749516992
20 1 0.0 85.12210034999362
20 1 0.0 84.96388596359725
20 1 0.0 84.32984156070029
20 1 201.45324197230002 284.79316390990107
20 1 0.0 82.18459911639525
20 1 0.0 82.16584404000594
20 1 0.0 81.79690550039834
20 1 0.0 81.67777832989759
20 1 0.0 81.31615942086921
20 1 0.0 81.12699669000239
20 1 0.0 81.05459638000445
20 1 0.0 81.0450535044962
20 1 0.0 81.04045709000457
20 1 0.0 80.72810832365371
20 1 393.30606182600013 473.6327441268072
20 1 0.0 80.11378089840127
20 1 2.828084790005846 82.3743318504055
20 1 0.0 78.64006292000454
20 1 0.0 76.98478806399976
20 1 0.0 76.94185462998735
20 1 321.03366855860014 397.03431108110243
20 1 44.896936058798815 120.6256676419961
20 1 0.0 73.75622729360049
20 1 0.0 73.61314737839541
20 1 0.0 73.34242884450123
20 1 0.0 73.16802557999495
20 1 0.0 72.51516232120957
20 1 0.0 72.10106061850485
20 1 0.0 71.64029942999991
20 1 0.0 70.61692214490154
20 1 0.0 70.10296894877445
20 1 0.0 70.0364488700061
20 1 0.0 69.76117135250206
20 1 0.0 69.60390081079811
20 1 39.203267113999516 108.73655884470395
20 1 0.0 69.19618207440203
20 1 0.0 69.1409887808959
20 1 0.0 69.05045636310388
20 1 0.0 68.90658183255641
20 1 353.48374280943176 421.93375830864034
20 1 0.0 66.75027925000649
20 1 22.6638345824083 88.12124760999772
20 1 0.0 64.7521172849012
20 1 45.35951806330013 110.0501612015978
20 1 0.0 64.4776687499932
20 1 0.0 64.3312352800009
20 1 0.0 64.11391275240061
20 1 239.87347226998645 303.6872257099824
20 1 0.0 63.46852959902776
20 1 283.38648584440455 346.40264192001155
20 1 931.6173595751964 993.9900482790906
20 1 0.0 59.84551278347294
20 1 0.0 59.02073596999776
20 1 0.0 58.63579132393738
20 1 173.23678778999692 231.40785129000028
20 1 0.0 56.85009280440818
20 1 0.0 56.50082419559658
20 1 0.0 56.16722396200589
20 1 0.0 55.355183137604286
20 1 0.0 54.70852830520653
20 1 0.0 54.40804459999936
20 1 0.0 54.319006921898335
20 1 0.0 54.23908369599337
20 1 0.0 54.13500839749668
20 1 0.0 53.95441815000254
20 1 0.0 53.84313863999739
20 1 0.0 53.80912445441163
20 1 0.0 53.56587534999997
20 1 93.44379027999815 146.9915232576016
20 1 0.0 53.0004211111019
20 1 0.0 52.45013894043882
20 1 0.0 51.2325276613044
20 1 34.08800179199477 84.9114844179989
20 1 0.0 49.35718063998456
20 1 0.0 48.52545570750067
20 1 0.0 48.3116174699976
20 1 39.62699519000728 87.64123203000258
20 1 166.9925140089117 214.74422383240108
20 1 0.0 47.354104779202544
20 1 0.0 46.97909489709764
20 1 0.0 45.703451948390466
20 1 53.76652171455976 98.244483284676
20 1 0.0 44.22790833682302
20 1 0.0 44.17046871269986
20 1 0.0 44.053621161195224
20 1 0.0 43.92502302627304
20 1 0.0 43.920077207501095
20 1 0.0 43.40945240001167
20 1 0.0 43.127677090009456
20 1 42.8075304299939 85.66691857999871
20 1 0.0 42.84076291359315
20 1 0.0 42.790915188696886
20 1 0.0 42.72422715489961
20 1 190.8327908399915 233.36589995400072
20 1 0.0 42.319830970001476
20 1 0.0 42.30847223999652
20 1 0.0 42.244496370357865
20 1 0.0 42.15408027960689
20 1 0.0 41.84840097599647
20 1 0.0 41.54222237949534
20 1 164.70483573001206 205.8909792199962
20 1 0.0 40.69396439999855
20 1 0.0 40.34915769689735
20 1 0.0 39.35994768000887
20 1 0.0 39.00131963949957
20 1 0.0 38.72662568680013
20 1 185.13923694999522 223.64014778999194
20 1 0.0 37.22438841140149
20 1 0.0 36.67435672200021
20 1 0.0 36.62955354400003
20 1 0.0 36.58870377329606
20 1 0.0 36.330904504099095
20 1 0.0 35.96664004265472
20 1 154.4435998799995 190.30396195999754
20 1 0.0 35.572890350402304
20 1 38.19794494810179 73.12163559009764
20 1 0.0 34.29576729176779
20 1 0.0 32.936174385599315
20 1 0.0 32.83477837360033
20 1 0.0 31.578399311996236
20 1 0.0 31.462292465699193
20 1 0.0 30.89750448999746
20 1 0.0 30.470650599998635
20 1 0.0 30.083212739998203
20 1 0.0 29.500809614405853
20 1 0.0 29.263687654500643
20 1 0.0 29.000563199996805
20 1 143.07913369489688 171.4663658135853
20 1 0.0 28.324761358706837
20 1 0.0 28.071556440099812
20 1 946.4890191600289 973.7839883100178
20 1 0.0 26.451328228001785
20 1 0.0 26.197227592498052
20 1 0.0 25.852266034003264
20 1 46.67418640000187 72.13920408000797
20 1 0.0 23.913642504409836
20 1 389.157815260314 412.21824106591157
20 1 0.0 22.89911020000727
20 1 0.0 22.668575776012403
20 1 0.0 22.552233397197483
20 1 54.85395443737616 76.95421494280276
20 1 0.0 21.951185918013152
20 1 0.0 21.621561958625136
20 1 69.07323459999597 90.42188295000244
20 1 0.0 21.2872706799983
20 1 0.0 20.86943288199791
20 1 0.0 19.444059790000438
20 1 33.72384844200519 53.10439757750237
20 1 8.411210187059169 27.393112525190645
20 1 186.5051655599991 205.4005722600025
20 1 0.0 18.780087290300344
20 1 0.0 18.569011899299937
20 1 0.0 18.099104476100578
20 1 0.0 17.319406079502187
20 1 82.994181080011 99.18091924320834
20 1 5.447545680007011 21.360278673610765
20 1 0.0 15.556910092799342
20 1 0.0 14.630710560000352
20 1 155.04014075000202 169.51552020000054
20 1 0.0 14.288019346803594
20 1 0.0 13.937574782500405
20 1 0.0 13.408046440002863
20 1 20.971469501593106 33.63187717158695
20 1 174.58353018000116 186.7143402769011
20 1 0.0 12.011760611895966
20 1 340.4930946359955 351.9711437498952
20 1 0.0 11.015725440002655
20 1 0.0 10.70697172043333
20 1 0.0 9.712551286404732
20 1 75.02644582449886 84.68647805750345
20 1 0.0 9.31838335090356
20 1 0.0 9.023073570813722
20 1 0.0 9.019805420007742
20 1 0.0 8.379245893098641
20 1 0.0 8.20104950856421
20 1 0.0 7.827429485720074
20 1 0.0 7.626563520800573
20 1 0.0 6.323614808397053
20 1 0.0 5.078018743975065
20 1 0.0 4.420860434299911
20 1 0.0 4.3595405990917016
20 1 0.0 4.350253068800072
20 1 100.56209532989897 104.81378287321195
20 1 0.0 3.820742750007412
20 1 0.0 2.760511152800177
20 1 0.0 1.7716757872915423
20 1 0.0 1.6932747420072474
20 1 0.0 1.5704089192011566
20 1 11.549743720000379 12.407572439993828
20 1 29.516014783294736 30.203532240004307
20 1 0.0 0.6617685199904599
20 1 0.0 0.5533436360030919
20 1 0.0 0.4378714824024996
20 1 0.0 0.3992334270919855
20 1 0.0 0.08990898279762405
20 0 0.0 inf
# COVID_SAMPLE_17_ROI_2
21 1 0.0 74202.62657261442
21 1 2114.258774894391 15143.514361771468
21 1 1128.3107618044478 12877.112541390055
21 1 0.0 9082.819877995604
21 1 0.0 7879.102402597475
21 1 1528.0789932325579 7075.485117861941
21 1 0.0 3391.6709629015954
21 1 0.0 3118.6237977273368
21 1 1538.4607145181162 4288.406986243203
21 1 0.0 2453.2712253363275
21 1 0.0 2302.3675043499966
21 1 0.0 2297.565056240811
21 1 0.0 2164.1006956336128
21 1 0.0 2119.3349840555993
21 1 0.0 2112.660096735603
21 1 0.0 2010.0798787572614
21 1 0.0 1993.7097546225232
21 1 0.0 1938.8920376035744
21 1 0.0 1894.773847402872
21 1 0.0 1839.5007864884064
21 1 0.0 1783.3400020700024
21 1 0.0 1706.9976324309011
21 1 0.0 1696.1788934236838
21 1 0.0 1589.6834744539992
21 1 0.0 1558.1114239065046
21 1 0.0 1556.7872170845221
21 1 0.0 1550.9267211764045
21 1 0.0 1521.0987277917957
21 1 0.0 1512.1283868475055
21 1 0.0 1502.1691572715426
21 1 0.0 1497.1210860373985
21 1 9.613979639984564 1382.6968553164074
21 1 0.0 1332.4044985959995
21 1 0.0 1311.4972206076022
21 1 0.0 1293.4131826479886
21 1 0.0 1252.217278505599
21 1 0.0 1225.5619068744709
21 1 0.0 1225.4134016459964
21 1 0.0 1197.1704668148109
21 1 0.0 1191.298976790009
21 1 0.0 1167.688971192934
21 1 0.0 1163.1117988353976
21 1 1825.9376223337845 2952.6376567788134
21 1 0.0 1120.2805845851851
21 1 0.0 1111.4394347724806
21 1 0.0 1093.2816705147761
21 1 0.0 1077.5498544319948
21 1 0.0 1077.1535523900106
21 1 0.0 1061.2141736944022
21 1 0.0 1056.0737513700094
21 1 0.0 1046.9815042845125
21 1 47.371436086498306 1079.8282048192218
21 1 0.0 1028.6702817371984
21 1 1971.4991595939773 2999.9022164110665
21 1 0.0 1011.7965977920112
21 1 0.0 1006.1315254440972
21 1 0.0 983.5197864963984
21 1 0.0 976.3921848050977
21 1 0.0 967.5556939995943
21 1 0.0 960.1958971656015
21 1 0.0 952.8961064811388
21 1 0.0 951.6856360159993
21 1 0.0 948.3720092580079
21 1 0.0 938.4284186243474
21 1 0.0 927.3783796474947
21 1 0.0 911.1311387879668
21 1 0.0 889.3765014591042
21 1 0.0 882.6900057350831
21 1 0.0 864.9771837139938
21 1 0.0 857.2195631455008
21 1 0.0 843.0273746865039
21 1 0.0 837.0231609537695
21 1 217.27926162815766 1052.2387973092036
21 1 0.0 827.8288104900153
21 1 100.18276021800284 926.9098251200021
21 1 0.0 819.8232376356086
21 1 0.0 816.8301246080086
21 1 0.0 803.8543879650997
21 1 0.0 796.0996646174895
21 1 0.0 793.1427166559733
21 1 0.0 786.7402642119014
21 1 0.0 771.7389057432902
21 1 0.0 771.1649171903914
21 1 0.0 770.359010363597
21 1 0.0 769.3360897088023
21 1 0.0 766.7078743299019
21 1 0.0 760.16797983999
21 1 0.0 753.0480945400172
21 1 0.0 746.6766562420821
21 1 0.0 742.6516176075961
21 1 0.0 736.3815412505132
21 1 0.0 732.6327687768003
21 1 0.0 731.4869460950906
21 1 0.0 728.5788246524859
21 1 0.0 727.3370958425025
21 1 0.0 724.7633732400191
21 1 2251.035836746022 2964.3629581540463
21 1 0.0 696.82264312131
21 1 0.0 695.1743047048813
21 1 0.0 691.0891045740525
21 1 0.0 679.9881047513588
21 1 28.88908840249246 708.7899023423906
21 1 0.0 675.047139490001
21 1 0.0 663.931524317115
21 1 0.0 652.6299131619999
21 1 0.0 651.6456700143926
21 1 0.0 639.8152211063989
21 1 0.0 636.1999779325054
21 1 0.0 632.126631719997
21 1 0.0 629.7271224299998
21 1 0.0 626.7621416120919
21 1 0.0 623.0191744864984
21 1 0.0 615.2198792311106
21 1 0.0 613.4946484131024
21 1 0.0 606.4361591519723
21 1 0.0 594.864968291203
21 1 0.0 592.374134709202
21 1 0.0 591.7504653300907
21 1 0.0 581.9790909296009
21 1 0.0 580.0573188496701
21 1 0.0 579.7021795346955
21 1 0.0 563.861856794405
21 1 0.0 562.0916162839951
21 1 0.0 558.0077962015955
21 1 0.0 551.5119723045009
21 1 0.0 547.1873831104663
21 1 0.0 546.3451222315066
21 1 0.0 543.889692174606
21 1 0.0 543.8832350000014
21 1 0.0 539.2100969099988
21 1 0.0 539.1596987599869
21 1 0.0 538.0477238615958
21 1 0.0 537.6147944700169
21 1 0.0 533.4030090146978
21 1 0.0 530.2218137580016
21 1 0.0 522.211735553989
21 1 0.0 521.0497352169064
21 1 0.0 519.5137413794987
21 1 0.0 517.3147434792049
21 1 0.0 506.8915067608127
21 1 0.0 503.3753269901995
21 1 0.0 496.0152683607004
21 1 0.0 495.7676869912889
21 1 0.0 494.9288755807961
21 1 0.0 494.58559225768795
21 1 0.0 490.28633649000176
21 1 0.0 488.48391759999686
21 1 0.0 484.8354630990932
21 1 0.0 484.6078627049865
21 1 0.0 482.8736902322023
21 1 0.0 478.2605370921183
21 1 0.0 478.1760527812105
21 1 0.0 470.8107956784029
21 1 0.0 464.68794079119925
21 1 0.0 462.5600632514502
21 1 0.0 460.2852318481014
21 1 0.0 457.6005603199933
21 1 0.0 454.5680697824955
21 1 0.0 453.83607520720034
21 1 0.0 450.472757955195
21 1 0.0 448.2143064399962
21 1 1542.6463895796264 1988.231744669993
21 1 0.0 441.9553277100199
21 1 0.0 431.8121619700066
21 1 14.014043628002469 445.2277005570959
21 1 0.0 430.62497638989856
21 1 0.0 425.8510434080217
21 1 96.85409623349915 518.1228867268114
21 1 0.0 420.7571726078945
21 1 0.0 410.759215863098
21 1 0.0 409.8813131468971
21 1 0.0 409.2965946945001
21 1 0.0 408.4567364465481
21 1 0.0 406.96936495800196
21 1 0.0 406.788743077458
21 1 0.0 406.7668298475062
21 1 0.0 406.6673394464066
21 1 0.0 403.9342560719065
21 1 0.0 402.2342693092994
21 1 0.0 401.4812951647996
21 1 0.0 399.05249729402885
21 1 0.2643895630953921 396.4492959883962
21 1 0.0 394.2532194580099
21 1 0.0 394.06465666438476
21 1 0.0 392.81902704000095
21 1 0.0 386.7669895031943
21 1 0.0 384.7302223444972
21 1 0.0 383.88167072999306
21 1 0.0 382.8520681755027
21 1 0.0 381.58724198249865
21 1 0.0 379.90882896999096
21 1 94.34118837759831 472.17967080750276
21 1 0.0 376.258600500003
21 1 0.0 375.37649193109655
21 1 0.0 374.7062440650989
21 1 0.0 367.8820890374943
21 1 0.0 367.8432308494896
21 1 0.0 366.63309613708
21 1 0.0 366.5605101515153
21 1 0.0 366.07859107023523
21 1 0.0 364.0800003554891
21 1 0.0 363.71804183250833
21 1 0.0 363.52290373910046
21 1 0.0 360.9901235194985
21 1 0.0 355.6837751928015
21 1 0.0 355.50051658996335
21 1 0.0 354.01044140999034
21 1 0.0 353.41007215050604
21 1 0.0 353.25937372720546
21 1 0.0 351.7273954844974
21 1 0.0 351.5928524281419
21 1 100.32406234559403 448.34011369109953
21 1 0.0 345.8443817890982
21 1 0.0 345.36392704239984
21 1 0.0 344.0970255973439
21 1 0.0 342.4940500490916
21 1 0.0 342.1764137125656
21 1 0.0 340.09102495790944
21 1 0.0 339.4571492748007
21 1 21.329979038908277 360.25546312001234
21 1 31.77131591609941 370.65597579599506
21 1 0.0 336.94398727690077
21 1 0.0 336.93247086403267
21 1 0.0 335.7726428633647
21 1 0.0 334.2786744999994
21 1 0.0 333.73911071999737
21 1 0.0 331.87859899889577
21 1 0.0 330.6405082800029
21 1 0.0 330.54847763309317
21 1 0.0 329.6094633964906
21 1 1448.3235904899939 1777.635821237993
21 1 0.0 326.26968482252914
21 1 0.0 324.780922270398
21 1 0.0 322.046694434899
21 1 146.7736443495969 467.9890848935929
21 1 0.0 318.39174506249583
21 1 0.0 318.35685536000636
21 1 0.0 317.273086691501
21 1 0.0 317.2233946944016
21 1 0.0 313.0731661780932
21 1 13.129163422297097 324.01735348029865
21 1 0.0 310.60030075559894
21 1 0.0 310.3052623115948
21 1 0.0 308.7205523381416
21 1 0.0 307.07825838000053
21 1 0.0 305.6300516000133
21 1 0.0 304.00094997040094
21 1 0.0 303.18025981750856
21 1 0.0 302.9771173791037
21 1 0.0 297.78540684800146
21 1 0.0 297.20433768130533
21 1 145.98541016730155 443.0350796981006
21 1 0.0 295.17498130969614
21 1 50.12947616702695 342.6440464703019
21 1 0.0 292.4241325252033
21 1 0.0 290.61778393530034
21 1 0.0 290.02691665120074
21 1 28.190350766393294 317.5004626635232
21 1 0.0 287.325713543999
21 1 0.0 285.4110083375083
21 1 0.0 282.7448543439923
21 1 0.0 282.37293266572806
21 1 121.04537533109487 401.4600432911029
21 1 0.0 279.80504809921354
21 1 0.0 277.3299871483997
21 1 0.0 274.9160929876052
21 1 0.0 274.78541408389424
21 1 0.0 274.25734972319674
21 1 0.0 273.99201498209436
21 1 0.0 271.56799171239027
21 1 0.0 271.0530457725283
21 1 0.0 271.0111084179807
21 1 0.0 270.90454797610255
21 1 0.0 270.31477255250593
21 1 0.0 269.9461544800065
21 1 0.0 267.68224883840367
21 1 0.0 266.91651794750715
21 1 0.0 262.0452140509018
21 1 0.0 260.64263232840176
21 1 0.0 259.9242465368952
21 1 0.0 258.8705911099096
21 1 0.0 257.866000799994
21 1 0.0 255.6638493974733
21 1 206.36696635488806 460.8779593299978
21 1 0.0 254.47779712889889
21 1 0.0 254.39201146850513
21 1 0.0 254.23821068802545
21 1 0.0 253.74705198699849
21 1 0.0 253.55634116119654
21 1 0.0 252.92926452408847
21 1 0.0 252.6619171462189
21 1 0.0 252.6328038291972
21 1 282.8897925860041 531.1805611155048
21 1 76.9442942077012 325.06054228319886
21 1 0.0 248.0810989739989
21 1 0.0 247.91490020799944
21 1 0.0 247.0723607535058
21 1 0.0 246.85617681800386
21 1 221.4189545895938 467.5792115461017
21 1 0.0 245.5911846246904
21 1 0.0 244.43379448730593
21 1 53.09116012959521 297.34451772999626
21 1 0.0 243.33720512801233
21 1 0.0 242.36232231999156
21 1 0.0 241.30517742759776
21 1 0.0 240.83666119950314
21 1 0.0 239.04007887750322
21 1 0.0 238.31037279270095
21 1 0.0 237.5637702092131
21 1 0.0 236.23911165799677
21 1 0.0 236.20784696871556
21 1 0.0 233.63086303849536
21 1 0.0 232.23623298250448
21 1 0.0 231.40996699000152
21 1 0.0 231.31080302760563
21 1 0.0 230.6038269000021
21 1 0.0 228.8206683103739
21 1 55.837884452005255 283.98137439630204
21 1 0.0 226.4148265599954
21 1 0.0 223.23076172999868
21 1 0.0 221.35118239280018
21 1 0.0 220.5871633547975
21 1 0.0 220.28730644999678
21 1 0.0 220.00641607879993
21 1 0.0 219.13027733401168
21 1 0.0 218.45383457910452
21 1 0.0 217.63453283559818
21 1 0.0 216.97247989089556
21 1 0.0 216.57928135919963
21 1 0.0 216.22278422240413
21 1 0.0 216.1187578875016
21 1 0.0 212.57708015461958
21 1 0.0 211.7271603640038
21 1 0.0 209.26193287601347
21 1 0.0 206.59386816159935
21 1 0.0 206.52156897609427
21 1 0.0 205.85317741069775
21 1 0.0 202.65184236249218
21 1 0.0 201.05795912249255
21 1 0.0 200.645015545197
21 1 0.0 200.07286352001097
21 1 0.0 198.13301992999584
21 1 46.172519668796326 242.26827147650408
21 1 471.2206436000048 666.6306227600007
21 1 0.0 194.62764287182904
21 1 0.0 193.9765916858987
21 1 0.0 193.28509085759993
21 1 0.0 193.21919170201727
21 1 242.32428292399118 434.84712951349366
21 1 52.75805786189221 243.33176092489919
21 1 0.0 190.28749527798914
21 1 0.0 189.3352470727978
21 1 0.0 188.77686575999655
21 1 0.0 188.5565693264898
21 1 0.0 186.28895201250134
21 1 0.0 185.88846564999858
21 1 0.0 185.855331726001
21 1 0.0 184.88095278160063
21 1 0.0 183.61559162340185
21 1 0.0 180.9679955536077
21 1 0.0 178.16986276000102
21 1 0.0 177.475242195605
21 1 0.0 177.36021950789308
21 1 0.0 177.06108966000113
21 1 0.0 176.40500550199988
21 1 132.17056091359245 308.4238738499794
21 1 0.0 175.15055518600002
21 1 0.0 175.14274528959834
21 1 0.0 174.62719485001503
21 1 0.0 174.51648370240014
21 1 0.0 173.4512358225004
21 1 0.0 173.44143170000757
21 1 0.0 172.76276306290123
21 1 0.0 172.22228017399516
21 1 4.711426916401024 176.0190502251005
21 1 0.0 170.06096906841367
21 1 0.0 169.13973100920316
21 1 0.0 164.20216418999553
21 1 0.0 164.16272753512067
21 1 65.42585188749649 229.20319692999863
21 1 58.89690506490024 221.95474075490233
21 1 0.0 162.44045681632565
21 1 0.0 159.85542165050128
21 1 0.0 158.99823103000563
21 1 0.0 158.35607779480029
21 1 0.0 156.47568942118687
21 1 0.0 154.97565914749714
21 1 0.0 153.4483030941019
21 1 0.0 151.87824996750555
21 1 0.0 151.25761221659928
21 1 0.0 150.71159697599126
21 1 0.0 150.7091713004786
21 1 0.0 150.3510256936009
21 1 0.0 150.24070549110172
21 1 99.88902334999875 248.74796001249717
21 1 0.0 147.7237109596922
21 1 0.0 142.98789411360136
21 1 0.0 142.55462927959684
21 1 0.0 141.62130277390224
21 1 0.0 141.37922433000108
21 1 0.0 139.61109856800022
21 1 0.0 139.0025485899962
21 1 0.0 138.61976724550198
21 1 0.0 136.82934146680032
21 1 0.0 133.02626170559893
21 1 0.0 129.4363704774005
21 1 0.0 129.0992541869084
21 1 0.0 128.73032503239733
21 1 0.0 128.2400667645029
21 1 0.0 127.64407304999713
21 1 0.0 127.5649092778998
21 1 9.802536184577207 135.8489302397608
21 1 0.0 124.91331750779602
21 1 0.0 124.78051747770104
21 1 0.0 124.67357448799999
21 1 0.0 123.93097321000062
21 1 0.0 122.58916750399965
21 1 0.0 122.53619797438887
21 1 0.0 120.47600628000134
21 1 0.0 119.59255471678898
21 1 0.0 117.11426175839188
21 1 0.0 114.80842388537826
21 1 0.0 113.91516533599747
21 1 0.0 112.70802354399939
21 1 0.0 112.41067597399962
21 1 0.0 112.26069606249575
21 1 0.0 111.454749281109
21 1 0.0 110.72403750310036
21 1 274.13498098999673 384.64457439359967
21 1 248.8760386954932 358.7636055880032
21 1 0.0 108.4790104564018
21 1 0.0 108.11509643159923
21 1 0.0 108.10609011750353
21 1 0.0 106.57802200000634
21 1 0.0 105.95112859998846
21 1 52.21673420640491 158.12874230240595
21 1 0.0 104.78206047559915
21 1 0.0 103.38679474319986
21 1 0.0 102.50338782780113
21 1 0.0 102.18592597800205
21 1 0.0 100.98735254295048
21 1 7.126880650779526 106.00441482078304
21 1 0.0 95.74907395910077
21 1 0.0 95.30094077200303
21 1 0.0 94.20018841510284
21 1 0.0 93.79721193249839
21 1 0.0 90.69161794650427
21 1 0.0 88.5074179496986
21 1 0.0 86.73724104209236
21 1 0.0 84.16844754799982
21 1 110.15194362040313 194.2304546468015
21 1 0.0 82.93148920099952
21 1 0.0 82.45823091248974
21 1 0.0 79.98480416251311
21 1 0.0 79.14089280039832
21 1 0.0 78.28958461440044
21 1 0.0 77.94001178550047
21 1 0.0 77.8465755728987
21 1 0.0 77.61931150999561
21 1 0.0 77.11370695199827
21 1 0.0 76.72594002760076
21 1 43.12398622001638 118.36713780937839
21 1 0.0 74.72916696290417
21 1 106.25480753229641 180.2647264848938
21 1 0.0 73.95457229000488
21 1 0.0 73.40496907000005
21 1 8.62007333549981 80.81499143250039
21 1 0.0 69.88415353920402
21 1 0.0 69.58786256400037
21 1 0.0 69.4982390324999
21 1 65.17049784279993 134.0049834136015
21 1 0.0 68.60220400640168
21 1 0.0 68.48286944559959
21 1 0.0 68.31486964137194
21 1 289.6930674445107 357.9807025316063
21 1 0.0 68.27407674839878
21 1 0.0 68.05152003549819
21 1 0.0 65.48008768559771
21 1 0.0 65.06772794290589
21 1 0.0 64.24538655800137
21 1 0.0 64.24123692800754
21 1 0.0 63.87473609959375
21 1 0.0 62.894999690475515
21 1 0.0 61.742591329099696
21 1 359.9590714786966 417.8974175246942
21 1 0.0 55.994652832493784
21 1 0.0 55.53131081688031
21 1 0.0 55.06180035870216
21 1 0.0 53.9803200999994
21 1 0.0 53.19237054040161
21 1 0.0 52.90345229130196
21 1 0.0 52.782939152973995
21 1 0.0 50.159100274004686
21 1 0.0 50.15008672720103
21 1 201.3500743099981 251.44186808910126
21 1 89.38002939999592 138.0889198199987
21 1 0.0 47.849931772291484
21 1 0.0 47.768961520007
21 1 55.1674170995102 101.374780545725
21 1 0.0 46.10522348149402
21 1 0.0 45.96576769999899
21 1 0.0 45.069730565208374
21 1 0.0 43.09450498750209
21 1 0.0 42.19112232406064
21 1 0.0 41.348171703267326
21 1 176.42927214346764 217.48278955080468
21 1 0.0 40.689567642505835
21 1 0.0 40.329412261898824
21 1 0.0 39.35481419830103
21 1 0.0 39.26041310040108
21 1 0.0 38.17634378799994
21 1 0.0 37.76208305600176
21 1 27.746528184782846 65.06902680653707
21 1 0.0 36.519535657696
21 1 98.93587407030464 134.77375977389363
21 1 126.9721239947836 162.7607683134854
21 1 0.0 35.52173602689777
21 1 194.9665364508012 229.64357884080562
21 1 81.58611663801253 116.05964340999822
21 1 0.0 34.41639184360076
21 1 0.0 34.340905097952145
21 1 4.717688534500894 38.872270579299084
21 1 0.0 33.75086689750452
21 1 0.0 32.17820178559987
21 1 0.0 31.902249560001337
21 1 59.89694000460179 90.615854704502
21 1 0.0 29.6080814666974
21 1 0.0 29.30866253159877
21 1 0.0 29.143590690002043
21 1 0.0 29.020622063615974
21 1 0.0 28.828612660760427
21 1 0.0 28.671610845113264
21 1 97.79440951440057 126.34242448999396
21 1 0.0 28.4690923348127
21 1 0.0 28.467551164903398
21 1 0.0 27.023085820902907
21 1 0.0 26.750269515263767
21 1 0.0 26.51354739024316
21 1 0.0 25.87627111450331
21 1 110.35237605790292 135.7179020271982
21 1 151.11822743319885 175.99255807249608
21 1 0.0 24.5250384472032
21 1 0.0 23.693034727197073
21 1 78.99284430249622 102.48410930749606
21 1 0.0 21.552617647101272
21 1 0.0 20.35138312850063
21 1 0.0 17.962307230005536
21 1 1.1623381306990126 18.162151319595296
21 1 0.0 16.592263452397447
21 1 175.71488145309831 191.61115666638966
21 1 0.0 15.295544591899557
21 1 416.21726962909884 431.1159700480002
21 1 0.0 14.84591248239667
21 1 261.4777405676047 275.09429339000985
21 1 0.0 13.264718929988248
21 1 197.5380038339008 209.36136836000742
21 1 0.0 11.141339409591751
21 1 0.0 10.928495977275361
21 1 0.0 10.128640971600703
21 1 0.0 10.044523844895139
21 1 0.0 8.759160647600424
21 1 0.0 7.849554760000956
21 1 0.0 7.6570541268022225
21 1 0.0 5.9070069755957775
21 1 0.0 4.9450342488991765
21 1 0.0 3.6626260581060706
21 1 0.0 3.0770347743988395
21 1 0.0 2.6727062699990825
21 1 0.0 1.934301930504489
21 1 0.0 0.5848643582992281
21 0 0.0 inf
# COVID_SAMPLE_17_ROI_3
22 1 0.0 45342.03017131394
22 1 0.0 7066.153470039992
22 1 468.3041551500037 6293.2032087359785
22 1 0.0 5028.840464967201
22 1 0.0 3332.2142769639163
22 1 0.0 3186.0686036975644
22 1 0.0 2853.99199099796
22 1 0.0 2744.5870571052037
22 1 0.0 2528.5887009322432
22 1 0.0 2261.002893309089
22 1 0.0 2185.4639933048975
22 1 0.0 2141.0682396491798
22 1 0.0 1961.2462421904006
22 1 0.0 1796.6491692805012
22 1 0.0 1727.4812794347035
22 1 0.0 1695.9137657171977
22 1 2891.6412710387112 4569.526670712484
22 1 303.0936108853075 1854.4775408900082
22 1 0.0 1527.1909910619897
22 1 0.0 1420.276297376703
22 1 581.8727531762861 1979.9917936879638
22 1 0.0 1397.3443119819149
22 1 0.0 1323.2413255166884
22 1 0.0 1275.7682011409038
22 1 0.0 1241.366662184097
22 1 0.0 1205.889241850893
22 1 233.50750609759598 1429.7628017456282
22 1 0.0 1191.4196062162246
22 1 2513.579371300005 3704.5522428967106
22 1 0.0 1098.3685526659035
22 1 0.0 1024.1148680612996
22 1 0.0 1023.9522828134902
22 1 0.0 990.1826698907064
22 1 0.0 955.8973024023921
22 1 0.0 933.1705109644965
22 1 0.0 922.806529492884
22 1 0.0 866.3389309587994
22 1 0.0 852.5632780134781
22 1 0.0 849.807546029972
22 1 0.0 843.9788386407004
22 1 0.0 842.656228394455
22 1 0.0 821.475970850799
22 1 0.0 820.1986923501013
22 1 44.132948171608405 860.5860644611824
22 1 0.0 816.0504299200061
22 1 0.0 812.5677373120059
22 1 0.0 808.3860607967154
22 1 0.0 790.4408078417009
22 1 0.0 780.8589281199966
22 1 0.0 735.0805601674952
22 1 0.0 734.3303095440006
22 1 0.0 709.9234842531027
22 1 0.0 708.1557232667355
22 1 0.0 706.3656216183986
22 1 0.0 687.4663432145044
22 1 0.0 665.7869093348986
22 1 0.0 634.6751163900199
22 1 0.0 608.4543677364078
22 1 0.0 602.3064317625099
22 1 0.0 592.5078555679968
22 1 0.0 578.3154525427994
22 1 0.0 574.0187098170015
22 1 0.0 570.4103472582999
22 1 0.0 568.4421178275877
22 1 0.0 568.0122988432008
22 1 0.0 567.3235190614564
22 1 0.0 566.309222526
22 1 0.0 558.741102102319
22 1 484.47016532583984 1037.037404969457
22 1 0.0 550.0592153568084
22 1 0.0 528.5638340403871
22 1 0.0 527.3580801369753
22 1 0.0 522.1326860501993
22 1 0.0 517.8454855519881
22 1 0.0 512.9374707633984
22 1 0.0 512.4096116146854
22 1 0.0 502.0277402787942
22 1 0.0 501.4003052179788
22 1 0.0 495.41110703465984
22 1 0.0 489.56645185000025
22 1 0.0 489.35488366759114
22 1 0.0 488.7902096156388
22 1 0.0 487.66380201388483
22 1 0.0 483.38589809960365
22 1 0.0 481.07794001680486
22 1 0.0 476.6043455647123
22 1 0.0 470.9009218980069
22 1 0.0 469.9264264102999
22 1 2124.2318717228927 2591.8078867748995
22 1 0.0 464.6801621187933
22 1 0.0 462.2554726299975
22 1 0.0 449.6030572275041
22 1 0.0 442.922522772858
22 1 0.0 438.51292056210195
22 1 0.0 436.91250355999523
22 1 0.0 435.36818646249964
22 1 46.631327219998184 479.09864726360036
22 1 0.0 430.04235366520004
22 1 0.0 428.48509977649746
22 1 0.0 426.9230865200159
22 1 0.0 425.9321240567024
22 1 0.0 425.5508294011993
22 1 0.0 424.97104413781733
22 1 0.0 423.04675790399574
22 1 2.6620270464054556 422.82828872000266
22 1 0.0 418.5843357291021
22 1 0.0 417.8619907638857
22 1 0.0 410.52306638719443
22 1 0.0 407.6506388768055
22 1 0.0 404.8873070449017
22 1 841.7290452452171 1243.4174141552194
22 1 0.0 401.6852905120995
22 1 4.169343275998813 402.08288470800494
22 1 0.0 390.51121228690545
22 1 0.0 389.2584360924084
22 1 0.0 388.3969268919052
22 1 0.0 387.31431253240197
22 1 0.0 385.76412940679757
22 1 0.0 385.5118039248953
22 1 0.0 384.5173442320993
22 1 0.0 379.9813308244013
22 1 0.0 379.97226087047557
22 1 0.0 379.69976313479924
22 1 0.0 376.34684115284153
22 1 0.0 368.8935346062991
22 1 0.0 366.53946662520025
22 1 0.0 365.73638150440286
22 1 0.0 365.1794158074879
22 1 0.0 363.21563406359655
22 1 66.81301979839486 428.03064100410484
22 1 0.0 359.2629873235992
22 1 0.0 357.45738681109924
22 1 0.0 350.3186654376003
22 1 0.0 350.0483712432972
22 1 0.0 347.72661679350927
22 1 0.0 335.9543403875
22 1 0.0 335.1519257555906
22 1 0.0 332.58704796247207
22 1 0.0 331.7206413203992
22 1 0.0 328.65980019739993
22 1 0.0 328.1922647319001
22 1 0.0 326.5932260972007
22 1 0.0 326.327117633748
22 1 0.0 324.37388315130204
22 1 0.0 323.19062845344797
22 1 0.0 318.2864240041008
22 1 0.0 314.1991799359989
22 1 0.0 313.35875466880054
22 1 50.17681645470043 361.37585373109835
22 1 0.0 309.3372666848956
22 1 0.0 308.4879821865606
22 1 429.99557449680833 737.8303876010341
22 1 960.4473674232709 1264.8223698899028
22 1 0.0 303.4270461715996
22 1 0.0 302.03765194559446
22 1 0.0 298.0685645252979
22 1 0.0 297.59962154746245
22 1 0.0 295.92605726800224
22 1 0.0 294.2975834552037
22 1 0.0 293.2528993744994
22 1 113.33280927728674 404.8571513655961
22 1 0.0 290.47266107584926
22 1 0.0 288.06520049910523
22 1 0.0 287.0012130599589
22 1 0.0 286.0960773291995
22 1 0.0 284.28717719379756
22 1 0.0 283.6582597382892
22 1 0.0 283.5061035927961
22 1 0.0 278.5839812932038
22 1 32.88234320859624 311.11782120609496
22 1 0.0 277.19596067201337
22 1 0.0 271.3883095081035
22 1 0.0 271.3736989975072
22 1 0.0 269.85158452411724
22 1 0.0 268.3072064480025
22 1 0.0 265.21278325039634
22 1 0.0 264.32866084559737
22 1 0.0 263.3862854351023
22 1 0.0 263.23857545999886
22 1 0.0 261.42243980113426
22 1 0.0 261.2365578174872
22 1 0.0 260.89277191999906
22 1 0.0 248.19626988000164
22 1 0.0 245.83634756319805
22 1 0.0 244.6585252135984
22 1 0.0 244.24076420000347
22 1 0.0 242.93395785990242
22 1 0.0 238.58216104475173
22 1 0.0 237.79295120928833
22 1 0.0 236.34897234398431
22 1 0.0 235.8871951992994
22 1 0.0 234.9832052720044
22 1 0.0 234.38194176841023
22 1 0.0 234.14021923749942
22 1 0.0 231.76772287289805
22 1 4.825933121095645 235.98264108311196
22 1 138.3318522873751 363.79425472737285
22 1 0.0 224.62843111000524
22 1 0.0 223.02774226960196
22 1 0.0 222.8214613946941
22 1 0.0 220.43245921416724
22 1 0.0 220.27787566999632
22 1 0.0 218.82759085949783
22 1 0.0 217.6391265247919
22 1 0.0 215.0315154948991
22 1 0.0 213.5189293085018
22 1 0.0 204.49113269158602
22 1 0.0 202.5875668015068
22 1 6.207577480504028 208.29782999199506
22 1 0.0 201.2172035979993
22 1 0.0 201.1769659731849
22 1 0.0 200.1802609679987
22 1 0.0 197.6637627203986
22 1 0.0 194.5548974941878
22 1 0.0 193.62527467399832
22 1 0.0 192.67247925519405
22 1 0.0 192.57384099999945
22 1 0.0 192.4974515334992
22 1 130.57509790050335 320.8461706060982
22 1 0.0 189.25490080510212
22 1 185.39378329200918 373.7809317480079
22 1 82.5895111243992 270.2478360660002
22 1 0.0 185.46323643650408
22 1 0.0 184.26628274309667
22 1 0.0 183.6963109887978
22 1 81.88267130316058 264.9901179028333
22 1 0.0 182.70766744090167
22 1 0.0 182.18133721873104
22 1 0.0 180.35403872040095
22 1 0.0 179.54469327719835
22 1 0.0 177.9100653580099
22 1 49.73339754358858 227.28420706689622
22 1 0.0 176.53674727969678
22 1 0.0 174.34120711450737
22 1 0.0 173.2534833716015
22 1 168.9203051499926 341.2186682675924
22 1 0.0 169.10843240440158
22 1 0.0 167.40338600190216
22 1 1008.1010255238971 1173.8068814303929
22 1 0.0 164.48350485960577
22 1 67.14140665529703 231.48113100929686
22 1 0.0 162.23255034451768
22 1 131.04425772518812 291.3306134385042
22 1 71.48548199000027 231.5854390065133
22 1 0.0 158.55400948599947
22 1 0.0 156.49918688600047
22 1 0.0 156.47849182759927
22 1 0.0 155.61526407200643
22 1 0.0 155.34918818310143
22 1 0.0 155.2867095569784
22 1 0.0 151.15536477000535
22 1 0.0 150.71458201640576
22 1 0.0 150.57310395000536
22 1 0.0 149.77250550720055
22 1 0.0 147.10742330609827
22 1 0.0 146.12083200640905
22 1 0.0 144.62764433769826
22 1 0.0 144.22552496670505
22 1 0.0 139.95328482710272
22 1 16.061906803799957 155.95120569240026
22 1 0.0 138.63876263147677
22 1 0.0 137.76465082000368
22 1 0.0 136.08250345220404
22 1 0.0 132.99856004308344
22 1 9.289407018008603 142.23765947999397
22 1 0.0 127.3893258776983
22 1 0.0 125.65933485030024
22 1 499.33090415549964 622.5483193868993
22 1 0.0 123.15377258610187
22 1 0.0 122.93265804440011
22 1 15.444667066681177 134.86679839110343
22 1 0.0 119.190744503502
22 1 0.0 117.6338336843005
22 1 0.0 117.07593629560233
22 1 0.0 114.5981118410997
22 1 0.0 113.13068491350134
22 1 0.0 112.85717230719581
22 1 85.06537790001516 197.2164166980067
22 1 0.0 111.77681687919676
22 1 0.0 111.6224858379951
22 1 0.0 110.30259683159125
22 1 0.0 109.75527939999961
22 1 0.0 109.63493252919983
22 1 0.0 108.39902724558328
22 1 0.0 107.08665903710016
22 1 0.0 106.93626249470265
22 1 0.0 105.43750167749442
22 1 0.0 104.71920998750693
22 1 0.0 104.09394101729617
22 1 0.0 102.38111439860108
22 1 0.0 99.13936271717125
22 1 0.0 99.02172227489825
22 1 0.0 98.88171311159886
22 1 0.0 98.7610070819029
22 1 0.0 92.45226470599823
22 1 0.0 92.37854134049667
22 1 106.71838516048979 198.2066716334914
22 1 127.0732282506641 214.80170861136185
22 1 0.0 87.53207639401012
22 1 0.0 86.98180758130889
22 1 0.0 86.45324491080149
22 1 0.0 83.2296414068901
22 1 0.0 81.88306629209774
22 1 0.0 81.64702899999384
22 1 196.29444815650243 277.0992725948968
22 1 0.0 78.96661692800205
22 1 25.8322224731628 104.77740042508299
22 1 0.0 78.72392513999614
22 1 0.0 77.93184047999853
22 1 0.0 76.43372480999682
22 1 0.0 75.29770054239665
22 1 0.0 74.20055555750366
22 1 0.0 73.8804200672979
22 1 0.0 73.37814345080085
22 1 47.11578628379988 120.12364875479932
22 1 0.0 72.69812152550139
22 1 37.40360700526355 109.4945883275957
22 1 0.0 71.34522690000159
22 1 5.04899682360201 75.24309713350272
22 1 0.0 70.02195926680906
22 1 0.0 69.49586782629854
22 1 0.0 69.4116254625007
22 1 125.08253607749987 194.0338527796025
22 1 0.0 68.35335286262568
22 1 0.0 65.20161404250166
22 1 0.0 62.770245477990215
22 1 0.0 60.760384396470045
22 1 0.0 60.60980756447566
22 1 0.0 59.43670934590159
22 1 0.0 59.18056461570393
22 1 0.0 57.91137652450071
22 1 0.0 56.048666330084416
22 1 17.935265769997613 73.52205406130179
22 1 0.0 55.22199193839788
22 1 0.0 53.37780383599505
22 1 193.31490588808992 244.9782672352162
22 1 0.0 51.64759098019954
22 1 0.0 51.42005981289776
22 1 0.0 51.11877271750268
22 1 71.9367718451997 122.00125309470023
22 1 0.0 48.9623947410937
22 1 0.0 46.68836810707592
22 1 54.70213809529855 101.25596028007908
22 1 0.0 46.356494847299615
22 1 210.36952387669862 256.55131317640996
22 1 126.68031692279692 167.9631863798959
22 1 0.0 40.34029358640464
22 1 0.0 39.762562336410724
22 1 0.0 38.29636765451596
22 1 88.89410680197648 126.86021376441249
22 1 0.0 37.28628585290119
22 1 0.0 36.409380982697144
22 1 0.0 35.30988456639665
22 1 0.0 33.67296579440335
22 1 0.0 31.48561782749846
22 1 0.0 29.270180827727074
22 1 0.0 29.263959110393557
22 1 0.0 27.99358514089792
22 1 0.0 26.398306624698535
22 1 0.0 26.333757750002576
22 1 3399.810347483982 3425.0623765331825
22 1 0.0 24.715810616396425
22 1 0.0 21.48303757649842
22 1 0.0 20.659052863988677
22 1 45.90898327939976 65.66593826720015
22 1 28.993040108758123 47.33979800272709
22 1 0.0 16.165229644700702
22 1 0.0 15.920973192102565
22 1 0.0 15.322982992799098
22 1 0.0 15.051483901607526
22 1 0.0 14.950867925766033
22 1 0.0 14.82105913793481
22 1 0.0 13.942515399299396
22 1 0.0 13.022625429299751
22 1 0.0 12.794361752002999
22 1 0.0 11.774742124801946
22 1 0.0 9.574758195900358
22 1 0.0 9.526722565201112
22 1 0.0 9.284149889500668
22 1 0.0 9.002649486001218
22 1 0.0 8.488118025995163
22 1 446.5053230816043 454.9853867532047
22 1 0.0 6.925210639100953
22 1 0.0 6.387827712597755
22 1 0.0 6.296547304772048
22 1 0.0 6.232610979203628
22 1 0.0 5.891559770899221
22 1 0.0 5.818357801998673
22 1 0.0 5.474266450897574
22 1 0.0 4.790697949727019
22 1 0.0 3.4968541574981487
22 1 0.0 3.4035021024039906
22 1 0.0 0.941681430889048
22 1 0.0 0.39496572000405195
22 1 0.0 0.17948030640241086
22 0 0.0 inf
# COVID_SAMPLE_17_ROI_4
23 1 0.0 3868.9015174333017
23 1 0.0 3495.0344264162977
23 1 0.0 3356.368958557294
23 1 1844.6558181257315 4708.5029033252595
23 1 0.0 2158.1929595645283
23 1 0.0 2150.838918329596
23 1 0.0 2050.885598236409
23 1 0.0 1584.4831821285334
23 1 0.0 1507.9355438946031
23 1 363.55695143839785 1728.2127993596491
23 1 16.692724413146948 1293.1529499013948
23 1 0.0 1270.5087758177997
23 1 0.0 1238.7587078568808
23 1 0.0 1203.5085932067195
23 1 0.0 1062.389145139164
23 1 0.0 1001.1786007678959
23 1 0.0 948.5541345375925
23 1 0.0 920.7437489650938
23 1 0.0 895.4678987816988
23 1 0.0 871.9043609093073
23 1 0.0 862.2806285359875
23 1 0.0 818.6104884032011
23 1 0.0 809.2012518273996
23 1 0.0 770.8937775307013
23 1 0.0 741.5055016299948
23 1 0.0 691.351074792004
23 1 0.0 677.6844755459887
23 1 0.0 673.4251162580034
23 1 0.0 650.2538863528171
23 1 79.83697943949437 715.1281345152038
23 1 0.0 634.0510674434997
23 1 0.0 628.9532529032431
23 1 0.0 582.0534450928951
23 1 0.0 580.8728854535015
23 1 0.0 572.5795844688978
23 1 0.0 564.0521430359677
23 1 0.0 560.7474955897019
23 1 0.0 556.8903946535966
23 1 0.0 551.2444490512005
23 1 0.0 515.9633130164202
23 1 0.0 505.46421012800124
23 1 0.0 501.10839977209935
23 1 0.0 453.85105735000684
23 1 0.0 453.0153300731997
23 1 0.0 452.70549952190413
23 1 0.0 442.32647660506933
23 1 0.0 442.2045937372561
23 1 0.0 419.69993031638205
23 1 0.0 401.2166696075951
23 1 0.0 400.6467108239988
23 1 0.0 392.4870481476962
23 1 0.0 381.1652179885973
23 1 0.0 381.1152998684015
23 1 0.0 373.1906339385805
23 1 0.0 373.035978787706
23 1 0.0 369.0359416379981
23 1 0.0 366.4079021405005
23 1 0.0 364.9666021858568
23 1 0.0 346.56510033198583
23 1 0.0 340.6650513115028
23 1 0.0 320.1338995823007
23 1 0.0 311.99948948410633
23 1 0.0 311.8482571245054
23 1 0.0 295.41397784769947
23 1 0.0 295.1084955427102
23 1 0.0 272.81188205638864
23 1 295.06492689478137 561.1899085232967
23 1 0.0 255.99021586670824
23 1 0.0 243.60376779599875
23 1 0.0 226.3508986122987
23 1 0.0 225.96799029349467
23 1 49.50597904128426 272.99489532110175
23 1 0.0 213.9178076335097
23 1 0.0 209.76327740640534
23 1 0.0 209.63921209709906
23 1 0.0 191.5953458935992
23 1 0.0 185.97438421400443
23 1 0.0 181.69992370329646
23 1 0.0 181.11352654109783
23 1 0.0 180.9941439918466
23 1 0.0 179.9607511194281
23 1 0.0 179.84561823914643
23 1 0.0 178.6434595196265
23 1 441.2467915600005 613.1325531760958
23 1 0.0 165.16544020349625
23 1 0.0 163.64934572929656
23 1 0.0 154.45050537480302
23 1 0.0 154.11781108798857
23 1 0.0 142.9335028245805
23 1 364.71663252230064 506.1042024610981
23 1 0.0 141.0611264981162
23 1 0.0 139.03182756391902
23 1 0.0 133.2162447377239
23 1 0.0 122.26936202399213
23 1 0.0 118.37668846567999
23 1 0.0 116.01154829400004
23 1 0.0 115.87786994949943
23 1 12.193607652929131 125.97878973531351
23 1 364.773857149733 478.0725735287515
23 1 0.0 107.75333472169825
23 1 0.0 106.55788361000941
23 1 0.0 104.78608767199785
23 1 0.0 100.90730703749949
23 1 0.0 100.14307542704162
23 1 0.0 94.82963507942111
23 1 107.50982870239795 199.1819971170985
23 1 0.0 89.96308304310583
23 1 0.0 89.17709956849893
23 1 0.0 78.2931201104916
23 1 0.0 76.58014857278977
23 1 0.0 71.85570891306926
23 1 0.0 68.26602461677385
23 1 0.0 67.82797695750219
23 1 0.0 64.27719047088164
23 1 0.0 63.483362503500075
23 1 0.0 54.29131690932263
23 1 5.293443422009432 58.120328391501744
23 1 0.0 52.204041638500485
23 1 0.0 49.89915174750104
23 1 0.0 48.62561002060011
23 1 0.0 47.11128071480175
23 1 0.0 38.54342949000568
23 1 463.8182842636986 501.6691854652345
23 1 337.92098064691936 375.5198905324678
23 1 0.0 35.838325011906306
23 1 0.0 34.786095894399764
23 1 0.0 30.0362636310997
23 1 0.0 27.6311866031906
23 1 0.0 25.026269339997953
23 1 0.0 22.078349170503998
23 1 0.0 20.374313165697004
23 1 0.0 11.679954819599516
23 1 91.60479717400102 101.16497064095154
23 1 0.0 6.788059974000248
23 0 0.0 inf
# COVID_SAMPLE_16_ROI_3
24 1 0.0 9846.090954586207
24 1 0.0 2776.043000409989
24 1 0.0 2271.4700819375053
24 1 0.0 2216.3763865423853
24 1 0.0 1899.5182208167917
24 1 0.0 1747.7959530369021
24 1 0.0 1726.8811934716
24 1 0.0 1703.7425922699827
24 1 0.0 1692.2369286299654
24 1 0.0 1653.6447365899935
24 1 0.0 1623.3604075764017
24 1 0.0 1601.0164288300084
24 1 0.0 1564.7950216154902
24 1 0.0 1556.5666940700112
24 1 0.0 1465.8994802799966
24 1 0.0 1430.2846785929014
24 1 0.0 1385.6823808499907
24 1 0.0 1337.6918355320117
24 1 0.0 1312.4514963567985
24 1 0.0 1258.7007338700073
24 1 0.0 1251.633887940014
24 1 0.0 1226.8679577070948
24 1 0.0 1226.3891001599923
24 1 0.0 1219.104355005106
24 1 0.0 1202.1844367996
24 1 0.0 1199.0931208001343
24 1 0.0 1151.9391115999988
24 1 0.0 1079.899555389984
24 1 0.0 1071.9867536907573
24 1 0.0 1064.4684744986012
24 1 0.0 1044.764860403703
24 1 0.0 1041.5152275700063
24 1 0.0 1029.5935972000057
24 1 0.0 1021.1794383300056
24 1 0.0 1001.9470450875992
24 1 0.0 987.3551025713646
24 1 0.0 964.8403371804072
24 1 0.0 963.1318534779978
24 1 0.0 962.6663195499996
24 1 0.0 946.157811311994
24 1 0.0 932.3723174864954
24 1 0.0 931.9119939855932
24 1 0.0 924.222545269995
24 1 0.0 922.1319304199999
24 1 0.0 921.6840209183865
24 1 0.0 915.9479639899955
24 1 0.0 912.2239132499978
24 1 0.0 907.9290959500032
24 1 0.0 902.0865760299912
24 1 0.0 883.9647322800301
24 1 0.0 882.5208201900103
24 1 0.0 879.7035135199902
24 1 0.0 861.2976756200077
24 1 0.0 855.7172823999908
24 1 0.0 854.5889471044038
24 1 0.0 834.4348290299929
24 1 0.0 832.175306069101
24 1 0.0 824.9393874399891
24 1 0.0 815.2145617991973
24 1 0.0 812.7755541600056
24 1 0.0 803.8219262064007
24 1 0.0 800.4715590583801
24 1 0.0 798.3486334154168
24 1 0.0 793.6690399392039
24 1 0.0 790.1407616799829
24 1 0.0 789.4249870199851
24 1 0.0 785.8493370867951
24 1 0.0 778.6519773795958
24 1 0.0 773.4014688959824
24 1 0.0 771.6444776327903
24 1 0.0 768.8967682075984
24 1 0.0 762.1906398652061
24 1 0.0 759.2859883799815
24 1 0.0 756.4204873500098
24 1 0.0 744.2729667700141
24 1 0.0 743.0509748000038
24 1 0.0 737.8794399900007
24 1 0.0 731.4172287524989
24 1 0.0 726.5564501756076
24 1 0.0 726.1852270500099
24 1 0.0 719.3289195200186
24 1 0.0 706.6192231299851
24 1 0.0 698.2425837775043
24 1 0.0 697.9771279255092
24 1 0.0 697.0592624599976
24 1 0.0 696.4881912700009
24 1 35.42768687754449 729.5710433932871
24 1 0.0 693.0581532756487
24 1 0.0 688.583854522506
24 1 0.0 687.7901688155998
24 1 0.0 687.2995644921749
24 1 0.0 681.8067703016039
24 1 0.0 681.6071426099963
24 1 0.0 680.1974395499947
24 1 0.0 680.1221898900009
24 1 0.0 678.1287210599883
24 1 0.0 672.7364445419948
24 1 0.0 670.2670894399978
24 1 0.0 662.0050770099963
24 1 0.0 661.0357348791858
24 1 0.0 660.7897940564037
24 1 0.0 658.8856712959962
24 1 0.0 658.5385113700036
24 1 0.0 656.1306413911002
24 1 0.0 652.035360306706
24 1 0.0 649.9885464908066
24 1 0.0 646.9865474399976
24 1 0.0 637.761769881109
24 1 18.96917218101794 656.4799448370964
24 1 0.0 636.7165180420004
24 1 0.0 634.3698843463919
24 1 0.0 633.9022882500151
24 1 0.0 631.5659331275037
24 1 0.0 629.138009755497
24 1 0.0 628.9198686912007
24 1 0.0 628.8733387640068
24 1 0.0 628.5900581823862
24 1 0.0 625.8621407521998
24 1 0.0 623.7627140435009
24 1 0.0 619.6054196324937
24 1 0.0 618.8318319760015
24 1 0.0 616.154868066923
24 1 0.0 616.1367243125051
24 1 0.0 605.4253495999985
24 1 0.040702040008227414 602.321417390003
24 1 0.0 601.5708093100038
24 1 0.0 596.7132417464088
24 1 0.0 596.2094990400054
24 1 0.0 587.637812704907
24 1 0.0 585.9614024599887
24 1 0.0 580.8771761589984
24 1 0.0 573.9635593074947
24 1 0.0 569.9057946699927
24 1 0.0 569.7292766104974
24 1 0.0 568.6705576775043
24 1 0.0 565.1741070200078
24 1 0.0 564.7568138550996
24 1 0.0 564.5103364869044
24 1 0.0 561.565513958416
24 1 0.0 560.5727864725018
24 1 0.0 559.7128827059942
24 1 0.0 559.6368122699985
24 1 0.0 559.3753332158321
24 1 0.0 557.2928598963997
24 1 0.0 556.496958919995
24 1 0.0 555.0675610856201
24 1 0.0 554.80205232999
24 1 0.0 553.7913889485008
24 1 0.0 553.5353712793008
24 1 0.0 547.4599202800082
24 1 0.0 543.5521884956422
24 1 0.0 541.9065657336032
24 1 0.0 538.9345721920067
24 1 0.0 538.7451694100096
24 1 0.0 534.1376459195001
24 1 0.0 532.2614726129007
24 1 0.0 528.6928966018053
24 1 0.0 523.8310478379954
24 1 0.0 522.5048494400071
24 1 0.0 522.2811305200051
24 1 0.0 521.942271265098
24 1 0.0 520.4498448655042
24 1 0.0 520.1706727000064
24 1 0.0 517.148450341489
24 1 0.0 517.1138272900132
24 1 0.0 515.4097993504029
24 1 0.0 514.230861750023
24 1 0.0 513.3243155752009
24 1 0.0 512.7431730176065
24 1 0.0 510.45381767998947
24 1 0.0 509.9047193200016
24 1 0.0 509.6061855600044
24 1 0.0 509.36872159999757
24 1 0.0 508.29554704598695
24 1 0.0 503.0157955024071
24 1 0.0 503.0133849943868
24 1 0.0 502.7691021404987
24 1 0.0 502.3823569125004
24 1 0.0 499.52453549998387
24 1 0.0 497.72285186751003
24 1 0.0 497.4844219943984
24 1 0.0 496.57139645960115
24 1 0.0 494.47509781997724
24 1 6.675704959991663 500.99539968000613
24 1 0.0 492.7373973499991
24 1 0.0 492.6169296300037
24 1 0.0 490.02078586440007
24 1 0.0 489.2578159762063
24 1 0.0 489.1219297280013
24 1 0.0 488.502893020006
24 1 0.0 486.81018275200086
24 1 0.0 486.11034197750473
24 1 0.0 481.8103606299866
24 1 0.0 480.0969235907937
24 1 0.0 480.0023421499959
24 1 0.0 477.88751814397665
24 1 0.0 477.7182751111054
24 1 0.0 477.6075412699988
24 1 0.0 476.82762139001284
24 1 0.0 476.69777617190005
24 1 0.0 473.97099119250606
24 1 0.0 473.91081421599324
24 1 0.0 472.1141760788985
24 1 0.0 471.536451073986
24 1 0.0 470.67783514001167
24 1 0.0 470.6676715929052
24 1 0.0 470.40870911690087
24 1 0.0 469.4334568499994
24 1 0.0 464.3496234359973
24 1 0.0 463.346034352905
24 1 0.0 463.0701533300055
24 1 217.8865477424015 679.5564961348018
24 1 0.0 460.26668756001095
24 1 0.0 458.2523941410964
24 1 0.0 458.1669223855997
24 1 0.0 457.31251534400826
24 1 0.0 455.29484923510347
24 1 0.0 454.191003789997
24 1 0.0 454.1021436299957
24 1 0.0 452.6542085015167
24 1 0.0 447.6260909868972
24 1 0.0 447.2230701570961
24 1 0.0 445.92713092999077
24 1 0.0 445.8589632868975
24 1 0.0 445.20937936001155
24 1 0.0 445.101609321596
24 1 0.0 442.99947883998357
24 1 0.0 441.6860236000034
24 1 0.0 439.5948326300004
24 1 0.0 437.53459966050286
24 1 0.0 437.36998812274123
24 1 0.0 437.2658698299974
24 1 132.87798850189893 569.8109285321066
24 1 0.0 436.3031351900004
24 1 0.0 433.69731364999575
24 1 0.0 433.0608387700013
24 1 0.0 432.85638491000475
24 1 0.0 431.5884219452014
24 1 0.0 430.0380095427031
24 1 0.0 427.34174127016104
24 1 0.0 427.25586967999527
24 1 0.0 426.70622502519996
24 1 0.0 426.6906611599916
24 1 0.0 426.4824358800006
24 1 0.0 426.2798433728947
24 1 0.0 426.17422562889715
24 1 0.0 423.90245641919927
24 1 0.0 423.67309664959066
24 1 0.0 423.54557379039926
24 1 0.0 421.0776079000134
24 1 0.0 420.8818369207088
24 1 0.0 417.63561759709273
24 1 0.0 416.03596720429846
24 1 0.0 416.0131304100132
24 1 0.0 415.70932347000576
24 1 0.0 415.3424922806921
24 1 0.0 414.792434269639
24 1 0.0 414.51403126559796
24 1 0.0 414.0167828099991
24 1 0.0 412.54462391129624
24 1 0.0 412.2107301645
24 1 0.0 411.85379751999335
24 1 0.0 411.78602020251094
24 1 0.0 411.2585130476997
24 1 0.0 411.07358983669883
24 1 0.0 410.1263508200036
24 1 0.0 409.2974299400074
24 1 0.0 408.959837514896
24 1 0.0 407.88555094250773
24 1 0.0 407.573253122698
24 1 0.0 407.5098028646911
24 1 0.0 407.3983175099954
24 1 0.0 405.52621420639616
24 1 0.0 405.5162983652108
24 1 0.0 405.09601328038775
24 1 0.0 404.7353759660042
24 1 0.0 404.68679082471203
24 1 0.0 403.7976906427034
24 1 0.0 403.7597312855047
24 1 0.0 403.6071418300004
24 1 0.0 402.6373838011956
24 1 0.0 400.1117048400097
24 1 0.0 399.64764534749156
24 1 0.0 397.255065708802
24 1 0.0 396.54481671999815
24 1 0.0 396.1317955700041
24 1 0.0 395.48167683241445
24 1 0.0 395.1288553867985
24 1 0.0 394.9525737941012
24 1 0.0 394.36630505999483
24 1 0.0 393.8890453938982
24 1 0.0 392.31225064
24 1 0.0 392.1253774355971
24 1 0.0 390.81978044000084
24 1 0.0 390.7658265099943
24 1 0.0 390.74992669450194
24 1 0.0 390.0408277913107
24 1 0.0 389.69751482999527
24 1 0.0 387.3339773599805
24 1 0.0 386.0471781100001
24 1 0.0 384.8765594312026
24 1 0.0 384.74461767290416
24 1 0.0 384.4510802499989
24 1 0.0 382.96084016524287
24 1 0.0 381.54705642999943
24 1 0.0 379.3480666499945
24 1 0.0 378.13860253560733
24 1 0.0 376.7498100503012
24 1 0.0 376.0887711600167
24 1 0.0 375.90864720000013
24 1 0.0 375.518144229987
24 1 0.0 374.99149940000166
24 1 0.0 373.2531152980064
24 1 0.0 373.1716925675971
24 1 0.0 370.79773650999493
24 1 0.0 369.58924337800136
24 1 0.0 369.4592215051034
24 1 0.0 366.325464577998
24 1 0.0 365.0449179600075
24 1 0.0 364.9891764975987
24 1 0.0 363.9940900900101
24 1 0.0 362.23299596249035
24 1 0.0 362.03323280000075
24 1 0.0 361.4478056063906
24 1 0.0 360.4407329906953
24 1 0.0 359.6535167200136
24 1 0.0 359.08458790999674
24 1 0.0 358.0899626075977
24 1 0.0 357.29611731999603
24 1 0.0 357.21727741116945
24 1 0.0 357.0889441400234
24 1 0.0 356.40561144899925
24 1 0.0 356.3943123905078
24 1 0.0 355.9228576525053
24 1 0.0 354.0734528900023
24 1 0.0 353.83223645960015
24 1 0.0 352.62575374490757
24 1 0.0 352.42906234410566
24 1 0.0 351.18722114960656
24 1 0.0 350.5987038048024
24 1 0.0 349.0812025300163
24 1 0.0 348.93791529279963
24 1 0.0 348.8153947028028
24 1 0.0 348.7177329199965
24 1 3.1769479999884425 350.68334551249336
24 1 0.0 346.19313449000333
24 1 0.0 344.3103994524897
24 1 0.0 342.4221463400155
24 1 173.82856034249698 516.1683707956029
24 1 0.0 342.2766431136033
24 1 0.0 341.746648170006
24 1 0.0 340.4594645756008
24 1 0.0 340.40900548000377
24 1 370.8035210280077 710.1709566380032
24 1 0.0 338.79966562640766
24 1 0.0 338.56393902359014
24 1 0.0 337.927910688006
24 1 0.0 337.2331706010964
24 1 0.0 337.14759025799833
24 1 0.0 335.63462408000305
24 1 0.0 334.5209095355996
24 1 0.0 333.7801894799868
24 1 0.0 333.16025730672357
24 1 0.0 332.276497821102
24 1 0.0 331.8131248763957
24 1 0.0 331.68329013870266
24 1 0.0 331.4880033144999
24 1 0.0 329.3758513800175
24 1 0.0 328.81704951348945
24 1 0.0 328.5985915700028
24 1 0.0 327.3291683770951
24 1 0.0 326.50803028804245
24 1 0.0 326.3346652200071
24 1 0.0 325.3680866035967
24 1 0.0 324.98345524000376
24 1 0.0 324.95282276000034
24 1 0.0 324.3634963999926
24 1 0.0 324.23161429569427
24 1 0.0 321.2631907936013
24 1 0.0 321.0879183412966
24 1 0.0 320.8187174099928
24 1 0.0 320.6503006999965
24 1 0.0 319.3327429874953
24 1 0.0 318.47897155998646
24 1 0.0 318.0409192275017
24 1 0.0 317.12205638000864
24 1 0.0 316.4636865939964
24 1 0.0 315.94039885760526
24 1 0.0 315.59004324000875
24 1 0.0 314.85395884999707
24 1 0.0 314.5938993299953
24 1 0.0 311.1167682500254
24 1 0.0 310.6225271015087
24 1 0.0 310.60797131159643
24 1 0.0 310.4388700499878
24 1 0.0 310.270452392602
24 1 0.0 309.7543805921025
24 1 0.0 309.6919468799897
24 1 0.0 308.7234041856036
24 1 0.0 308.49601095000116
24 1 0.0 308.43910413000265
24 1 0.0 308.1264655300083
24 1 0.0 308.036550269984
24 1 0.0 308.0082989499999
24 1 0.0 307.81719399250846
24 1 0.0 307.65397067690685
24 1 0.0 307.10086513959686
24 1 14.738404587508171 321.5117440675069
24 1 0.0 306.21660843000336
24 1 0.0 306.04408423399036
24 1 0.0 306.022552177898
24 1 0.0 305.9238830700063
24 1 0.0 305.62951812509095
24 1 0.0 305.44729665330306
24 1 144.40157953939945 449.731279092592
24 1 0.0 304.05816939750116
24 1 0.0 304.00804359079234
24 1 0.0 303.5425582510991
24 1 0.0 303.12666272130014
24 1 0.0 301.2983347500001
24 1 0.0 301.27129071000127
24 1 0.0 300.9506776124938
24 1 0.0 298.4368811309023
24 1 0.0 298.32626567999534
24 1 0.0 296.85831736000716
24 1 0.0 296.7577121239997
24 1 0.0 296.4109586655999
24 1 0.0 296.4077571440897
24 1 0.0 296.3775883144069
24 1 0.0 295.52595516089843
24 1 0.0 295.2832894654896
24 1 81.79316014879896 376.9366117663979
24 1 0.0 294.70380174560796
24 1 0.0 294.5872821344101
24 1 0.0 294.4866678867977
24 1 35.20631625250621 329.3814447712078
24 1 0.0 294.0970350623959
24 1 0.0 293.7402364476068
24 1 0.0 293.5363793891997
24 1 48.562744799995016 341.82355107159333
24 1 0.0 292.86107345999324
24 1 0.0 292.6899383480935
24 1 0.0 292.4673548446999
24 1 0.0 292.2933222984966
24 1 0.0 292.23249164999424
24 1 0.0 291.78978692000476
24 1 0.0 291.29866460000403
24 1 0.0 290.5728557039971
24 1 0.0 290.5409035160053
24 1 0.0 290.26468800640373
24 1 0.0 290.2081314038991
24 1 0.0 288.02865576640625
24 1 19.125184719999197 306.74592532001225
24 1 0.0 286.481202039997
24 1 0.0 286.32338679999293
24 1 0.0 285.8034928600134
24 1 0.0 285.6748506344045
24 1 0.0 284.9307745199959
24 1 0.0 284.8882128799977
24 1 0.0 284.8486821899981
24 1 0.0 284.4525236800057
24 1 0.0 283.6398543200011
24 1 0.0 283.039189729991
24 1 0.0 282.22363283199957
24 1 0.0 281.82943440199665
24 1 0.0 281.7974293824934
24 1 0.0 281.02253482169976
24 1 0.0 280.2032363970063
24 1 89.41415436000239 369.4191755455845
24 1 0.0 278.9066765666979
24 1 0.0 278.32848000000547
24 1 0.0 277.9093817916049
24 1 0.0 277.6773206700027
24 1 0.0 277.5163975335994
24 1 0.0 277.2880204839855
24 1 0.0 277.2754679900256
24 1 0.0 276.8917051999988
24 1 62.27821563000157 338.9318204299959
24 1 0.0 274.86555215470275
24 1 0.0 274.63500967201617
24 1 0.0 274.36288112960244
24 1 0.0 274.28561829944
24 1 0.0 274.2553199170951
24 1 0.0 273.91946552999406
24 1 0.0 273.8691450030992
24 1 0.0 273.85746804998905
24 1 0.0 273.4436191655017
24 1 0.0 272.9395807424901
24 1 0.0 272.36828572160357
24 1 0.0 272.27224668750387
24 1 0.0 272.25546827999483
24 1 0.0 272.0230515900132
24 1 0.0 271.86343832000057
24 1 40.15677257999778 310.7592118199964
24 1 0.0 270.5815807800026
24 1 0.0 270.52081016049897
24 1 0.0 270.45592248999594
24 1 0.0 269.6376377900099
24 1 0.0 269.4853310689084
24 1 0.0 268.6231489907809
24 1 0.0 268.408858737997
24 1 186.28672424001934 454.4369463499903
24 1 0.0 268.1197345899991
24 1 0.0 267.69837792559974
24 1 12.16704665960117 279.3636384755994
24 1 0.0 266.93912054760244
24 1 0.0 266.7796335799971
24 1 0.0 265.9943742924022
24 1 0.0 265.3624752800066
24 1 0.0 264.8760983324996
24 1 70.83893224451094 334.54090880999047
24 1 0.0 262.9532082859921
24 1 0.0 260.83226665169855
24 1 0.0 260.7914480300102
24 1 0.0 260.6973145100075
24 1 0.0 260.3797876029032
24 1 0.0 259.9317805900067
24 1 0.0 259.3513217040019
24 1 0.0 259.292719546502
24 1 0.0 258.6440848736021
24 1 0.0 258.53783465407537
24 1 0.0 258.3197838699889
24 1 0.0 257.5491935500006
24 1 0.0 257.24944799999264
24 1 0.0 257.22748961839864
24 1 0.0 256.5995910499996
24 1 0.0 256.0746497682401
24 1 0.0 255.87062529561354
24 1 0.0 255.2871055873029
24 1 0.0 253.86075601089738
24 1 44.56878356999937 297.4107467099946
24 1 0.0 252.1751480284011
24 1 0.0 252.1629829934963
24 1 0.0 250.9046893099994
24 1 0.0 250.83230899789805
24 1 0.0 250.64156520000688
24 1 0.0 250.63350634001927
24 1 0.0 250.5134728234973
24 1 65.22027706460744 315.54730620640447
24 1 0.0 249.5245635900078
24 1 0.0 248.15030917989952
24 1 0.0 247.95587399000146
24 1 0.0 247.93057915799966
24 1 0.0 247.05688611879668
24 1 0.0 244.91488642649153
24 1 37.51426816000253 282.1850261299967
24 1 0.0 244.2208403135952
24 1 0.0 244.21386265001865
24 1 0.0 244.12993072000086
24 1 0.0 243.67057785760426
24 1 0.0 243.4525182864054
24 1 0.0 243.06955402867908
24 1 0.0 242.70773405728892
24 1 0.0 242.1611836244997
24 1 0.0 241.57255263999423
24 1 0.0 241.4163645216629
24 1 0.0 240.8915581199892
24 1 0.0 240.624563050009
24 1 0.0 240.13632342559913
24 1 0.0 240.08715774399843
24 1 0.0 239.33431315489406
24 1 0.0 239.25083915799632
24 1 0.0 238.96838167999704
24 1 0.0 238.86139416038287
24 1 93.79367530999889 332.02927601998044
24 1 0.0 238.02647531250932
24 1 342.3917762000019 580.2354666499937
24 1 0.0 236.0208973351937
24 1 0.0 235.87471445800088
24 1 0.0 235.80632559000878
24 1 0.0 235.65684251735422
24 1 0.0 235.31406581001136
24 1 0.0 234.4568848266033
24 1 0.0 234.02516656441549
24 1 0.0 234.01372477359746
24 1 0.0 233.6749553483976
24 1 0.0 233.40894363800544
24 1 0.0 233.3930473700284
24 1 0.0 232.5935845200056
24 1 0.0 231.91869775999476
24 1 0.0 231.4775447100044
24 1 0.0 230.3192237218983
24 1 0.0 230.2751972699998
24 1 0.0 229.91605595198985
24 1 0.0 229.47491260999504
24 1 0.0 229.4510414775009
24 1 0.0 229.39723439000568
24 1 0.0 229.19731459000297
24 1 0.0 229.12386733999622
24 1 0.0 228.85560301440154
24 1 0.0 228.42402648709822
24 1 0.0 227.72157279999806
24 1 0.0 227.53168307909823
24 1 0.0 227.39779753850007
24 1 0.0 227.19383759400762
24 1 0.0 227.17043820000228
24 1 0.0 227.14345145600328
24 1 0.0 227.02339963999862
24 1 0.0 226.80421259209766
24 1 0.0 226.75768790000416
24 1 0.0 226.5498169359032
24 1 0.0 226.39900440649944
24 1 0.0 226.3500624300042
24 1 0.0 226.33066691997965
24 1 11.540194654867719 237.31040749246904
24 1 0.0 225.44203362999474
24 1 0.0 224.74626660709976
24 1 0.0 224.62870026910286
24 1 0.0 224.54544139039365
24 1 0.0 224.52113856999813
24 1 0.0 223.14210945109625
24 1 0.0 222.74102915399908
24 1 0.0 222.68623635001177
24 1 0.0 222.63261616002183
24 1 0.0 222.25215903000378
24 1 0.0 222.25178551439967
24 1 0.0 222.05775232369888
24 1 0.0 221.05367714598276
24 1 0.0 220.9840666440029
24 1 0.0 220.6688255788972
24 1 0.0 220.23332260799543
24 1 0.0 219.94868255999108
24 1 0.0 219.26153038400255
24 1 0.0 218.7739258643985
24 1 0.0 217.8569151600069
24 1 0.0 217.19362426010343
24 1 0.0 215.76591560520046
24 1 0.0 215.633058639997
24 1 0.0 215.604769604397
24 1 0.0 215.15317408001124
24 1 0.0 214.7105568568045
24 1 0.0 214.62043933450116
24 1 0.0 214.23277021919853
24 1 0.0 214.1419955396018
24 1 0.0 214.13187343209825
24 1 0.0 214.01967838560336
24 1 0.0 213.2725806831013
24 1 0.0 213.21843012400188
24 1 0.0 212.45640587998673
24 1 0.0 212.2545981199978
24 1 0.0 211.9817317700124
24 1 0.0 211.9376746299929
24 1 0.0 211.40714862200116
24 1 0.0 210.93094349999637
24 1 0.0 210.62111728999434
24 1 0.0 210.3392088808008
24 1 0.0 210.27920287998404
24 1 0.0 209.0576548085018
24 1 0.0 208.94408816250143
24 1 0.0 208.59770948210667
24 1 0.0 208.35108858570788
24 1 0.0 208.31639475999725
24 1 27.841330207200144 236.12666430760174
24 1 0.0 208.0737489600104
24 1 0.0 207.82650614999648
24 1 0.0 207.71048534040472
24 1 0.0 207.24178371359858
24 1 0.0 207.13560745799901
24 1 0.0 207.0715640928022
24 1 0.0 206.26546705068972
24 1 0.0 206.05310681000094
24 1 0.0 205.9634986023998
24 1 0.0 205.9261659000042
24 1 0.0 205.73159896999414
24 1 0.0 205.72983940712692
24 1 0.0 205.10388081269656
24 1 0.0 205.08353049960385
24 1 0.0 205.04755617000296
24 1 0.0 204.73986209450732
24 1 0.0 204.68600973839818
24 1 0.0 204.32499323047523
24 1 0.0 204.19166713599964
24 1 0.0 203.7613005591934
24 1 0.0 203.62877279999498
24 1 0.0 203.2100306344081
24 1 0.0 202.84347307000542
24 1 0.0 202.21789324799897
24 1 0.0 202.20840665439414
24 1 37.300778349997586 238.72597220999955
24 1 0.0 201.09012494999297
24 1 0.0 201.07052498000314
24 1 0.0 200.78089718000683
24 1 0.0 200.69401906439975
24 1 0.0 200.63243268999858
24 1 0.0 200.52743557679946
24 1 0.0 200.36429435998093
24 1 0.0 200.04181887750173
24 1 0.0 200.00101794998534
24 1 0.0 199.90220445000602
24 1 0.0 198.6182893462635
24 1 0.0 198.573307956402
24 1 0.0 197.887662077939
24 1 0.0 197.51466103999905
24 1 0.0 197.17001045314828
24 1 0.0 196.8691181400136
24 1 0.0 196.1518648824026
24 1 0.0 195.84453820749673
24 1 0.0 195.69932155360414
24 1 0.0 194.46651170399946
24 1 0.0 194.09959248799146
24 1 0.0 193.919293769996
24 1 0.0 193.91336597960685
24 1 0.0 193.305185159997
24 1 0.0 193.13704888000558
24 1 0.0 192.12059765001698
24 1 0.0 192.06821505000164
24 1 0.0 191.30982190050338
24 1 0.0 191.08514710830082
24 1 0.0 190.85997501999645
24 1 0.0 190.7436963199924
24 1 0.0 190.6215829289215
24 1 0.0 190.53857047001077
24 1 0.0 190.25266831709996
24 1 0.0 188.7949828499983
24 1 0.0 188.26847750000059
24 1 0.0 187.50003820550705
24 1 0.0 187.1698722099997
24 1 0.0 187.14157963360515
24 1 109.4215807075102 296.11403121360127
24 1 0.0 186.41052524999122
24 1 0.0 186.39146905409712
24 1 0.0 185.54707306799924
24 1 0.0 185.38742710000076
24 1 0.0 185.26017578999654
24 1 0.0 183.81707318989743
24 1 0.0 183.5819236299985
24 1 0.0 183.51293587240264
24 1 0.0 183.32209394999973
24 1 0.0 182.82638678600512
24 1 0.0 181.51208411999778
24 1 0.0 181.47339872470036
24 1 0.0 181.30855249440071
24 1 0.0 180.86224420324424
24 1 0.0 180.65762879600015
24 1 0.0 180.40004416532437
24 1 0.0 179.72951055999852
24 1 0.0 179.64098137000155
24 1 0.0 179.20029429450074
24 1 0.0 178.65729439080042
24 1 0.0 178.21444046999795
24 1 0.0 178.05177794239603
24 1 0.0 177.9467283719008
24 1 0.0 177.7127432000009
24 1 0.0 177.15701074000006
24 1 0.0 176.94019164999122
24 1 0.0 176.85302496839063
24 1 0.0 176.41355957639712
24 1 0.0 176.25817324999656
24 1 0.0 176.12052447479675
24 1 0.0 175.99765264999849
24 1 0.0 175.49503827239573
24 1 0.0 175.0876108979951
24 1 0.0 175.01061223249712
24 1 0.0 174.2473962699903
24 1 0.0 173.58550384601142
24 1 0.0 173.47491154249792
24 1 0.0 173.34581591440474
24 1 0.0 173.2722948109017
24 1 0.0 173.2654093200033
24 1 0.0 173.19466655998986
24 1 0.0 173.11060018550256
24 1 0.0 173.00499587100148
24 1 0.0 172.81584943748817
24 1 0.0 172.7117260996083
24 1 9.41616424000631 181.97613696000064
24 1 0.0 172.37052738120076
24 1 0.0 171.72396479923532
24 1 0.0 171.70985819039697
24 1 0.0 171.63821456200577
24 1 0.0 171.5135192799952
24 1 0.0 171.30169199600073
24 1 0.0 171.21894352000004
24 1 0.0 169.9251611375024
24 1 0.0 169.82984655000246
24 1 0.0 169.69985209109973
24 1 0.0 169.50630124159716
24 1 0.0 168.87945795000292
24 1 0.0 168.41435837000506
24 1 0.0 168.28841679013942
24 1 0.0 167.8208001034967
24 1 0.0 167.5678473492071
24 1 0.0 167.4106440300044
24 1 0.0 167.10825436000204
24 1 0.0 167.10230797000486
24 1 0.0 167.06794444889692
24 1 0.0 166.51212058000078
24 1 0.0 166.3000649683985
24 1 0.0 166.04819551650172
24 1 0.0 166.0371168759979
24 1 0.0 165.74244435089452
24 1 0.0 165.70810586559833
24 1 0.0 165.13977163999436
24 1 295.68446991270434 460.7674349207996
24 1 0.0 164.53648332000182
24 1 0.0 164.05295668639883
24 1 0.0 163.98916921000614
24 1 0.0 163.22719523999967
24 1 0.0 163.16698987600262
24 1 0.0 163.094767838797
24 1 0.0 163.06618854079625
24 1 0.0 162.78567175280295
24 1 0.0 162.7197912807008
24 1 0.0 162.69919627001013
24 1 0.0 162.51060360200142
24 1 0.0 162.10952312998552
24 1 0.0 161.8688615399908
24 1 0.0 161.73934062786844
24 1 0.0 161.04071936260425
24 1 0.0 160.62038312909772
24 1 0.0 160.37055105000144
24 1 292.94496068670037 453.28826517850007
24 1 0.0 160.19730449249948
24 1 0.0 160.04186549999804
24 1 0.0 159.96921350380023
24 1 0.0 159.82644252320756
24 1 0.0 159.53623029000454
24 1 0.0 157.45115787231362
24 1 134.15661956000918 291.427897263999
24 1 0.0 157.22044644999744
24 1 0.0 156.67373038010373
24 1 0.0 156.59694730000433
24 1 0.0 156.25744470999888
24 1 0.0 156.23229025599971
24 1 0.0 156.163558203908
24 1 0.0 155.79287326590247
24 1 0.0 155.2510840763988
24 1 0.0 155.1218063244005
24 1 0.0 155.10763451629964
24 1 0.0 154.47566866559646
24 1 0.0 154.35024019999997
24 1 0.0 154.14128030999188
24 1 0.0 154.03642596960276
24 1 0.0 153.68491879000265
24 1 0.0 152.88281552650136
24 1 0.0 152.5389489900001
24 1 0.0 152.39336093999316
24 1 0.0 152.16850311559904
24 1 0.0 151.33400412000026
24 1 0.0 151.2225055079987
24 1 0.0 150.71646233600174
24 1 0.0 150.6231779673027
24 1 0.0 150.16533329350023
24 1 0.0 150.0610537475984
24 1 400.1696976976041 550.1339414100134
24 1 0.0 149.74279121000382
24 1 0.0 148.71435978450063
24 1 85.31571473000554 234.02519317000827
24 1 170.90300119998142 319.56831184997804
24 1 0.0 148.63256238509916
24 1 0.0 148.07040394007186
24 1 0.0 147.95479622999926
24 1 0.0 147.73549347770017
24 1 0.0 147.32775650000087
24 1 0.0 147.28508498600013
24 1 275.99649360000706 423.2310868400042
24 1 187.88350611000487 335.0237066700072
24 1 29.274797206393373 176.26511691049973
24 1 0.0 146.8675459666954
24 1 0.0 146.7014940367648
24 1 0.0 146.36682606000102
24 1 0.0 146.20143549889895
24 1 0.0 146.01454649281186
24 1 42.53598874829902 187.7346191690927
24 1 0.0 145.03536252890336
24 1 0.0 144.70001145919173
24 1 0.0 144.5969640999948
24 1 0.0 144.4554641199975
24 1 0.0 144.2334095225085
24 1 0.0 144.177654120012
24 1 0.0 143.96569740001473
24 1 0.0 143.82690951959512
24 1 0.0 143.60645417000077
24 1 128.2825963964019 271.5717508324966
24 1 0.0 142.97873825000943
24 1 0.0 142.81930272509817
24 1 0.0 142.64785634543762
24 1 0.0 142.2938379120725
24 1 0.0 142.26402972479855
24 1 0.0 142.2031896947483
24 1 0.0 142.06712912668968
24 1 0.0 141.71550967999428
24 1 0.0 141.71168350999932
24 1 0.0 141.67736492309905
24 1 0.0 141.53446834525425
24 1 0.0 140.95614467039857
24 1 0.0 140.61916327999978
24 1 0.0 140.5615512947959
24 1 0.0 139.95086316000538
24 1 0.0 139.95026896000462
24 1 0.0 139.8643219279984
24 1 0.0 139.3833168899937
24 1 0.0 139.21180644000447
24 1 0.0 139.01194766249574
24 1 0.0 138.80524135001394
24 1 0.0 138.6517956876006
24 1 0.0 138.56463572240693
24 1 0.0 138.0082025859998
24 1 0.0 138.00534057000147
24 1 0.0 137.97184649998735
24 1 0.0 136.96372191999626
24 1 0.0 136.767141850001
24 1 0.0 136.72951032999867
24 1 0.0 136.66600583159902
24 1 0.0 136.53642817001764
24 1 0.0 136.5359297328995
24 1 0.0 136.19632548000413
24 1 50.98611103799362 187.12740989759345
24 1 0.0 135.8935919200004
24 1 0.0 135.6988387199914
24 1 0.0 134.90965029999597
24 1 0.0 134.84402453000325
24 1 0.0 134.82581232279836
24 1 0.0 134.7931107900007
24 1 0.0 134.71123667999353
24 1 0.0 134.02957047999928
24 1 0.0 133.0456495799922
24 1 0.0 132.89464969440166
24 1 0.0 132.69900394019783
24 1 0.0 132.46288665949976
24 1 0.0 132.43749916800846
24 1 0.0 132.17570556000715
24 1 0.0 132.06866950359563
24 1 0.0 130.9898031999851
24 1 0.0 130.51168126439677
24 1 0.0 130.08090807000872
24 1 0.0 129.21595394199448
24 1 8.615409119996912 137.41752699000358
24 1 0.0 127.42840319240139
24 1 18.048898229998514 145.11842817000473
24 1 0.0 126.93561966599972
24 1 133.7355786599844 260.51960359998816
24 1 0.0 126.73142184000608
24 1 19.8257404774954 146.54595593559316
24 1 0.0 126.32670661909106
24 1 0.0 126.15619934359887
24 1 0.0 126.11629848599694
24 1 0.0 125.53934087000425
24 1 0.0 125.42455407998182
24 1 0.0 124.99327298290206
24 1 0.0 124.63179144001265
24 1 0.0 124.61722328918813
24 1 0.0 124.5796148544041
24 1 0.0 124.1337321725008
24 1 0.0 124.04641695999908
24 1 0.0 123.88481498750161
24 1 0.0 123.79329763000425
24 1 0.0 123.4860538955889
24 1 0.0 123.30141469000176
24 1 0.0 122.67995236999832
24 1 0.0 122.57373704000565
24 1 56.09383358998991 178.35399653999752
24 1 0.0 122.01123110639764
24 1 33.1399912436093 155.02889039160596
24 1 0.0 121.80239143150072
24 1 0.0 121.37775783680104
24 1 0.0 121.07439662000388
24 1 0.0 120.93074467929958
24 1 0.0 120.92914998000043
24 1 0.0 120.90836471000534
24 1 0.0 120.73517994990351
24 1 0.0 120.47903348999671
24 1 0.0 120.1622095100094
24 1 0.0 119.90234509270476
24 1 0.0 119.50534441560092
24 1 0.0 119.30539568000586
24 1 0.0 118.71217961039753
24 1 0.0 118.55745989950196
24 1 0.0 118.43517706999091
24 1 0.0 118.3525638099934
24 1 0.0 117.99843095249935
24 1 0.0 117.78376081440081
24 1 0.0 117.64561626000261
24 1 0.0 117.50875246850063
24 1 0.0 117.26955888790076
24 1 9.49144433240167 126.48298781999756
24 1 0.0 116.76922453401312
24 1 0.0 116.7182424928975
24 1 0.0 116.58394900249641
24 1 0.0 116.33563568749676
24 1 0.0 116.25355083998988
24 1 0.0 115.5084473274967
24 1 69.32605795250072 184.75731780080002
24 1 0.0 115.28879175839279
24 1 0.0 115.15080682439532
24 1 0.0 114.76559835852436
24 1 0.0 114.57398303999574
24 1 0.0 114.55851076999897
24 1 0.0 114.53946891519809
24 1 0.0 114.47080487960056
24 1 0.0 113.68688444000156
24 1 0.0 113.5662186820064
24 1 2.879113495598176 116.22095886690192
24 1 0.0 112.8505460144039
24 1 0.0 112.060122974396
24 1 0.0 111.75388976000517
24 1 0.0 111.71484316999965
24 1 0.0 111.68636886800277
24 1 0.0 111.61343829239843
24 1 0.0 111.51146447999986
24 1 0.0 111.3213219424988
24 1 0.0 110.169402180014
24 1 0.0 110.05820449000271
24 1 162.34294247309663 272.16926045359855
24 1 0.0 109.0024259999982
24 1 66.76281743000243 175.73933048000254
24 1 0.0 108.94124473840225
24 1 0.0 108.83060779200264
24 1 0.0 108.20708870491194
24 1 0.0 108.10853039199685
24 1 0.0 108.02923396000324
24 1 0.0 107.98695903999868
24 1 0.0 107.876237742905
24 1 0.0 107.31179411999483
24 1 0.0 107.29705541079966
24 1 0.0 107.16476999999963
24 1 0.0 107.07398191998789
24 1 0.0 106.77556193190014
24 1 0.0 106.73498070270296
24 1 0.0 106.73030671999663
24 1 0.0 106.72356566078804
24 1 0.0 106.62797559999387
24 1 0.0 106.58095460999994
24 1 0.0 106.35411987999952
24 1 0.0 105.89694990400153
24 1 0.0 105.86912497000412
24 1 0.0 105.75342891140474
24 1 0.0 105.62906195049266
24 1 0.0 105.60896897040038
24 1 0.0 105.58089756849279
24 1 0.0 105.15251771800285
24 1 38.92334182549948 144.07180194050068
24 1 0.0 105.13626225520034
24 1 0.0 105.01436294099994
24 1 0.0 104.99516715330162
24 1 0.0 104.64561985909882
24 1 0.0 104.53435276999767
24 1 0.0 104.45671492999253
24 1 0.0 104.38617939000085
24 1 0.0 104.03901017000112
24 1 0.0 103.84399163650619
24 1 1.2926338664752848 104.87778425614374
24 1 14.670301554101002 117.97338652439998
24 1 0.0 103.1777359444061
24 1 0.0 103.11747735999438
24 1 2.4061633356099605 105.3165762036017
24 1 0.0 102.66144840400591
24 1 0.0 102.40489988470392
24 1 0.0 102.26960624400886
24 1 0.0 102.2018188528009
24 1 0.0 102.1152009931003
24 1 0.0 101.94734845080586
24 1 0.0 101.75195273400186
24 1 53.443548549980505 155.19225968999353
24 1 83.08192988910213 184.77134534250808
24 1 0.0 101.20344978599428
24 1 0.0 100.99754320129989
24 1 0.0 100.52933075689623
24 1 0.0 100.226392446413
24 1 90.59663045508864 190.64235422639695
24 1 0.0 99.77600319840462
24 1 0.0 99.60686224910728
24 1 0.0 98.58651830190001
24 1 0.0 98.52429391690362
24 1 0.0 98.52250480001726
24 1 0.0 98.34450088000176
24 1 0.0 98.17595338359547
24 1 11.03979728960087 109.10531447819744
24 1 66.35404048709893 164.0521466587013
24 1 0.0 97.44922986999734
24 1 0.0 97.41759986360466
24 1 50.592139061547755 147.8105058572686
24 1 0.0 97.19420045250354
24 1 6.76636270199424 103.28156307839578
24 1 0.0 96.10109659529797
24 1 0.0 95.40250287999959
24 1 0.0 95.3460168089033
24 1 0.0 95.31296619000238
24 1 0.0 95.29549600000348
24 1 0.0 94.74056254640641
24 1 0.0 94.64119651560969
24 1 0.0 94.40230358240228
24 1 0.0 94.14731399999891
24 1 0.0 93.76423871999441
24 1 0.0 93.26441948760214
24 1 0.0 92.94302823919952
24 1 0.0 92.73271129998511
24 1 0.0 92.61520390000169
24 1 0.0 92.58925545269824
24 1 0.0 92.27727907439464
24 1 0.0 92.16608043320196
24 1 10.954579028100511 102.88372841969863
24 1 0.0 91.77766205399303
24 1 0.0 91.1915846536483
24 1 0.0 91.08398492929967
24 1 0.0 91.06720180998286
24 1 83.40880908150461 174.3874685259011
24 1 0.0 90.78343744479974
24 1 0.0 90.59132411712017
24 1 0.0 90.56515826000435
24 1 0.0 90.04882393881792
24 1 0.0 90.04385801999729
24 1 0.0 89.81124910200731
24 1 0.0 89.78582379000261
24 1 0.0 89.73508411082184
24 1 0.0 89.47004182559596
24 1 0.0 89.46584571309893
24 1 299.4715645797023 388.8630544148043
24 1 0.0 89.33433648000982
24 1 0.0 89.25814746559786
24 1 0.0 89.24522957310114
24 1 69.0530874400007 158.11333504499805
24 1 0.0 89.03077662249359
24 1 0.0 88.8710657000018
24 1 0.0 88.86115426999496
24 1 0.0 88.8236330251957
24 1 86.89971577942947 175.14189962067792
24 1 0.0 88.20325369910347
24 1 0.0 88.04024241040031
24 1 0.0 87.9604937036022
24 1 0.0 87.75033440959555
24 1 0.0 87.65451075681935
24 1 0.0 87.36579359038751
24 1 0.0 87.02949732759942
24 1 0.0 86.97615468349694
24 1 0.0 86.95943233999748
24 1 0.0 86.77659156440166
24 1 0.0 86.70242927000237
24 1 0.0 86.31731805849569
24 1 0.0 86.28153817000242
24 1 0.0 86.02594095359882
24 1 0.0 85.50259269000003
24 1 0.0 85.3857493196989
24 1 0.0 85.29920159998983
24 1 0.0 85.20833510399143
24 1 0.0 85.00689991000218
24 1 0.0 84.84796726239836
24 1 0.0 84.80906240269792
24 1 0.0 84.78869437000958
24 1 0.0 84.72925965904642
24 1 29.360303359991576 113.92542724999271
24 1 0.0 84.34467726599925
24 1 0.0 84.1828153604
24 1 0.0 83.8663976846243
24 1 0.0 83.67170531111947
24 1 0.0 83.44396160289989
24 1 98.46587149890013 181.76812537889828
24 1 415.3237877200104 498.5720556900028
24 1 0.0 82.57186353600787
24 1 0.0 82.50695794999817
24 1 0.0 82.38083206190163
24 1 0.0 81.96882508559736
24 1 33.328235300399626 115.20202677929842
24 1 0.0 81.60747440640301
24 1 86.42154298689928 167.96307775149927
24 1 0.0 81.46941224639693
24 1 0.0 81.32602834708268
24 1 0.0 81.1453605099997
24 1 0.0 80.90332079159953
24 1 0.0 80.3231430100021
24 1 20.493890199402472 100.7258543935996
24 1 0.0 80.11165130999234
24 1 0.0 80.07400840369883
24 1 0.0 79.97556672359542
24 1 0.0 79.66539976329977
24 1 0.0 79.08500563999769
24 1 0.0 79.0650978655965
24 1 0.0 79.02638088000162
24 1 16.294157354369474 95.25199571902294
24 1 0.0 78.45828465329123
24 1 0.0 77.80146115559728
24 1 0.0 77.78880506999644
24 1 0.0 77.56495362399517
24 1 0.0 77.48905092235566
24 1 0.0 76.951687210003
24 1 0.0 76.91151816280092
24 1 0.0 76.8788855055974
24 1 0.0 76.6279294799981
24 1 93.38579872090872 169.69304433000457
24 1 0.0 76.09917362999863
24 1 0.0 76.09491402800188
24 1 0.0 76.00819352001531
24 1 0.0 75.93417784560256
24 1 0.0 75.89165104000094
24 1 0.0 75.88768004000005
24 1 0.0 75.71582006000006
24 1 0.0 75.7031489200051
24 1 0.0 75.60612106266967
24 1 0.0 75.56437818410222
24 1 0.0 75.41516540399937
24 1 0.0 75.3682357320065
24 1 0.0 75.33733074160193
24 1 0.0 74.96177014049636
24 1 140.03112439400024 214.58300547960096
24 1 99.99056266000309 174.28887951998854
24 1 0.0 73.91531974969621
24 1 0.0 73.76718786998595
24 1 0.0 73.71828470999549
24 1 0.0 73.62451327999852
24 1 0.0 73.29252792600039
24 1 0.0 73.18371774000695
24 1 0.0 72.54655152160205
24 1 0.0 72.46055748999936
24 1 0.0 71.79639992649959
24 1 11.09440168950016 82.70698572320146
24 1 0.0 71.59278927182521
24 1 0.0 71.46093641000186
24 1 0.0 71.41694251469727
24 1 0.0 71.40849391969869
24 1 0.0 71.3550293324979
24 1 0.0 71.19982799999957
24 1 0.0 70.61931044349762
24 1 0.0 70.52206966210088
24 1 0.0 69.96684447149846
24 1 0.0 69.69259687640016
24 1 0.0 69.4676219799984
24 1 0.0 69.06421570517364
24 1 242.59548034997624 311.62494427998035
24 1 118.23622413000385 187.18430801999375
24 1 0.0 68.75440896999737
24 1 0.0 68.7095017199963
24 1 0.0 68.63522082510576
24 1 0.0 68.62602972309935
24 1 35.768665719996676 104.30851720000385
24 1 0.0 68.3091026328002
24 1 0.0 68.09043574300244
24 1 0.0 67.73730940998735
24 1 0.0 67.38305838359972
24 1 0.0 67.14691340310173
24 1 0.0 67.11333530359423
24 1 0.0 67.09282496000128
24 1 0.0 66.94480959250802
24 1 0.0 66.72141866989409
24 1 114.26788021679863 180.82777868970516
24 1 0.0 66.44279275689951
24 1 0.0 66.19484576000673
24 1 0.0 66.14316864000233
24 1 166.45145438999987 232.52317388998426
24 1 65.81218339109762 131.815103280394
24 1 0.0 65.99286912749506
24 1 0.0 65.73201142110207
24 1 0.0 65.29037035200156
24 1 0.0 65.01361925010337
24 1 0.0 64.91487003029783
24 1 0.0 64.91104351250533
24 1 0.0 64.7320726669036
24 1 0.0 64.3094046055997
24 1 20.282021039600465 84.1897284975023
24 1 692.4784518559718 756.2502233579983
24 1 0.0 63.42437121799833
24 1 0.0 63.282998026898895
24 1 0.0 63.23351555639147
24 1 11.114509229459486 74.0724008130581
24 1 0.0 62.90705671310167
24 1 0.0 62.51544220760587
24 1 0.0 62.254971759998725
24 1 0.0 62.2437575091007
24 1 24.79891673999157 86.72198863999927
24 1 166.8357364069093 228.49689296290035
24 1 15.704052886495845 76.97223880920018
24 1 0.0 60.983742739200466
24 1 0.0 60.809694546095216
24 1 0.0 60.56857964999085
24 1 0.0 60.287333768900226
24 1 7.111503485991648 66.80708163600502
24 1 0.0 59.61936686750022
24 1 0.0 59.13162176000276
24 1 0.0 58.97629549108888
24 1 0.0 58.84142625239906
24 1 0.0 58.48149419999956
24 1 30.797560710011112 89.0556179100123
24 1 0.0 58.09146894999961
24 1 0.0 57.52385485000025
24 1 0.0 57.21976722999926
24 1 0.0 57.09566589240001
24 1 0.0 57.08794678999698
24 1 0.0 56.978574900399764
24 1 0.0 56.81692707839443
24 1 0.0 56.75877424479802
24 1 0.0 56.63953811000806
24 1 0.0 56.52400003000548
24 1 5.478476913697307 61.938280275200555
24 1 56.9141161036016 113.22535063000396
24 1 0.0 56.07151915989803
24 1 0.0 56.07053092640399
24 1 137.5782649600049 193.60354771999957
24 1 0.0 55.95598038049923
24 1 0.0 55.62577515675605
24 1 47.55623018999131 103.08563490000256
24 1 188.25774804000207 243.4145637659957
24 1 0.0 55.01992514800395
24 1 0.0 54.86194045800562
24 1 0.0 54.77187281670217
24 1 0.0 54.59604344000422
24 1 0.0 54.251372090295945
24 1 0.0 53.97872448670216
24 1 0.0 53.97150108248741
24 1 0.0 53.61199463999748
24 1 0.0 53.30383591999862
24 1 18.250163744006272 71.45492273000173
24 1 0.0 53.0568849294998
24 1 0.0 52.86391309630716
24 1 0.0 52.61534919439873
24 1 0.0 52.3494802790467
24 1 0.0 52.168373879995215
24 1 0.0 52.11931242000284
24 1 0.0 51.8658869203
24 1 819.5449386246005 871.2062982495995
24 1 0.0 51.53721136000013
24 1 0.0 51.410757482011036
24 1 0.0 51.37172793799863
24 1 0.0 51.35380041799999
24 1 0.0 51.3498025454993
24 1 212.81323576999307 264.140698086004
24 1 0.0 51.21457475999807
24 1 0.0 50.735770920800036
24 1 0.0 50.45190387999506
24 1 0.0 50.40872704370099
24 1 0.0 50.35112491999661
24 1 0.0 50.305867759999416
24 1 116.12865015999637 166.2162857500009
24 1 0.0 49.37037807630588
24 1 0.0 49.04728966519747
24 1 0.0 48.71080006909921
24 1 0.0 48.61997475999618
24 1 0.0 48.200590489498836
24 1 0.0 48.1110393599879
24 1 6.518649299998458 54.59865676320106
24 1 0.0 48.0073861900064
24 1 0.0 46.94070757000168
24 1 0.0 46.829141352802935
24 1 0.0 46.798952074899944
24 1 0.0 46.69665259998692
24 1 0.0 46.59754348679752
24 1 0.0 46.59138039000078
24 1 0.0 46.549046415997054
24 1 0.0 46.54545743999006
24 1 0.0 46.45007895759136
24 1 0.0 46.27452492400448
24 1 0.0 46.266905246496435
24 1 0.0 46.209095419199855
24 1 0.0 46.02837144600301
24 1 0.0 45.89840904839855
24 1 0.0 45.59132571998771
24 1 0.0 45.13112595000496
24 1 0.0 44.795471009998664
24 1 0.0 44.533618583496036
24 1 0.0 44.38205446999763
24 1 0.0 44.09613015000525
24 1 0.0 44.035549919996924
24 1 0.0 43.95166534850168
24 1 0.0 43.41487199999051
24 1 0.0 43.41277466999844
24 1 0.0 43.28006271608672
24 1 0.0 43.166582770004936
24 1 0.0 43.081523620000524
24 1 0.0 43.07975584000101
24 1 0.0 42.99753381680023
24 1 0.0 42.59843351000086
24 1 0.0 42.587502039988294
24 1 0.0 42.50891349250878
24 1 0.0 42.4136243968004
24 1 196.0502862300175 238.2176840399825
24 1 0.0 41.74856160702558
24 1 0.0 41.580887710364095
24 1 0.0 41.524178715630455
24 1 0.0 41.371135270798845
24 1 22.835950199999274 64.11104063359954
24 1 4.966238375998245 46.16854935719968
24 1 72.41236615749904 113.40987796750323
24 1 0.0 40.98862807999353
24 1 24.515099418000318 64.97501803560033
24 1 0.0 40.38425314199793
24 1 0.0 39.93921783000698
24 1 0.0 39.88099288680121
24 1 0.0 39.66314411001349
24 1 0.0 39.644895669500585
24 1 0.0 39.564846839998836
24 1 43.86614581240292 83.33864905289897
24 1 78.97222620001003 118.4069933700057
24 1 0.0 39.204257654400635
24 1 0.0 39.11533864910052
24 1 0.0 38.81716046250172
24 1 368.8972243631931 407.5098028646911
24 1 0.0 38.361774346699804
24 1 0.0 38.31157098090034
24 1 0.0 38.25417945960339
24 1 0.0 38.239524549999715
24 1 0.0 37.98705440639995
24 1 0.0 37.33753268679993
24 1 139.82745118361254 177.14809978200037
24 1 0.0 36.819109015775894
24 1 0.0 36.66598482080087
24 1 0.0 36.65323767839675
24 1 0.0 36.4016708799997
24 1 0.0 36.14057661639981
24 1 0.0 35.99975410799925
24 1 0.0 35.875472507193194
24 1 0.0 35.422118221020966
24 1 0.0 35.195645849996254
24 1 0.0 35.13292060650073
24 1 0.0 34.813397107999435
24 1 0.0 34.6982282500212
24 1 0.0 34.6501237124063
24 1 0.0 34.461036409158396
24 1 0.0 33.91401273000463
24 1 0.0 33.7620348380008
24 1 0.0 33.59904490240274
24 1 33.19641770610416 66.68995600409721
24 1 23.01426914530407 56.068845820003844
24 1 0.0 32.89511786089844
24 1 32.027038937498276 64.69439106790122
24 1 0.0 32.507896264500005
24 1 0.0 32.4144455700241
24 1 0.0 32.22382503000631
24 1 0.0 32.079754950000506
24 1 0.0 31.904127880701253
24 1 0.0 31.831895170002298
24 1 0.0 31.652095170001303
24 1 0.0 31.28882268190216
24 1 326.1710852699912 357.2967830099956
24 1 21.410920520004197 51.8892545200049
24 1 0.0 30.310117942299144
24 1 6.994507372133967 36.3781597533125
24 1 0.0 29.33967872199662
24 1 0.0 29.22331035750409
24 1 29.113385139898924 58.303909471597876
24 1 0.0 29.16634316010959
24 1 0.0 29.062320022396108
24 1 0.0 29.02443025439311
24 1 0.0 29.014084720000085
24 1 0.0 28.95119199959686
24 1 0.0 28.924224101603386
24 1 0.0 28.90562622079915
24 1 0.0 28.818808543591558
24 1 24.922682390503468 53.738908431502296
24 1 0.0 28.718879985999507
24 1 0.0 28.331285302003835
24 1 3.533074087600937 31.655031747601925
24 1 17.60424296809896 45.26722555639509
24 1 0.0 27.52344280627483
24 1 0.0 27.2867197263989
24 1 0.0 27.169034547597846
24 1 0.0 27.105569214002344
24 1 0.0 26.572602409998183
24 1 0.0 26.447112790002564
24 1 0.0 25.846734380001692
24 1 0.0 25.597587550004448
24 1 0.0 25.523813800007986
24 1 0.0 25.29005996999615
24 1 49.05643873529891 74.24259050000006
24 1 0.0 24.85132563400066
24 1 0.0 24.741092016003364
24 1 0.0 24.67619364000541
24 1 120.89148204999674 145.16490912000768
24 1 0.0 24.264185909996854
24 1 0.0 24.253583149997837
24 1 0.0 24.128062819299885
24 1 0.0 24.113487650001105
24 1 0.0 24.01796072000144
24 1 30.052519519996963 54.060353130006376
24 1 0.0 23.95343484126488
24 1 0.0 23.866094799999246
24 1 0.0 23.414226724802347
24 1 8.94149967001158 31.971690859993487
24 1 0.0 22.934440629993333
24 1 0.0 22.83069020200037
24 1 0.0 22.802939650002415
24 1 0.0 22.576628747504856
24 1 21.976960331999976 44.484649645198715
24 1 98.94337937080252 121.15961896920047
24 1 0.0 22.153781272897845
24 1 8.917730720902682 30.848211690003495
24 1 0.0 21.887994649995335
24 1 11.017919462098462 32.83236329510635
24 1 0.0 21.772706320000452
24 1 0.0 21.75158086360807
24 1 82.23503385599884 103.96747660079973
24 1 19.990434805996017 41.70072001279141
24 1 0.0 21.459499347098472
24 1 197.3898691099921 218.8328290800241
24 1 0.0 21.02354424439551
24 1 89.05812587999995 110.03503228000002
24 1 0.0 20.910282609901287
24 1 0.0 20.849762160001355
24 1 0.0 20.843101400003206
24 1 0.0 20.629287456398515
24 1 0.0 20.614910400000554
24 1 37.285349450010585 57.8707509199981
24 1 163.6884555753004 184.06550195199713
24 1 26.804997421997314 47.06563752119939
24 1 0.0 20.26016308159933
24 1 0.0 20.139222111340302
24 1 0.0 19.802239920009015
24 1 330.4110026299795 350.05790781200074
24 1 0.0797497272722012 19.663618034564422
24 1 0.0 19.410834864100195
24 1 42.67120547000377 62.02553865000243
24 1 0.0 19.34701193896035
24 1 0.0 19.2471649600119
24 1 0.0 19.102849500497427
24 1 0.0 19.084569215998727
24 1 0.0 18.968474000004562
24 1 0.0 18.85123243489778
24 1 64.8357431399989 83.51731981250248
24 1 0.0 18.47662862520201
24 1 0.0 18.455679341601254
24 1 63.80921648000094 81.90407483000087
24 1 0.0 17.946638118396436
24 1 104.88295264760171 122.78953945350196
24 1 0.0 17.373653546701064
24 1 0.0 17.06218170999955
24 1 0.0 16.900769730013565
24 1 0.0 16.847854192500336
24 1 12.882917678900384 29.596111620300476
24 1 52.03991594000627 68.64064688000462
24 1 0.0 16.58494094677144
24 1 5.435980290003215 21.709245559996248
24 1 0.0 15.542812879280902
24 1 0.0 15.520345635494891
24 1 46.28547019520056 61.60213490489902
24 1 0.0 15.299778595192493
24 1 0.0 15.08628470069334
24 1 0.0 14.974564205602519
24 1 0.0 14.924089494103157
24 1 614.1657123860002 628.9355114039959
24 1 0.0 14.759135782500351
24 1 0.0 14.733454066800107
24 1 64.27085489919682 78.88655449719909
24 1 0.0 14.249016940805177
24 1 22.497242769604327 36.738960254401974
24 1 0.0 14.147934367599873
24 1 0.0 14.102212559999828
24 1 0.0 14.002393450001051
24 1 0.0 13.962423828000283
24 1 0.0 13.796066320002694
24 1 0.0 13.697711822398901
24 1 0.0 13.686720182392662
24 1 0.0 13.54900600879779
24 1 138.58561501000565 152.0968942459993
24 1 20.46322538250331 33.81648581989975
24 1 0.0 12.871623545206432
24 1 0.0 12.859842162897806
24 1 0.0 12.840533146900782
24 1 0.0 12.79012048750235
24 1 119.70152230800562 132.14280937600375
24 1 0.0 12.42677962000191
24 1 0.0 12.303439839893514
24 1 0.0 12.177890550004406
24 1 0.0 12.137690507998968
24 1 0.0 12.089567599997366
24 1 0.0 11.891510731600988
24 1 0.0 11.320304741599557
24 1 0.0 11.29810615431029
24 1 42.27501029379846 53.510012995199645
24 1 0.0 11.100941540001429
24 1 0.0 11.096207900000536
24 1 0.0 11.065392615496307
24 1 0.0 10.932399415460168
24 1 0.0 10.56293019599866
24 1 0.0 10.338602099992556
24 1 0.0 9.97776629975499
24 1 0.0 9.851153070008422
24 1 0.0 9.755436654501466
24 1 0.0 9.71467030000747
24 1 0.0 9.665627587200817
24 1 22.445518462297912 31.55632570400303
24 1 0.0 9.02521728000292
24 1 0.0 8.99106479000784
24 1 0.0 8.890068960000804
24 1 0.0 8.767907089998715
24 1 0.0 8.513786270003237
24 1 0.0 8.364510940799107
24 1 0.0 8.302350026005229
24 1 62.10356172592708 70.14822309532548
24 1 0.0 8.040003960013337
24 1 0.0 7.865145519602223
24 1 136.59203978999983 144.24664615998688
24 1 0.0 7.435181529998488
24 1 274.8848017297081 282.25053217650463
24 1 0.0 7.177779162505431
24 1 51.438253277998456 58.604993640002505
24 1 0.0 6.946059989998332
24 1 0.0 6.811768196297862
24 1 0.0 6.765855379571292
24 1 0.0 6.25420401269912
24 1 8.618076387199409 14.771999744300388
24 1 0.0 6.111568217502054
24 1 54.64803269812023 60.580380223710335
24 1 0.0 5.4653696137017675
24 1 0.0 5.278578509997317
24 1 47.86378239999203 52.986922389989786
24 1 0.0 5.094076919999168
24 1 0.0 4.920746336389584
24 1 0.0 4.75586427790131
24 1 0.0 4.4433205981018205
24 1 0.0 4.29188211000519
24 1 7.209512599994127 11.287436280003476
24 1 9.296502080001062 13.014241549998644
24 1 287.2293851651948 290.6761858651985
24 1 0.0 3.319620400002691
24 1 0.0 3.26466800000037
24 1 0.0 3.1397329807921324
24 1 0.0 3.0448801040024307
24 1 0.0 2.901790499997446
24 1 0.0 2.476176637093886
24 1 0.0 1.9334638500041024
24 1 0.0 1.9311108100028775
24 1 0.0 1.0199713024007906
24 1 0.0 0.8844647225019457
24 1 0.0 0.8205874284028596
24 1 0.0 0.5412587426887967
24 1 144.98440962000166 145.46544003000832
24 1 0.0 0.2608431064004435
24 1 0.0 0.23526887280479514
24 1 0.0 0.19024608000091803
24 0 0.0 inf
# COVID_SAMPLE_19_ROI_1
25 1 0.0 12302.450916067262
25 1 0.0 10396.684565173211
25 1 0.0 9608.249232740001
25 1 0.0 8608.938112792799
25 1 0.0 6738.652981475105
25 1 0.0 5504.350608753199
25 1 0.0 4781.164157997597
25 1 0.0 4435.790367352003
25 1 0.0 4216.700851521739
25 1 0.0 4207.6253844540015
25 1 0.0 4144.353815600901
25 1 0.0 3982.0576255580017
25 1 0.0 3764.1209351499974
25 1 0.0 3725.997227252496
25 1 0.0 3426.380035042118
25 1 0.0 3256.8567336945007
25 1 0.0 3238.826918190007
25 1 0.0 3137.5627461237077
25 1 0.0 3090.9151180387726
25 1 0.0 2925.647972335908
25 1 0.0 2820.124871715563
25 1 0.0 2742.3219820679897
25 1 0.0 2626.854607665592
25 1 0.0 2564.3666039834998
25 1 0.0 2541.7219300734987
25 1 0.0 2503.237792365484
25 1 0.0 2478.4255501266953
25 1 0.0 2334.7582321184964
25 1 2147.721028876008 4469.99636932001
25 1 0.0 2299.4091107296044
25 1 0.0 2221.8683006735932
25 1 0.0 2181.6258773418044
25 1 483.15499733250385 2630.187712862099
25 1 0.0 2144.706534377119
25 1 0.0 2106.235923917489
25 1 0.0 2105.0191435926745
25 1 0.0 2084.6023033003544
25 1 0.0 2060.1874929818964
25 1 0.0 2041.5291436700077
25 1 42.951957990002484 2042.121829609997
25 1 0.0 1942.9605526032028
25 1 0.0 1935.8006060642801
25 1 0.0 1912.1769962499875
25 1 0.0 1902.6040170612962
25 1 0.0 1847.4833460901114
25 1 0.0 1780.3203867199973
25 1 0.0 1730.2376319839937
25 1 0.0 1728.0633207800133
25 1 0.0 1721.9732193664804
25 1 14.637321497520588 1643.6079233124974
25 1 0.0 1618.1855096443912
25 1 0.0 1581.4726306974903
25 1 1307.5362785161133 2886.7416555505024
25 1 0.0 1533.0902065900164
25 1 0.0 1501.4337646074778
25 1 0.0 1487.1228987524928
25 1 0.0 1449.6267462567198
25 1 53.83913143509858 1486.9837951533027
25 1 0.0 1407.4294561875004
25 1 0.0 1401.5552791900072
25 1 0.0 1396.5008102200109
25 1 0.0 1388.0084139323799
25 1 527.5570873450976 1833.4580816587982
25 1 0.0 1272.2431326824658
25 1 0.0 1256.326986095983
25 1 0.0 1210.7941711870885
25 1 0.0 1189.172142989999
25 1 0.0 1174.7199844500042
25 1 0.0 1169.5576657419492
25 1 0.0 1156.938152582402
25 1 0.0 1143.038089578017
25 1 0.0 1103.2273512620031
25 1 0.0 1101.1259453594982
25 1 0.0 1091.2470304007986
25 1 0.0 1091.1927602359958
25 1 32.50419382439918 1113.414865700085
25 1 135.8743495368169 1213.5731367500307
25 1 0.0 1062.6702392539955
25 1 0.0 1056.735605657439
25 1 0.0 1043.6416953164785
25 1 0.0 1028.5987922444158
25 1 0.0 1002.2260989215804
25 1 0.0 1000.3558779500045
25 1 0.0 991.5530636885103
25 1 0.0 984.4678048984019
25 1 275.6794345184999 1258.702148024389
25 1 0.0 969.0371063514955
25 1 0.0 966.2858053148102
25 1 0.0 937.4420091423603
25 1 0.0 937.209238045602
25 1 0.0 931.0336635876101
25 1 0.0 930.1089802500026
25 1 0.0 924.7879249574996
25 1 0.0 923.9079368408404
25 1 0.0 917.5933505199732
25 1 36.074368483201624 924.0378234652085
25 1 428.53958809479957 1312.6322080948048
25 1 0.0 870.4944737924639
25 1 14909.136205039991 15778.243441617202
25 1 0.0 865.6368001023923
25 1 0.0 855.1237374660736
25 1 0.0 848.2878588800122
25 1 0.0 843.8540503020354
25 1 0.0 824.6666368240103
25 1 0.0 803.7340856504038
25 1 0.0 801.489780191986
25 1 0.0 793.7656422911997
25 1 0.0 787.8456691299784
25 1 0.0 783.5473567364114
25 1 0.0 781.439006984413
25 1 0.0 780.9528186016139
25 1 0.0 780.183172525492
25 1 0.0 765.9233582667956
25 1 0.0 765.6630498939002
25 1 0.0 765.2905011537182
25 1 0.0 765.1269889499852
25 1 0.0 757.0087515150818
25 1 0.0 755.8969233199923
25 1 0.0 755.4251373045006
25 1 0.0 753.0501151628978
25 1 0.0 752.0719609425012
25 1 0.0 750.496714662902
25 1 0.0 750.3251551248103
25 1 0.0 746.2148118636004
25 1 0.0 742.7815703076233
25 1 0.0 739.9895652000091
25 1 427.4575636986965 1165.7867071380115
25 1 0.0 737.9184045136005
25 1 0.0 726.787238309975
25 1 0.0 713.509864198434
25 1 0.0 713.2775801600022
25 1 0.0 710.8677953099909
25 1 0.0 709.4808087008959
25 1 0.0 703.9387806400177
25 1 0.0 702.6163134499902
25 1 0.0 701.9004668765069
25 1 0.0 687.6137819952005
25 1 0.0 683.8479857679984
25 1 0.0 681.9700543574484
25 1 0.0 678.4780093755921
25 1 0.0 676.2790625925354
25 1 0.0 673.2796316464946
25 1 0.0 671.8158945616865
25 1 0.0 664.6535012784052
25 1 0.0 659.7742693349041
25 1 0.0 658.5270130199897
25 1 0.0 652.4864016276707
25 1 0.0 652.1774135915743
25 1 0.0 643.8658308399927
25 1 0.0 642.7648993728021
25 1 0.0 636.2121673580123
25 1 0.0 634.4398992058905
25 1 0.0 633.270826870398
25 1 0.0 630.0425684255802
25 1 0.0 627.6274047774999
25 1 13.813525319987775 640.1942100936062
25 1 0.0 619.8729854099909
25 1 0.0 617.5968886799906
25 1 0.0 617.5089633815991
25 1 0.0 617.1197545754945
25 1 0.0 607.4132976316046
25 1 0.0 603.8309060524853
25 1 0.0 603.1326449729993
25 1 2486.26451436601 3075.6040199467043
25 1 0.0 588.6571757500024
25 1 0.0 586.3655915652075
25 1 0.0 584.2519077060008
25 1 292.9846055999933 876.6832688174964
25 1 0.0 579.550114684367
25 1 0.0 579.285876835504
25 1 0.0 576.0515417084152
25 1 0.0 573.3355249043632
25 1 0.0 570.0654679843991
25 1 0.0 567.3762023100103
25 1 0.0 566.0380669135891
25 1 0.0 564.4132373175163
25 1 0.0 563.5073345959975
25 1 0.0 562.6019826164261
25 1 234.72399673040127 797.0039297499925
25 1 0.0 561.1210522316119
25 1 0.0 558.8794555767986
25 1 0.0 558.4487018699974
25 1 0.0 557.2880534324852
25 1 0.0 555.0003808820204
25 1 15.912751440014972 570.0705014400145
25 1 0.0 547.3350030800116
25 1 0.0 546.3638575199893
25 1 0.0 546.1209766952986
25 1 0.0 544.9009800000003
25 1 0.0 544.2581883632256
25 1 0.0 541.4912797539852
25 1 0.0 541.3330455573091
25 1 0.0 541.2000121668048
25 1 0.0 540.4183317428137
25 1 0.0 537.8895010595191
25 1 0.0 537.4418427499909
25 1 0.0 536.0601412319829
25 1 0.0 534.7864054549099
25 1 0.0 532.8890509554944
25 1 452.9764958889159 975.2586212500219
25 1 0.0 521.9199760402987
25 1 0.0 520.4295337781
25 1 0.0 520.3503285008102
25 1 0.0 517.1948852349096
25 1 0.0 515.1509280283998
25 1 0.0 511.73923460450305
25 1 0.0 510.72620619360714
25 1 0.0 509.8390655134648
25 1 0.0 504.8537516755895
25 1 145.4388887104078 648.5212132504098
25 1 0.0 502.9696193266391
25 1 0.0 502.7282650799889
25 1 0.0 501.56156615751354
25 1 0.0 499.8436525499883
25 1 0.0 498.3799562004019
25 1 0.0 496.3709404083032
25 1 0.0 493.6394240414993
25 1 0.0 493.202721356113
25 1 0.0 491.75924374250326
25 1 0.0 491.3662092299829
25 1 0.0 491.35014346198386
25 1 0.0 488.29630240040706
25 1 0.0 487.34773484750895
25 1 0.0 487.23961460800183
25 1 0.0 485.33312006111737
25 1 0.0 485.2346714292055
25 1 0.0 482.1726912755598
25 1 1370.9402374470988 1851.021448307199
25 1 0.0 477.80236651050006
25 1 0.0 477.67037561348934
25 1 0.0 477.1125018750961
25 1 0.0 476.73826899840185
25 1 0.0 475.73848787039617
25 1 0.0 474.13737577640086
25 1 0.0 473.5282361664031
25 1 0.0 471.64650758398284
25 1 0.0 471.2348138207017
25 1 0.0 469.6806058174275
25 1 0.0 469.36295020999364
25 1 0.0 466.90077367120386
25 1 0.0 466.2210785584939
25 1 0.0 462.99790555998084
25 1 147.07259919679655 608.4151080095994
25 1 74.34816406486289 534.0290010196479
25 1 0.0 459.103550900448
25 1 0.0 456.22253127839804
25 1 0.0 454.47992561159936
25 1 0.0 454.1515714415593
25 1 0.0 452.2837677323944
25 1 0.0 451.0627692413141
25 1 0.0 448.90744848989675
25 1 0.0 446.7555407101054
25 1 0.0 445.5065187988
25 1 0.0 444.4230754132018
25 1 0.0 443.53725036924175
25 1 0.0 442.9992064640131
25 1 0.0 442.7731610399753
25 1 0.0 440.15036052200037
25 1 738.5963423200346 1175.8651397108906
25 1 0.0 436.62200781629826
25 1 0.0 436.58998073249586
25 1 0.0 436.30456462152205
25 1 0.0 434.35626124598025
25 1 0.0 430.4579633427718
25 1 0.0 430.02836147999403
25 1 0.0 428.55804397320594
25 1 54.51427327998954 482.7611102671708
25 1 18.687058513400814 444.12139317189565
25 1 0.0 425.0043979520033
25 1 0.0 423.7533693273002
25 1 0.0 423.66581711000595
25 1 0.0 423.40879177359557
25 1 0.0 422.97167064659806
25 1 0.0 422.7909404303948
25 1 0.0 422.4820091108809
25 1 0.0 420.18685472876825
25 1 169.73553060329823 588.7704622347934
25 1 0.0 418.6755829500107
25 1 0.0 418.40654084510516
25 1 0.0 417.9342252885058
25 1 0.0 416.8893066700035
25 1 0.0 416.63426164089947
25 1 0.0 414.47936118789914
25 1 0.0 414.0770047784997
25 1 0.0 413.7458848470859
25 1 0.0 413.0597331655923
25 1 0.0 411.595011750498
25 1 0.0 409.6634881100101
25 1 0.0 406.6803706463926
25 1 0.0 406.4760662399717
25 1 0.0 406.0562227719038
25 1 0.0 405.26008328160106
25 1 8.535340884805464 413.09244420223956
25 1 0.0 400.6682738676056
25 1 0.0 399.42200307790404
25 1 0.0 393.292842783997
25 1 0.0 392.4337105099819
25 1 0.0 392.3128187459927
25 1 0.0 390.76207192000595
25 1 0.0 389.22371802600105
25 1 0.0 387.47297684960995
25 1 0.0 385.3102911825076
25 1 0.0 385.0630880864933
25 1 0.0 384.2572723231217
25 1 0.0 382.3147508164019
25 1 0.0 381.8071320690989
25 1 0.0 381.4324368990899
25 1 0.0 380.8495304800066
25 1 0.0 380.6586746099979
25 1 0.0 380.06414177749366
25 1 0.0 377.5343362644039
25 1 0.0 377.3115902815912
25 1 0.0 376.03907411437376
25 1 0.0 374.5646636299998
25 1 0.0 373.4747849375919
25 1 0.0 373.1284098536971
25 1 0.0 372.11300704638074
25 1 0.0 371.1022212599987
25 1 0.0 369.880447424011
25 1 0.0 369.6077651471993
25 1 0.0 368.97871704310273
25 1 0.0 367.52658104752595
25 1 0.0 367.06516261313095
25 1 0.0 366.53191668000295
25 1 0.0 366.325758603296
25 1 0.0 365.26950463749426
25 1 0.0 364.98003310029253
25 1 0.0 364.46330782200107
25 1 0.0 363.5621109153162
25 1 0.0 362.92632332909534
25 1 0.0 362.17877781489574
25 1 0.0 362.1135976874874
25 1 0.0 359.7411393375139
25 1 0.0 359.33863843690915
25 1 0.0 359.16249209747775
25 1 0.0 356.8484189663917
25 1 0.0 356.0172084374975
25 1 0.0 355.96786000689576
25 1 0.0 355.8031200445025
25 1 0.0 353.4511282300075
25 1 0.0 353.40173322000965
25 1 0.0 352.98154142710223
25 1 0.0 351.2919170484945
25 1 0.0 351.20619030001274
25 1 0.0 351.13923784840927
25 1 0.0 351.110588313099
25 1 0.0 350.1764453139965
25 1 0.0 350.1037212075066
25 1 0.0 349.83459438001717
25 1 0.0 349.28417760990305
25 1 0.0 349.08020681289247
25 1 0.0 347.2831123163985
25 1 0.0 347.11074482930076
25 1 0.0 346.72063117599464
25 1 177.6878580675857 523.8515397711836
25 1 0.0 345.13032776000136
25 1 0.0 343.3299878617488
25 1 0.0 342.80187542999295
25 1 0.0 340.8013313899861
25 1 0.0 339.0078897401909
25 1 0.0 338.884177219496
25 1 1282.0223345249046 1620.7277635275095
25 1 0.0 337.4584770099948
25 1 0.0 336.86744789249315
25 1 0.0 336.65124536129974
25 1 0.0 335.9290955579927
25 1 0.0 334.91254015400114
25 1 0.0 333.76548935001165
25 1 0.0 332.6519964900092
25 1 0.0 332.21861362999175
25 1 0.0 331.65045432961824
25 1 0.0 330.92212255250433
25 1 180.28745389239725 509.5340828140962
25 1 0.0 327.68309244840214
25 1 0.0 325.9937061800075
25 1 0.0 324.7180988908932
25 1 0.0 324.689023124379
25 1 0.0 324.1858439799971
25 1 0.0 323.9939451799876
25 1 603.2432144316044 926.8395821062998
25 1 0.0 323.5362974107967
25 1 0.0 322.9028275749033
25 1 0.0 320.9750163339986
25 1 0.0 320.26046357940163
25 1 0.0 319.596346152181
25 1 0.0 319.46077083208615
25 1 0.0 317.83835906909894
25 1 0.0 317.7858483028026
25 1 0.0 317.2864267700934
25 1 269.1987876648021 584.4947436159001
25 1 0.0 314.4112458333161
25 1 0.0 312.60094589287473
25 1 0.0 312.38281581750095
25 1 0.0 312.042111987776
25 1 0.0 311.126370095599
25 1 0.0 310.3007329568999
25 1 0.0 309.44181424170733
25 1 0.0 308.2585566999978
25 1 0.0 307.80131595399735
25 1 0.0 304.65006720359884
25 1 0.0 304.44284080640546
25 1 0.0 304.2688131459048
25 1 0.0 303.93766962360667
25 1 0.0 303.83146484990175
25 1 0.0 303.7719012252968
25 1 0.0 303.7667816700066
25 1 0.0 303.10540238598855
25 1 0.0 302.7099905736105
25 1 0.0 301.62074281246873
25 1 0.0 300.3754194890025
25 1 0.0 298.9409378044195
25 1 0.0 298.43512560020145
25 1 0.0 296.95554432001063
25 1 0.0 296.072038462489
25 1 0.0 295.6369991475085
25 1 0.0 295.3793915724318
25 1 0.0 294.88007804290714
25 1 111.29127177599764 405.59299756160385
25 1 0.0 294.07102164749654
25 1 6.914619952018711 299.5542863460041
25 1 0.0 292.36383321000744
25 1 0.0 291.7570159027964
25 1 0.0 291.56324127001426
25 1 0.0 291.07310265360854
25 1 338.71905015458196 629.5799538817976
25 1 0.0 290.4574635124919
25 1 0.0 289.8351911100042
25 1 0.0 289.3704737000025
25 1 0.0 288.872452862416
25 1 0.0 288.83906302889875
25 1 0.0 288.32869880001425
25 1 0.0 286.8247615606954
25 1 0.0 285.3207920119946
25 1 0.0 284.78719427751116
25 1 0.0 284.10910064999507
25 1 0.0 283.9938878999942
25 1 0.0 283.9238234856989
25 1 0.0 283.4646584424919
25 1 0.0 283.2022847840053
25 1 0.0 282.85146260159104
25 1 0.0 282.650032032499
25 1 0.0 282.3328468727029
25 1 0.0 281.5984742374992
25 1 0.0 280.63022287760896
25 1 0.0 279.24323654049977
25 1 126.73121113470006 404.7528763543012
25 1 0.0 277.0201103404049
25 1 0.0 276.9405179172986
25 1 0.0 276.743979788499
25 1 0.0 276.236075491997
25 1 0.0 276.1395784139957
25 1 0.0 276.01653043249325
25 1 0.0 275.58852649948403
25 1 4.788930407299517 280.2833688674946
25 1 0.0 272.85074690000397
25 1 0.0 272.3853036752066
25 1 0.0 272.0813234305599
25 1 42.80507037388952 314.5918999243961
25 1 0.0 271.31274067038566
25 1 0.0 269.25382123888903
25 1 103.35512469249102 372.40106629001775
25 1 0.0 268.4604190475809
25 1 0.0 268.0941706645017
25 1 0.0 267.91771106999454
25 1 0.0 267.86893525649805
25 1 0.0 267.03905759830195
25 1 0.0 265.78560756000167
25 1 0.0 263.3857525500339
25 1 0.0 262.48753249449487
25 1 0.0 261.79970137120335
25 1 63.74596190334205 325.0443391637416
25 1 0.0 261.253318321601
25 1 0.0 259.0813484425004
25 1 0.0 258.3562794935872
25 1 0.0 258.32399071559666
25 1 16.39289314679752 274.6800024847947
25 1 0.0 258.1005199744077
25 1 0.0 258.04383502800897
25 1 0.0 257.72117000000526
25 1 0.0 256.46554104799134
25 1 0.0 256.22050802798526
25 1 0.0 255.5255396064083
25 1 0.0 255.33488174559693
25 1 0.0 255.29336447599985
25 1 0.0 255.09724988520054
25 1 0.0 255.01226588910345
25 1 0.0 253.99971825599596
25 1 258.2234886768001 512.1387646454466
25 1 197.43878460409815 450.7847841526982
25 1 0.0 252.52269884199347
25 1 0.0 251.6100129025009
25 1 0.0 250.6556350000012
25 1 0.0 250.12119555000186
25 1 0.0 249.21045512852265
25 1 0.0 249.0701311200071
25 1 0.0 248.70960860000287
25 1 0.0 248.6161686903995
25 1 0.0 247.99910547639934
25 1 0.0 247.96082802240448
25 1 0.0 246.4416296623872
25 1 0.0 246.39434041200207
25 1 0.0 245.85119300999713
25 1 0.0 245.738798747303
25 1 284.1932213474922 529.4662542284987
25 1 0.0 245.02562773559532
25 1 0.0 244.52550337000906
25 1 0.0 244.40034277199663
25 1 0.0 244.39891232610103
25 1 0.0 244.2914843136847
25 1 0.0 243.83873064639906
25 1 0.0 243.79414700251436
25 1 0.0 243.75433230749354
25 1 0.0 243.6164061156011
25 1 0.0 243.018520768641
25 1 0.0 240.87275883000416
25 1 0.0 240.752841686691
25 1 0.0 240.13609985930103
25 1 0.0 240.06680258360166
25 1 0.0 239.47588919600219
25 1 0.0 239.45056603550984
25 1 0.0 238.69345583748435
25 1 0.0 237.15363397070138
25 1 0.0 236.62076225001147
25 1 0.0 235.196010185999
25 1 0.0 235.00523475929867
25 1 0.0 234.24651862469045
25 1 0.0 232.8441268300046
25 1 0.0 232.59362856389976
25 1 0.0 232.08467973469976
25 1 0.0 231.92184086079726
25 1 0.0 230.24185742945042
25 1 0.0 230.0722577300004
25 1 0.0 229.5722132680071
25 1 0.0 229.3193008959887
25 1 351.2758599768372 580.1710275161564
25 1 0.0 228.81806189000736
25 1 308.02460435399576 536.3282884559937
25 1 0.0 227.8716008015117
25 1 0.0 227.81436097750316
25 1 0.0 227.76165391490122
25 1 0.0 227.69376637439836
25 1 0.0 227.56496262999406
25 1 0.0 227.27074198869843
25 1 0.0 226.4042259499986
25 1 0.0 226.31535441839708
25 1 0.0 226.09787631750544
25 1 0.0 226.01230467200128
25 1 0.0 225.58118002480035
25 1 0.0 225.16980806090072
25 1 0.0 225.0306601425002
25 1 433.97769404609653 658.3493996132029
25 1 0.0 224.0081238380185
25 1 0.0 223.89033824799867
25 1 0.0 223.71826437371135
25 1 0.0 223.43277289389835
25 1 411.63163706488933 634.9478351246828
25 1 0.0 222.9182651072998
25 1 0.0 222.90783923509798
25 1 0.0 222.9040441600265
25 1 0.0 222.19858656001975
25 1 0.0 222.00617077823358
25 1 0.0 221.64908471839686
25 1 0.0 221.42934136749295
25 1 60.360998379102796 281.5989362902025
25 1 0.0 220.55373693999968
25 1 0.0 220.39546802529844
25 1 0.0 220.01016166239333
25 1 0.0 218.7635916100462
25 1 0.0 218.2748487700004
25 1 0.0 218.2417351284039
25 1 0.0 217.36650357610483
25 1 140.22604010398572 357.3678275532043
25 1 0.0 216.99950310118675
25 1 0.0 216.8457527975147
25 1 0.0 216.77208261635224
25 1 0.0 215.84815179959833
25 1 0.0 215.67451820210013
25 1 0.0 214.75207035000363
25 1 0.0 214.15215427999385
25 1 0.0 213.39526623009954
25 1 0.0 212.59167333958965
25 1 0.0 212.12691616289294
25 1 0.0 212.06054973000482
25 1 0.0 212.05408561990174
25 1 0.0 211.99633122610965
25 1 0.0 211.98857346557907
25 1 0.0 210.53301930696233
25 1 0.0 210.52636882090155
25 1 0.0 209.95467780441743
25 1 0.0 209.76278894640245
25 1 0.0 209.50960299137273
25 1 116.38146466039836 325.87456421999923
25 1 0.0 209.40683631249772
25 1 0.0 208.9944695100047
25 1 0.0 208.89309545259653
25 1 0.0 208.87543264050066
25 1 0.0 208.2538893774779
25 1 0.0 208.16910991029908
25 1 0.0 208.00444420000252
25 1 44.34006537559776 251.80927682401187
25 1 74.4408165900063 281.100455844909
25 1 0.0 206.6000264912957
25 1 0.0 206.08124346753402
25 1 0.0 205.9483536171076
25 1 0.0 205.71949002039923
25 1 153.13397004698277 358.37863304499194
25 1 0.0 205.002782725609
25 1 0.0 204.94307432150305
25 1 0.0 204.51407226560326
25 1 0.0 204.29847849158477
25 1 0.0 203.33280610400323
25 1 0.0 202.91880954959947
25 1 0.0 201.5739731076128
25 1 0.0 201.43099908567285
25 1 0.0 201.17257381439617
25 1 234.3655379315769 434.91318623999496
25 1 0.0 199.7994848853051
25 1 0.0 199.7789966799844
25 1 0.0 199.51180844548992
25 1 0.0 199.10319152762656
25 1 0.0 198.6812305091958
25 1 0.0 198.3692713275086
25 1 0.0 196.66908758519935
25 1 0.0 196.2569951600051
25 1 0.0 195.9831552840974
25 1 0.0 195.91313646130058
25 1 0.0 195.85067852890484
25 1 0.0 195.61262947189402
25 1 0.0 195.04346863748333
25 1 0.0 194.41513514640246
25 1 0.0 193.80954951801414
25 1 0.0 193.76163529240057
25 1 0.0 193.54712661937958
25 1 0.0 193.07883536750023
25 1 0.0 192.70902931999922
25 1 0.0 192.63916349559423
25 1 0.0 191.84605365079642
25 1 155.20819563051418 346.2177247659016
25 1 0.0 191.0062518815837
25 1 0.0 190.63869230558936
25 1 0.0 190.54557544239947
25 1 0.0 190.44528727749343
25 1 0.0 189.97519935999617
25 1 0.0 188.76924451951044
25 1 0.0 188.68359119999673
25 1 0.0 188.34668368161465
25 1 0.0 188.13265063995914
25 1 0.0 187.51164183109586
25 1 225.56842276189786 412.9412565383975
25 1 0.0 186.613336900003
25 1 0.0 186.58927968250748
25 1 0.0 186.10459530470553
25 1 0.0 184.0819020000024
25 1 0.0 183.91040010001143
25 1 0.0 183.019809741063
25 1 0.0 182.8008076099784
25 1 0.0 182.31622012519767
25 1 0.0 182.3007329896359
25 1 0.0 181.8001923299911
25 1 0.0 181.7590133612041
25 1 0.0 180.61342052357838
25 1 159.79778999350992 340.24328848199707
25 1 0.0 179.7977460800048
25 1 0.0 179.71292898999855
25 1 0.0 179.21918089998212
25 1 0.0 177.85791227999914
25 1 0.0 177.73572325026907
25 1 0.0 177.58509174398367
25 1 0.0 177.31462661959904
25 1 0.0 177.21979663600064
25 1 0.0 176.4227138734957
25 1 0.0 176.01752967519505
25 1 0.0 175.4318058005017
25 1 0.0 175.23471017599172
25 1 0.0 175.18470033642075
25 1 0.0 174.9388630508987
25 1 0.0 174.81664387239255
25 1 0.0 174.74842805369718
25 1 0.0 173.68729792000715
25 1 0.0 172.68946725120102
25 1 0.0 172.35331758999405
25 1 30.803766021800584 202.56868376540274
25 1 0.0 171.64507533749043
25 1 0.0 170.93608445865732
25 1 133.7621004083934 304.1377486760971
25 1 0.0 170.00010440762026
25 1 0.0 169.1258688043922
25 1 0.0 168.48799694000968
25 1 0.0 168.46890407801402
25 1 0.0 168.46079495038614
25 1 0.0 167.82049453008835
25 1 0.0 167.76114050407432
25 1 0.0 167.60493804711177
25 1 1.8121540819847723 169.23322540800018
25 1 0.0 167.25550987290924
25 1 85.03973134000807 250.9688809200261
25 1 51.483297011568766 217.1827883230776
25 1 0.0 165.38941444800332
25 1 0.0 165.3405780200079
25 1 0.0 165.2198737584108
25 1 3.1829510447967664 168.2983949579995
25 1 0.0 164.88704680000137
25 1 0.0 164.5103343818979
25 1 0.0 164.4179479974938
25 1 0.0 164.3442773506373
25 1 0.0 164.3252994800016
25 1 0.0 164.17742931050873
25 1 0.0 163.93607512040478
25 1 0.0 163.67177566369605
25 1 0.0 163.29908647560615
25 1 0.0 163.11367378250884
25 1 0.0 162.92304705000151
25 1 0.0 162.57682237001075
25 1 0.0 162.57541524640328
25 1 0.0 162.54664681319514
25 1 78.58204139220561 240.83891150979804
25 1 0.0 162.0997668114935
25 1 91.11223608996784 253.18712071251957
25 1 0.0 161.73816576761556
25 1 0.0 161.52470193561476
25 1 0.0 161.52456816999415
25 1 0.0 161.42291459999797
25 1 0.0 161.323207714511
25 1 0.0 161.26986197559313
25 1 2.5139842747328203 163.44592542427938
25 1 0.0 160.7594351435996
25 1 0.0 160.63364659200715
25 1 0.0 159.86134286839962
25 1 0.0 159.84742299639345
25 1 0.0 158.8585991591957
25 1 0.0 158.5785533617992
25 1 0.0 157.77384001150233
25 1 0.0 157.6860582156022
25 1 0.0 157.09513319879545
25 1 0.0 156.43781949481672
25 1 12.136079330898497 168.15278267669873
25 1 0.0 155.60412949359647
25 1 0.0 155.5533436720052
25 1 158.86660281039883 314.32965655889836
25 1 0.0 155.28801785000644
25 1 0.0 155.1690439500004
25 1 0.0 154.96536487048957
25 1 0.0 154.8748084350609
25 1 0.0 154.8563994295082
25 1 0.0 154.81182357000168
25 1 0.0 154.60657294640146
25 1 0.0 152.46613395996496
25 1 0.0 151.5829215400047
25 1 0.0 150.86826780751085
25 1 0.0 150.85807975409534
25 1 0.0 150.82491508999055
25 1 0.0 150.57949821360103
25 1 0.0 150.4622324527927
25 1 0.0 150.136206829995
25 1 0.0 149.56496503358903
25 1 0.0 149.2542935875971
25 1 0.0 148.99403116536735
25 1 0.0 148.7657678490997
25 1 0.0 148.43031533439466
25 1 0.0 147.4673625776079
25 1 0.0 146.7673780887975
25 1 0.0 146.42843436249757
25 1 0.0 146.10579830148822
25 1 0.0 145.62117684968484
25 1 0.0 145.43872728249835
25 1 0.0 145.4144182374995
25 1 0.0 145.22454727249976
25 1 0.0 144.0513575399948
25 1 0.0 143.56762127143907
25 1 0.8364455464048888 144.35358251999753
25 1 0.0 142.93842354001163
25 1 0.0 142.84567275209508
25 1 0.0 142.29422493560514
25 1 0.0 142.05295193999703
25 1 0.0 141.98111274290477
25 1 0.0 141.58387082679667
25 1 0.0 140.97235758561078
25 1 27.51716542350033 168.2237988619051
25 1 0.0 140.67512713439902
25 1 0.0 140.601371674495
25 1 0.0 140.54585450001218
25 1 0.0 140.41036431439738
25 1 0.0 140.39680572440204
25 1 0.0 140.23135898749945
25 1 0.0 140.10563011170052
25 1 0.0 139.58426101797977
25 1 0.0 138.81836365878985
25 1 0.0 138.1202793981007
25 1 0.0 138.07431848001693
25 1 0.0 137.70567340589378
25 1 0.0 137.56773711269625
25 1 21.56341285360645 158.56272739000337
25 1 0.0 136.86178809750533
25 1 0.0 136.71905009759325
25 1 0.0 136.5748719568012
25 1 0.0 136.4560457175121
25 1 17.78426122032556 153.9404233959956
25 1 0.0 135.61278403200504
25 1 0.0 135.34455152998612
25 1 0.0 134.93639428002712
25 1 0.0 134.53635967157186
25 1 0.0 133.9043172645097
25 1 0.0 133.7809184436019
25 1 0.0 133.71874031251832
25 1 0.0 133.52792278650395
25 1 0.0 133.3695432511929
25 1 0.0 132.71885008930082
25 1 0.0 131.528893182003
25 1 0.0 131.12256666800437
25 1 0.0 131.07234092200252
25 1 0.0 131.02034330169772
25 1 0.0 130.90051679281308
25 1 532.5698158571038 663.2432793343962
25 1 0.0 130.6520443880936
25 1 27.180661280009417 157.5264169171029
25 1 78.6524746000041 208.61335597199786
25 1 0.0 129.64017489000253
25 1 31.321427412501066 160.2897652364966
25 1 0.0 128.300493499994
25 1 0.0 128.2774023222355
25 1 0.0 127.9232521439992
25 1 0.0 127.78293794439696
25 1 0.0 127.15872753440351
25 1 0.0 126.8849467200115
25 1 0.0 126.85284647549412
25 1 0.0 126.15801869948405
25 1 0.0 125.92141806000257
25 1 0.0 125.87556539000593
25 1 0.0 125.57137284199734
25 1 0.0 125.2749754715959
25 1 0.0 125.00974641164021
25 1 0.0 124.67199622909823
25 1 0.0 124.18985549581447
25 1 0.0 123.70310140599872
25 1 0.0 123.32645520969561
25 1 0.0 122.96793996089241
25 1 0.0 122.49636480000525
25 1 0.0 122.28637613440043
25 1 0.0 121.4286407803238
25 1 0.0 120.96398414750138
25 1 0.0 120.93361443201297
25 1 0.0 119.85745466790434
25 1 112.2443816900095 232.05793453000751
25 1 0.0 119.72796771809942
25 1 0.0 119.28822197910074
25 1 178.45481680000626 296.9683513932034
25 1 50.56266914639173 168.82486193000614
25 1 146.17095168240257 264.2697162065981
25 1 0.0 117.95677636199161
25 1 63.72835171350641 181.58997461810873
25 1 0.0 116.69133101000773
25 1 0.0 116.67069934998517
25 1 0.0 116.61198473000513
25 1 0.0 116.57645273599894
25 1 0.0 116.08702863839471
25 1 141.8829845964694 257.0991437805819
25 1 0.0 114.44662936999885
25 1 0.0 114.33275828249532
25 1 0.0 114.16194399000199
25 1 0.0 113.24501681460077
25 1 0.0 113.05227506365429
25 1 0.0 112.80738987359916
25 1 0.0 112.34021393704484
25 1 0.0 111.93963923160157
25 1 0.0 111.74846891720506
25 1 310.05480773909403 421.66291186200556
25 1 0.0 111.30696762239953
25 1 0.0 110.63301084000636
25 1 0.0 110.16073023750016
25 1 0.0 109.95037977750201
25 1 0.0 109.8245861916032
25 1 0.0 109.3788940825043
25 1 0.0 109.03046793999215
25 1 0.0 108.97675058401182
25 1 0.0 108.83215811519625
25 1 0.0 108.61792527998932
25 1 0.0 108.4565311200048
25 1 0.0 108.37278876839355
25 1 181.80824978346072 289.4626396614167
25 1 0.0 107.23780426550323
25 1 28.00457587000028 134.93182138240945
25 1 672.7260916076102 779.4455523120062
25 1 0.0 106.67286349998858
25 1 20.513106418500684 127.13673318399367
25 1 0.0 105.96865213400383
25 1 0.0 105.89441599999805
25 1 0.0 105.50958883430775
25 1 0.0 104.94814925247965
25 1 0.0 104.83417459150161
25 1 0.0 104.66265102125237
25 1 0.0 104.18304098069791
25 1 0.0 104.0256749696336
25 1 0.0 103.9495401732045
25 1 0.0 103.81428004360106
25 1 0.0 103.79916609999395
25 1 0.0 103.77923621919908
25 1 0.0 103.6133365468005
25 1 0.0 103.49553175577773
25 1 0.0 103.30281504039772
25 1 139.16261829840425 242.40477254040434
25 1 0.0 102.69212521449884
25 1 0.0 102.21298744089563
25 1 0.0 101.57267397000169
25 1 122.71437714001354 223.62095796240487
25 1 0.0 100.89489465680413
25 1 0.0 100.35848553250244
25 1 0.0 99.9082734080589
25 1 0.0 99.69175287040139
25 1 0.0 99.35185900919441
25 1 0.0 99.28442166999992
25 1 0.0 98.75953564000895
25 1 0.0 98.53390784250308
25 1 0.0 98.48714001000644
25 1 0.0 98.38910216001068
25 1 0.0 97.94473737000499
25 1 0.0 97.86420374439052
25 1 42.61352328070127 140.3642091726963
25 1 0.0 97.52129744000081
25 1 0.0 97.05002435039984
25 1 0.0 96.04277999840019
25 1 0.0 95.73181690850288
25 1 0.0 95.03919383800093
25 1 72.9503248474985 167.77900284549696
25 1 0.0 94.69270336000932
25 1 0.0 94.4319643615886
25 1 0.0 94.1909983896121
25 1 0.0 94.10625519839732
25 1 0.0 93.67747110360443
25 1 0.0 93.16520842361433
25 1 0.0 93.02541543999922
25 1 0.0 92.77270638840004
25 1 0.0 92.6762624767859
25 1 0.0 92.56412764999595
25 1 0.0 92.3650569099974
25 1 0.0 92.05815551999967
25 1 0.0 91.98323011920911
25 1 0.0 91.72514861439993
25 1 0.0 91.30467323250286
25 1 0.0 90.84187495050422
25 1 0.0 90.81217441000055
25 1 0.0 90.74134209782369
25 1 0.0 89.82344123690837
25 1 0.0 89.71884089449998
25 1 0.0 89.67291842160171
25 1 0.0 89.45317409360257
25 1 3.8703643529080978 93.12900347400287
25 1 0.0 89.17851531000906
25 1 40.45975824186735 129.11917146566384
25 1 0.0 87.30650748249627
25 1 0.0 87.20324397000007
25 1 0.0 86.91726946829499
25 1 0.0 86.85632480807931
25 1 0.0 86.38012179201155
25 1 126.87292254999522 213.2015051474954
25 1 0.0 86.2666916850776
25 1 0.0 85.82796062999375
25 1 73.62431843549825 159.1585538976018
25 1 0.0 85.20790254359122
25 1 0.0 85.06596214999666
25 1 0.0 85.0092557243837
25 1 0.0 84.75228567999818
25 1 0.0 84.67130872350344
25 1 0.0 84.51177665166392
25 1 0.0 83.94412383960162
25 1 0.0 83.84912662120331
25 1 0.0 83.79071418190955
25 1 0.0 83.44167300000277
25 1 0.0 83.08318669160089
25 1 0.0 82.54146037409339
25 1 0.0 81.95571034999892
25 1 0.0 81.72044642450095
25 1 0.0 81.30181490248606
25 1 47.371159399996344 128.62531843090483
25 1 0.0 81.21091617959559
25 1 0.0 81.0019660131427
25 1 0.0 80.98683185278719
25 1 0.0 80.44013944199321
25 1 0.0 80.06528533131063
25 1 0.0 79.91052063999427
25 1 0.0 79.87047831869353
25 1 0.0 79.68710980999197
25 1 0.0 79.68169360999701
25 1 13.779946913990273 93.4440351456887
25 1 0.0 79.62698471449426
25 1 52.66760269672119 132.22442836065142
25 1 0.0 78.89896430799286
25 1 0.0 78.63028129548388
25 1 22.75395511999318 101.24618883560822
25 1 0.0 78.21481975510505
25 1 0.0 78.1870336599975
25 1 0.0 78.10248527800348
25 1 0.0 78.05142648000344
25 1 0.0 77.83518118560278
25 1 18.717031565799743 96.27314961279637
25 1 34.01366311359334 111.26040211479358
25 1 0.0 77.19960978330039
25 1 0.0 77.17793768001934
25 1 28.27184262421997 105.41503410639916
25 1 0.0 76.43996643001032
25 1 0.0 76.29661850750352
25 1 0.0 76.20158236159591
25 1 16.63816711359641 92.23979169108281
25 1 0.0 75.49552756680009
25 1 0.0 75.06747496000048
25 1 65.66976839509891 140.2820600036085
25 1 0.0 74.28595811000355
25 1 32.35646701398355 106.27848988889855
25 1 0.0 73.58241077749165
25 1 409.3722940043717 482.83055783999134
25 1 0.0 73.11806099649993
25 1 0.0 72.70071298077619
25 1 0.0 72.1372699413713
25 1 0.0 71.91619743789789
25 1 0.0 71.89488357118569
25 1 0.0 71.65161545999689
25 1 0.0 71.37726311639466
25 1 0.0 71.04430980250515
25 1 0.0 70.6415044332993
25 1 0.0 70.5340865999957
25 1 0.0 70.48685949759563
25 1 0.0 70.07777039200096
25 1 0.0 69.93555389689334
25 1 0.0 69.81047614230181
25 1 0.0 69.74133735000237
25 1 0.0 69.43639603520137
25 1 0.0 69.13019751640286
25 1 0.0 68.73698304000533
25 1 224.61605799610743 292.8287381964128
25 1 0.0 68.14645755352853
25 1 0.0 67.41363610200091
25 1 8.576135529600265 75.64530039001056
25 1 0.0 66.80239000001234
25 1 0.0 66.60798979200467
25 1 0.0 66.44493610319876
25 1 22.102902023486195 88.20157151650187
25 1 0.0 65.95685537000884
25 1 150.93638688749922 216.50852335889806
25 1 0.0 65.237446551598
25 1 0.0 65.14941233689046
25 1 0.0 65.0709397560006
25 1 0.0 64.95752514210062
25 1 0.0 64.83442173000867
25 1 109.46434084489701 174.08935427490155
25 1 0.0 64.33107789441146
25 1 0.0 64.12371783160415
25 1 0.0 63.663537974500315
25 1 0.0 63.22339381849832
25 1 0.0 63.11117995040627
25 1 0.0 62.89565107761928
25 1 0.0 62.79365123401237
25 1 0.0 62.71034512317124
25 1 110.17849314291243 172.0877979776676
25 1 0.0 61.88993533560074
25 1 0.0 61.49759970508376
25 1 0.0 61.36610304150335
25 1 0.0 61.079799109984265
25 1 56.5275203700038 117.12038160997463
25 1 0.0 60.534428692463734
25 1 0.0 60.40498202120261
25 1 0.0 60.35455794999598
25 1 119.48756995400731 179.58172670200204
25 1 0.0 59.21846717120525
25 1 612.4791552299785 671.6864503824022
25 1 0.0 58.8796008574983
25 1 0.0 58.22818564759541
25 1 2.010612657495983 60.11834581960517
25 1 0.0 58.05141435994915
25 1 0.0 57.97670763840401
25 1 0.0 57.91762296001093
25 1 66.00852338840093 123.92193854289974
25 1 0.0 57.88325751198727
25 1 0.0 57.725149179498885
25 1 0.0 57.66519991295945
25 1 0.0 57.49317759999863
25 1 0.0 57.44765055597463
25 1 0.0 57.40143537000529
25 1 43.727305144503305 101.06360898800583
25 1 0.0 57.28653332042461
25 1 0.0 56.933183931500594
25 1 0.0 56.490089130001124
25 1 0.0 55.7245890854922
25 1 384.1855204375205 439.69742038751156
25 1 0.0 54.952105399994764
25 1 0.0 54.527052173295544
25 1 236.29156593009088 290.7461399556106
25 1 0.0 54.411925052750576
25 1 68.98792183749623 122.74313576558956
25 1 0.0 53.74762368110123
25 1 0.0 52.4158563799956
25 1 0.0 52.375622309995606
25 1 105.22581344525997 157.34674761695123
25 1 0.0 51.82066764000126
25 1 0.0 51.58206141850559
25 1 0.0 51.3957456524995
25 1 0.0 51.37180740090582
25 1 0.0 51.21849595550191
25 1 0.0 51.10809728520064
25 1 0.0 50.90430646840309
25 1 0.0 50.83348672040151
25 1 0.0 50.63720971159796
25 1 0.0 50.426798483995526
25 1 0.0 50.41425120004351
25 1 0.0 50.40645203398935
25 1 0.0 49.94188582199945
25 1 10.281062389985323 60.01791231799842
25 1 0.0 49.57701326247843
25 1 0.0 49.191941166010054
25 1 360.0335977687248 409.01655765750115
25 1 23.501418534707852 72.4409290675053
25 1 0.0 48.929133630801175
25 1 0.0 48.6196001699966
25 1 0.0 48.389857823205034
25 1 0.0 48.38172429499866
25 1 0.0 48.241791479099874
25 1 0.0 48.16325728800513
25 1 80.39206588770423 128.20306338599846
25 1 0.0 47.78478526249717
25 1 0.0 47.72053968750265
25 1 0.0 47.66109533250278
25 1 0.0 46.58983809769512
25 1 0.0 46.5361846976013
25 1 0.0 46.465158770398546
25 1 21.099087400390715 66.78785648920538
25 1 0.0 45.579052924297145
25 1 22.436498170006587 67.51074527999117
25 1 249.6185791100088 294.6898719749115
25 1 0.0 45.02562036400184
25 1 0.0 44.98286097880316
25 1 0.0 44.94396289000724
25 1 0.0 44.78368286840541
25 1 0.0 44.30488966449843
25 1 136.9938202237206 181.12549283012868
25 1 0.0 43.9981680392948
25 1 0.0 43.67995553449464
25 1 148.5353924929076 191.82499783290848
25 1 0.0 43.258786842502445
25 1 0.0 43.23483593949871
25 1 0.0 42.84450719680433
25 1 0.0 42.300412089999895
25 1 0.0 41.689095959994006
25 1 58.0753655105018 99.73446413250474
25 1 0.0 41.54385820800297
25 1 0.0 41.48062538360318
25 1 59.93431867249592 101.109502649982
25 1 0.0 41.07856324162253
25 1 0.0 40.63812715160009
25 1 0.0 39.922217486399234
25 1 0.0 39.73335601629719
25 1 0.0 39.65473970347182
25 1 0.0 39.49217471999265
25 1 0.0 39.231089917491545
25 1 0.0 38.90025604000823
25 1 0.0 38.25103100977435
25 1 0.0 38.177415619998555
25 1 0.0 37.93666280254908
25 1 0.0 37.4259823024953
25 1 159.34846175560273 196.7681348508023
25 1 0.0 37.13600078515003
25 1 0.0 36.816350100496834
25 1 0.0 36.68977389000253
25 1 0.0 36.647783640007106
25 1 0.0 35.96626875762922
25 1 0.0 35.7914296911988
25 1 159.41896326450387 194.81787881921434
25 1 0.0 34.853591310003026
25 1 0.0 34.65260189918308
25 1 0.0 34.62858861960382
25 1 5.396140014899117 39.946480882108176
25 1 0.0 34.41011792998415
25 1 0.0 34.308945482399054
25 1 0.0 33.361707932794644
25 1 0.0 33.05145518480015
25 1 0.0 32.97671229121602
25 1 0.0 32.79452862870045
25 1 0.0 32.36836370000435
25 1 116.90914606558499 149.0305188541065
25 1 0.0 31.66390015800414
25 1 0.0 31.55748151550165
25 1 0.0 31.432328562492557
25 1 0.0 31.185705501499513
25 1 0.0 30.96051655999827
25 1 0.0 30.90438185000471
25 1 0.0 30.637962426008357
25 1 0.0 30.618028514106953
25 1 0.0 29.896054646407038
25 1 0.0 29.866245980399867
25 1 0.0 29.328526036715402
25 1 0.0 29.299436244400596
25 1 0.0 28.560346685098693
25 1 22.696771740701934 50.6409558540019
25 1 27.91818450949961 55.0744742073995
25 1 0.0 27.138935113595835
25 1 141.4827066834489 168.15059503201496
25 1 0.0 26.534382992906785
25 1 0.0 26.29099307389896
25 1 163.85821999999348 190.1469731376062
25 1 124.74028410609647 150.80816870691007
25 1 0.0 25.863403410799407
25 1 0.0 25.685294314094335
25 1 0.0 25.56010580255429
25 1 211.68495183639516 236.7958755624984
25 1 0.0 24.885159985205746
25 1 0.0 24.567701619498507
25 1 9.310678148094894 33.58451203050936
25 1 2.831269355985114 26.99005876109777
25 1 45.50023301439944 69.59051792449236
25 1 55.791813221500945 79.70455682860086
25 1 31.285468876804202 55.11261290561205
25 1 0.0 23.63948244999915
25 1 0.0 23.065839671093045
25 1 0.0 22.90893145200721
25 1 0.0 22.217424210004083
25 1 0.0 21.592363708799724
25 1 82.68453971679992 104.13813824039426
25 1 0.0 21.14305755430064
25 1 0.0 20.799230771097655
25 1 55.608664211211476 75.69571127787466
25 1 66.85604721950835 86.76741608999043
25 1 0.0 19.65246809883172
25 1 0.0 19.152296471502154
25 1 0.0 18.935118651311996
25 1 0.0 18.610322257597772
25 1 0.0 18.578112860808346
25 1 108.59911210751568 126.59661052480601
25 1 3.1108844681002097 21.099826217139707
25 1 0.0 17.880410029979316
25 1 0.0 17.52988713480454
25 1 0.0 17.46346703080019
25 1 109.15407925210795 126.26113191210348
25 1 0.0 16.879009349986973
25 1 0.0 16.748671006397217
25 1 0.0 16.27844073239703
25 1 0.0 16.228150089981114
25 1 0.0 16.153533542399828
25 1 0.0 16.01385441000133
25 1 0.0 15.418576718391819
25 1 0.0 14.801103523508402
25 1 76.8108200219292 91.32723639319619
25 1 43.43004158001327 57.46993266000095
25 1 0.0 13.797717025599297
25 1 0.0 13.748683020901012
25 1 0.0 13.705376780006759
25 1 33.71179758749838 47.222935117498196
25 1 51.896788679991005 65.40682280999772
25 1 0.0 13.336567529997637
25 1 0.0 13.184272255616179
25 1 0.0 12.937997333210092
25 1 0.0 12.352999422345647
25 1 0.0 12.32924886249259
25 1 0.0 12.232550547503877
25 1 127.43415574414666 139.51600162447562
25 1 0.0 12.040371733599613
25 1 0.0 11.947761977992286
25 1 0.0 11.913240919989107
25 1 59.81200755170255 71.6069452094998
25 1 0.0 11.724722845602116
25 1 0.0 11.557943716801333
25 1 0.0 11.20348714749889
25 1 0.0 11.006764004908291
25 1 0.0 10.822886274383563
25 1 0.0 10.480608316482858
25 1 0.0 9.812050170003658
25 1 0.0 9.751568404501882
25 1 148.41273145569392 158.07359500160032
25 1 0.0 9.496563707506539
25 1 176.7127995996008 185.47212811999833
25 1 0.0 8.620138040015604
25 1 0.0 8.508977309979855
25 1 0.0 8.44450413110144
25 1 227.27469658559278 235.6074358124913
25 1 94.47588224999936 102.52310228000283
25 1 190.21147606383 198.25236573491895
25 1 0.0 7.991420640007391
25 1 70.85904653095758 78.6796009777313
25 1 115.40722957799767 122.87813719680338
25 1 0.0 7.2330793108760645
25 1 98.36998665600049 105.53031397120162
25 1 0.0 7.097795070001894
25 1 0.0 6.535214107705542
25 1 0.0 6.531018269996366
25 1 96.02270441640553 102.46118329270075
25 1 0.0 6.313680081599443
25 1 0.0 5.437808851594411
25 1 212.5658314474956 216.56971611398092
25 1 0.0 3.9675896490982154
25 1 0.0 3.7440122560012696
25 1 0.0 3.6244898479959318
25 1 0.0 3.565649933994564
25 1 0.0 3.3981563251760463
25 1 161.34351995238603 164.64010895319484
25 1 0.0 2.831517040013523
25 1 77.17658323359532 79.56035212249913
25 1 0.0 2.1325665668961733
25 1 65.07071509190155 67.03876699199509
25 1 0.0 1.3680291675012768
25 1 0.0 1.3214266888987822
25 1 0.0 1.10708881269926
25 1 1.0607835332012314 1.9303756124986649
25 1 0.0 0.4737092000057146
25 1 0.0 0.3334561500057589
25 1 0.0 0.13043498251192887
25 1 467.76779239838334 467.8612569547922
25 1 0.0 0.0507783370397874
25 0 0.0 inf
# COVID_SAMPLE_16_ROI_1
26 1 0.0 22256.025417538902
26 1 0.0 20646.82383911456
26 1 0.0 14387.151197839221
26 1 0.0 4867.813906863401
26 1 0.0 3949.6489617735624
26 1 0.0 3384.3691895977026
26 1 0.0 2898.0681977154104
26 1 0.0 2552.0755667700137
26 1 0.0 2168.7678263815114
26 1 0.0 2107.320617594392
26 1 0.0 1945.9777242659761
26 1 0.0 1811.9575199899923
26 1 0.0 1789.289430463996
26 1 0.0 1784.9964075184973
26 1 0.0 1753.596995975135
26 1 1142.763949124006 2831.3201960624174
26 1 0.0 1561.8332014204066
26 1 0.0 1531.0503228900002
26 1 0.0 1528.5287433499955
26 1 0.0 1526.6954152300186
26 1 0.0 1510.9759530452002
26 1 0.0 1501.959457639994
26 1 0.0 1500.1622174636097
26 1 0.0 1395.8955842555065
26 1 0.0 1393.0914152099956
26 1 0.0 1386.9914170200036
26 1 0.0 1356.8276086900023
26 1 0.0 1315.9069654500165
26 1 0.0 1270.3856877663966
26 1 0.0 1254.6394731206988
26 1 0.0 1247.240263150029
26 1 0.0 1235.4855988725176
26 1 0.0 1207.520989392007
26 1 0.0 1202.8322589659997
26 1 0.0 1196.5175201259858
26 1 0.0 1156.4942985000125
26 1 0.0 1156.0368528800084
26 1 0.0 1153.56283085
26 1 0.0 1136.4603215600146
26 1 0.0 1125.1764536431976
26 1 0.0 1105.4438979394945
26 1 0.0 1088.6716761200078
26 1 0.0 1048.6940641823048
26 1 0.0 1047.6426418000103
26 1 0.0 1043.6575370365372
26 1 0.0 1041.518796104713
26 1 101.93993311998474 1132.402785169993
26 1 0.0 1030.3785572843863
26 1 0.0 1025.317222290007
26 1 0.0 1017.0894618063958
26 1 0.0 995.8293862699975
26 1 0.0 981.7268145300163
26 1 0.0 977.7201334119109
26 1 0.0 976.3143561400035
26 1 0.0 975.9129309349058
26 1 0.0 970.5598035929042
26 1 0.0 968.8330198499943
26 1 0.0 967.5269215036928
26 1 0.0 965.3022812096037
26 1 0.0 965.1429019173995
26 1 0.0 952.4167870605961
26 1 0.0 948.9010192402479
26 1 0.0 943.8982514719983
26 1 0.0 941.6412772011972
26 1 0.0 936.4289828419887
26 1 0.0 935.1779914464028
26 1 0.0 928.9665620100054
26 1 0.0 905.4736423135237
26 1 0.0 904.774233722006
26 1 0.0 893.7122661290778
26 1 0.0 893.5111665439867
26 1 0.0 887.5357266624012
26 1 0.0 881.0198869845103
26 1 0.0 877.4654646379786
26 1 0.0 872.1643013200007
26 1 0.0 866.3408606643131
26 1 0.0 866.1521021269969
26 1 0.0 864.2872168799813
26 1 0.0 862.8616273961007
26 1 0.0 859.3865048200071
26 1 54.69821022999537 910.5347862700029
26 1 0.0 847.1810169455943
26 1 0.0 845.6608400699906
26 1 0.0 841.0155464902914
26 1 0.0 838.5543787475044
26 1 0.0 829.0044170231124
26 1 0.0 826.0258889274992
26 1 0.0 821.6413673200049
26 1 0.0 815.1191138779159
26 1 0.0 811.8615948725137
26 1 0.0 811.848814650809
26 1 0.0 806.2949324499946
26 1 0.0 805.6301554199899
26 1 0.0 805.4011354799957
26 1 0.0 802.2153402399899
26 1 0.0 801.1949956600114
26 1 0.0 790.5795447129017
26 1 0.0 789.1199480493083
26 1 0.0 786.5453844999915
26 1 0.0 782.2278225055119
26 1 0.0 777.5600406283897
26 1 0.0 771.5510651299819
26 1 0.0 765.8874834888941
26 1 0.0 759.6015238199977
26 1 909.4421324499936 1663.479225212493
26 1 0.0 753.7894633199899
26 1 0.0 749.2170143563974
26 1 0.0 745.5059472700019
26 1 0.0 743.0670091199927
26 1 0.0 742.4908476274959
26 1 0.0 742.1304639968007
26 1 0.0 740.4489927344162
26 1 0.0 721.1323802516056
26 1 0.0 713.592535074396
26 1 0.0 711.3225476679922
26 1 0.0 710.3686715229057
26 1 0.0 710.2225791785627
26 1 0.0 709.5545345699929
26 1 0.0 702.0961697249045
26 1 0.0 700.1579714399892
26 1 0.0 696.1795371223996
26 1 0.0 695.3005144652924
26 1 0.0 681.3979177200013
26 1 0.0 680.9194210499863
26 1 0.0 677.3394443699992
26 1 0.0 677.1832794400018
26 1 0.0 670.1832107868976
26 1 0.0 669.0692299990915
26 1 0.0 664.2531888359883
26 1 0.0 657.6883713225111
26 1 0.0 655.7218564960058
26 1 0.0 655.2554871736033
26 1 0.0 655.2049800525019
26 1 0.0 653.9119444948969
26 1 0.0 652.5232791095978
26 1 0.0 644.0716775999847
26 1 0.0 641.3437973359073
26 1 0.0 640.7354880299818
26 1 0.0 640.6532211199951
26 1 0.0 638.3584152999993
26 1 0.0 633.5115819288922
26 1 0.0 630.9647243999975
26 1 0.0 625.4666228951028
26 1 0.0 624.3755978794898
26 1 0.0 623.5507266525201
26 1 79.89037761429807 702.6715824984002
26 1 0.0 621.7621299475018
26 1 0.0 618.4028102964007
26 1 0.0 617.425911820299
26 1 0.0 616.8359168599741
26 1 0.0 608.4492725056093
26 1 0.0 607.6977042360002
26 1 0.0 607.0376487000046
26 1 0.0 602.2530011999913
26 1 0.0 601.5634994324123
26 1 0.0 600.130349643602
26 1 0.0 594.8069899599996
26 1 0.0 594.7752213023937
26 1 0.0 593.4856704123936
26 1 0.0 587.4470537500024
26 1 0.0 585.6755974319885
26 1 0.0 584.8407825425056
26 1 0.0 580.7929602420054
26 1 0.0 578.2646006799874
26 1 0.0 577.3967495200072
26 1 0.0 572.4377201095035
26 1 0.0 571.3989799683036
26 1 0.0 569.2285168800094
26 1 0.0 568.7059471722996
26 1 0.0 568.6685164849141
26 1 0.0 565.4961788176038
26 1 0.0 564.9908087903982
26 1 0.0 556.3841450575926
26 1 0.0 555.2045823723988
26 1 0.0 550.5167143992037
26 1 0.0 549.7054283025011
26 1 0.0 546.4279849299985
26 1 0.0 545.799386928895
26 1 932.0044413499677 1477.3999436699573
26 1 0.0 542.9933672185045
26 1 0.0 540.1730701199972
26 1 0.0 539.9891900399925
26 1 0.0 539.7490184208684
26 1 0.0 538.5460033741102
26 1 0.0 538.0086683626972
26 1 0.0 534.6548855899935
26 1 0.0 530.9031233200003
26 1 0.0 530.3022662099874
26 1 0.0 528.5306976623531
26 1 0.0 528.3751494500152
26 1 0.0 527.3118875849955
26 1 0.0 526.6093968431936
26 1 0.0 525.3048506700011
26 1 0.0 524.0582194228914
26 1 0.0 521.5185537280095
26 1 0.0 521.4228386754954
26 1 0.0 521.1950557008013
26 1 0.0 519.9132538399913
26 1 0.0 518.5918794699994
26 1 0.0 518.0803886454944
26 1 0.0 517.5542435155985
26 1 0.0 517.2475875009995
26 1 0.0 509.81985940350705
26 1 0.0 508.5639448000018
26 1 0.0 507.0452601299962
26 1 0.0 506.1690430599979
26 1 0.0 506.03660036358724
26 1 0.0 505.1500128080065
26 1 0.0 504.33347450999963
26 1 0.0 501.44713971744454
26 1 0.0 501.36837693175767
26 1 0.0 501.24100178880485
26 1 0.0 498.1546423339918
26 1 0.0 496.54038103492337
26 1 0.0 496.1103141799904
26 1 0.0 496.02597904000834
26 1 0.0 495.37421008001
26 1 0.0 494.47453910750346
26 1 0.0 494.146991450006
26 1 0.0 494.02673002000654
26 1 0.0 493.28038490000154
26 1 0.0 492.3348136499935
26 1 0.0 492.0719954122976
26 1 0.0 489.6582822399978
26 1 0.0 489.4779770799954
26 1 0.0 483.90726504413396
26 1 0.0 482.60579693000045
26 1 0.0 480.4512845897857
26 1 0.0 479.11673973671213
26 1 0.0 478.7534414195975
26 1 0.0 475.21856669250155
26 1 0.0 473.8323229200023
26 1 0.0 473.06589904999953
26 1 0.0 472.75446573889826
26 1 0.0 472.01943952477995
26 1 0.0 469.7345741865033
26 1 0.0 469.3037578000044
26 1 0.0 469.1709040643361
26 1 0.0 467.1963435400162
26 1 0.0 465.2831234684006
26 1 0.0 464.8798857599645
26 1 0.0 464.7252163344019
26 1 0.0 464.2166658160204
26 1 0.0 463.6902897863994
26 1 0.0 463.3382693699991
26 1 0.0 462.7720527374935
26 1 0.0 461.2263701368174
26 1 0.0 459.3106367999949
26 1 0.0 458.48643666909834
26 1 0.0 457.5741049655978
26 1 0.0 455.1145467527972
26 1 0.0 454.3160311200061
26 1 0.0 454.12063436998596
26 1 0.0 451.6881412896008
26 1 0.0 450.7495050300013
26 1 0.0 449.7685516055958
26 1 0.0 449.52582055270386
26 1 0.0 449.51039195999545
26 1 0.0 448.4649268800024
26 1 0.0 447.48270883678606
26 1 0.0 445.45918012999596
26 1 0.0 445.0184149380002
26 1 0.0 444.39653633996863
26 1 0.0 444.35700422850414
26 1 0.0 442.63258321600006
26 1 0.0 441.86341746999915
26 1 0.0 441.79308179519694
26 1 0.0 441.01439626630213
26 1 0.0 438.52620354108785
26 1 0.0 438.159386203504
26 1 0.0 438.11454857159197
26 1 16.986251287484492 450.4794370499924
26 1 0.0 431.9150582087975
26 1 0.0 431.240611940299
26 1 0.0 430.070901634796
26 1 0.0 430.01154501239694
26 1 0.0 430.01090628480733
26 1 0.0 428.0057067400178
26 1 0.0 427.9076849284054
26 1 0.0 427.20452332999844
26 1 0.0 426.662682720003
26 1 26.272108387999424 452.50726044040175
26 1 0.0 426.1912813200074
26 1 0.0 426.1742955323989
26 1 0.0 425.2950975203967
26 1 0.0 424.5338772000039
26 1 0.0 424.0532954900068
26 1 0.0 423.2170001535933
26 1 0.0 419.2963943200034
26 1 0.0 419.2341592035983
26 1 0.0 416.4000243600103
26 1 0.0 415.52193127552164
26 1 0.0 415.50897751999577
26 1 0.0 415.32821621210314
26 1 0.0 414.58143837120224
26 1 0.0 414.3194923200009
26 1 0.0 414.31907591001436
26 1 0.0 411.6380424959061
26 1 0.0 406.0477809696008
26 1 0.0 405.61739943000714
26 1 0.0 405.30140355000844
26 1 0.0 402.9327604246962
26 1 0.0 402.89772537709064
26 1 0.0 401.5152761074893
26 1 0.0 401.32797887998976
26 1 0.0 400.8912717012104
26 1 0.0 400.87191889751057
26 1 28.054153229996018 428.27473292999844
26 1 0.0 400.1502759499976
26 1 0.0 399.24144991000435
26 1 0.0 398.6071317908886
26 1 0.0 398.4752936552013
26 1 0.0 397.92004501000326
26 1 0.0 397.5311912153998
26 1 0.0 394.91655315770026
26 1 0.0 392.9311791600071
26 1 0.0 392.2773643999933
26 1 0.0 390.7032706800078
26 1 0.0 385.9639472027043
26 1 0.0 385.12983595002027
26 1 0.0 384.92940342809766
26 1 0.0 383.52539123979113
26 1 0.0 383.24669265749753
26 1 0.0 382.12897279998174
26 1 0.0 381.5510133684079
26 1 0.0 380.9833132099741
26 1 0.0 380.97002167700225
26 1 0.0 379.405495750799
26 1 0.0 379.10980398400943
26 1 0.0 379.0024529699972
26 1 0.0 375.3851137467014
26 1 0.0 374.640158888015
26 1 0.0 374.0697846100052
26 1 0.0 373.1194279699953
26 1 0.0 368.9087205724868
26 1 0.0 368.84039024000344
26 1 0.0 368.3615488378987
26 1 0.0 368.07823725239496
26 1 0.0 368.04673539000373
26 1 0.0 365.77802763998443
26 1 0.0 365.52920746688824
26 1 0.0 363.82448777842023
26 1 0.0 362.98967349000304
26 1 0.0 362.50651183400873
26 1 0.0 360.7227833856027
26 1 0.0 360.5131889300087
26 1 0.0 359.62477947
26 1 218.1332077800148 577.0965310100246
26 1 0.0 358.56834461999813
26 1 0.0 355.98789203308434
26 1 17.8504840900016 373.4152214000013
26 1 0.0 354.7384803560004
26 1 0.0 353.93485706523234
26 1 0.0 353.79051734999666
26 1 0.0 352.98156166069816
26 1 0.0 352.2037010544004
26 1 0.0 351.61043532681515
26 1 0.0 351.477292460002
26 1 0.0 350.53399615999945
26 1 30.249380536896354 380.1677304012945
26 1 0.0 349.08424089999653
26 1 0.0 348.1902371099993
26 1 0.0 347.9785907374894
26 1 0.0 347.90788448001604
26 1 0.0 345.7357696160101
26 1 0.0 345.6272568800117
26 1 0.0 342.38440999880004
26 1 0.0 341.507231219995
26 1 0.0 341.22222755999803
26 1 0.0 339.84865273650064
26 1 0.0 339.70698875999767
26 1 0.0 339.27648343949795
26 1 0.0 337.95839320679625
26 1 0.0 337.73245111330334
26 1 0.0 337.62447262038313
26 1 6.251322930000896 343.6962924240006
26 1 0.0 336.5057201603936
26 1 0.0 336.4436754000226
26 1 0.0 335.64359695639473
26 1 0.0 331.6026741179998
26 1 0.0 330.84825484790315
26 1 0.0 328.84772778000024
26 1 7.3019160035029245 335.99724288000135
26 1 0.0 327.0039370197004
26 1 151.23705284999664 476.9772611399866
26 1 0.0 325.3051249200039
26 1 0.0 324.66274950040327
26 1 0.0 324.42825688709206
26 1 9.972831264009073 334.3802446079935
26 1 0.0 323.836497730897
26 1 0.0 323.23819099249704
26 1 100.86145281431027 423.32722397281486
26 1 0.0 321.8990348500131
26 1 0.0 321.2156428461019
26 1 0.0 321.11539684001104
26 1 0.0 320.6363231940978
26 1 0.0 318.6690387099975
26 1 0.0 318.3756794904016
26 1 0.0 317.855727265583
26 1 0.0 317.23272065760034
26 1 0.0 317.03298988000483
26 1 0.0 315.3722994732
26 1 0.0 314.9671049599808
26 1 0.0 312.56857013319905
26 1 0.0 311.971575594393
26 1 0.0 311.6058649075046
26 1 0.0 311.1521139552175
26 1 0.0 310.86454807109885
26 1 0.0 310.71876322679213
26 1 0.0 310.2313123245011
26 1 38.26318901760203 345.5975813631941
26 1 0.0 307.22581307748897
26 1 0.0 307.10917640000116
26 1 0.0 304.91999153001825
26 1 0.0 304.663780150002
26 1 0.0 304.20932825250475
26 1 0.0 303.6890250024004
26 1 0.0 303.6410247956055
26 1 9.781074519023292 313.3920947274471
26 1 0.0 301.9943737905128
26 1 0.0 301.9183956114998
26 1 0.0 301.70462406999695
26 1 0.0 301.2912442108994
26 1 0.0 301.2803760999982
26 1 0.0 300.41475939520046
26 1 0.0 300.1976321651914
26 1 0.0 299.9950317651958
26 1 0.0 299.68047766999643
26 1 0.0 299.36939595639717
26 1 0.0 299.18033229680304
26 1 0.0 297.8136608825098
26 1 0.0 297.80958427003293
26 1 0.0 295.51577912250275
26 1 0.0 294.30551789000356
26 1 119.38354986149443 412.34295608519824
26 1 0.0 292.76237901749755
26 1 0.0 292.29536849249837
26 1 0.0 290.96082667129394
26 1 0.0 290.80633948000764
26 1 0.0 290.40469336800516
26 1 0.0 289.74010998090125
26 1 0.0 289.49391251051054
26 1 0.0 289.2591106299973
26 1 0.0 289.1843183361083
26 1 0.0 287.4575961600044
26 1 0.0 287.2103366676067
26 1 0.0 286.4046613688099
26 1 0.0 285.02069495478975
26 1 0.0 284.9419662960008
26 1 0.0 284.22542389880164
26 1 0.0 283.41991512997583
26 1 0.0 282.79633234039966
26 1 0.0 281.7090149399926
26 1 0.0 280.77838076249566
26 1 0.0 280.39705490950416
26 1 0.0 278.2960532565976
26 1 0.0 278.1149803500061
26 1 0.0 276.5733154399949
26 1 0.0 275.1054311099897
26 1 0.0 273.77006834283213
26 1 0.0 273.4892895100004
26 1 0.0 273.4469804699922
26 1 0.0 272.2153559999935
26 1 0.0 271.86079614983703
26 1 0.0 271.1767473000116
26 1 0.0 271.1143516459881
26 1 0.0 270.92627823002124
26 1 90.19846388159988 360.8875129646243
26 1 0.0 269.00750060999485
26 1 0.0 268.0039481607963
26 1 0.0 267.969093000002
26 1 0.0 267.7652323668067
26 1 0.0 267.16706071999374
26 1 0.0 266.8402442700101
26 1 0.0 266.7910122025569
26 1 0.0 264.7022777040005
26 1 0.0 263.7453044001692
26 1 0.0 263.3484713639999
26 1 0.0 263.3254306575001
26 1 0.0 263.3100435900142
26 1 0.0 263.13202071199476
26 1 0.0 263.08315581450483
26 1 0.0 263.03857030352333
26 1 0.0 262.32490904519045
26 1 0.0 262.09103254000775
26 1 0.0 261.81856137000887
26 1 83.70231309999758 344.2469664400012
26 1 0.0 259.8666635809002
26 1 0.0 259.77858056269906
26 1 0.0 259.7579845199913
26 1 38.727743650000264 297.66775216000235
26 1 0.0 257.34762399998704
26 1 0.0 256.7720841184006
26 1 0.0 256.67797629949905
26 1 0.0 256.2790673899991
26 1 0.0 255.98527960001275
26 1 0.0 255.91212007000513
26 1 0.0 255.52744300999188
26 1 57.74182765001524 313.0364554500063
26 1 0.0 255.1906668083982
26 1 0.0 254.3665058599945
26 1 0.0 254.06147508999823
26 1 0.0 253.78060766670797
26 1 0.0 253.33329196700652
26 1 0.0 253.14975527040326
26 1 103.08682669489372 356.23273735999646
26 1 0.0 253.10171160000118
26 1 214.54670079999323 467.4612076449009
26 1 0.0 251.63398222080377
26 1 0.0 251.62254805040357
26 1 0.0 251.3956584300054
26 1 0.0 251.0746252860041
26 1 0.0 250.74860103001356
26 1 0.0 250.16135969400148
26 1 0.0 250.0030430351942
26 1 0.0 249.93091530200104
26 1 100.47279889999845 349.888349579995
26 1 0.0 249.06836152999455
26 1 0.0 246.96349646089516
26 1 0.0 246.94358032714945
26 1 0.0 246.27298354750064
26 1 0.0 246.21322566241543
26 1 0.0 245.8719037451856
26 1 0.0 245.01595571997927
26 1 0.0 244.6861395999971
26 1 0.0 244.59262069599163
26 1 0.0 244.2261224025102
26 1 0.0 243.87558334038908
26 1 0.0 243.3722947213646
26 1 0.0 243.23275479699305
26 1 169.7202603644946 412.7889697259998
26 1 0.0 242.20412496000154
26 1 0.0 242.0070950000054
26 1 134.69938662001675 376.4886558399994
26 1 0.0 240.29145821920247
26 1 0.0 240.23584826999945
26 1 0.0 239.86759184640516
26 1 0.0 238.80628735530627
26 1 0.0 238.63979370600748
26 1 0.0 238.5471339100029
26 1 0.0 238.00470056689966
26 1 0.0 237.9927777600011
26 1 0.0 237.8065243199859
26 1 0.0 236.7222665899992
26 1 0.0 235.6847976119857
26 1 0.0 234.743918310002
26 1 0.0 234.12577510998108
26 1 0.0 233.22193866959242
26 1 0.0 232.99258627999302
26 1 0.0 232.01577893719957
26 1 0.0 231.9646172835096
26 1 0.0 230.59946344000184
26 1 0.0 230.52592254080713
26 1 0.0 230.5134066300027
26 1 0.0 229.42873601729934
26 1 0.0 228.3291159756019
26 1 0.0 227.5698859279997
26 1 0.0 227.40236682240584
26 1 0.0 227.36553975250445
26 1 0.0 226.22206859810228
26 1 0.0 226.13554485999532
26 1 0.0 225.90302749959818
26 1 0.0 225.89506733002293
26 1 0.0 224.60338324240684
26 1 0.0 223.5885665432006
26 1 0.0 223.43451754999523
26 1 0.0 222.4944847600002
26 1 0.0 221.72188629089896
26 1 0.0 221.35528644039914
26 1 0.0 220.91389088998721
26 1 0.0 220.8710870436065
26 1 29.21997647000171 249.01269608840096
26 1 0.0 219.77187346560612
26 1 32.62251726109935 251.6357405803999
26 1 0.0 216.66260449958077
26 1 0.0 216.17439485001006
26 1 0.0 215.80026416976295
26 1 0.0 214.6065530499934
26 1 0.0 214.5499351500098
26 1 0.0 214.35113490880212
26 1 0.0 213.0018378455029
26 1 0.0 212.9748503564051
26 1 0.0 212.95531264079682
26 1 0.0 212.68856116070015
26 1 0.0 212.4653434116002
26 1 0.0 212.2250044493005
26 1 0.0 212.15555217790222
26 1 0.0 211.8917345099992
26 1 0.0 211.8109573499912
26 1 0.0 211.04137593000115
26 1 0.0 210.98500902000205
26 1 0.0 210.8207342700034
26 1 0.0 210.74576804160498
26 1 0.0 210.45103936759517
26 1 0.0 210.3194175363967
26 1 0.0 209.27537064240022
26 1 385.06529791910816 594.0991744315065
26 1 0.0 206.36140397439704
26 1 153.72304851999297 359.1222331200029
26 1 0.0 205.21445363652856
26 1 0.0 205.09883755799262
26 1 0.0 204.06088434490493
26 1 0.0 203.75987618241027
26 1 178.70659732890704 382.3002228649211
26 1 0.0 203.51739753319873
26 1 0.0 202.2570928649011
26 1 0.0 201.30381647999695
26 1 0.0 201.00619626720436
26 1 0.0 200.76550173690794
26 1 0.0 199.83837593002
26 1 0.0 199.57192228000213
26 1 0.0 199.29212252159869
26 1 0.0 198.97500886999524
26 1 0.0 198.1960491899954
26 1 0.0 197.93783510999447
26 1 0.0 197.60487881599545
26 1 0.0 197.10448542960148
26 1 0.0 196.83706759749626
26 1 0.0 196.73192924000227
26 1 0.0 196.39506451860007
26 1 0.0 195.40759304400126
26 1 0.0 195.31073945760454
26 1 0.0 194.51461245000257
26 1 0.0 193.59158131950346
26 1 0.0 193.44005962149924
26 1 0.0 193.2783819479962
26 1 0.0 192.64960995850106
26 1 0.0 192.0309454799933
26 1 0.0 191.69842369945275
26 1 0.0 191.62157174000015
26 1 0.0 191.39572377309628
26 1 0.0 191.27006978280372
26 1 0.0 189.3834484200005
26 1 0.0 189.09855788999675
26 1 0.0 188.8089038499943
26 1 0.0 188.43081272200158
26 1 0.0 188.3588516275014
26 1 0.0 187.1447324000003
26 1 0.0 187.07567143389997
26 1 0.0 186.80545724799026
26 1 0.0 186.45564832400578
26 1 0.0 185.99063068000305
26 1 0.0 185.88025891919574
26 1 0.0 185.87481552000054
26 1 0.0 185.58678381479382
26 1 0.0 185.31653034000283
26 1 0.0 182.37071132330095
26 1 0.0 181.825590570013
26 1 0.0 181.374785741898
26 1 0.0 181.06848688999298
26 1 0.0 180.789339522501
26 1 0.0 180.61367599999807
26 1 0.0 180.53292124000154
26 1 0.0 180.04681995159444
26 1 0.0 179.7667380320845
26 1 0.0 179.43210961398972
26 1 0.0 179.3293805691045
26 1 0.0 179.08790914921792
26 1 0.0 178.1417260799974
26 1 0.0 177.76110531159895
26 1 0.0 176.86835105680188
26 1 0.0 176.72909424950006
26 1 0.0 174.90919352679964
26 1 0.0 174.4209252609021
26 1 0.0 174.10799814001302
26 1 111.36000897209578 285.214386122405
26 1 0.0 173.432001543504
26 1 0.0 173.24493110656343
26 1 0.0 173.2391928371952
26 1 0.0 172.2999909699937
26 1 0.0 172.25690000879626
26 1 0.0 172.16721810150193
26 1 0.0 171.85769866999476
26 1 0.0 171.4961873199998
26 1 0.0 170.68631125958632
26 1 0.0 170.43091950989964
26 1 0.0 170.31022608198896
26 1 0.0 170.10380425640187
26 1 0.0 169.69043987000498
26 1 0.0 168.2518193200042
26 1 31.230239857209085 199.34875090290473
26 1 0.0 167.64089116720277
26 1 0.0 167.5486619563959
26 1 0.0 167.48378337809663
26 1 0.0 166.4708889166959
26 1 0.0 165.98419151559494
26 1 0.0 165.78130600799614
26 1 0.0 165.62301914001296
26 1 0.0 165.43574617279796
26 1 72.86766449359061 237.7566695956025
26 1 0.0 164.2761581499949
26 1 0.0 163.2564953200017
26 1 0.0 162.92952039439984
26 1 0.0 162.7119460700119
26 1 0.0 162.53566238999974
26 1 0.0 162.4995891363953
26 1 0.0 162.0351953891941
26 1 0.0 160.76343439000402
26 1 0.0 160.3015791700068
26 1 0.0 160.28259467910135
26 1 0.0 159.26567497439694
26 1 0.0 159.24866959598353
26 1 171.21903478998752 330.2834960399989
26 1 0.0 158.9938471907983
26 1 0.0 158.82895657799088
26 1 0.0 158.65604555709888
26 1 0.0 158.57346413669393
26 1 0.0 158.54788420290515
26 1 0.0 158.35553108999443
26 1 0.0 157.9773225499966
26 1 0.0 157.78804508306854
26 1 0.0 157.41491618999373
26 1 0.0 157.40727215360414
26 1 0.0 157.381699719996
26 1 0.0 157.24509602489945
26 1 0.0 156.91140116159613
26 1 0.0 156.67947639999716
26 1 0.0 155.55427312000535
26 1 0.0 155.54414685999893
26 1 0.0 155.15778648749824
26 1 0.0 155.1275144800161
26 1 0.0 153.78720685999838
26 1 0.0 153.71500787999207
26 1 0.0 153.69402243999605
26 1 0.0 153.6459161600069
26 1 0.0 153.17416499920728
26 1 0.0 152.7654781343914
26 1 0.0 152.40156696000145
26 1 0.0 152.37492076279796
26 1 0.0 151.9996552472021
26 1 0.0 151.71010089330116
26 1 0.0 151.37839859102132
26 1 0.0 150.7661331570988
26 1 0.0 150.4385687260085
26 1 0.0 149.96099474000084
26 1 0.0 149.94650036839982
26 1 0.0 149.878576462399
26 1 0.0 149.84685639199938
26 1 0.0 148.9489691549993
26 1 0.0 148.7219084972039
26 1 0.0 148.31490951057833
26 1 0.0 147.9997212184703
26 1 0.0 147.88422194999333
26 1 0.0 147.74316899999303
26 1 0.0 147.62033289689077
26 1 0.0 147.31201760000772
26 1 0.0 147.17568378000408
26 1 0.0 146.36518653000303
26 1 0.0 146.31614483000874
26 1 0.0 146.2393685899974
26 1 98.28276220001021 244.12755824997612
26 1 0.0 145.62070997669366
26 1 0.0 145.30542529000024
26 1 0.0 145.0656651999907
26 1 0.0 144.53578112440422
26 1 0.0 144.22060962999967
26 1 0.0 143.53137851999873
26 1 0.0 142.6840211948903
26 1 0.0 142.5066825699982
26 1 145.53234320999263 287.6741559100092
26 1 0.0 142.03206577001288
26 1 0.0 141.58536339959778
26 1 0.0 140.8301931397
26 1 0.0 140.82863292969654
26 1 0.0 140.6629543459212
26 1 0.0 140.18768259999956
26 1 0.0 139.714610822414
26 1 0.0 139.39783820999378
26 1 0.0 139.39109999928107
26 1 0.0 139.21836197999409
26 1 0.0 138.888291759989
26 1 0.0 138.81191844800674
26 1 0.0 138.31389699749434
26 1 0.0 137.67079178619952
26 1 526.6674584779976 664.2045700143016
26 1 22.848738639299768 160.3732621740014
26 1 0.0 137.34617839250257
26 1 0.0 136.0495627087996
26 1 0.0 135.8487888662005
26 1 0.0 135.7804662499992
26 1 0.0 135.61126317250455
26 1 0.0 135.5820825335005
26 1 0.0 135.08713994319908
26 1 0.0 135.00323541880334
26 1 0.0 133.83372634000943
26 1 0.0 133.4931726399966
26 1 0.0 133.39819121000136
26 1 0.0 132.50298070002282
26 1 0.0 132.38868884749536
26 1 0.0 132.13545104929926
26 1 0.0 132.12902679225613
26 1 0.0 131.83646713109908
26 1 58.32407007510153 190.0118470791009
26 1 0.0 131.50558229232615
26 1 0.0 130.89570688000083
26 1 0.0 130.88578759248912
26 1 0.0 130.8216691883959
26 1 0.0 130.6209495349035
26 1 0.0 130.57383728050092
26 1 14.633378423611703 144.83476811550645
26 1 0.0 129.81440616000162
26 1 0.0 128.98702024001432
26 1 18.915736390001257 147.4324111225004
26 1 53.386724006402574 181.36233813760083
26 1 0.0 127.61756653000236
26 1 0.0 127.39128993960583
26 1 0.0 127.16392648999545
26 1 0.0 126.67335377039035
26 1 0.0 126.10257087000832
26 1 0.0 125.67142875000286
26 1 0.0 124.2285182799917
26 1 0.0 124.12239584535405
26 1 36.94722111680039 160.97437680000198
26 1 0.0 123.77378640000529
26 1 0.0 123.60688089842131
26 1 0.0 123.52688981000213
26 1 0.0 122.57913725800245
26 1 0.0 122.46652271629952
26 1 0.0 122.18408286000204
26 1 0.0 121.81976915425139
26 1 0.0 121.61355125000142
26 1 0.0 121.24357003879572
26 1 0.0 120.3638174243998
26 1 0.0 120.32075460000334
26 1 0.0 119.78537152000854
26 1 0.0 119.71104452249438
26 1 0.0 119.48513645950999
26 1 0.0 119.47396643469278
26 1 0.0 119.45712309889427
26 1 0.0 118.71685788748914
26 1 0.0 118.30704235199642
26 1 0.0 118.16988882000061
26 1 0.0 118.15832520959157
26 1 0.0 117.78119262000371
26 1 0.0 117.2929834820037
26 1 0.0 117.1867132768964
26 1 0.0 116.26307011001126
26 1 0.0 115.63383895958896
26 1 0.0 115.04225121279893
26 1 0.0 114.13785595000215
26 1 0.0 113.74407638240137
26 1 0.0 113.66899479000233
26 1 0.0 113.49664425490175
26 1 0.0 112.3254534399955
26 1 0.0 111.48728475009602
26 1 0.0 110.81824076998993
26 1 0.0 110.70940742160263
26 1 0.0 110.35077407529593
26 1 0.0 110.08626387040158
26 1 0.0 109.33301495455788
26 1 0.0 109.11481802409571
26 1 0.0 109.04729745000179
26 1 0.0 109.01205527629304
26 1 6.952828390008563 115.54225552000048
26 1 0.0 108.26103352998916
26 1 0.0 108.20110500370538
26 1 0.0 108.07489899490531
26 1 0.0 107.569440011996
26 1 0.0 107.44515013710475
26 1 0.0 107.3946354706984
26 1 0.0 107.17411993679909
26 1 138.9896510315998 246.01754588248923
26 1 0.0 106.85830456000394
26 1 0.0 106.77381435250186
26 1 0.0 106.31838746999767
26 1 0.0 106.1645289300007
26 1 0.0 105.78112676000012
26 1 0.0 105.4390655099935
26 1 0.0 105.39122960999426
26 1 0.0 104.10956963000308
26 1 0.0 104.05967209959931
26 1 0.0 103.99242236000646
26 1 0.0 103.96030301000201
26 1 0.0 103.79182791599874
26 1 0.0 103.24909101759988
26 1 0.0 102.96565245731517
26 1 0.0 102.88121250000412
26 1 0.0 102.19022061000646
26 1 0.0 101.8065144000036
26 1 0.0 101.7311313552002
26 1 0.0 101.11486083000955
26 1 0.0 99.90171627000063
26 1 165.69209978591027 265.1543538993118
26 1 0.0 99.19204496002158
26 1 0.0 98.55514129730193
26 1 247.34368806389944 345.231642472899
26 1 0.0 97.00240373439772
26 1 0.0 96.98790271321514
26 1 2.5319001647956156 99.27683615228182
26 1 0.0 96.62412392999533
26 1 0.0 96.62230612000208
26 1 0.0 96.35481291869883
26 1 0.0 96.15874723038951
26 1 0.0 95.93466881999677
26 1 224.60875330439512 319.3742904243952
26 1 0.0 94.6364288100001
26 1 0.0 94.10525047998931
26 1 5.414992629987864 98.98687871997345
26 1 18.847199599991654 112.2322344175875
26 1 0.0 93.11939941622313
26 1 0.0 92.00866225910067
26 1 0.0 91.98832358000072
26 1 0.0 91.83000919000449
26 1 0.0 91.61764401960136
26 1 0.0 91.36633042799883
26 1 0.0 90.62995061999914
26 1 0.0 90.48217735679555
26 1 0.0 90.4075083177836
26 1 0.0 90.32550684689875
26 1 255.14795259400103 345.01670997329416
26 1 0.0 89.63353639999974
26 1 0.0 89.30596371000217
26 1 0.0 89.17191879189568
26 1 0.0 89.12885442999436
26 1 0.0 89.03219612639509
26 1 0.0 88.18620456640008
26 1 0.0 88.05449974560156
26 1 0.0 87.40620551001257
26 1 0.0 87.25599415000485
26 1 0.0 85.49791387919777
26 1 93.89501007999661 179.27707336000094
26 1 202.86944307849762 288.0880973240996
26 1 0.0 85.09343277390099
26 1 149.14208914996925 233.8902208500026
26 1 0.0 84.46651415119231
26 1 0.0 83.07663687958427
26 1 0.0 81.45887851001498
26 1 0.0 81.3749789099985
26 1 0.0 81.19559732520463
26 1 235.36784582039604 316.4446227700024
26 1 0.0 80.88183902199535
26 1 0.0 80.12597847999541
26 1 0.0 79.26237062998837
26 1 0.0 79.22391333750488
26 1 0.0 79.21173242999987
26 1 0.0 79.04333620560021
26 1 0.0 77.67697266807522
26 1 0.0 77.55638955249844
26 1 0.0 77.45480347109674
26 1 431.7069877273011 508.84305883529487
26 1 0.0 76.8526875084001
26 1 0.0 76.83516821000308
26 1 0.0 76.56866248000432
26 1 0.0 76.5643961500009
26 1 0.0 76.48627389000069
26 1 0.0 76.27755771006389
26 1 0.0 76.01078866290231
26 1 0.0 75.94821488748948
26 1 0.0 75.5141964011035
26 1 0.0 74.7128044423016
26 1 0.0 73.93835030550218
26 1 5.718612662900256 79.53521054589578
26 1 181.93605263749942 255.64218812650472
26 1 34.75223471999709 108.02917829999622
26 1 0.0 72.94699176249901
26 1 0.0 72.70937000996082
26 1 0.0 72.50357151999185
26 1 231.1075343199982 303.0425487199973
26 1 0.0 71.54740962000102
26 1 0.0 71.45707476799839
26 1 0.0 71.22814001640086
26 1 0.0 69.90742913000304
26 1 0.0 69.64675375000138
26 1 0.0 69.39800562919811
26 1 0.0 69.32349699360032
26 1 86.69813647999013 155.90096523999455
26 1 0.0 69.15332637867164
26 1 0.0 69.14485847000003
26 1 0.0 68.84728947999452
26 1 0.0 68.60259996310435
26 1 0.0 68.4691203563022
26 1 0.0 68.05699715200447
26 1 0.0 67.86193188441302
26 1 0.0 67.64236967000096
26 1 0.0 67.4643987204015
26 1 15.4093560864942 82.59145751130197
26 1 0.0 67.16408271001274
26 1 0.0 67.07259262999992
26 1 0.0 67.00327933920227
26 1 0.0 66.7600533599915
26 1 0.0 66.75643395000156
26 1 783.7203626066366 850.1562333768011
26 1 0.0 66.24666731999503
26 1 0.0 66.12040060750428
26 1 0.0 65.23264313000055
26 1 0.0 65.22533551049736
26 1 0.0 64.4595854140007
26 1 0.0 64.16158448890297
26 1 18.878297768392258 82.90310183999657
26 1 0.0 63.60077716039973
26 1 0.0 63.546585535062945
26 1 0.0 63.29333557400423
26 1 47.80305076089644 110.99512224000205
26 1 0.0 63.088021390493225
26 1 43.38779629549737 106.47332696889828
26 1 26.688181050017192 89.69322615000374
26 1 0.0 62.80842386998279
26 1 368.91740587999436 431.3265932499959
26 1 0.0 62.16489085399803
26 1 61.18893320999541 123.28472854999757
26 1 311.3085222240006 373.203254471995
26 1 0.0 61.84504896570934
26 1 0.0 61.59998952879482
26 1 0.0 61.479367759999775
26 1 0.0 61.19775818559964
26 1 65.83612304350123 126.34391115510607
26 1 0.0 60.40826567998738
26 1 0.0 60.38420651999206
26 1 0.0 60.21486827999331
26 1 0.0 60.17496627890341
26 1 0.0 59.79251278450204
26 1 0.0 59.6418016424866
26 1 0.0 59.581992502503
26 1 0.0 59.54834466503917
26 1 0.0 59.02283668999536
26 1 0.0 58.54002632000186
26 1 0.0 58.3300879625034
26 1 0.0 58.271964860898834
26 1 0.0 58.057594169504796
26 1 0.0 57.96907779520279
26 1 89.03891984001166 146.9739540099947
26 1 164.74488539999538 222.53625739999507
26 1 0.0 57.66659763544635
26 1 0.0 57.49388561999581
26 1 0.0 57.04774857309991
26 1 0.0 56.68422944199875
26 1 0.0 56.45209133999907
26 1 0.0 56.27571913942094
26 1 0.0 56.11095024359838
26 1 37.59676569400102 93.57943459799503
26 1 0.0 55.81999121153851
26 1 0.0 55.69318995399999
26 1 0.0 55.489293490014916
26 1 0.0 55.3259769135027
26 1 0.0 54.87374364000175
26 1 0.0 54.238394741994625
26 1 0.0 52.96974197000918
26 1 0.0 52.649207900000874
26 1 0.0 52.332703599998865
26 1 0.0 51.810698515605964
26 1 47.57349440500525 99.27175319620233
26 1 0.0 51.41309755000043
26 1 155.80051398639796 206.9691882999947
26 1 0.0 50.96869080450506
26 1 0.0 50.6039820099935
26 1 182.22651967999707 232.17702929999018
26 1 0.0 49.840001073600945
26 1 0.0 49.73046559999921
26 1 0.0 49.64245480249724
26 1 170.00193883001577 219.61184144000777
26 1 0.0 49.401870022499
26 1 0.0 49.09601285889818
26 1 0.0 48.66111863999947
26 1 0.0 48.62737611320608
26 1 0.0 48.12903444170263
26 1 33.6643868399924 81.75977402999479
26 1 264.9481445583956 312.98908478409567
26 1 21.846044900291474 69.85028111373032
26 1 0.0 47.957273719898126
26 1 0.0 47.536377365998305
26 1 0.0 47.37179632639891
26 1 13.111500908395328 60.42075008479367
26 1 0.0 46.92135968999173
26 1 34.32919475159929 81.04300649279955
26 1 0.0 45.937620192003635
26 1 0.0 45.91600949400413
26 1 0.0 45.24554217001196
26 1 0.0 45.20096703730033
26 1 0.0 45.193862062497374
26 1 0.0 44.73168531680767
26 1 0.0 44.63909064299855
26 1 0.0 44.4854427499979
26 1 0.0 44.174186076401725
26 1 0.0 44.007235090399035
26 1 0.0 43.84802908750089
26 1 408.643103670011 452.4138036799991
26 1 0.0 43.60327651750055
26 1 0.0 43.40327914079903
26 1 0.0 42.92136389000882
26 1 0.0 42.52959619999888
26 1 0.0 42.34541044349987
26 1 0.0 42.32097766950017
26 1 0.0 41.80751109000971
26 1 0.0 41.79110520998938
26 1 8.74911347000068 50.46757743999942
26 1 0.0 41.49472871239186
26 1 0.0 41.37889610999673
26 1 0.0 40.86903754240262
26 1 0.0 40.79225281000561
26 1 0.0 40.61188833999336
26 1 542.0825890612086 582.165896799097
26 1 0.0 39.7750554900014
26 1 0.0 39.23980580000989
26 1 0.0 39.176596214000256
26 1 0.0 39.147073755201745
26 1 0.0 38.87989584309895
26 1 25.828450793901993 64.2921496007998
26 1 0.0 37.8872624852047
26 1 0.0 37.13671389000223
26 1 0.0 36.92660720999709
26 1 0.0 36.77886524311373
26 1 0.0 36.72786263170508
26 1 695.0383345900079 731.6908641899854
26 1 0.0 36.62998740000984
26 1 0.0 36.467954954895504
26 1 0.0 36.28716730169458
26 1 0.0 35.74454799749674
26 1 0.0 35.419206540003984
26 1 0.0 35.410204472503665
26 1 0.0 34.95807651000416
26 1 0.0 34.706418133201794
26 1 0.0 34.40678041110084
26 1 0.0 34.27903960000151
26 1 0.0 33.8061783683861
26 1 0.0 33.783475821798305
26 1 0.0 33.095426790003785
26 1 0.0 32.817782237488245
26 1 0.0 32.752610710000226
26 1 0.0 32.109269406099514
26 1 0.0 31.978621942500922
26 1 0.0 31.757648017201774
26 1 0.0 30.885676079997893
26 1 0.0 30.69313652000004
26 1 17.401027052501945 47.89253414360326
26 1 0.0 30.378284436802232
26 1 229.0304670802998 259.10346022549834
26 1 0.0 29.938302326407097
26 1 0.0 29.671445973999766
26 1 0.0 29.53613720000635
26 1 0.0 29.186013949999563
26 1 0.0 29.02339533410168
26 1 0.0 28.488510760000793
26 1 6.320544250005014 34.54274610000016
26 1 0.0 27.56759166000836
26 1 0.0 27.537853791902307
26 1 51.04225826729402 78.46495705289642
26 1 50.21447781920119 77.431539883705
26 1 0.0 27.059091952394738
26 1 0.0 26.96214086000095
26 1 0.0 26.61374741000236
26 1 0.0 26.405690412505464
26 1 202.8599981624966 228.93263868129816
26 1 666.2641193100003 692.1425230899054
26 1 0.0 25.594748665596853
26 1 0.0 25.225863990001926
26 1 251.55735333002644 276.0348688500203
26 1 102.66069580249678 126.97967895670172
26 1 101.47131648023947 125.52764915017428
26 1 394.95183363117053 419.00641686056656
26 1 0.0 23.76116267999862
26 1 0.0 23.515920504503242
26 1 0.0 23.309716341997103
26 1 0.0 23.20035303519785
26 1 0.0 23.060543968800403
26 1 0.0 22.995068769998454
26 1 0.0 22.55982904000183
26 1 23.282312800002728 45.69544894000046
26 1 0.0 21.79490493999407
26 1 0.0 21.770833049994053
26 1 140.84941951252438 162.60427245909932
26 1 3.8475975924969816 25.364269454403313
26 1 0.0 21.36249118029332
26 1 0.0 21.336621850003553
26 1 0.0 20.925460790001125
26 1 0.0 20.111200159991995
26 1 0.0 20.06379983479792
26 1 0.0 19.385908620000606
26 1 0.0 18.93714433972673
26 1 0.0 18.856405857099617
26 1 0.0 18.65440531649824
26 1 0.0 18.64136127729992
26 1 0.0 18.622999386000288
26 1 123.85373215959703 142.41447995600174
26 1 0.0 18.506199063097824
26 1 0.0 18.447778257498726
26 1 0.0 18.41572237641094
26 1 0.0 18.133716548008124
26 1 0.0 17.637703988099247
26 1 0.0 17.512181398095606
26 1 168.55589037630534 185.89108583100142
26 1 0.0 16.836707664002063
26 1 55.62546300998986 72.08116200000165
26 1 0.0 15.790684959996952
26 1 0.0 15.583466430003455
26 1 0.0 15.2761646396998
26 1 37.6131874215032 52.74904499759691
26 1 0.0 15.116864172003261
26 1 142.35560274930003 157.34788640071724
26 1 88.19620922109675 102.9341688200027
26 1 202.7534712400069 217.17544337000646
26 1 0.0 14.257357433599509
26 1 26.338128212395077 40.13413604799496
26 1 0.0 13.79291152880063
26 1 71.70919392839983 85.41652554090206
26 1 0.0 12.828284213102847
26 1 0.0 12.794108182003129
26 1 0.0 12.73855995999341
26 1 0.0 12.731901019996371
26 1 0.0 12.718586149994564
26 1 0.0 12.661365789994761
26 1 0.0 12.191056821597385
26 1 68.83165204999602 80.92925924000474
26 1 0.0 11.418105712003126
26 1 0.0 11.369523103857887
26 1 70.810169585999 82.12619901010024
26 1 0.0 10.765138591698133
26 1 0.0 10.745201480003743
26 1 0.0 10.572046104579726
26 1 0.0 10.026473599999605
26 1 0.0 9.882086879097415
26 1 0.0 9.636563559601655
26 1 136.95597771549967 146.32617190959547
26 1 192.00206759240473 201.31173912530141
26 1 0.0 9.250832526806334
26 1 0.0 9.113894999996091
26 1 13.756018239985451 22.272226320007007
26 1 0.0 8.400390597996193
26 1 0.0 8.047281886899782
26 1 93.43313191729999 101.22050699999932
26 1 0.0 7.6564388064008995
26 1 0.0 7.632871399096075
26 1 0.0 7.535860880004407
26 1 0.0 7.494716388396
26 1 0.0 7.323518914202623
26 1 0.0 7.275217839993331
26 1 0.0 7.251956922505769
26 1 0.0 6.900907040000561
26 1 15.279930479999052 22.116809201100125
26 1 0.0 6.6051508900021645
26 1 0.0 6.40346555749926
26 1 0.0 6.301138306899446
26 1 77.75684215278648 83.9874339637039
26 1 0.0 6.229586807699889
26 1 0.0 6.108609287502134
26 1 81.07606220000355 86.83432617039477
26 1 179.65128863998416 185.2591239099911
26 1 0.0 5.012017679992198
26 1 0.0 4.8899827929012645
26 1 35.53821647999837 39.84229016000005
26 1 0.0 3.2951729572191653
26 1 0.0 3.148574229996086
26 1 0.0 3.125581830898426
26 1 90.6265194156 93.75022718879882
26 1 0.0 2.984976371109269
26 1 0.0 2.9819182065032237
26 1 0.0 2.8077774914976885
26 1 0.0 2.615477990002546
26 1 0.0 2.514909050001009
26 1 0.0 2.3954879099965183
26 1 0.0 2.379464604868531
26 1 0.0 2.206594409998303
26 1 0.0 2.1697474500003864
26 1 60.64086932200081 62.761332865997815
26 1 0.0 1.998670641887884
26 1 0.0 1.2608259260991872
26 1 230.68927910680713 231.93266650681176
26 1 38.20485809312177 39.08425735067263
26 1 23.216991324638457 24.06072442372036
26 1 0.0 0.7318709835931259
26 1 0.0 0.32808708750394544
26 1 0.0 0.03342840001243985
26 1 0.0 0.015297531603437164
26 0 0.0 inf
# COVID_SAMPLE_10_ROI_2
27 1 0.0 15625.010672023724
27 1 0.0 8334.942268970912
27 1 0.0 8050.537435030503
27 1 0.0 7193.690099078544
27 1 0.0 7035.747420472398
27 1 0.0 5477.893563713998
27 1 0.0 5185.507843506406
27 1 0.0 3844.07123447707
27 1 0.0 3593.297131650009
27 1 0.0 3487.064540241941
27 1 0.0 3409.208344545699
27 1 0.0 3195.1790256544264
27 1 0.0 3050.2258107300922
27 1 382.77490893442155 3294.2973028052156
27 1 0.0 2902.4898460475088
27 1 0.0 2834.380967370007
27 1 0.0 2663.9603283499923
27 1 0.0 2607.607883399991
27 1 0.0 2599.5097301995943
27 1 0.0 2427.8124578100214
27 1 0.0 2127.8777209043983
27 1 0.0 2089.4714676500234
27 1 0.0 2022.7679107200004
27 1 0.0 2019.1907610974986
27 1 0.0 2014.7351311156865
27 1 0.0 2012.307469390008
27 1 0.0 1845.0687035901028
27 1 0.0 1694.9982881814985
27 1 0.0 1597.7672968460106
27 1 0.0 1546.4019503079026
27 1 0.0 1532.4219548099911
27 1 0.0 1501.909351249199
27 1 0.0 1483.643711669998
27 1 0.0 1466.7865852600144
27 1 0.0 1384.3153990800329
27 1 0.0 1379.4264340719888
27 1 0.0 1365.9049184700134
27 1 0.0 1362.9613125600004
27 1 0.0 1360.765150759984
27 1 0.0 1342.5673510838856
27 1 0.0 1270.5104182240038
27 1 0.0 1231.0268882512987
27 1 0.0 1203.7203144383948
27 1 0.0 1199.0143687199813
27 1 0.0 1180.525852320014
27 1 0.0 1159.8040056451146
27 1 0.0 1156.449961998704
27 1 0.0 1155.3314011558032
27 1 0.0 1119.782310350019
27 1 0.0 1119.7281148244056
27 1 0.0 1118.6230826899996
27 1 0.0 1091.2232190579991
27 1 0.0 1090.1683489604968
27 1 0.0 1088.1928370099977
27 1 0.0 1080.71938247001
27 1 0.0 1079.4054500000025
27 1 0.0 1071.4599157600271
27 1 0.0 1068.5420861292
27 1 0.0 1065.888757494091
27 1 0.0 1026.251506329988
27 1 0.0 1009.8397434835897
27 1 0.0 1002.2274200688998
27 1 0.0 994.000095589985
27 1 0.0 977.052178130002
27 1 0.0 958.032628639995
27 1 0.0 952.6710126499963
27 1 0.0 943.9681636000074
27 1 0.0 939.6777170109052
27 1 0.0 938.9628610092091
27 1 0.0 932.3878036152091
27 1 0.0 928.8250832354919
27 1 0.0 917.9130186451409
27 1 0.0 914.2468835000923
27 1 0.0 912.256972889988
27 1 0.0 910.9713559499965
27 1 0.0 909.9059038564981
27 1 0.0 904.807740181996
27 1 0.0 903.115096506695
27 1 0.0 898.5533093379968
27 1 0.0 895.1825540919892
27 1 0.0 895.0851012043522
27 1 0.0 893.4327090800009
27 1 0.0 880.185200215999
27 1 0.0 876.6349054959994
27 1 0.0 854.3648648900228
27 1 0.0 842.0346611947616
27 1 0.0 833.4030729779912
27 1 0.0 828.1660729000128
27 1 0.0 825.9805034599984
27 1 0.0 821.8807509717003
27 1 0.0 821.7509412578006
27 1 0.0 820.487515090012
27 1 0.0 815.7887571740006
27 1 0.0 809.5807045939971
27 1 0.0 806.4679652100035
27 1 0.0 804.7567108339908
27 1 0.0 798.1371077899959
27 1 0.0 790.7942837312971
27 1 0.0 789.4311614699895
27 1 0.0 788.2077548325003
27 1 0.0 786.1935424700105
27 1 0.0 780.2040882659066
27 1 0.0 779.245407953996
27 1 0.0 776.5255354300116
27 1 0.0 775.3876552316012
27 1 334.2839399243005 1106.0163208448005
27 1 0.0 765.8493406900132
27 1 0.0 765.7771088700024
27 1 0.0 764.2563893043343
27 1 0.0 760.8241393359936
27 1 0.0 756.9844689199986
27 1 0.0 753.162325931095
27 1 0.0 748.9602518100228
27 1 0.0 746.5818332677719
27 1 0.0 738.4240425736929
27 1 0.0 730.0717031699994
27 1 0.0 725.1189957674897
27 1 0.0 713.8620512657653
27 1 0.0 713.4340144800026
27 1 0.0 712.834639039992
27 1 0.0 708.7858187275065
27 1 0.0 708.7849957900042
27 1 0.0 704.0296197289149
27 1 0.0 701.2505894653077
27 1 0.0 694.1541387600055
27 1 0.0 693.392172846708
27 1 0.0 688.7733506500147
27 1 0.0 688.3853288500111
27 1 0.0 681.9553563100101
27 1 0.0 681.331636849306
27 1 0.0 680.6946829100007
27 1 0.0 673.4767416643781
27 1 0.0 671.8240998144975
27 1 0.0 671.0337660799901
27 1 0.0 667.4202392100076
27 1 0.0 666.5156194778942
27 1 0.0 664.1927656799874
27 1 0.0 659.525211234152
27 1 0.0 658.0130268433561
27 1 0.0 657.129364535996
27 1 0.0 654.3854717999693
27 1 0.0 653.2344159791846
27 1 0.0 649.7346577950996
27 1 0.0 649.5867656872947
27 1 0.0 647.2714347300148
27 1 0.0 641.2049487199897
27 1 0.0 640.4476772000025
27 1 0.0 638.4980264181008
27 1 0.0 635.8530480899988
27 1 0.0 634.7800647191089
27 1 0.0 630.6313783899923
27 1 0.0 628.7636013455992
27 1 0.0 627.8204752799918
27 1 0.0 620.6595600399893
27 1 0.0 613.4081508672043
27 1 0.0 610.4982835228059
27 1 0.0 609.6815813210985
27 1 0.0 607.9533774800163
27 1 0.0 606.097973607586
27 1 0.0 604.2618356543885
27 1 0.0 600.0094772399965
27 1 0.0 595.7925515500021
27 1 0.0 593.0420712800228
27 1 0.0 590.1598348799856
27 1 0.0 589.6601155920021
27 1 0.0 585.6293396671017
27 1 0.0 584.914766339987
27 1 0.0 584.7164386738264
27 1 0.0 583.1283110456031
27 1 0.0 580.5363679374991
27 1 0.0 577.7060487899976
27 1 0.0 576.1429771116975
27 1 0.0 575.7737890688002
27 1 0.0 575.360743235399
27 1 0.0 574.0658694851979
27 1 0.0 572.390482522
27 1 0.0 571.1600403100024
27 1 0.0 569.5811040160033
27 1 0.0 569.5706452520994
27 1 0.0 568.6439862764014
27 1 0.0 568.5406293899973
27 1 0.0 567.8775440750953
27 1 73.6365184920005 639.8033506992024
27 1 0.0 565.8743880399975
27 1 0.0 557.1837510099976
27 1 0.0 553.5374898499833
27 1 0.0 551.9373270899973
27 1 0.0 551.6052246040092
27 1 29.802786240001183 580.1229003999935
27 1 0.0 549.8874250783947
27 1 0.0 543.6781709803333
27 1 0.0 542.1233192324017
27 1 0.0 541.9377364096031
27 1 0.0 541.4701455484937
27 1 0.0 539.6993148299906
27 1 92.32317794042001 630.7352449448065
27 1 0.0 536.756074888094
27 1 0.0 535.560871109984
27 1 0.0 535.1681208799948
27 1 0.0 524.8723507032028
27 1 0.0 523.8755084947798
27 1 60.159208962514185 581.4704041599987
27 1 0.0 519.6222725808934
27 1 0.0 516.415698287997
27 1 0.0 514.6627024799864
27 1 0.0 514.4896558711057
27 1 0.0 511.83827121869945
27 1 0.0 510.20090784999974
27 1 0.0 507.67163271000607
27 1 0.0 505.3596240299885
27 1 0.0 505.2041112962037
27 1 0.0 503.7093917200011
27 1 0.0 503.58130097851244
27 1 0.0 502.8473621600001
27 1 0.0 500.6071938675009
27 1 0.0 500.2841480425092
27 1 0.0 498.2816155723958
27 1 0.0 491.21169839000754
27 1 0.0 490.28072045120143
27 1 0.0 488.9248130700066
27 1 0.0 487.4844526462832
27 1 0.0 486.8963716500001
27 1 0.0 485.9430857903992
27 1 0.0 485.3296397968975
27 1 0.0 484.7147479151929
27 1 0.0 484.353767471993
27 1 0.0 483.6373342800016
27 1 106.69390340080236 590.0293057794961
27 1 0.0 483.0437286795359
27 1 0.0 481.446573640173
27 1 0.0 480.3706371500032
27 1 0.0 480.2949631790848
27 1 0.0 479.49288726832106
27 1 0.0 476.14349324372233
27 1 40.27193847000399 513.055226800022
27 1 0.0 472.04672122000875
27 1 0.0 471.27088628520073
27 1 0.0 468.63540198309227
27 1 0.0 463.43311200999483
27 1 0.0 460.30252608399496
27 1 0.0 459.92638421529887
27 1 0.0 459.72293796150825
27 1 74.17904547999365 532.6958209300183
27 1 0.0 457.6931436099892
27 1 0.0 453.8768487984007
27 1 0.0 453.0568548428171
27 1 0.0 452.93239503998143
27 1 0.0 451.2242088624946
27 1 0.0 449.26026030000276
27 1 0.0 448.19306677999793
27 1 0.0 448.17736813119546
27 1 0.0 446.8024425200092
27 1 0.0 445.8577451899969
27 1 0.0 445.40962730530873
27 1 0.0 444.3480590099998
27 1 0.0 444.0636506063786
27 1 0.0 443.4408360723987
27 1 76.42406524799844 516.415698287997
27 1 0.0 439.22529061846944
27 1 0.0 438.2671560799985
27 1 0.0 435.6349979264112
27 1 0.0 434.7431420800326
27 1 0.0 434.10966327720485
27 1 0.0 434.0967284007909
27 1 0.0 433.20773696500055
27 1 0.0 432.38765084000056
27 1 0.0 432.1726031010969
27 1 0.0 429.619469020408
27 1 0.0 428.3934407899819
27 1 0.0 428.01001847490056
27 1 0.0 427.9656264060019
27 1 0.0 426.31200383000566
27 1 0.0 425.22354508549984
27 1 0.0 424.8590873599924
27 1 0.0 424.72146812519077
27 1 0.0 424.5193507640015
27 1 32.16798164001091 456.3423725900009
27 1 0.0 423.97534204999965
27 1 0.0 423.5790070027963
27 1 0.0 423.24422449001213
27 1 0.0 421.5643358039996
27 1 0.0 421.50092222700414
27 1 0.0 421.3982136800232
27 1 0.0 420.6207417515973
27 1 0.0 420.48008634548864
27 1 0.0 420.3540293529036
27 1 0.0 418.16431472000704
27 1 0.0 416.349689890023
27 1 0.0 415.9402368395995
27 1 0.0 414.72014629839487
27 1 0.0 414.60853529999906
27 1 0.0 414.58598107710463
27 1 0.0 413.19850348070145
27 1 0.0 412.203161199996
27 1 0.0 410.722634905512
27 1 0.0 408.62021114999084
27 1 83.8853972556044 491.01014475319903
27 1 0.0 405.2128161183989
27 1 54.47143295850174 458.8152289236988
27 1 0.0 404.2417551998651
27 1 0.0 404.1788083200033
27 1 0.0 404.0963336391944
27 1 0.0 402.50427864832227
27 1 0.0 401.25610706999623
27 1 0.0 399.8979797859979
27 1 0.0 399.43550138911064
27 1 0.0 398.52924448999875
27 1 0.0 396.171813120005
27 1 0.0 393.612467399994
27 1 0.0 392.84751899999594
27 1 0.0 391.2661380059981
27 1 0.0 390.6967446033809
27 1 0.0 390.6354289499968
27 1 0.0 388.855620791604
27 1 0.0 387.71979794040135
27 1 0.0 387.4916984160036
27 1 0.0 386.3734462800028
27 1 0.0 386.0985975860013
27 1 0.0 385.11572119000766
27 1 0.0 383.90220245000046
27 1 0.0 383.80485447999376
27 1 0.0 383.47374946999633
27 1 0.0 382.36751820000774
27 1 0.0 381.69497579699964
27 1 0.0 381.22119867149377
27 1 0.0 380.2737701724998
27 1 0.0 379.8165620415373
27 1 0.0 379.7166542899959
27 1 0.0 379.54142522464036
27 1 0.0 379.06389790489584
27 1 0.0 378.44513365752823
27 1 0.0 377.6660789100023
27 1 0.0 374.56440383718655
27 1 0.0 373.9009066275112
27 1 0.0 373.80877741239146
27 1 0.0 372.7218427591039
27 1 0.0 371.1066865499963
27 1 0.0 370.3705116524882
27 1 0.0 369.26081895999414
27 1 0.0 368.9147943059843
27 1 0.0 368.3607966920515
27 1 0.0 367.6996517495422
27 1 0.0 367.67642860000115
27 1 0.0 367.073257200002
27 1 0.0 366.45805756000846
27 1 0.0 365.09911200002057
27 1 0.0 364.3590803300149
27 1 0.0 363.5521602451988
27 1 0.0 362.73894085009965
27 1 0.0 362.1278135370967
27 1 0.0 361.0839063299943
27 1 0.0 360.76959677160323
27 1 0.0 360.549301897498
27 1 0.0 360.4608676799976
27 1 0.0 359.7453777500158
27 1 0.0 359.39849644230515
27 1 0.0 357.2557303000092
27 1 0.0 356.933618975999
27 1 0.0 356.30313083080546
27 1 0.0 356.1724606818973
27 1 0.0 355.83456687599266
27 1 0.0 355.60419018200355
27 1 0.0 354.44431800099954
27 1 0.0 352.81075846509975
27 1 0.0 352.26764061000154
27 1 0.0 351.1237823144072
27 1 0.0 350.4732718308983
27 1 0.0 349.450146860799
27 1 0.0 348.9936720542945
27 1 0.0 347.5192878811007
27 1 20.765122784393952 367.7413719999994
27 1 0.0 344.8886403771986
27 1 0.0 343.74762749999877
27 1 0.0 343.08921528359383
27 1 0.0 341.77812061310715
27 1 0.0 341.0142161999993
27 1 0.0 340.4070355132019
27 1 0.0 340.3517441299872
27 1 0.0 339.3965047199998
27 1 0.0 337.5566169737541
27 1 0.0 337.0854659781003
27 1 0.0 336.768149708025
27 1 0.0 335.89902548549276
27 1 0.0 335.87022027069406
27 1 0.0 335.2381829599989
27 1 0.0 335.11062384599154
27 1 0.0 333.64813578920143
27 1 0.0 332.93518235930003
27 1 0.0 331.8690822905155
27 1 0.0 331.8080904860017
27 1 0.0 330.60861200000375
27 1 0.0 330.1013620595959
27 1 0.0 328.9069639199979
27 1 0.0 327.6989944906984
27 1 0.0 326.5460623599995
27 1 0.0 325.0109179704921
27 1 0.0 324.42587188049333
27 1 0.0 323.1323708799937
27 1 0.0 322.58141359150386
27 1 0.0 321.8337989399877
27 1 0.0 318.89490291859875
27 1 0.0 318.4690448399996
27 1 0.0 318.27458096000066
27 1 0.0 317.6191374224021
27 1 0.0 317.02072798999734
27 1 0.0 316.6112645024966
27 1 0.0 315.75198704000695
27 1 0.0 314.9208149714999
27 1 0.0 313.71778151247963
27 1 0.0 313.63134990680385
27 1 0.0 313.4792303996071
27 1 0.0 313.4472613374933
27 1 0.0 313.2147062652997
27 1 0.0 313.12693092960467
27 1 0.0 309.9175974128066
27 1 0.0 309.9045214544001
27 1 0.0 308.64797915000554
27 1 0.0 308.6279498548073
27 1 0.0 308.4762881999982
27 1 96.2363307048978 403.8829371267973
27 1 0.0 307.24726914349753
27 1 0.0 307.17373881001174
27 1 0.0 306.4657994027998
27 1 0.0 305.93621804000725
27 1 0.0 304.8838570499938
27 1 0.0 303.7586484000004
27 1 0.0 303.2699198275948
27 1 0.0 303.25132999039624
27 1 0.0 302.2324108140069
27 1 0.0 302.2205255135941
27 1 0.0 301.80567593002456
27 1 0.0 301.56579162122046
27 1 0.0 301.3898677500083
27 1 0.0 301.03012347239746
27 1 0.0 300.7686705899921
27 1 0.0 300.42800881600164
27 1 0.0 300.309284372006
27 1 0.0 299.98569349130094
27 1 0.0 299.4219256499914
27 1 0.0 298.6241777268017
27 1 0.0 298.2500204862977
27 1 0.0 297.24146896919285
27 1 0.0 297.21396480001977
27 1 0.0 295.80214679999335
27 1 0.0 295.59123187078467
27 1 0.0 295.36695240800236
27 1 0.0 293.87726167159235
27 1 0.0 293.7610097824913
27 1 0.0 292.24083390750104
27 1 0.0 291.56206513570305
27 1 0.0 291.12148236998746
27 1 0.0 290.82073462999733
27 1 0.0 289.519756580004
27 1 0.0 289.51285547999396
27 1 0.0 289.1940256974979
27 1 0.0 287.3371945832985
27 1 23.480839687113757 310.7646411324886
27 1 0.0 286.64872374760284
27 1 0.0 285.96930530000225
27 1 0.0 284.52729902999977
27 1 0.0 283.88282999159765
27 1 0.0 283.83162862000154
27 1 0.0 283.81017119999296
27 1 0.0 283.7199048688959
27 1 382.93644723480793 665.881541234703
27 1 0.0 282.2539970059938
27 1 0.0 281.5564211794996
27 1 0.0 281.1154183375945
27 1 0.0 280.8119345099997
27 1 0.0 280.6076289254919
27 1 0.0 280.09385448000415
27 1 0.0 279.69655178289895
27 1 0.0 279.5308845256062
27 1 0.0 279.4018645409967
27 1 0.0 279.1727577482179
27 1 0.0 278.4467271299971
27 1 0.0 277.55614660999936
27 1 0.0 276.6682414655994
27 1 0.0 276.5719579259977
27 1 0.0 276.4124238463976
27 1 0.0 276.00647536999054
27 1 0.0 275.5424863410981
27 1 0.0 275.19643793409796
27 1 0.0 274.3620816432908
27 1 0.0 274.3384275699957
27 1 0.0 273.31701830146653
27 1 0.0 272.78913695999654
27 1 0.0 272.5970742553002
27 1 27.070584890001555 299.25941435839013
27 1 0.0 269.239178069991
27 1 0.0 269.2099886400056
27 1 263.27198292950334 531.9130505680032
27 1 0.0 267.86804896320245
27 1 49.06982327999958 315.6048082200026
27 1 0.0 265.2927344369014
27 1 0.0 264.62283415389993
27 1 0.0 263.66335621670294
27 1 0.0 263.3288758400022
27 1 0.0 262.87516710000205
27 1 0.0 262.1710891500112
27 1 0.0 261.35892143998984
27 1 1529.926617526779 1789.9948289067688
27 1 0.0 258.75975394489706
27 1 0.0 257.4091144735944
27 1 0.0 257.0003026176026
27 1 0.0 256.103327564501
27 1 685.2600074783895 940.9878185483858
27 1 104.90830586759625 359.8666427999992
27 1 0.0 254.61812722209902
27 1 0.0 254.2777725433075
27 1 0.0 253.29580774600288
27 1 0.0 251.4939923700192
27 1 0.0 251.3481623438911
27 1 0.0 251.04041733999043
27 1 0.0 250.08108857001002
27 1 0.0 249.19342326566948
27 1 0.0 249.05171552656157
27 1 0.0 248.9446722675043
27 1 0.0 248.22019186720763
27 1 0.0 247.31884544158856
27 1 0.0 247.31841016570434
27 1 0.0 247.22445851959924
27 1 0.0 247.1276408900062
27 1 0.0 246.8903752881231
27 1 0.0 246.55891269800054
27 1 0.0 246.17223171999137
27 1 0.0 245.99117717001081
27 1 0.0 245.82555044801325
27 1 0.0 245.53750021589644
27 1 0.0 245.34424402000218
27 1 0.0 245.31491102999763
27 1 0.0 244.96076127000197
27 1 0.0 244.02992028640176
27 1 0.0 243.9772709265295
27 1 0.0 241.82587807999607
27 1 0.0 240.59955209949874
27 1 0.0 240.29457892888126
27 1 0.0 239.67327427599685
27 1 0.0 239.6245036063924
27 1 0.0 239.52468047330512
27 1 0.0 238.9049544063996
27 1 0.0 238.56837815998335
27 1 0.0 237.55472326800646
27 1 0.0 237.4133043391014
27 1 0.0 236.87571960000673
27 1 0.0 236.4225263051942
27 1 0.0 235.760069215307
27 1 0.0 235.60497882999607
27 1 0.0 235.32695624209714
27 1 0.0 233.96500493000167
27 1 0.0 233.10727142432415
27 1 0.0 233.01034972000662
27 1 0.0 232.51754794479803
27 1 0.0 232.44504294840112
27 1 0.0 232.21097040440696
27 1 0.0 230.48134235400403
27 1 0.0 230.4363725316109
27 1 0.0 230.18649777399605
27 1 0.0 230.12813270839638
27 1 0.0 229.75728718389746
27 1 0.0 229.68888983199713
27 1 0.0 229.48250406599436
27 1 0.0 229.22690000000148
27 1 0.0 228.8703843980203
27 1 0.0 228.65699072400025
27 1 0.0 228.0505307099952
27 1 0.0 227.44929956999727
27 1 0.0 227.06404504001694
27 1 0.0 226.27766748999693
27 1 0.0 226.17275250999876
27 1 0.0 225.62442929789916
27 1 5.8938780203941405 231.14845483329327
27 1 0.0 223.4945444624958
27 1 0.0 223.08469260000072
27 1 0.0 222.5087239999981
27 1 0.0 221.8298072459989
27 1 0.0 221.3520405600028
27 1 0.0 220.87780542870257
27 1 0.0 220.82909907439637
27 1 0.0 220.2774381000013
27 1 0.0 219.9259715500241
27 1 0.0 219.1607684223968
27 1 0.0 219.08432461510273
27 1 0.0 218.89759868920055
27 1 0.0 218.63567543999193
27 1 0.0 218.2539324275026
27 1 0.0 217.7795370400038
27 1 283.1041551683977 499.3572636984005
27 1 0.0 215.42759960999186
27 1 0.0 214.73092504269812
27 1 167.71881599998164 382.0894628499925
27 1 54.93079123999007 269.0912168100002
27 1 0.0 213.98618813789994
27 1 0.0 213.70708269170314
27 1 53.79706016819455 267.30223952879624
27 1 0.0 213.1172951625024
27 1 0.0 212.7367984799975
27 1 0.0 212.65602804999617
27 1 0.0 211.71726017999458
27 1 0.0 211.40275975999475
27 1 0.0 211.39576877960178
27 1 0.0 211.00611798699174
27 1 0.0 210.8590706282705
27 1 0.0 210.81213581599422
27 1 0.0 210.6693253116012
27 1 0.0 210.42197057749945
27 1 0.0 210.04863474001695
27 1 0.0 210.0369612995969
27 1 0.0 210.00174355239983
27 1 0.0 209.5570151100019
27 1 5.660512095027002 215.07929937536983
27 1 0.0 208.18555691250253
27 1 0.0 207.79925486760987
27 1 0.0 207.5427584900076
27 1 0.0 207.35013605690142
27 1 0.0 207.07676730304252
27 1 0.0 207.06178499998987
27 1 0.0 206.96918722998805
27 1 0.0 206.9109537096033
27 1 0.0 206.50279917159725
27 1 0.0 206.43748980870208
27 1 62.93433543999993 269.0972676499971
27 1 1.4662903075002305 206.63432662249647
27 1 0.0 205.13206213830335
27 1 0.0 204.8114383115999
27 1 0.0 204.71881921839986
27 1 0.0 204.57093553749405
27 1 0.0 204.25118324400466
27 1 0.0 203.7133599679812
27 1 0.0 202.86900719057257
27 1 0.0 201.24791659998982
27 1 0.0 201.15597763600056
27 1 0.0 200.32574463839944
27 1 0.0 199.932568586301
27 1 0.0 199.59387934999108
27 1 0.0 199.12457831799998
27 1 0.0 198.73536320999244
27 1 0.0 197.74541930800592
27 1 0.0 197.6444549373
27 1 0.0 197.33504068359855
27 1 0.0 197.18106235999835
27 1 0.0 196.85050953000018
27 1 0.0 196.03787600000646
27 1 0.0 196.01050031190118
27 1 0.0 195.90874409479972
27 1 0.0 195.62901809178516
27 1 0.0 194.9721014940992
27 1 0.0 194.47203324599877
27 1 1.0042099175993826 195.29975432040254
27 1 0.0 193.80844338918837
27 1 0.0 193.37055495999311
27 1 0.0 193.09030039000754
27 1 0.0 192.75183567999466
27 1 0.0 191.8184736615998
27 1 0.0 191.27413937360097
27 1 0.0 191.15943908849954
27 1 0.0 190.10771104320253
27 1 0.0 189.76601399549713
27 1 0.0 189.53925164000407
27 1 0.0 188.6029955299914
27 1 0.0 188.55423728280368
27 1 82.12710350998213 269.78423223999357
27 1 89.84882906397638 277.25924147528985
27 1 0.0 187.0956428199958
27 1 0.0 186.36218020039996
27 1 0.0 185.85055894352126
27 1 0.0 185.61194551704034
27 1 0.0 184.9946321299924
27 1 0.0 184.45393523599364
27 1 299.7177188383307 483.5606651598282
27 1 0.0 183.60533774439546
27 1 0.0 183.4706713639987
27 1 0.0 183.19487007359703
27 1 0.0 183.1434935305017
27 1 0.0 183.0931169680025
27 1 0.0 182.93889543317084
27 1 0.0 182.88644474438468
27 1 0.0 182.17061668680208
27 1 0.0 181.8277784187817
27 1 0.0 181.05566949999002
27 1 0.0 180.26956087999065
27 1 0.0 179.9828411999904
27 1 0.0 179.93201146697862
27 1 0.0 179.85895181489684
27 1 0.0 179.65813248001325
27 1 0.0 178.78892834387682
27 1 0.0 177.10511307999877
27 1 0.0 176.88520877049723
27 1 0.0 176.1577988850464
27 1 0.0 176.06168899998943
27 1 0.0 175.5362436899943
27 1 0.0 174.7515437826553
27 1 0.0 174.2846863490429
27 1 0.0 173.80050184250194
27 1 0.0 173.67926458960005
27 1 0.0 172.8534296000048
27 1 0.0 172.7482107875003
27 1 0.0 172.51229141639865
27 1 0.0 171.72468441869478
27 1 15.961787104010341 187.05742829233088
27 1 0.0 171.01584781609154
27 1 0.0 170.3856710199978
27 1 130.80343398398827 301.1793042015935
27 1 0.0 170.2820831668975
27 1 0.0 170.12618569998904
27 1 490.6431878499934 659.555273199993
27 1 0.0 167.98552580000182
27 1 0.0 167.55423844639927
27 1 142.8931506584886 310.3382186396111
27 1 0.0 166.5477773100023
27 1 0.0 166.51932787840167
27 1 0.0 166.4319893999899
27 1 202.19003163200978 368.49884339642495
27 1 23.8926332990994 189.253235914
27 1 0.0 164.78786405000096
27 1 0.0 164.7710980848018
27 1 0.0 164.16091503999587
27 1 0.0 163.714523445596
27 1 0.0 162.71057951909796
27 1 0.0 162.6802896899876
27 1 0.0 162.3556228346995
27 1 0.0 162.19642919070884
27 1 0.0 160.47626926490602
27 1 0.0 160.36559879997822
27 1 0.0 160.06106791480863
27 1 0.0 160.02360830399584
27 1 0.0 159.63918375215962
27 1 0.0 159.33431918809833
27 1 0.0 158.6582421300011
27 1 0.0 157.93491094842557
27 1 0.0 157.6380937919995
27 1 0.0 157.02079001959885
27 1 0.0 156.95001688799903
27 1 0.0 156.60954862311064
27 1 0.0 156.25868420000245
27 1 0.0 155.91764768308212
27 1 0.0 155.57431148599903
27 1 136.43254094999713 291.6028331599895
27 1 0.0 154.67180534250383
27 1 0.0 153.7462973384063
27 1 0.0 153.53869498998847
27 1 0.0 153.40753829998903
27 1 0.0 152.41198137609933
27 1 0.0 152.24832472079913
27 1 0.0 152.12861786509836
27 1 0.0 151.32507751470348
27 1 0.0 151.19586373850507
27 1 0.0 151.1285504800078
27 1 0.0 150.24371618599127
27 1 0.0 149.98163491999912
27 1 0.0 148.84087183249932
27 1 0.0 148.49702797000737
27 1 0.0 148.48210310000036
27 1 0.0 147.88884183670461
27 1 21.196498655996265 167.73540831998434
27 1 0.0 145.98910949000165
27 1 0.0 145.8375390855049
27 1 0.0 145.8106397784037
27 1 0.0 145.13254248750127
27 1 0.0 143.83798348493065
27 1 0.0 143.44358215999614
27 1 0.0 143.38976575590027
27 1 0.0 143.31219531001034
27 1 0.0 142.8633356116004
27 1 0.0 142.81787373160023
27 1 0.0 142.62225858189746
27 1 0.0 142.328078064309
27 1 0.0 142.00384483000266
27 1 152.00571339998464 293.8765753599873
27 1 0.0 141.82514441750072
27 1 0.0 141.8115752500005
27 1 0.0 141.6155202999987
27 1 0.0 140.96155229999658
27 1 0.0 140.77083782200012
27 1 0.0 140.20069849890098
27 1 0.0 140.18164332799392
27 1 0.0 140.1502422166277
27 1 0.0 139.2766673004046
27 1 0.0 139.26969123378984
27 1 70.83955022169766 210.01775773599502
27 1 0.0 139.1781823179938
27 1 0.0 139.11123995000867
27 1 0.0 138.9225968095908
27 1 0.0 138.77288580000248
27 1 0.0 138.26554279680022
27 1 0.0 138.24524097000585
27 1 0.0 137.45862580000244
27 1 12.31504452039303 149.5445521604007
27 1 0.0 137.00590416000048
27 1 0.0 136.93753999999115
27 1 0.0 135.72570453000094
27 1 0.0 135.7160690299993
27 1 44.52834249479906 180.14029265559986
27 1 0.0 135.4997086300017
27 1 0.0 135.34453775998696
27 1 0.0 135.07985773309963
27 1 0.0 135.04248743349814
27 1 0.0 134.5014331560011
27 1 0.0 134.4218793000058
27 1 1571.5309785100053 1705.7512925824722
27 1 0.0 132.99573900000263
27 1 0.0 132.9911491337051
27 1 0.0 132.98649719001423
27 1 0.0 132.86477876470144
27 1 19.48569544268571 152.32388282240265
27 1 0.0 132.76383590000148
27 1 0.0 132.04506647750418
27 1 0.0 131.7683887856013
27 1 0.0 130.7106950671
27 1 46.40246496319838 177.10563932560035
27 1 0.0 130.54401609209458
27 1 0.0 129.582935407869
27 1 63.37901681270523 192.91718820520532
27 1 0.0 129.3476020000029
27 1 0.0 128.91005640000162
27 1 0.0 128.7892740407073
27 1 0.0 128.3184260852015
27 1 0.0 128.18382199049756
27 1 0.0 127.57483864998585
27 1 0.0 126.66432263749681
27 1 0.0 126.580167478502
27 1 81.08940382390506 207.66664187400227
27 1 0.0 126.4351933600069
27 1 0.0 125.80886959200086
27 1 0.0 125.75344539409238
27 1 0.0 125.22925247530469
27 1 0.0 125.0419773700055
27 1 0.0 125.01477972919992
27 1 0.0 124.71418625440492
27 1 258.7772499599853 382.96660048000354
27 1 0.0 124.1155756332031
27 1 0.0 123.92231870770183
27 1 0.0 123.91657593000377
27 1 0.0 123.7933760878991
27 1 0.0 123.4670387300065
27 1 0.0 122.89718079999983
27 1 0.0 122.67288655999414
27 1 0.0 122.67149827999981
27 1 0.0 121.69014985000615
27 1 0.0 121.61503112960554
27 1 0.0 121.39347917759801
27 1 0.0 121.31876628409623
27 1 0.0 119.73877440080378
27 1 106.36313447999953 225.44096342000057
27 1 0.0 118.76332530749846
27 1 0.0 118.6206569736014
27 1 124.65755253001635 243.18440500000838
27 1 0.0 117.791576907604
27 1 0.0 116.95413935999869
27 1 0.0 116.36606846390214
27 1 0.0 116.36390482599995
27 1 0.0 115.65407606040003
27 1 307.4163485199947 423.00583963999065
27 1 0.0 115.52673062000474
27 1 0.0 115.39253862000368
27 1 39.58101012000816 154.94346604000475
27 1 0.0 115.06759485000248
27 1 195.0021465299942 309.57009469749755
27 1 0.0 114.39663998719942
27 1 0.0 114.19111894999742
27 1 0.0 113.18546554670084
27 1 0.0 113.05885742510549
27 1 0.0 112.80995791999959
27 1 0.0 112.06356335000305
27 1 0.0 111.9820829680994
27 1 0.0 111.76735754799904
27 1 0.0 111.34513049600315
27 1 0.0 111.13048238249894
27 1 0.0 110.79407566072109
27 1 0.0 110.78360073480155
27 1 0.0 110.30750604999923
27 1 0.0 109.50469500000622
27 1 0.0 109.06683204760307
27 1 0.0 108.96792124960145
27 1 0.0 108.96146055999498
27 1 0.0 108.8908927199999
27 1 0.0 108.41954234560353
27 1 0.0 108.36468045160098
27 1 25.007232312945973 132.95230571206207
27 1 0.0 107.79073824999693
27 1 0.0 107.73824345002618
27 1 0.0 107.5114370574961
27 1 0.0 107.38868968110387
27 1 0.0 107.13183132000154
27 1 0.0 107.07300135999765
27 1 0.0 106.72670209999211
27 1 0.0 106.6673258410078
27 1 0.0 105.86430072399844
27 1 0.0 105.60017774809864
27 1 0.0 105.45648140999933
27 1 0.0 105.41840079400617
27 1 0.0 104.8670061899968
27 1 7.974388876405101 112.60855014999447
27 1 0.0 104.35991231310584
27 1 0.0 104.33026104910891
27 1 0.0 104.30421216469836
27 1 0.0 104.17231666648604
27 1 0.0 103.72191703001613
27 1 0.0 103.57709284670119
27 1 0.0 103.43902750760094
27 1 0.0 103.23185822999494
27 1 0.0 103.00476107199745
27 1 364.12301529760975 466.9597441648152
27 1 0.0 102.5093777543932
27 1 0.0 102.49328269410125
27 1 0.0 102.48529195999117
27 1 0.0 102.40553931809853
27 1 0.0 102.14237759999719
27 1 0.0 102.04098196290238
27 1 18.744938639594466 120.43607912000948
27 1 0.0 101.62942512999797
27 1 0.0 101.53752181000056
27 1 11.861530730004517 113.18201918999483
27 1 0.0 100.78410882249705
27 1 0.0 100.69569096690032
27 1 0.0 100.68584075600154
27 1 83.1290335584124 183.57013110841376
27 1 0.0 100.3684581174789
27 1 149.45508673599534 249.8127228284975
27 1 0.0 100.25776977159308
27 1 0.0 99.67620299559962
27 1 0.0 99.29643859160751
27 1 59.70611732240286 158.77551084910368
27 1 16.673036033799235 115.47902660020236
27 1 0.0 98.62217812408431
27 1 0.0 98.39052698559692
27 1 0.0 97.95238715200219
27 1 0.0 97.30646838250345
27 1 0.0 97.0542069399971
27 1 0.0 97.03213094309694
27 1 0.0 96.76169929709806
27 1 0.0 96.56398550078916
27 1 0.0 96.34183619000305
27 1 64.30275897360016 160.6105281300996
27 1 0.0 96.26187266000147
27 1 0.0 96.01509108000025
27 1 0.0 95.48688727920421
27 1 0.0 95.39706855999754
27 1 0.0 95.13565308160344
27 1 0.0 95.01532685999229
27 1 0.0 94.93570795998914
27 1 128.25455410999848 222.93079317000172
27 1 0.0 94.55947820999933
27 1 0.0 94.07295902000101
27 1 0.0 93.91084104999527
27 1 0.0 93.81326811280138
27 1 0.0 93.68545533000952
27 1 0.0 93.61221076969446
27 1 45.455924559996504 138.789040289995
27 1 377.93181886769946 470.74303566599747
27 1 0.0 92.7697467599985
27 1 0.0 92.32521852250105
27 1 0.0 91.63424679950288
27 1 0.0 91.62525039000866
27 1 0.0 91.03688697652797
27 1 0.0 90.98087759159989
27 1 54.595280747698666 145.4916105609035
27 1 0.0 90.81730877489849
27 1 0.0 90.72007475669761
27 1 0.0 90.53106308240194
27 1 0.0 90.48220623399538
27 1 0.0 90.0522506939983
27 1 0.0 89.31265410040035
27 1 0.0 89.12092735999829
27 1 0.0 88.92958032599824
27 1 0.0 88.67532616574212
27 1 0.0 88.60251042719756
27 1 0.0 88.59646274081115
27 1 0.0 88.4999300799924
27 1 756.0481455722106 844.3758159542103
27 1 0.0 88.21573049239305
27 1 8.279273864997549 95.86148336529965
27 1 0.0 87.56105423999463
27 1 67.46345872308262 154.91030249983191
27 1 559.8236103776069 646.7978073100016
27 1 59.87984991999565 146.8436479155996
27 1 0.0 86.81909773299492
27 1 0.0 86.42169567000337
27 1 47.64594165170024 132.53708746990196
27 1 0.0 84.68840574239942
27 1 0.0 84.4537912900023
27 1 0.0 84.32309192390238
27 1 0.0 84.19363975000579
27 1 0.0 83.86114423000481
27 1 0.0 83.72795328000223
27 1 0.0 83.68429931400783
27 1 217.87236463002318 301.1820723300257
27 1 0.0 83.2470472000025
27 1 0.0 83.1282694884006
27 1 0.0 82.68141380959901
27 1 0.0 82.36830681137303
27 1 0.0 82.04414272750091
27 1 0.0 81.67102279359875
27 1 70.10876016359816 151.5533221212993
27 1 0.0 81.28474383550565
27 1 0.0 81.25883445109957
27 1 0.0 81.14097344999382
27 1 0.0 80.97258255999486
27 1 0.0 80.76268223160287
27 1 0.0 80.46371307450153
27 1 0.0 80.30254026239285
27 1 0.0 79.72943125999961
27 1 0.0 79.5776247828993
27 1 0.0 79.5584517695072
27 1 0.0 79.55081042430675
27 1 0.0 79.12824473610544
27 1 0.0 78.661380352099
27 1 0.0 77.9806125900052
27 1 0.0 77.76653054749931
27 1 0.0 77.62338711050279
27 1 193.46528978400465 271.04711655399024
27 1 0.0 77.46005974650643
27 1 0.0 77.250021215591
27 1 0.0 76.94601855960383
27 1 129.90439098439197 206.8333953488986
27 1 106.62499375725173 183.5100629974931
27 1 0.0 76.87877901360187
27 1 0.0 76.49417832999416
27 1 0.0 75.51120093051065
27 1 0.0 75.4887844787063
27 1 0.0 75.42277094999508
27 1 0.0 75.28787649999617
27 1 236.8759698300055 312.0732164999995
27 1 45.3524693234134 120.37643352965824
27 1 0.0 74.78866221089879
27 1 0.0 74.64642022440307
27 1 0.0 74.5880825964006
27 1 0.0 74.14443449000237
27 1 0.0 73.89970916176827
27 1 0.0 73.82275585560456
27 1 30.61849955279922 104.28413429000602
27 1 205.84778988600283 279.05033020630174
27 1 0.0 73.02884523000569
27 1 0.0 72.22209494789922
27 1 0.0 71.99098682999687
27 1 747.0511946301012 818.5323711135002
27 1 0.0 71.42666763710145
27 1 0.0 71.08312594999768
27 1 0.0 70.31534877999115
27 1 173.7327251999899 243.91772922999223
27 1 0.0 69.99234593999572
27 1 0.0 69.62065505400216
27 1 54.939479210001764 124.54948005830056
27 1 0.0 68.39029186999636
27 1 0.0 68.18145286870003
27 1 0.0 67.48601942001096
27 1 0.0 67.47065846999237
27 1 0.0 67.32548887900009
27 1 44.722579017999806 111.99387487600109
27 1 0.0 67.2028488099993
27 1 0.0 67.18633903359273
27 1 0.0 67.17925087399226
27 1 0.0 66.84280916001353
27 1 0.0 66.23151151150032
27 1 0.0 65.70816631290592
27 1 0.0 65.34696865229944
27 1 0.0 65.23913087240851
27 1 0.0 65.0737951899946
27 1 0.0 64.77682367379947
27 1 153.5432325801005 218.17597674250146
27 1 0.0 64.33850527320067
27 1 0.0 64.0514578400032
27 1 0.0 63.887876429996425
27 1 0.0 63.573816120005745
27 1 0.0 63.47973013800197
27 1 0.0 63.099322020002205
27 1 0.0 62.56227273919825
27 1 0.0 61.70320697600107
27 1 0.0 61.30964875230052
27 1 10.076905845605836 70.56810416030191
27 1 0.0 59.87280651010485
27 1 0.0 59.67870092999601
27 1 0.0 59.66132857440277
27 1 0.0 59.46404965000363
27 1 0.0 59.440034804496804
27 1 0.0 59.17111929000703
27 1 0.0 58.826219841503644
27 1 0.0 58.51690017010009
27 1 0.0 58.31354897510323
27 1 0.0 57.778918904382635
27 1 0.0 57.728940139995075
27 1 0.0 57.31950869599973
27 1 0.0 57.20826188001149
27 1 0.0 56.557929639976464
27 1 27.456939135097798 83.93685787509594
27 1 0.0 56.23752815999592
27 1 144.05327468000496 200.20891439001025
27 1 0.0 56.102379191582884
27 1 0.0 56.01654619189486
27 1 0.0 54.870973630005665
27 1 0.0 54.44320637999863
27 1 0.0 54.085743578403026
27 1 0.0 53.96681194760083
27 1 234.16842015450197 288.0636302149037
27 1 0.0 53.605656659673514
27 1 4.131975761501906 57.46670065549995
27 1 0.0 53.261714500008566
27 1 0.0 53.006493672495424
27 1 0.0 52.84150798550331
27 1 0.0 52.72389538240532
27 1 0.0 52.5875643986609
27 1 0.0 52.482532439199986
27 1 0.0 52.055471680003876
27 1 0.0 51.69366174390734
27 1 0.0 51.64890418890025
27 1 0.0 51.49588719000042
27 1 0.0 51.38360418000025
27 1 0.0 51.213959889759735
27 1 0.0 51.13962065240071
27 1 0.0 51.08260374999463
27 1 0.0 50.66561743703414
27 1 0.0 50.34766961369809
27 1 223.98852983999905 273.8599695599953
27 1 0.0 49.816952670001285
27 1 117.87025543750156 167.6549812100019
27 1 0.0 49.69033487199863
27 1 0.0 49.66541014000404
27 1 0.0 49.535746094399315
27 1 0.0 49.33391693249985
27 1 0.0 49.15439767950181
27 1 0.0 49.012015981602644
27 1 0.0 48.916599759608516
27 1 0.0 48.8487591300086
27 1 27.173066825979504 75.50751090999984
27 1 7.40123922547366 55.24353453398436
27 1 0.0 47.29660800000511
27 1 0.0 47.126391418900155
27 1 94.72169999999824 141.8115752500005
27 1 0.0 46.57987549289817
27 1 0.0 46.49918468130704
27 1 0.0 46.35192016839653
27 1 0.0 46.26241119999622
27 1 0.0 46.044269824000594
27 1 27.214382520001436 73.22136903000569
27 1 7.5418950408023875 53.418464262797215
27 1 0.0 45.706026250001514
27 1 0.0 45.6403983408012
27 1 119.96493008000388 165.3337324800019
27 1 0.0 45.30721957999367
27 1 0.0 45.21534608285043
27 1 35.66531190600057 80.70202347760289
27 1 0.0 44.72828964000996
27 1 0.0 44.687555040000234
27 1 0.0 44.631052907595176
27 1 0.0 44.56894789748344
27 1 0.0 43.90664789000573
27 1 0.0 43.889499539201324
27 1 0.0 43.22480936001739
27 1 0.0 42.666110860795584
27 1 167.08263340289318 209.7487439599929
27 1 0.0 42.602660517595325
27 1 0.0 42.55862063650284
27 1 4.785874240004205 47.050207040007535
27 1 0.0 42.2131022096014
27 1 0.0 41.9198201699885
27 1 41.07546733090632 82.82525414350778
27 1 0.0 41.1378706000004
27 1 0.0 41.110795230002964
27 1 0.0 40.91172384999874
27 1 135.48676239000406 176.25501187000873
27 1 0.0 40.74590484270243
27 1 0.0 40.61541436290162
27 1 0.0 40.557787760007386
27 1 0.0 40.43978953910664
27 1 0.0 39.96635590789856
27 1 0.0 39.42962945000045
27 1 0.0 39.29571426199891
27 1 0.0 38.8283098528988
27 1 6.046055600001921 44.63150007999735
27 1 96.99951058999272 135.52560944999368
27 1 0.0 38.04249124029889
27 1 0.0 37.97342266040323
27 1 0.0 37.775238239999226
27 1 0.0 37.48325113999692
27 1 0.0 37.161263587599365
27 1 0.0 36.88151906289909
27 1 0.0 36.69740274960327
27 1 0.0 36.02092005000139
27 1 0.0 35.4846520300033
27 1 63.91534360000469 99.38754961440395
27 1 0.0 35.128524240005106
27 1 0.0 34.808466940399455
27 1 0.0 34.5782641600008
27 1 136.24883347999503 170.67034652000956
27 1 50.21499323999808 84.01649043999839
27 1 0.0 33.62287467750161
27 1 33.11230495999416 66.36597046998935
27 1 0.0 32.96578917400393
27 1 43.468966347317064 76.19256440610093
27 1 0.0 32.502856640002975
27 1 40.61467477000269 72.24789972000531
27 1 17.26885878000121 48.63689752999653
27 1 20.088181452944013 51.233057170238794
27 1 0.0 31.1187959155136
27 1 0.0 30.099764139639092
27 1 0.0 29.515527158403643
27 1 0.0 29.51161862999834
27 1 0.0 29.500258187101394
27 1 0.0 29.43512310000301
27 1 0.0 29.364871635498957
27 1 22.198512066805733 51.49611358000266
27 1 0.0 29.153427295600665
27 1 0.0 28.843643012405437
27 1 0.0 28.819759199992234
27 1 0.0 28.55292198000518
27 1 0.0 28.365481429599924
27 1 0.0 27.9262271305995
27 1 0.0 27.25482999639985
27 1 0.0 26.918548118400622
27 1 540.1960268199971 567.086461090001
27 1 0.0 26.83060627799557
27 1 162.87338002561455 189.20407200600994
27 1 291.6909305411938 317.90259254518924
27 1 0.0 25.858206173099575
27 1 0.0 25.305271609995714
27 1 323.0083618720282 348.2599911080224
27 1 0.0 24.944058230002724
27 1 0.0 24.47168205870537
27 1 80.65990145781052 104.35705984456627
27 1 0.0 23.032165589998385
27 1 0.0 22.986705052498564
27 1 55.931251840004336 78.84842885999896
27 1 0.0 22.686957647300403
27 1 0.0 22.265425937500197
27 1 0.0 22.161553869999324
27 1 0.0 21.213832964702306
27 1 0.0 21.16342063589957
27 1 0.0 20.72797339999613
27 1 0.0 20.65601853330213
27 1 455.67070984758743 475.94731652009045
27 1 67.02810037000268 87.25830309999697
27 1 0.0 19.753033079997635
27 1 0.0 19.10042124000347
27 1 3.6046239068805335 22.550366884702157
27 1 72.52713830839866 91.19210376000001
27 1 0.0 18.6351970499976
27 1 163.8930648399911 182.5165751056087
27 1 223.76061164870248 242.3704211810997
27 1 0.0 18.527160819601818
27 1 0.0 18.34650275280046
27 1 26.621548755499248 44.63834300001213
27 1 0.0 17.73704485039991
27 1 0.0 17.52998856360432
27 1 0.0 17.27407321599935
27 1 19.387238749996413 36.42548243999431
27 1 0.0 16.759065436703395
27 1 0.0 16.201313002799367
27 1 23.90034156759924 40.0581926724027
27 1 0.0 15.850022069993656
27 1 56.579480849999925 72.19196252999132
27 1 68.11202212890089 83.35877813320121
27 1 0.0 15.02850789399858
27 1 0.0 14.791494416898217
27 1 168.22575847749545 182.9335049299948
27 1 135.79060223600175 150.1835614351014
27 1 135.87245386710003 149.55439117800427
27 1 0.0 13.443716161197926
27 1 108.34042974119916 121.15229898839664
27 1 0.0 12.795662253999467
27 1 86.75351478889411 99.10813713729817
27 1 0.0 11.642213923869804
27 1 0.0 11.621849696004347
27 1 0.0 11.331066889996237
27 1 0.0 11.25735955000306
27 1 0.0 11.173908329998909
27 1 0.0 10.79058183999291
27 1 0.0 10.76617316799792
27 1 0.0 10.730026959562053
27 1 0.0 10.369423080005845
27 1 2.2144653856012155 12.48738790399662
27 1 0.0 10.058822194798609
27 1 0.0 10.031187259182161
27 1 0.0 9.655554816002791
27 1 0.0 9.270649127600066
27 1 0.0 8.582991609996611
27 1 0.0 7.596414013200047
27 1 85.86875333239732 93.41379103039799
27 1 0.0 7.527262668794606
27 1 0.0 7.516664868398038
27 1 0.0 7.226310832702097
27 1 0.0 7.177521387896093
27 1 0.0 6.937492926393929
27 1 0.0 6.462776424002868
27 1 0.0 6.412509203605168
27 1 0.0 6.185887280398276
27 1 0.0 5.817394671098953
27 1 0.0 5.613593242504152
27 1 0.0 5.37342687759849
27 1 0.0 4.987591977599749
27 1 0.0 4.987516294799832
27 1 66.38577338210803 71.14459556960264
27 1 0.0 4.303130880001845
27 1 7.743079116397212 11.716999999999643
27 1 137.67985398150006 141.63798172450018
27 1 0.0 3.833508000008578
27 1 38.327656478325764 41.663333767879124
27 1 0.0 3.190229344502086
27 1 27.910123354803773 31.031971115999568
27 1 0.0 2.9170507401984196
27 1 0.0 2.791119782000351
27 1 204.57024100684362 207.18019664019744
27 1 0.0 2.5488956088972827
27 1 0.0 2.351784320000206
27 1 242.88364101350078 245.23006764209924
27 1 27.75793107882265 30.009307839682833
27 1 0.0 2.225721647102546
27 1 0.0 1.889930830016965
27 1 0.0 1.4529780499990466
27 1 108.58115126000848 109.941280530006
27 1 104.36507392920072 105.20548609559745
27 1 0.0 0.6426362499980769
27 1 0.0 0.3627948874946014
27 1 0.0 0.2325384499804386
27 0 0.0 inf
# COVID_SAMPLE_10_ROI_3
28 1 0.0 33499.250827321615
28 1 0.0 23440.86154524004
28 1 7335.3307609025 25147.561028906446
28 1 0.0 13223.748226240918
28 1 0.0 12014.91481327746
28 1 0.0 11262.337599999993
28 1 2215.966432439972 13083.817734176415
28 1 0.0 9241.139732110012
28 1 0.0 8678.64407541609
28 1 0.0 8524.140293709996
28 1 1196.8728411595866 8700.538719888678
28 1 359.6835843471031 6841.806660060791
28 1 0.0 6367.758369669985
28 1 0.0 5945.8886832799635
28 1 0.0 4672.157511979291
28 1 3908.681528826422 8173.400009264899
28 1 0.0 4059.263668709995
28 1 0.0 3813.3227262599958
28 1 0.0 3593.515942236799
28 1 0.0 3582.1430500700017
28 1 0.0 3412.679113371204
28 1 0.0 3010.7807347700063
28 1 0.0 2446.1938856100137
28 1 0.0 2401.221637249986
28 1 0.0 2388.8282341999948
28 1 0.0 2379.884486790025
28 1 0.0 2376.46371868999
28 1 0.0 2317.8824069999982
28 1 0.0 2312.701231900007
28 1 0.0 2292.3919516125043
28 1 0.0 2291.2741763508106
28 1 0.0 2198.8866018200115
28 1 0.0 2177.4366614200853
28 1 0.0 2172.310926390006
28 1 0.0 2108.860930559981
28 1 0.0 2060.045633209989
28 1 0.0 2040.4729370549971
28 1 0.0 2003.125229014403
28 1 0.0 1942.6909607571865
28 1 0.0 1893.1078272899902
28 1 0.0 1890.614360639996
28 1 0.0 1887.7409089515095
28 1 0.0 1877.8819518074952
28 1 0.0 1846.6912306020097
28 1 0.0 1737.6112856899854
28 1 2838.1429557498054 4521.7692769428795
28 1 0.0 1678.994875925518
28 1 0.0 1676.349221690009
28 1 0.0 1639.8945676559915
28 1 0.0 1619.4790668439923
28 1 0.0 1566.188588049994
28 1 0.0 1529.4058351180006
28 1 0.0 1519.9619341800149
28 1 0.0 1501.8033500931992
28 1 0.0 1463.3881031986762
28 1 0.0 1444.0922491856063
28 1 0.0 1377.7133588974893
28 1 0.0 1335.2117484948046
28 1 0.0 1306.5148034800077
28 1 0.0 1303.752936607486
28 1 0.0 1291.2519150474968
28 1 0.0 1244.8692798800207
28 1 0.0 1244.7419607109016
28 1 0.0 1214.6980600773222
28 1 0.0 1197.6822966000116
28 1 0.0 1188.0764310426998
28 1 0.0 1182.7267408899843
28 1 0.0 1168.1567709785068
28 1 0.0 1166.8917551151198
28 1 0.0 1159.7295024655048
28 1 0.0 1151.7846748300076
28 1 0.0 1140.9140300675958
28 1 0.0 1094.641326862002
28 1 0.0 1093.4171765100032
28 1 0.0 1080.9770023517037
28 1 0.0 1080.5718374000007
28 1 0.0 1063.4241884115006
28 1 0.0 1053.5580918000062
28 1 0.0 1045.0365070400112
28 1 0.0 1036.8441036074855
28 1 0.0 1034.0707037042007
28 1 0.0 1022.4315751980066
28 1 0.0 1021.1470301300087
28 1 0.0 1014.080379109776
28 1 0.0 1004.3850003458933
28 1 0.0 1004.0872100447777
28 1 0.0 993.161906190305
28 1 0.0 981.4503961574942
28 1 0.0 978.654184830013
28 1 0.0 974.8976175267917
28 1 0.0 974.2248765699942
28 1 0.0 970.43394344
28 1 0.0 964.6021755224981
28 1 0.0 959.8929199199911
28 1 0.0 950.7933682200055
28 1 0.0 926.7340600399997
28 1 0.0 924.2442557668137
28 1 0.0 918.1084207875111
28 1 0.0 915.5119974742972
28 1 0.0 915.2894745936155
28 1 0.0 914.5385032000027
28 1 0.0 914.4486149418991
28 1 0.0 903.4119016212899
28 1 0.0 899.4440648069128
28 1 0.0 893.6292156499906
28 1 0.0 871.3798925927795
28 1 0.0 870.3774520848922
28 1 0.0 863.1719470000148
28 1 0.0 859.5992879087772
28 1 0.0 858.0933992892997
28 1 0.0 842.803712149971
28 1 0.0 841.0374732115893
28 1 0.0 837.9193291874938
28 1 0.0 833.4509637363126
28 1 0.0 830.7171415243982
28 1 0.0 817.8668523500032
28 1 0.0 811.4282724000127
28 1 0.0 801.1473847115067
28 1 0.0 797.0988957299926
28 1 0.0 779.0884162964066
28 1 0.0 774.3321893120069
28 1 0.0 774.0597139250988
28 1 0.0 769.3641192480143
28 1 0.0 763.4260599376089
28 1 125.17389631449987 877.5121805267922
28 1 0.0 749.0903129740987
28 1 0.0 745.2026952548915
28 1 0.0 734.3858435095071
28 1 0.0 732.4364767999945
28 1 0.0 723.3188093400013
28 1 0.0 711.4226765538983
28 1 0.0 708.2784419699892
28 1 0.0 708.1521840787996
28 1 0.0 707.649692881588
28 1 0.0 706.2422503603997
28 1 0.0 706.2413218099782
28 1 0.0 694.8872616300036
28 1 0.0 687.9172607499995
28 1 0.0 679.8752962800044
28 1 43.59553905195693 718.2777768745323
28 1 0.0 670.5139520044936
28 1 0.0 669.2307136577078
28 1 0.0 668.0975504700023
28 1 0.0 664.142090324307
28 1 0.0 650.7836640125012
28 1 0.0 649.9282976699991
28 1 0.0 649.9246868000067
28 1 0.0 649.9057959199929
28 1 685.5186160307928 1331.8951018359974
28 1 0.0 643.4069888199765
28 1 0.0 637.6812845676965
28 1 0.0 636.1366950987128
28 1 0.0 634.5852964374958
28 1 0.0 630.2340198502893
28 1 0.0 627.0415385701709
28 1 0.0 626.4062356704007
28 1 0.0 624.9220724799864
28 1 0.0 620.9278578699937
28 1 0.0 618.3073899999972
28 1 0.0 617.7301910565018
28 1 0.0 615.547623212396
28 1 0.0 612.6816559103981
28 1 0.0 610.657318448395
28 1 0.0 610.6233914503898
28 1 0.0 609.5430665233166
28 1 0.0 601.3909459700001
28 1 0.0 598.6957881854928
28 1 0.0 585.9701847499678
28 1 0.0 585.3127987634989
28 1 0.0 583.2980595920003
28 1 0.0 582.6299712124007
28 1 1082.0327895227783 1662.1132346172376
28 1 0.0 578.3469631999869
28 1 0.0 577.3999432850978
28 1 0.0 577.2611833699781
28 1 0.0 574.7869458960074
28 1 36.845007592793536 611.3723896295065
28 1 0.0 574.3290348568015
28 1 0.0 568.821312950003
28 1 0.0 567.907942350007
28 1 0.0 567.7265863583983
28 1 0.0 562.4373903599858
28 1 0.0 559.5536507099968
28 1 0.0 557.8307838199995
28 1 0.0 553.8822110875099
28 1 0.0 551.7291847999268
28 1 37.09191791999342 588.6417108400108
28 1 0.0 550.7788118034987
28 1 0.0 549.923339363899
28 1 0.0 544.1535422899985
28 1 0.0 543.6808195460067
28 1 0.0 541.7429363177971
28 1 0.0 541.4565806492049
28 1 0.0 541.2563248897582
28 1 0.0 533.7057522619016
28 1 0.0 533.2032173740009
28 1 0.0 532.6833331131056
28 1 0.0 532.348275314408
28 1 0.0 532.0606933568988
28 1 224.53029769000455 756.5323688999988
28 1 0.0 529.9726826400021
28 1 0.0 528.6946924910986
28 1 0.0 528.0157291355961
28 1 0.0 525.9360575600092
28 1 0.0 521.9881763374995
28 1 0.0 519.3919519452252
28 1 0.0 518.1515011776028
28 1 0.0 514.5711924699978
28 1 0.0 514.3791181312984
28 1 0.0 514.3233180980984
28 1 0.0 513.4834689899981
28 1 0.0 512.0259408000002
28 1 0.0 511.2613861499955
28 1 0.0 507.8912175116851
28 1 0.0 502.3857495340037
28 1 0.0 498.87442715449333
28 1 205.7046058852842 701.881478510701
28 1 0.0 496.0333035261016
28 1 0.0 495.42181007800286
28 1 0.0 495.0896999999993
28 1 0.0 494.5490467680013
28 1 0.0 493.0227060799957
28 1 0.0 492.26798422749744
28 1 0.0 490.49732152709726
28 1 0.0 477.01724588001287
28 1 0.0 476.9625463600105
28 1 0.0 475.7918990080136
28 1 0.0 475.19620401489533
28 1 0.0 473.3592143056012
28 1 0.0 469.6480065024085
28 1 0.0 468.61666058839813
28 1 0.0 467.55684956079995
28 1 0.0 465.15814510088603
28 1 0.0 464.5951449583961
28 1 0.0 463.6441549299958
28 1 0.0 463.37918296001
28 1 0.0 461.3171575316835
28 1 0.0 461.14737007997724
28 1 0.0 460.7573279600167
28 1 0.0 458.34357898909843
28 1 0.0 454.1767273799999
28 1 0.0 453.4377016972028
28 1 0.0 450.7948205156217
28 1 0.0 447.4902217720048
28 1 0.0 443.0616260895913
28 1 0.0 442.36968336400605
28 1 0.0 440.51380177000306
28 1 2604.8352729740373 3042.875362040784
28 1 0.0 436.84624054000415
28 1 0.0 432.4570239704053
28 1 0.0 431.1612513300329
28 1 0.0 431.07533538560074
28 1 0.0 430.51351222449694
28 1 0.0 426.1960355105093
28 1 0.0 425.16988623001635
28 1 0.0 421.4478843599961
28 1 0.0 420.27869186790076
28 1 0.0 419.78405499999474
28 1 0.0 417.8270495967017
28 1 0.0 416.849465095591
28 1 0.0 415.9721297489011
28 1 0.0 415.78525745998854
28 1 0.0 414.87152624949204
28 1 0.0 414.139037165496
28 1 0.0 413.84038251202355
28 1 0.0 413.43386915750466
28 1 90.32903867791174 503.1183087479934
28 1 0.0 412.6891444469502
28 1 0.0 411.5606393400036
28 1 0.0 406.278618000802
28 1 0.0 404.0402588025031
28 1 0.0 403.23659444958867
28 1 0.0 400.5214105420066
28 1 0.0 400.05578496001147
28 1 0.0 400.04482991000305
28 1 0.0 399.82050000000027
28 1 0.0 398.9986057971014
28 1 0.0 398.7676387100089
28 1 0.0 397.73754471000257
28 1 0.0 396.2219126766927
28 1 0.0 395.7154377504021
28 1 0.0 395.5054604244069
28 1 0.0 395.3801672700165
28 1 0.0 394.96084872040365
28 1 0.0 394.4735087699971
28 1 0.0 393.8994811995012
28 1 0.0 393.0110262768935
28 1 0.0 392.67887165999605
28 1 0.0 392.1111996800007
28 1 0.0 391.9910824744867
28 1 0.0 391.25011013001085
28 1 0.0 390.2309977300099
28 1 0.0 389.41543364329095
28 1 0.0 389.052150799998
28 1 0.0 387.7057448600036
28 1 0.0 386.38316623998594
28 1 0.0 384.4908113055087
28 1 0.0 383.5378145300183
28 1 0.0 381.9478291875039
28 1 0.0 381.2550675900027
28 1 0.0 380.67326470360194
28 1 0.0 378.2194281083921
28 1 0.0 377.10059673000205
28 1 0.0 376.1612780507968
28 1 0.0 374.3306163700206
28 1 0.0 373.919089680001
28 1 0.0 371.4695442900056
28 1 7.307111220000252 378.50350478209987
28 1 0.0 370.10151396998447
28 1 0.0 369.4744528399756
28 1 0.0 368.9402445227038
28 1 0.0 368.13986313839985
28 1 5.6979596800007855 373.09853000000794
28 1 0.0 366.96188919000224
28 1 0.0 366.63053065890085
28 1 0.0 366.2916407010981
28 1 0.0 366.13017174950164
28 1 0.0 365.35966586880056
28 1 292.1375716674968 655.796861079504
28 1 0.0 363.00063287069736
28 1 0.0 362.36189912449936
28 1 0.0 361.98844999749645
28 1 0.0 361.08678704998465
28 1 0.0 360.9098155763861
28 1 0.0 358.6551399029008
28 1 0.0 357.8679412472893
28 1 0.0 357.51908059326445
28 1 0.0 357.0793564352007
28 1 0.0 357.0262485837004
28 1 0.0 356.38577896000197
28 1 0.0 356.06868219
28 1 0.0 353.7977481001046
28 1 0.0 352.0803596799934
28 1 0.0 351.5009036284973
28 1 0.0 350.23460342949613
28 1 0.0 347.4453253743984
28 1 0.0 346.4152647099993
28 1 0.0 345.3467954433072
28 1 0.0 344.1384849274898
28 1 0.0 343.8959099053021
28 1 0.0 342.65989787407534
28 1 0.0 341.2328481970751
28 1 0.0 341.08693076959275
28 1 0.0 339.4832397764003
28 1 0.0 339.18275530749315
28 1 0.0 336.15881599000636
28 1 0.0 335.420744468507
28 1 0.0 334.70948396200174
28 1 0.0 334.26818161159656
28 1 0.0 332.5610545504942
28 1 0.0 332.0287766204041
28 1 0.0 330.86370098802445
28 1 0.0 329.17904060999956
28 1 0.0 328.9518343600207
28 1 0.0 328.80830742516105
28 1 0.0 328.78478042750476
28 1 0.0 328.2927443807923
28 1 0.0 327.59545769751014
28 1 0.0 326.9241426400008
28 1 0.0 326.49799077000546
28 1 0.0 325.4974471599918
28 1 0.0 325.45042111291286
28 1 41.99583884040328 367.35407822440084
28 1 74.03606432000288 399.07691472598754
28 1 299.8529240700027 624.5044640400022
28 1 0.0 323.84169363000024
28 1 0.0 322.4765693155971
28 1 0.0 322.43694208799656
28 1 0.0 322.05724231999955
28 1 0.0 321.957331034302
28 1 0.0 321.8780225236002
28 1 0.0 321.2264475723807
28 1 0.0 320.6722794300023
28 1 0.0 319.2387546200189
28 1 106.73109915359453 425.40138411598446
28 1 0.0 318.4336099219097
28 1 26.315093990005607 344.3921872775031
28 1 0.0 317.6650322650985
28 1 0.0 317.5829973748014
28 1 0.0 317.55621314001473
28 1 0.0 316.0688188799959
28 1 0.0 312.64025770999956
28 1 0.0 311.27562935999936
28 1 0.0 310.52157294000256
28 1 0.0 310.32783991069914
28 1 0.0 309.92011292159845
28 1 0.0 309.5963329780975
28 1 0.0 309.08408565950054
28 1 0.0 308.2889477499966
28 1 0.0 306.2803087499899
28 1 0.0 306.1248152800034
28 1 0.0 304.8096276199776
28 1 0.0 303.63245830999176
28 1 245.71188995001455 548.7307467099963
28 1 0.0 301.30939623999694
28 1 0.0 300.8374874722018
28 1 0.0 300.312856373263
28 1 0.0 299.7274595303969
28 1 0.0 299.24287558719806
28 1 0.0 298.91405659429824
28 1 0.0 298.64028392000625
28 1 0.0 297.8877110000178
28 1 0.0 296.35985294441025
28 1 0.0 295.77785784479624
28 1 0.0 291.30524699999046
28 1 450.8453516527111 740.6854693387031
28 1 0.0 288.3279027675122
28 1 0.0 287.6051682566656
28 1 0.0 287.57557414280404
28 1 0.0 287.5502853809653
28 1 0.0 287.183010130002
28 1 0.0 286.13242596849614
28 1 0.0 285.87230417639194
28 1 0.0 284.769110070007
28 1 0.0 283.5113480229006
28 1 0.0 283.1239146448982
28 1 0.0 282.4681083100031
28 1 0.0 282.4392749999972
28 1 0.0 280.9993619400146
28 1 0.0 279.8274441689005
28 1 0.0 279.6405003599986
28 1 0.0 278.85830917307203
28 1 0.0 278.5815333595947
28 1 0.0 277.1987473399977
28 1 0.0 277.19125986249924
28 1 66.87137708319733 342.81997484050316
28 1 0.0 275.3515472018021
28 1 0.0 274.9988033915994
28 1 0.0 272.6593655700067
28 1 0.0 272.4002148625008
28 1 6.2999921221068576 278.5965825168964
28 1 0.0 272.27418181309963
28 1 0.0 269.94927155999767
28 1 0.0 269.4789403063993
28 1 0.0 268.9984099454191
28 1 0.0 268.7521518384019
28 1 133.46350427000107 401.6518454399975
28 1 0.0 268.065239480012
28 1 0.0 267.9571996759056
28 1 0.0 267.5213247345009
28 1 0.0 266.3764956974958
28 1 105.56652220520618 371.07755034877664
28 1 0.0 264.3887406508063
28 1 0.0 264.0546732500022
28 1 0.0 262.6363906409043
28 1 0.0 262.37454486057186
28 1 0.0 261.06635412350226
28 1 0.0 260.9979901499929
28 1 0.0 260.26151122879503
28 1 0.0 259.65321690810606
28 1 0.0 257.9140921043895
28 1 29.68756481560024 284.5939223796025
28 1 0.0 254.62937869270365
28 1 0.0 254.22684725549595
28 1 0.0 252.91716625799336
28 1 0.0 252.64114080000763
28 1 0.0 252.57915994750704
28 1 0.0 251.20372310249581
28 1 0.0 251.1191807464976
28 1 0.0 250.76200621999794
28 1 0.0 250.10594009711934
28 1 0.0 249.97668303998967
28 1 0.0 249.89161851001177
28 1 0.0 247.93908967130488
28 1 0.0 246.784376887593
28 1 0.0 246.21569029640068
28 1 0.0 246.14470400853747
28 1 190.41223850249526 436.38465418400324
28 1 0.0 245.61907134000325
28 1 0.0 245.5987222735963
28 1 243.88550521800562 489.3428509360101
28 1 0.0 245.31872383999746
28 1 0.0 243.79251084999441
28 1 0.0 243.3190060207969
28 1 0.0 243.0658441264186
28 1 0.0 242.84955654070347
28 1 0.0 242.83021992549743
28 1 0.0 242.18768756000395
28 1 0.0 241.99553120000473
28 1 37.311454036809096 278.56980613800147
28 1 0.0 240.84204077000686
28 1 0.0 239.2293184150999
28 1 0.0 239.02409423999438
28 1 0.0 237.95625587750806
28 1 0.0 237.90858521310793
28 1 0.0 237.41927687680158
28 1 0.0 237.14817733107816
28 1 0.0 236.97728330630366
28 1 0.0 235.73094390400604
28 1 123.83327326998642 359.2418052800167
28 1 0.0 234.5501078739992
28 1 78.28840762198206 312.57286532999683
28 1 0.0 233.73280375801096
28 1 0.0 233.41231653839418
28 1 0.0 232.97514035239897
28 1 59.14202636799632 291.72868108290163
28 1 0.0 231.17542109400028
28 1 0.0 230.7384631599989
28 1 0.0 230.52024833998803
28 1 0.0 230.26689026944632
28 1 0.0 229.745604353089
28 1 0.0 229.45892952039048
28 1 0.0 228.96266716510445
28 1 0.0 228.89978500251163
28 1 0.0 228.6779136400171
28 1 0.0 228.6407554276061
28 1 0.0 228.4443863931001
28 1 0.0 228.11934760000258
28 1 0.0 228.08970371409305
28 1 0.0 227.96369223349757
28 1 0.0 227.4127356375007
28 1 1.7085264040919128 229.1191872847017
28 1 0.0 226.79685360800676
28 1 0.0 226.366301029998
28 1 0.0 225.52063203000625
28 1 0.0 225.47020460001386
28 1 0.0 224.10119345189992
28 1 0.0 222.39426677250066
28 1 0.0 222.21587811679723
28 1 0.0 221.63719764999564
28 1 0.0 221.54945984159804
28 1 0.0 220.40393948998997
28 1 0.0 220.13577680640083
28 1 0.0 219.89064801000768
28 1 0.0 219.69600829200363
28 1 0.0 219.68641183229784
28 1 0.0 219.59120819200734
28 1 224.4054214999885 443.5497457819961
28 1 0.0 218.59072434999712
28 1 0.0 218.22317020200404
28 1 217.38193940999508 435.5971040615966
28 1 0.0 218.16400368999257
28 1 0.0 217.77171127999952
28 1 0.0 217.6443714799958
28 1 0.0 217.46770019520628
28 1 0.0 217.08976141799667
28 1 8.943842682404451 225.28319341338147
28 1 0.0 216.0805509307977
28 1 0.0 215.53131504999703
28 1 0.0 215.08513349760028
28 1 0.0 214.8080574500068
28 1 0.0 214.45748217000846
28 1 0.0 214.4485671599998
28 1 0.0 213.32278307169796
28 1 0.0 212.96575015000485
28 1 167.5319997263992 379.5612360866012
28 1 0.0 211.72640011760387
28 1 0.0 211.5561596899912
28 1 56.63273493510019 267.58813929390027
28 1 0.0 210.0810346415982
28 1 0.0 210.07116895280427
28 1 0.0 208.7947599468016
28 1 0.0 208.64605815001778
28 1 16.210302322498478 224.14280791960243
28 1 0.0 207.80574795000325
28 1 32.666574919293 239.35727353259767
28 1 0.0 206.28248414330093
28 1 190.33902173001047 396.1755307100025
28 1 0.0 204.6763370840972
28 1 0.0 204.61286300040183
28 1 0.0 203.65592596999966
28 1 0.0 202.4585806299965
28 1 0.0 202.44510576999733
28 1 0.0 201.70418607640153
28 1 0.0 201.70109452000406
28 1 0.0 201.23711535211305
28 1 0.0 201.229539629991
28 1 0.0 201.0897342243985
28 1 170.4812022299916 371.2492650203776
28 1 0.0 200.5865896744001
28 1 0.0 200.35985541550164
28 1 0.0 199.10616775600693
28 1 0.0 197.50348219999455
28 1 0.0 196.95485155889355
28 1 0.0 196.0117895039907
28 1 0.0 195.83706249799536
28 1 0.0 195.74221743000248
28 1 0.0 195.22504969440104
28 1 0.0 194.41175143549538
28 1 0.0 194.3744956681228
28 1 0.0 193.8833099000134
28 1 0.0 193.23636113027396
28 1 0.0 192.44738908983345
28 1 0.0 190.8638102544004
28 1 0.0 190.74920350950202
28 1 27.749616166899443 218.04590789999963
28 1 0.0 190.1845771459939
28 1 0.0 189.67071136000754
28 1 0.0 188.74213324089624
28 1 0.0 188.4847139924997
28 1 0.0 187.85338602389334
28 1 0.0 187.71019518959156
28 1 0.0 187.47770779000746
28 1 0.0 186.46244261360255
28 1 0.0 186.01222335800617
28 1 0.0 185.43927750037255
28 1 0.0 184.55731164450094
28 1 301.0800680300015 485.47232144999987
28 1 0.0 184.19493296199744
28 1 0.0 183.3390022544927
28 1 0.0 182.93906864999713
28 1 0.0 182.88566135910105
28 1 0.0 182.73160772999938
28 1 0.0 182.5992841007635
28 1 0.0 182.5678242099974
28 1 0.0 181.6991092408041
28 1 0.0 181.6468184799998
28 1 0.0 181.63922241999853
28 1 0.0 181.17994428251023
28 1 0.0 180.4699672661077
28 1 0.0 180.2956448105001
28 1 0.0 179.952314471612
28 1 0.0 179.92762823610292
28 1 0.0 179.36941804990053
28 1 0.0 179.05815097090107
28 1 0.0 178.11534099489643
28 1 0.0 177.07049771997845
28 1 0.0 176.58558939998954
28 1 0.0 176.3990894604018
28 1 0.0 175.72775616199112
28 1 0.0 175.4875914909024
28 1 0.0 175.40634016039917
28 1 0.0 175.12743465000892
28 1 0.0 174.84750974320104
28 1 0.0 174.55073994399982
28 1 0.0 174.38197612600072
28 1 0.0 174.22692450240027
28 1 0.0 174.03544610559754
28 1 0.0 174.02591539999594
28 1 0.0 173.66673873879847
28 1 64.01870392110345 237.41579359310532
28 1 0.0 173.31000326129504
28 1 0.0 172.1611835524002
28 1 0.0 170.60952903270066
28 1 0.0 170.02272783759895
28 1 0.0 169.90917062600192
28 1 0.0 169.40093616840363
28 1 0.0 169.23825133238643
28 1 0.0 168.74762140661733
28 1 0.0 165.8451534700057
28 1 69.65307481599416 235.13545569119515
28 1 0.0 165.35643050999715
28 1 0.0 165.13988859279516
28 1 0.0 165.02562501150237
28 1 0.0 164.07923505399788
28 1 96.96189376749749 260.13034724250383
28 1 166.10223964510033 328.77776159999985
28 1 0.0 161.88287715999866
28 1 0.0 161.10681107199503
28 1 0.0 158.5488640651982
28 1 0.0 157.5728238491977
28 1 0.0 157.33067675163
28 1 0.0 154.04183325312556
28 1 0.0 153.91751149601305
28 1 10.71502144890303 164.36200363610078
28 1 0.0 152.99360804998105
28 1 0.0 151.9378519109025
28 1 0.0 151.12294655849644
28 1 0.0 150.8628426443097
28 1 0.0 150.73500525250358
28 1 0.0 149.908863936295
28 1 0.0 148.93065792360483
28 1 124.90081067399797 272.90764563829816
28 1 215.08806051999971 362.656751530001
28 1 0.0 147.46188650000278
28 1 0.0 147.2400690000045
28 1 0.0 147.19917557440067
28 1 0.0 146.89771324999697
28 1 0.0 146.38820500200217
28 1 0.0 146.36282400001005
28 1 0.0 146.10397990069828
28 1 0.0 146.07789433200355
28 1 0.0 145.71973607999394
28 1 0.0 142.8013432626995
28 1 0.0 142.62008428999457
28 1 0.0 142.15327128001536
28 1 0.0 141.77885621459222
28 1 0.0 140.84771400000977
28 1 0.0 140.5742532356055
28 1 83.98280970000474 224.23902092999504
28 1 0.0 140.197423590006
28 1 0.0 140.0344496500004
28 1 0.0 139.65835489080388
28 1 81.87138720000209 221.41432038199355
28 1 0.0 138.97143660869938
28 1 0.0 138.6094812836007
28 1 0.0 138.29102323199868
28 1 0.0 137.82104196000319
28 1 0.0 137.5431808499851
28 1 0.0 137.4961477899992
28 1 0.0 137.30364537000287
28 1 0.0 137.27889221000066
28 1 197.97911896289884 334.8858523282029
28 1 0.0 136.55056145960202
28 1 0.0 135.82713204160063
28 1 0.0 135.1584568231167
28 1 0.0 134.66954969999983
28 1 0.0 134.65975531159825
28 1 0.0 134.59151212359916
28 1 0.0 134.421806593499
28 1 0.0 134.24122094312088
28 1 0.0 134.20411115240495
28 1 0.0 133.90167594750255
28 1 0.0 133.29820392000147
28 1 0.0 133.03157042759494
28 1 0.0 132.78263012279865
28 1 0.0 132.37422485240023
28 1 0.0 132.13971153240686
28 1 0.0 131.5849381311109
28 1 0.0 131.14230583749645
28 1 0.0 130.81350949999933
28 1 0.0 130.76230241940436
28 1 0.0 130.74419780600283
28 1 89.27541069929998 219.97699482049836
28 1 0.0 130.29854143640387
28 1 0.0 130.07434053200015
28 1 0.0 129.78346010989935
28 1 357.991064689998 487.40597121000366
28 1 0.0 128.28818365769916
28 1 7.674432702491458 135.37166074998277
28 1 0.0 127.49257626240126
28 1 0.0 127.40579670560192
28 1 0.0 127.36972453000601
28 1 21.73666928629973 148.49944085549936
28 1 0.0 125.97589230399979
28 1 0.0 125.08758139360737
28 1 0.0 124.93833841000128
28 1 0.0 124.07822026720004
28 1 0.0 122.791241479998
28 1 0.0 122.27618902239843
28 1 0.0 121.80628331640384
28 1 0.0 121.50103608610084
28 1 0.0 121.16527375800354
28 1 0.0 120.68907432879973
28 1 0.0 120.03976030919898
28 1 37.736266819994626 157.12975798000116
28 1 0.0 119.22574535999684
28 1 0.0 118.82458817670118
28 1 97.82210444000089 216.6162476099919
28 1 0.0 118.44145522650354
28 1 0.0 118.31483799168836
28 1 0.0 118.22219728000002
28 1 0.0 118.12396871999877
28 1 0.0 117.92158529283347
28 1 3.417935102399781 120.33888601530123
28 1 0.0 116.5938242399975
28 1 0.0 116.46576221160103
28 1 0.0 116.37162886679783
28 1 0.0 115.97362748000597
28 1 0.0 115.95978429369853
28 1 0.0 115.46577154009697
28 1 0.0 115.41661636249914
28 1 0.0 114.87302418119634
28 1 0.0 114.6820465795995
28 1 0.0 114.56100029997742
28 1 30.86422184480125 144.26059015280384
28 1 0.0 112.45348179719485
28 1 0.0 112.14989907000313
28 1 0.0 111.99597363999499
28 1 0.0 111.32943363919878
28 1 0.0 110.8009207499997
28 1 0.0 110.2183482873022
28 1 0.0 109.53464754189258
28 1 0.0 109.06006345760488
28 1 0.0 108.35599105999609
28 1 0.0 108.34528755000377
28 1 0.0 108.1620366799956
28 1 0.0 108.06940919999738
28 1 0.0 107.93825570759418
28 1 0.0 107.91569379630778
28 1 0.0 107.81399708999282
28 1 0.0 107.5058224360962
28 1 0.0 107.30945474300393
28 1 0.0 107.12291947889861
28 1 0.0 106.3612733280006
28 1 0.0 106.2421819499998
28 1 0.0 105.86668608990249
28 1 0.0 105.7703992027582
28 1 0.0 105.46378163249187
28 1 0.0 105.19160520299579
28 1 0.0 105.10594947399488
28 1 0.0 105.0302469291004
28 1 0.0 104.8899145971011
28 1 0.0 104.39350859890419
28 1 0.0 104.358939310001
28 1 92.79189352776802 196.8703618731953
28 1 0.0 103.99892350560822
28 1 0.0 103.34563658989947
28 1 0.0 102.30866902289927
28 1 0.0 102.27330599000925
28 1 0.0 101.6286583629983
28 1 0.0 101.28773755599718
28 1 0.0 101.15300274747233
28 1 0.0 101.10982118999527
28 1 0.0 100.85649524439077
28 1 0.0 100.75322411319644
28 1 97.15665152818758 197.5631493170925
28 1 0.0 100.16598163086155
28 1 47.86501492240427 148.01137264200497
28 1 0.0 99.98022955790611
28 1 0.0 99.94932492749714
28 1 0.0 99.36435743999391
28 1 0.0 99.32287964969419
28 1 0.0 98.88293641339902
28 1 0.0 98.39663136952618
28 1 0.0 97.53516687029429
28 1 0.0 97.52392508998969
28 1 0.0 96.98753339000132
28 1 0.0 96.38605057250334
28 1 0.0 96.063800259902
28 1 108.18608922751014 204.0063894899963
28 1 0.0 95.67075974040276
28 1 0.0 95.48312201999744
28 1 0.0 94.94060344209873
28 1 0.0 93.96731412401232
28 1 0.0 93.92563061560318
28 1 0.0 93.89797089999945
28 1 0.0 93.37876216760014
28 1 0.0 93.16773062261086
28 1 0.0 92.80683379890161
28 1 0.0 92.65485490770044
28 1 0.0 92.36012440999741
28 1 0.0 92.32138717000157
28 1 0.0 91.95677951760169
28 1 0.0 91.87239561080251
28 1 0.0 91.50931281502221
28 1 0.0 91.47530485759671
28 1 0.0 91.08225847629501
28 1 0.0 90.88422389289587
28 1 0.0 90.13818271009904
28 1 0.0 90.05254229910292
28 1 324.781373046097 414.37767226999887
28 1 0.0 89.55744590950349
28 1 0.0 89.49344438399629
28 1 0.0 89.12584538999295
28 1 344.5174683500013 433.0881764799958
28 1 0.0 88.25073800999883
28 1 0.0 88.03325160000077
28 1 190.56682037085807 278.00964181049585
28 1 0.0 87.39111475040295
28 1 0.0 86.0647468703985
28 1 0.0 85.95552427999695
28 1 0.0 85.65943375910138
28 1 0.0 85.26724694289976
28 1 7.263006956499453 91.71997786559939
28 1 0.0 84.30428118596114
28 1 0.0 84.28291778449511
28 1 18.638892508001277 102.86079499170557
28 1 0.0 83.68739887279878
28 1 0.0 83.57101538000047
28 1 0.0 83.5448037799863
28 1 0.0 83.5205288399967
28 1 0.0 82.58218714999316
28 1 0.0 82.49222670458403
28 1 66.08766479549877 148.2096190379948
28 1 154.6805175400005 236.72559504999936
28 1 0.0 81.39669693849777
28 1 0.0 81.36160045470012
28 1 0.0 81.255190073206
28 1 0.0 80.49591434149852
28 1 0.0 79.9916650472004
28 1 0.0 79.50361124949686
28 1 0.0 79.46678385309883
28 1 0.0 79.26735776957969
28 1 0.0 79.25259864759889
28 1 0.0 79.19906668350882
28 1 0.0 78.76290062049537
28 1 0.0 78.16318424998519
28 1 0.0 78.08793153560191
28 1 0.0 76.77586075999909
28 1 0.0 76.66286276999895
28 1 0.0 76.2287892526117
28 1 0.0 75.6748800579926
28 1 48.344183145193256 123.95451669479075
28 1 0.0 75.60293461990364
28 1 0.0 75.44531511359739
28 1 0.0 75.3235771147979
28 1 0.0 75.24130665749965
28 1 16.786619859593543 92.00448213280242
28 1 0.0 74.76583385009963
28 1 0.0 74.68062467800178
28 1 0.0 74.22501021920789
28 1 0.0 74.1670090099974
28 1 0.0 73.935342016797
28 1 0.0 73.45930600320025
28 1 0.0 73.29789557200075
28 1 0.0 72.86584957360492
28 1 287.19094896 360.0316550120011
28 1 0.0 72.6906513331437
28 1 0.0 72.64502423390036
28 1 0.0 72.60985863989822
28 1 0.0 72.50503318559643
28 1 0.0 72.4787603255993
28 1 0.0 72.21371940149794
28 1 0.0 71.90437689360283
28 1 0.0 71.79611736840081
28 1 0.0 71.75114934999931
28 1 0.0 71.52201543449974
28 1 0.0 70.78597287130106
28 1 0.0 70.2288811836014
28 1 0.0 70.11727266882667
28 1 0.0 69.73806185000194
28 1 0.0 69.35274721520045
28 1 0.0 69.32155671999914
28 1 0.0 68.52361465749186
28 1 350.226064270013 418.73808868998435
28 1 0.0 68.47905829549825
28 1 0.0 68.00116948000732
28 1 0.0 67.98716361440074
28 1 0.0 67.56904349160152
28 1 0.0 67.4498188799962
28 1 0.0 67.20848299970339
28 1 58.88431897999544 125.95337587999686
28 1 0.0 66.32099976239556
28 1 9.105922610005337 74.55592519000902
28 1 0.0 65.07804660749554
28 1 0.0 64.88492146920208
28 1 0.0 64.76409042000068
28 1 0.0 64.28455778159929
28 1 115.64590578249681 179.91786167999044
28 1 0.0 63.98574749669956
28 1 0.0 63.71688990638904
28 1 0.0 63.71232808190064
28 1 0.0 63.181754449996106
28 1 0.0 62.99739714000316
28 1 0.0 62.537737239604894
28 1 0.0 62.40743556999823
28 1 0.0 62.344910369979516
28 1 0.0 62.20942484840219
28 1 0.0 61.88741580150304
28 1 0.0 61.79304593999933
28 1 0.0 61.39943770440209
28 1 0.0 60.89538791000729
28 1 333.23453491998475 393.9801772499827
28 1 0.0 60.58090381769989
28 1 0.0 60.4496467499896
28 1 0.0 59.7489100616981
28 1 0.0 59.62181482310075
28 1 0.0 59.52791280000315
28 1 0.0 59.38014468679762
28 1 0.0 59.37752625030066
28 1 0.0 59.149828648990365
28 1 9.548891936404175 68.25870719639079
28 1 0.0 58.526436059993955
28 1 0.0 58.50159959799663
28 1 0.0 57.88328858069656
28 1 20.22825277188167 77.7244540425113
28 1 119.25448357600533 176.37793856959854
28 1 0.0 57.09402955590576
28 1 19.478739377589363 75.86516820339875
28 1 172.65343709099466 228.86839001660348
28 1 93.65129277560072 147.97011851250272
28 1 0.0 53.737087524396884
28 1 56.80006659389528 110.53355266549988
28 1 0.0 53.713927234799485
28 1 0.0 53.67970015550338
28 1 125.11473125399289 178.779313908399
28 1 35.50655579998579 88.19719296001563
28 1 0.0 52.412954876101594
28 1 0.0 51.74282769000706
28 1 0.0 51.577102679997665
28 1 0.0 51.28991685080314
28 1 0.0 51.052479969703086
28 1 0.0 50.06190940680199
28 1 0.0 49.43908839599544
28 1 0.0 49.436183149994804
28 1 0.0 49.346091849994764
28 1 0.0 48.71645411999822
28 1 0.0 48.2550226999964
28 1 0.0 47.4535937925051
28 1 0.0 47.338006410005846
28 1 221.0739381599651 268.3872486700034
28 1 0.0 47.30745643049943
28 1 0.0 47.129934172512094
28 1 0.0 47.01311307400488
28 1 0.0 46.846978910008886
28 1 0.0 46.20137480909733
28 1 0.0 45.6410256555024
28 1 106.2069682624956 151.80622718449717
28 1 0.0 45.44191832316574
28 1 66.5305979408962 111.5137119719983
28 1 0.0 44.91402280000534
28 1 0.0 44.90409082999133
28 1 0.0 44.83060873510114
28 1 0.0 44.48630241250112
28 1 56.07144818200334 100.52096171960443
28 1 0.0 43.99914030200432
28 1 0.0 43.06010002959829
28 1 0.0 42.798070257600784
28 1 0.0 42.494052694997094
28 1 0.0 42.469329569988645
28 1 0.0 42.298217939201095
28 1 0.0 41.95230615999924
28 1 0.0 41.34171846760057
28 1 0.0 41.29501919069662
28 1 0.0 41.21023407001189
28 1 0.0 41.15223604999976
28 1 0.0 40.421810619994176
28 1 0.0 40.321828080399115
28 1 0.0 40.31986939800572
28 1 0.0 40.20744401000945
28 1 0.0 40.01824433750767
28 1 0.0 39.587689254008865
28 1 0.0 39.24497633599981
28 1 0.0 39.13932852999676
28 1 0.0 39.03876528999794
28 1 0.0 38.560993434694865
28 1 368.8180320299973 406.92516312001476
28 1 50.46472526999639 88.36494188629939
28 1 0.0 37.47949961810741
28 1 0.0 36.8565733536027
28 1 0.0 36.59275440149668
28 1 0.0 36.02311639999877
28 1 0.0 36.02202803000006
28 1 0.0 35.55545205000226
28 1 0.0 35.248704850899344
28 1 0.0 35.246343350003144
28 1 0.0 35.19457404922696
28 1 0.0 35.164729501999176
28 1 0.0 34.78337152000245
28 1 0.0 34.705841593501646
28 1 0.0 34.62952998030073
28 1 0.0 34.27645763000089
28 1 0.0 33.81784575830477
28 1 0.0 33.56576094438765
28 1 0.0 33.191379030000235
28 1 0.0 32.87476493400118
28 1 0.0 32.61042905989831
28 1 35.75123778001284 68.2061844600089
28 1 0.0 32.434477839997214
28 1 0.0 32.40784646999754
28 1 0.0 32.040735752800856
28 1 0.0 31.871303927499298
28 1 0.0 31.727840284100864
28 1 0.0 31.439271336899658
28 1 0.0 31.423518327100197
28 1 0.0 31.294141779204438
28 1 0.0 31.11363792840052
28 1 0.0 31.003838714404594
28 1 0.0 30.75198650999897
28 1 0.0 30.56325104000632
28 1 0.0 30.412154589300712
28 1 0.0 30.393109672502078
28 1 0.0 30.281348621705376
28 1 47.79983239000089 78.01933577000008
28 1 174.0883019764026 204.09201963800524
28 1 0.0 29.57801838239891
28 1 0.0 29.46696812800323
28 1 19.55949539079967 48.487190808806645
28 1 0.0 28.87823869350109
28 1 0.0 28.82784717000081
28 1 0.0 28.210864765500673
28 1 0.0 27.73530431979941
28 1 0.0 27.594721006699842
28 1 0.0 26.903428229999577
28 1 0.0 26.692744630007383
28 1 1.6008502400031261 28.24766489000561
28 1 0.0 26.599593619504162
28 1 0.0 25.966225817996758
28 1 481.6091267505009 506.7791252700076
28 1 139.45490221450382 164.534830326907
28 1 0.0 25.004651639998997
28 1 0.0 24.852146750001623
28 1 0.0 24.782622750400847
28 1 62.27731613839819 87.03109852840885
28 1 0.0 24.72381567999514
28 1 0.0 23.107574901898886
28 1 0.0 23.09931339400441
28 1 0.0 22.958054467504496
28 1 0.0 22.65239772000379
28 1 0.0 22.47484517609223
28 1 0.0 22.388932599987584
28 1 0.0 22.14273693740563
28 1 0.0 22.130530784399127
28 1 0.0 22.08004559657911
28 1 0.0 21.49689863959884
28 1 0.0 21.29017135160757
28 1 0.0 20.965333609998453
28 1 10.932912139993277 31.83407132999696
28 1 0.0 20.01720440490203
28 1 0.0 19.313216779093764
28 1 0.0 19.235908797495995
28 1 0.0 19.113235679998525
28 1 0.0 19.062580834503706
28 1 0.0 18.992415145502605
28 1 287.67004694999366 306.59474707000305
28 1 0.0 18.62077024000388
28 1 0.0 18.41823444800309
28 1 0.0 18.355081269191714
28 1 0.0 18.2824490744988
28 1 0.0 18.038914043998986
28 1 0.0 17.892709189991592
28 1 0.0 17.866320758301754
28 1 0.0 17.484872934894952
28 1 0.0 17.33396002200675
28 1 27.775705302499517 43.96142110150083
28 1 204.60681890749902 220.70296998840126
28 1 0.0 15.73994851511236
28 1 0.0 15.681561959023838
28 1 0.0 15.1457814606988
28 1 0.0 15.000346879995845
28 1 48.08754629649894 63.07409928439455
28 1 0.0 14.68316470876448
28 1 17.928248207103678 32.577805296403284
28 1 0.0 14.574134176599955
28 1 0.0 14.17370737000465
28 1 24.086573258503435 38.143760392104596
28 1 0.0 13.793506895596863
28 1 23.060383010001573 36.801495420001345
28 1 61.99302928440886 75.4371396123019
28 1 0.0 13.400061780797614
28 1 0.0 12.143812009502938
28 1 5.1200639599771876 16.991721159976123
28 1 0.0 11.804603570002826
28 1 0.0 10.7478004319982
28 1 0.0 10.667197409200242
28 1 0.0 10.37415671000582
28 1 0.0 9.397431802799133
28 1 0.0 9.356425118399557
28 1 73.38551150999848 82.34623185399766
28 1 0.0 8.71712438650016
28 1 0.0 8.458582602897849
28 1 0.0 8.427788149993262
28 1 0.0 8.008545609999828
28 1 0.0 7.795304349985599
28 1 0.0 7.621566509703371
28 1 0.0 7.5895552739877985
28 1 0.0 7.3779866807996655
28 1 26.577487181778224 33.87970195627122
28 1 0.0 6.601122299999815
28 1 0.0 6.5192695158007155
28 1 0.0 6.210391411608157
28 1 0.0 6.209452029999738
28 1 0.0 6.079284849590522
28 1 0.0 6.008612049995804
28 1 0.0 3.507664639598943
28 1 0.0 3.3473642918970654
28 1 0.0 2.8434221600117553
28 1 4.6634099200002765 6.628336447495826
28 1 0.0 1.8061613275963282
28 1 0.0 1.5828103324026017
28 1 0.0 1.5445720500007383
28 1 0.0 1.4371242400063693
28 1 0.0 1.0738258015941966
28 1 54.493628981998654 55.195029152898655
28 0 0.0 inf
28 0 0.0 432.11510843048814
# COVID_SAMPLE_5_ROI_3
29 1 0.0 29018.393306280028
29 1 0.0 20518.698627090067
29 1 1453.2897198400187 14288.165794870005
29 1 0.0 12341.112517297179
29 1 0.0 10635.291404879987
29 1 0.0 7164.54944658481
29 1 0.0 6105.745198290029
29 1 0.0 6084.689302921612
29 1 0.0 5338.8465703823
29 1 0.0 4565.342855909988
29 1 11588.24295024003 16084.93583885001
29 1 0.0 4353.258040102424
29 1 0.0 3736.3569232600885
29 1 0.0 3160.6192677600175
29 1 0.0 3152.4386255419995
29 1 0.0 3092.5480407732
29 1 0.0 2832.670997528007
29 1 0.0 2698.8841211917043
29 1 0.0 2698.8426592750448
29 1 0.0 2648.9762165131956
29 1 0.0 2579.511413493896
29 1 0.0 2420.5294117860612
29 1 0.0 2358.3443975599257
29 1 0.0 2349.6611557699684
29 1 0.0 2155.686652220386
29 1 0.0 2146.767210546258
29 1 0.0 2049.0208373399964
29 1 0.0 2011.0043023100643
29 1 0.0 1967.0952163178736
29 1 0.0 1966.2884024681025
29 1 0.0 1912.650938635124
29 1 0.0 1901.3617417283858
29 1 0.0 1843.0938673320775
29 1 0.0 1835.4857404800155
29 1 0.0 1834.7203279200103
29 1 0.0 1805.3971578761038
29 1 0.0 1796.4073963517023
29 1 0.0 1791.2643691887715
29 1 0.0 1745.8482305600166
29 1 0.0 1743.9249215359746
29 1 0.0 1737.9567180215672
29 1 0.0 1724.2194717462949
29 1 0.0 1722.326658719966
29 1 640.9758207460109 2316.9009267325328
29 1 0.0 1661.181898080019
29 1 0.0 1654.1917927785744
29 1 0.0 1632.3092762436013
29 1 0.0 1627.215232982504
29 1 4463.970118477507 6085.1668524960005
29 1 0.0 1620.1173488725021
29 1 0.0 1576.6728452724237
29 1 0.0 1575.6030951445236
29 1 0.0 1567.6335767027786
29 1 0.0 1542.156967040005
29 1 51.93779880321449 1586.2889835629103
29 1 2290.1589537483915 3823.4503194496447
29 1 0.0 1447.3784837399853
29 1 0.0 1445.3543802100196
29 1 0.0 1442.5059248880616
29 1 0.0 1435.8198249600118
29 1 0.0 1432.8113960312958
29 1 0.0 1395.9635045576017
29 1 0.0 1392.9137493787912
29 1 0.0 1390.5115982520992
29 1 0.0 1377.7695000319932
29 1 0.0 1374.2011734244024
29 1 0.0 1341.0838256399538
29 1 24.324172766399442 1358.3530836836271
29 1 0.0 1323.6401677099961
29 1 0.0 1311.9637409660036
29 1 0.0 1310.8260058988155
29 1 0.0 1301.0427961104128
29 1 0.0 1291.4586323532367
29 1 0.0 1284.9378659600002
29 1 0.0 1276.9208059217024
29 1 0.0 1267.6486519459995
29 1 0.0 1239.3817693888898
29 1 0.0 1224.358253256005
29 1 0.0 1216.2152233263746
29 1 0.0 1207.5406633961093
29 1 0.0 1199.6012908443909
29 1 0.0 1196.9780331600468
29 1 0.0 1193.1631002640977
29 1 0.0 1186.7238465100095
29 1 0.0 1179.5143178526569
29 1 0.0 1177.934585062876
29 1 0.0 1168.4922345767995
29 1 0.0 1162.0640485396075
29 1 0.0 1157.7341634664062
29 1 0.0 1150.0523385499916
29 1 0.0 1148.1490160171074
29 1 0.0 1111.4080631343818
29 1 0.0 1096.898842199908
29 1 0.0 1095.421688516784
29 1 0.0 1078.389877820011
29 1 0.0 1077.602703469854
29 1 0.0 1075.4942622700005
29 1 0.0 1065.2720746736309
29 1 0.0 1061.7426122725208
29 1 0.0 1061.3697217714998
29 1 0.0 1050.2151353940399
29 1 0.0 1048.0987384270766
29 1 0.0 1046.9846281216085
29 1 0.0 1045.926521039996
29 1 0.0 1014.8419836095998
29 1 107.0995447799005 1120.9756712159333
29 1 0.0 996.3297065183976
29 1 0.0 992.8443600535975
29 1 0.0 988.5388737920921
29 1 0.0 984.941855200803
29 1 0.0 978.5538082842777
29 1 0.0 974.5534965490974
29 1 0.0 973.6043558048955
29 1 0.0 970.4381355931803
29 1 0.0 965.774398941481
29 1 0.0 964.9174583174777
29 1 0.0 963.9296177800079
29 1 0.0 963.5473520164037
29 1 0.0 961.2045340555724
29 1 0.0 953.5976289400087
29 1 0.0 946.5664106799775
29 1 0.0 944.7402448999883
29 1 0.0 944.0657577399966
29 1 0.0 938.0739828992009
29 1 0.0 931.8835021211903
29 1 0.0 930.6021232799903
29 1 0.0 920.0523598496065
29 1 0.0 917.4357297674997
29 1 331.60200977710156 1247.946320403199
29 1 1068.5606611655971 1984.75119088001
29 1 0.0 912.9995255494109
29 1 0.0 910.4132881334308
29 1 0.0 906.0682877903673
29 1 0.0 904.0420076300093
29 1 0.0 880.1829000639987
29 1 30.905666777603074 910.229912598812
29 1 0.0 878.5771552800031
29 1 0.0 876.0265733999963
29 1 0.0 873.2279665040039
29 1 0.0 872.6158457000155
29 1 0.0 867.4559530021019
29 1 0.0 857.3129933259954
29 1 0.0 855.6941589759522
29 1 0.0 853.8482901360956
29 1 0.0 851.423600367598
29 1 0.0 848.8372737619989
29 1 0.0 835.2172374799954
29 1 0.0 832.9924084315953
29 1 0.0 830.2539051499948
29 1 0.0 828.7753436274919
29 1 0.0 823.6932365025018
29 1 0.0 817.1375957199994
29 1 0.0 811.9855817600121
29 1 0.0 811.9696061681009
29 1 89.09526290042004 895.1536461199978
29 1 0.0 805.9071769999778
29 1 0.0 801.5461444559976
29 1 0.0 800.4651816319974
29 1 0.0 797.0143108159964
29 1 0.0 796.8726308999971
29 1 0.0 793.6832318164165
29 1 0.0 791.4652153199768
29 1 0.0 790.454255625601
29 1 0.0 784.1035337940029
29 1 0.0 780.7768813059988
29 1 0.0 775.2267862572064
29 1 0.0 771.2517228570948
29 1 0.0 769.1833928391029
29 1 0.0 767.3174034600025
29 1 0.0 761.6610461880105
29 1 0.0 743.9634462599977
29 1 2381.775681235609 3123.5639283199844
29 1 0.0 737.1258969307988
29 1 0.0 734.3385939499935
29 1 0.0 728.2261786816889
29 1 0.0 726.5785912880327
29 1 0.0 725.6025446679914
29 1 54.343146999991404 779.485851159985
29 1 0.0 717.8797575599906
29 1 0.0 716.9694927380087
29 1 0.0 716.5359146847983
29 1 0.0 711.3167863742999
29 1 0.0 709.5670203984164
29 1 0.0 701.8457400314921
29 1 146.80591187993605 846.3916690600113
29 1 0.0 696.3350951169027
29 1 0.0 696.0960825135016
29 1 0.0 693.0318772080063
29 1 0.0 688.0001836343927
29 1 0.0 687.2101869795965
29 1 0.0 676.5100334599974
29 1 0.0 675.3780254799976
29 1 252.41378725710115 927.3758004591027
29 1 0.0 674.8002507299846
29 1 0.0 672.3392186364836
29 1 0.0 670.1768475400036
29 1 0.0 668.8276475075049
29 1 0.0 665.9114632947044
29 1 0.0 665.8356005299938
29 1 0.0 665.2997143163989
29 1 0.0 664.9255278867945
29 1 0.0 664.7400510243074
29 1 0.0 663.2575851099123
29 1 0.0 660.2282389895054
29 1 0.0 660.2099744700208
29 1 0.0 659.0599576755061
29 1 0.0 658.5577461299863
29 1 0.0 654.8578227999828
29 1 0.0 653.6625155700058
29 1 0.0 645.110320908112
29 1 0.0 643.7434369408004
29 1 0.0 638.9453663800145
29 1 0.0 632.3940068239935
29 1 0.0 627.9804817551026
29 1 0.0 625.468899009994
29 1 0.0 621.9721338640006
29 1 0.0 618.358391781841
29 1 0.0 617.5529148334099
29 1 0.0 610.2018680400029
29 1 0.0 609.8898399300192
29 1 0.0 607.7995153106986
29 1 0.0 603.6218897800075
29 1 0.0 602.7615013200075
29 1 0.0 602.0681085275028
29 1 202.42053572840814 803.1434736639312
29 1 0.0 596.9803802591083
29 1 0.0 591.0059586942099
29 1 0.0 589.8793840579929
29 1 0.0 589.5536191071974
29 1 0.0 587.1410003499914
29 1 0.0 584.8603055408023
29 1 0.0 584.6330891700022
29 1 0.0 580.0137365099973
29 1 0.0 579.2855895975899
29 1 0.0 578.8803297864006
29 1 0.0 577.7555232655977
29 1 0.0 576.4103182768117
29 1 0.0 573.4608053744796
29 1 0.0 572.1179940062907
29 1 0.0 566.6701117615994
29 1 0.0 565.5729193724051
29 1 276.3306882299694 840.0829539200236
29 1 0.0 559.2784596218175
29 1 0.0 553.8792963920016
29 1 0.0 553.639395401995
29 1 0.0 553.2205412174951
29 1 0.0 547.2754186756007
29 1 0.0 544.6185774524877
29 1 0.0 541.3069676801974
29 1 776.9235470008052 1314.6443044588045
29 1 0.0 537.4514595775047
29 1 0.0 536.5821076461659
29 1 0.0 535.1842259545086
29 1 0.0 534.8311237530006
29 1 0.0 532.496774900681
29 1 0.0 530.7771927956001
29 1 0.0 530.6559318499894
29 1 0.0 529.7034958459799
29 1 0.0 529.3894131983843
29 1 545.0379659903867 1070.8894423109004
29 1 0.0 525.2616617125022
29 1 55.66697606599496 580.9011202199979
29 1 0.0 524.2508953158642
29 1 0.0 522.6694840919031
29 1 0.0 522.633174399983
29 1 0.0 518.4887753999938
29 1 0.0 518.4717026476137
29 1 0.0 518.0221358645006
29 1 31.848375388008208 549.6229017200033
29 1 0.0 517.3107570011923
29 1 0.0 512.3830536899995
29 1 0.0 511.73425473419593
29 1 0.0 504.9323233307014
29 1 0.0 500.21636261310186
29 1 0.0 498.89318053839986
29 1 0.0 497.76979807000225
29 1 0.0 496.007723590008
29 1 0.0 494.16955091040745
29 1 0.0 493.9122776699983
29 1 0.0 492.3637449280018
29 1 0.0 492.1123717899868
29 1 0.0 485.9957705240008
29 1 0.0 485.7958585875042
29 1 0.0 482.87328876100014
29 1 44.15135743999781 523.3048870063976
29 1 0.0 478.4934849376011
29 1 0.0 477.8349891196108
29 1 0.0 477.7399404080005
29 1 0.0 477.7292202525023
29 1 0.0 472.9155795585084
29 1 0.0 471.095263400004
29 1 0.0 470.4444200799911
29 1 0.0 467.88788572160627
29 1 0.0 462.8055707443922
29 1 0.0 461.4726486410998
29 1 0.0 460.8112900950009
29 1 0.0 453.7807368912054
29 1 0.0 452.52384170563437
29 1 0.0 452.2969902800228
29 1 0.0 451.8594238700107
29 1 0.0 450.1085547676762
29 1 0.0 446.34392533759603
29 1 0.0 444.52907355440084
29 1 0.0 443.02408370888816
29 1 0.0 442.7325489166302
29 1 0.0 441.0431627964051
29 1 0.0 439.10511672000035
29 1 0.0 438.4455380590389
29 1 0.0 434.4253995399871
29 1 0.0 426.33439944000565
29 1 0.0 426.1068462399628
29 1 0.0 424.72344495995276
29 1 0.0 421.9358848235306
29 1 0.0 414.3325472570996
29 1 0.0 413.2607144507483
29 1 0.0 412.50773496608645
29 1 0.0 410.65637831770346
29 1 0.0 409.9884566695953
29 1 0.0 408.21990653709236
29 1 0.0 407.08791801289135
29 1 0.0 405.5393715799927
29 1 0.0 404.7188636183819
29 1 5.579342719998749 409.90994461961327
29 1 0.0 403.94989440790005
29 1 0.0 402.1765709374995
29 1 0.0 398.85993763400734
29 1 0.0 398.59214907610044
29 1 178.7754563952094 576.6155946832068
29 1 0.0 397.3490077043989
29 1 0.0 396.86445759352637
29 1 0.0 395.4625999811792
29 1 0.0 393.45998056919916
29 1 0.0 391.2585566200037
29 1 0.0 390.48696846296707
29 1 0.0 390.34064463549817
29 1 0.0 390.2408315950995
29 1 0.0 389.73895814239927
29 1 0.0 387.541045551601
29 1 0.0 387.30369582360163
29 1 0.0 385.6134471600044
29 1 0.0 385.4737595894969
29 1 0.0 385.0417816947088
29 1 0.0 384.09087274310355
29 1 0.0 383.52494066999316
29 1 0.0 383.39390408725694
29 1 0.0 380.1302889103895
29 1 0.0 379.71968443209835
29 1 0.0 379.42018335880647
29 1 0.0 374.8927946375261
29 1 0.0 374.1290249196022
29 1 0.0 373.9141639999952
29 1 0.0 371.82705254520806
29 1 0.0 371.7180691728013
29 1 0.0 370.3561282399967
29 1 0.0 369.5961498699867
29 1 0.0 369.5199030100134
29 1 0.0 369.18149087668917
29 1 0.0 367.9020111027685
29 1 0.0 367.6395420252668
29 1 0.0 366.43073716250024
29 1 0.0 364.1049576415935
29 1 0.0 363.9212434000083
29 1 0.0 360.9479444060984
29 1 0.0 358.7788889523149
29 1 362.7561030319489 720.3053196372798
29 1 0.0 357.07013013000005
29 1 0.0 356.7494393075949
29 1 62.823289759983936 419.1840752400175
29 1 0.0 356.32112671200866
29 1 0.0 353.03408490744823
29 1 0.0 352.8617363180016
29 1 0.0 352.80373166198206
29 1 52.18436979237754 404.88575306037956
29 1 108.4341949349066 461.0208284073134
29 1 0.0 351.3022687100247
29 1 0.0 348.94794491919174
29 1 0.0 346.51059926240055
29 1 293.35040072652646 635.483857344012
29 1 0.0 341.66727732960817
29 1 0.0 340.82116588001327
29 1 0.0 339.87517323190195
29 1 0.0 334.2859309739024
29 1 0.0 332.8382350099878
29 1 0.0 332.2830750695002
29 1 0.0 331.16896355999916
29 1 0.0 330.6617763859956
29 1 0.0 328.28804394153894
29 1 0.0 326.6997201255914
29 1 0.0 326.549505797699
29 1 0.0 324.3670274208016
29 1 0.0 320.6501060680066
29 1 0.0 318.7243151024028
29 1 0.0 317.1164022925004
29 1 0.0 316.4569284564034
29 1 0.0 314.1826104299853
29 1 0.0 313.04452393000656
29 1 0.0 311.8007283261238
29 1 0.0 311.79364043328496
29 1 0.0 311.67177132998654
29 1 0.0 311.17717678109534
29 1 92.38616301669344 403.2191408468093
29 1 0.0 308.7856111544884
29 1 0.0 306.5991298867989
29 1 0.0 306.0294291670183
29 1 24.035827393997465 328.8109750219887
29 1 0.0 303.35938236440234
29 1 0.0 301.67944598748636
29 1 0.0 301.21032091590007
29 1 0.0 300.86911067680217
29 1 0.0 300.85024172571957
29 1 0.0 300.4656494800075
29 1 0.0 298.7266600500284
29 1 0.0 297.6079272570007
29 1 0.0 296.7720657686923
29 1 0.0 296.6124465513075
29 1 0.0 295.57780224049884
29 1 0.0 294.26079176612893
29 1 0.0 293.3148453175945
29 1 0.0 291.1284184100077
29 1 0.0 290.7626488380168
29 1 0.0 290.27299435749387
29 1 0.0 289.4876394171947
29 1 0.0 288.1580480908967
29 1 0.0 286.46376107998367
29 1 0.0 286.36095666000915
29 1 0.0 285.9545965824916
29 1 94.32929152529414 380.2753368053027
29 1 0.0 285.608856967493
29 1 617.1472786700215 902.6175139100042
29 1 0.0 285.21241042230645
29 1 0.0 284.8335891984266
29 1 0.0 283.43657116249733
29 1 0.0 283.0870903200089
29 1 697.136726439594 976.7516622299854
29 1 0.0 278.66014603960843
29 1 0.0 277.51100403750024
29 1 28.02405300039993 305.50046196040114
29 1 453.1721938255987 730.4452343299981
29 1 71.58867930598262 346.63092937552665
29 1 0.0 273.03629773110526
29 1 0.0 269.54998704909326
29 1 0.0 269.1808644525015
29 1 0.0 267.8305445860037
29 1 0.0 265.55287598519203
29 1 0.0 265.4862680565129
29 1 0.0 264.38010906239896
29 1 0.0 263.90626955488824
29 1 0.0 261.93606770000247
29 1 0.0 261.6631156340791
29 1 0.0 261.48390043400275
29 1 0.0 260.73669504998816
29 1 0.0 260.3285666237142
29 1 0.0 260.1425610231015
29 1 0.0 259.0573474499988
29 1 0.0 258.61038281510207
29 1 0.0 258.4952515760999
29 1 0.0 258.1863201888994
29 1 0.0 258.0347371200164
29 1 0.0 257.795157924013
29 1 375.5419220932804 632.7382219147862
29 1 0.0 256.590892050902
29 1 0.0 256.15973040399376
29 1 0.0 255.45152765760167
29 1 0.0 255.17657061429685
29 1 0.0 254.42600116159838
29 1 0.0 254.15043826800502
29 1 0.0 253.71148984998968
29 1 0.0 252.05730571230077
29 1 0.0 250.8843322000073
29 1 0.0 250.73392268749558
29 1 0.0 250.58783424519834
29 1 216.70140724001135 467.28583149961696
29 1 0.0 248.7384648000061
29 1 0.0 248.44295740249527
29 1 0.0 248.0475135052991
29 1 335.7031141244929 583.1918795147424
29 1 0.0 247.06521339002302
29 1 0.0 245.19027889758217
29 1 0.0 244.7225566929851
29 1 0.0 241.71665373000587
29 1 0.0 241.41560551998737
29 1 0.0 241.25797159401964
29 1 0.0 239.6973850139891
29 1 0.0 238.01910273249746
29 1 0.0 237.9204726051986
29 1 0.0 237.90925149764735
29 1 0.0 236.9180662267031
29 1 0.0 235.96250482200253
29 1 0.0 235.15110756851072
29 1 0.0 235.13164471999767
29 1 0.0 233.26444787099945
29 1 0.0 230.9689440241945
29 1 0.0 230.37820243349802
29 1 61.93062207491221 292.0369984513068
29 1 0.0 229.1680606434934
29 1 0.0 229.1332886631028
29 1 0.0 228.218822062497
29 1 0.0 227.56131071261166
29 1 0.0 227.1950397374992
29 1 39.15939673230605 265.50393107999844
29 1 172.62210127890137 397.8832517147969
29 1 0.0 225.11533785001393
29 1 0.0 225.09016629998996
29 1 0.0 225.01743117150318
29 1 0.0 224.02229767748418
29 1 57.349120480885176 280.7874727199989
29 1 2.8626345742957255 226.2177634125187
29 1 0.0 221.85604940240546
29 1 0.0 221.64121606999743
29 1 0.0 221.21177920000036
29 1 0.0 219.69851078360227
29 1 0.0 218.29371006999895
29 1 0.0 216.92649340000264
29 1 0.0 216.01888437189814
29 1 0.0 214.69537679708856
29 1 0.0 213.98256991999733
29 1 0.0 213.29362341649266
29 1 0.0 213.26263302290047
29 1 0.0 212.26958961788682
29 1 0.0 212.17597876877505
29 1 0.0 210.6591749684087
29 1 0.0 209.19150215560103
29 1 0.0 205.6567626495903
29 1 0.0 203.83996824560495
29 1 0.0 202.37746120999577
29 1 0.0 201.5277694521012
29 1 1551.171358172316 1752.5278316220056
29 1 0.0 200.39937187004398
29 1 0.0 199.6244167059981
29 1 0.0 198.75328029000912
29 1 0.0 198.74215643000161
29 1 159.83163359001264 358.38445050001746
29 1 0.0 196.27111542850275
29 1 0.0 196.129410070414
29 1 0.0 195.45988318039548
29 1 0.0 192.5269953615027
29 1 150.3211043600079 342.60250564002104
29 1 0.0 190.96552107000207
29 1 0.0 190.264505329604
29 1 157.78436312799533 347.0180987163884
29 1 0.0 188.83018602200127
29 1 0.0 188.46585356247897
29 1 0.0 187.63445928070098
29 1 0.0 187.47762895039705
29 1 0.0 187.0209331159981
29 1 0.0 186.48909807279824
29 1 0.0 186.09240140447673
29 1 0.0 183.53607404960326
29 1 0.0 182.42287642909594
29 1 0.0 182.30574517359776
29 1 0.0 182.15368610997734
29 1 0.0 181.85318403111046
29 1 249.30343026000764 430.4756569274964
29 1 0.0 180.7328393829057
29 1 0.0 180.66068927001243
29 1 0.0 179.74200445640076
29 1 0.0 179.72433664000073
29 1 0.0 179.01157476505466
29 1 0.0 178.54447448998735
29 1 0.0 178.35387600000263
29 1 0.0 177.78499083300136
29 1 0.0 177.4220283600962
29 1 27.409464263519567 203.60325397434212
29 1 0.0 176.13820384598057
29 1 0.0 176.0176659704041
29 1 0.0 175.13256110750615
29 1 0.0 175.13226056000235
29 1 0.0 174.2273461100035
29 1 0.0 173.74407367436788
29 1 0.0 173.22046161599926
29 1 0.0 172.89172574769879
29 1 0.0 172.7888131966365
29 1 0.0 172.12955208222405
29 1 0.0 170.32360289799465
29 1 0.0 170.14565208419424
29 1 0.0 170.02697967999347
29 1 0.0 169.58059352090868
29 1 706.2772821814979 875.3854771756041
29 1 0.0 168.6720107048004
29 1 0.0 168.5411236479822
29 1 0.0 167.203520027507
29 1 0.0 164.30155253959202
29 1 0.0 163.47187204640068
29 1 0.0 162.55626547670045
29 1 0.0 161.05239321189993
29 1 0.0 159.9024962874994
29 1 0.0 159.2770146066971
29 1 0.0 158.50324124248982
29 1 0.0 158.0349948811085
29 1 0.0 157.86277389626912
29 1 0.0 157.0965246660071
29 1 0.0 156.41407204000268
29 1 0.0 155.43436413440338
29 1 0.0 155.05854074597733
29 1 0.0 154.92740584809712
29 1 0.0 154.7549632904179
29 1 102.79671260648911 255.1931244604068
29 1 0.0 151.63184547430183
29 1 0.0 150.98550193289546
29 1 0.0 150.3373316834987
29 1 274.06840606247897 423.4723956128082
29 1 0.0 149.28163512119772
29 1 0.0 148.43372178688787
29 1 0.0 147.94176141839398
29 1 0.0 147.86926710000398
29 1 0.0 146.766313458804
29 1 11.159143230001632 157.56058463050454
29 1 234.49240348998455 380.2393016899882
29 1 0.0 145.12219716270192
29 1 0.0 144.9543012496007
29 1 241.09904931000938 385.1139580300119
29 1 300.3837432455939 444.3141662816133
29 1 4635.677904119986 4778.577006899999
29 1 0.0 142.03812985510115
29 1 0.0 141.45131282997363
29 1 0.0 140.55803769990302
29 1 0.0 139.54862376600067
29 1 0.0 139.14714879560051
29 1 0.0 139.14451398104916
29 1 0.0 138.21669199999644
29 1 0.0 137.99224067039586
29 1 0.0 136.24726576140438
29 1 0.0 135.6464607999842
29 1 0.0 133.79173177708765
29 1 45.42346774560815 177.879141260011
29 1 0.0 132.19935704999546
29 1 179.82708623145686 311.6210143438991
29 1 0.0 131.77899160670222
29 1 0.0 131.22571800107164
29 1 0.0 131.12840019839496
29 1 0.0 128.73984220790226
29 1 269.95216541998934 397.4880739100027
29 1 220.70561633002944 347.8483498528012
29 1 151.2452877649007 278.27037985380935
29 1 0.0 126.37890131930124
29 1 0.0 125.88145993000126
29 1 0.0 120.87466004389807
29 1 0.0 120.49478942560086
29 1 0.0 120.33670928997526
29 1 0.0 117.92822296749273
29 1 0.0 117.80549404495679
29 1 109.42905184720132 226.3985217600025
29 1 0.0 116.72707787999798
29 1 0.0 115.23900736158794
29 1 0.0 115.13588923599934
29 1 631.019532180507 746.0596500499977
29 1 0.0 115.02032037001754
29 1 0.0 112.30154919965997
29 1 0.0 111.5682251756997
29 1 0.0 111.38147658240104
29 1 0.0 110.77094461040542
29 1 0.0 110.65072142399731
29 1 0.0 109.97400960709831
29 1 0.0 109.7850832969225
29 1 0.0 108.8134778900066
29 1 0.0 108.56765124640151
29 1 0.0 107.22675402096547
29 1 0.0 105.49099075997765
29 1 0.0 102.70342527690127
29 1 0.0 102.68240879200198
29 1 0.0 102.17093344179898
29 1 57.5258506044041 157.95208246560077
29 1 0.0 99.60371128999498
29 1 0.0 99.59313068999245
29 1 0.0 98.60370702179978
29 1 0.0 98.55819482428814
29 1 0.0 96.95425169709125
29 1 0.0 95.57590328069563
29 1 0.0 95.17804215329852
29 1 0.0 94.05484277000286
29 1 0.0 94.02890194749853
29 1 0.0 93.97528241639714
29 1 0.0 93.70893647000389
29 1 0.0 92.06713158991943
29 1 0.0 89.45878473684365
29 1 0.0 88.96822430290706
29 1 0.0 88.8029576274887
29 1 0.0 88.79159366999852
29 1 0.0 87.79527605229977
29 1 58.04507999999464 144.3667661500026
29 1 0.0 86.22200318149612
29 1 15.741104707586828 101.20643537159066
29 1 0.0 85.4212499900018
29 1 0.0 85.07484450999664
29 1 19.057169720004595 103.95762223002112
29 1 294.247816072404 378.59783526599585
29 1 0.0 83.68487468879857
29 1 0.0 82.95770627572278
29 1 0.0 80.9280301600071
29 1 110.81016406249182 190.49151760500126
29 1 0.0 79.57401307999965
29 1 0.0 79.08590575349959
29 1 0.0 78.59765416790253
29 1 0.0 78.50671855639098
29 1 0.0 74.5065741310018
29 1 0.0 74.4660485899916
29 1 0.0 74.140293101103
29 1 169.97642048000102 243.49897635838033
29 1 0.0 73.01914592319872
29 1 0.0 72.84840451119976
29 1 144.72195820280103 217.3901840464987
29 1 262.9512465590142 335.5389035490771
29 1 0.0 72.1585005452987
29 1 0.0 70.9660134799966
29 1 0.0 70.07454328511403
29 1 37.565470499989715 107.3272664199917
29 1 0.0 69.55326796876875
29 1 490.43761436491945 559.6350640528055
29 1 0.0 68.17770258999963
29 1 0.0 65.83070440999506
29 1 0.0 64.55084461998445
29 1 0.0 63.49410379429173
29 1 0.0 62.40657120750484
29 1 0.0 62.375076456497936
29 1 399.8717082197102 462.0379195232995
29 1 0.0 62.124302966416906
29 1 0.0 61.12016083097615
29 1 0.0 60.80976610010612
29 1 0.0 60.39732025400207
29 1 0.0 60.36583585389542
29 1 0.0 60.03223713690522
29 1 0.0 59.48511905069904
29 1 0.0 59.34588248000341
29 1 0.0 58.53159747449814
29 1 0.0 58.01299172049312
29 1 0.0 57.439608585592396
29 1 0.0 56.460781419972136
29 1 0.0 55.466545919994246
29 1 0.0 53.68619095999702
29 1 0.0 53.54955221081775
29 1 137.13477084389206 190.25343020999117
29 1 0.0 52.57883391726955
29 1 0.0 51.617899197499895
29 1 238.33971005000444 288.9408580496081
29 1 0.0 48.808359163493265
29 1 0.0 48.228298301279835
29 1 0.0 46.17429558791878
29 1 0.0 46.10861369290569
29 1 0.0 46.056200037796316
29 1 0.0 44.850998744678236
29 1 0.0 44.303068678543696
29 1 0.0 43.14208304999892
29 1 0.0 42.70772769999803
29 1 0.0 42.25145574000368
29 1 0.0 41.763951548801174
29 1 267.61379976910894 308.6194047055088
29 1 0.0 39.93825354279852
29 1 181.3268247536128 220.52011926600284
29 1 0.0 38.84900528250887
29 1 0.0 36.62200650949967
29 1 0.0 36.13703351040226
29 1 222.79262091999453 258.7761443699933
29 1 28.787253349993648 64.6763941475009
29 1 0.0 33.03325426249853
29 1 0.0 32.27799057799734
29 1 0.0 29.506187469999134
29 1 0.0 28.816078572502306
29 1 0.0 28.690360069204644
29 1 0.0 28.410905063998825
29 1 0.0 27.910085608972167
29 1 0.0 27.52930908077809
29 1 0.0 26.542192407602442
29 1 0.0 25.856465667601697
29 1 0.0 25.40954094033674
29 1 0.0 25.10397498729094
29 1 0.0 25.08606974601844
29 1 0.0 24.391745820903225
29 1 0.0 24.111806969202007
29 1 0.0 23.635625445294863
29 1 0.0 23.21245467519907
29 1 0.0 22.532784622395297
29 1 0.0 22.36256219359717
29 1 87.80364219462467 109.68941910082481
29 1 0.0 21.32963290349744
29 1 121.19008564262185 142.0444303053746
29 1 0.0 19.84981077610081
29 1 0.0 19.43017264420382
29 1 0.0 18.380826202906064
29 1 0.0 18.260649803988258
29 1 0.0 18.11751824597343
29 1 0.0 15.814649025992367
29 1 0.0 15.247846142123535
29 1 169.57395562510874 184.7613907999969
29 1 0.0 14.580699390396603
29 1 0.0 12.978975300007278
29 1 0.0 11.834122442500643
29 1 428.36768046889824 439.92131469568767
29 1 0.0 9.479659609990676
29 1 0.0 8.396495143995821
29 1 0.0 8.318792807796854
29 1 160.41709840959925 167.94287789560286
29 1 0.0 6.530593763596926
29 1 117.22381849938483 123.7106155387919
29 1 0.0 5.402944229999093
29 1 0.0 4.786455423103234
29 1 2.566519584895559 6.9795315075291455
29 1 461.9924678699864 466.24108339197414
29 1 0.0 4.209395067600326
29 1 0.0 3.952803556084973
29 1 141.94569731169986 145.3251907863995
29 1 0.0 3.353329572313214
29 1 178.77248429999622 181.84820776000265
29 1 68.68636067590239 71.11980887430343
29 1 0.0 2.1198657155925957
29 1 0.0 1.458900771899664
29 1 0.0 1.3766911736011025
29 1 0.0 1.354018859997268
29 1 0.0 0.43880726809470616
29 1 0.0 0.24328087359526762
29 0 0.0 inf
# COVID_SAMPLE_5_ROI_1
30 1 0.0 28836.95787273512
30 1 0.0 22522.960781050904
30 1 0.0 19223.159333770003
30 1 0.0 18769.553525010688
30 1 0.0 13656.3365998164
30 1 0.0 11170.215104819503
30 1 0.0 10468.691069568373
30 1 0.0 10087.601176824503
30 1 0.0 9375.751193040029
30 1 0.0 8170.803218336793
30 1 0.0 7645.803870122396
30 1 0.0 7248.206496170493
30 1 0.0 7149.31265387997
30 1 0.0 7060.6314986900015
30 1 0.0 5844.8442009220025
30 1 1353.6352291284238 7117.474400097494
30 1 3065.1904888880126 8780.390295846304
30 1 0.0 5277.839432562501
30 1 0.0 4755.4119930960005
30 1 3258.955813019895 7820.896543500094
30 1 0.0 4291.733838142296
30 1 0.0 3820.4177422417615
30 1 0.0 3756.397891990011
30 1 0.0 3662.1884719976
30 1 2200.065651316098 5775.211713547109
30 1 0.0 3549.9768199999844
30 1 0.0 3203.2378880239994
30 1 0.0 3160.898537269999
30 1 0.0 3066.1380964556683
30 1 3572.2850429204937 6585.012181271639
30 1 803.4643708567964 3746.846258861504
30 1 0.0 2823.249162443619
30 1 0.0 2773.833232480013
30 1 11.22268744000985 2681.1309891999954
30 1 0.0 2443.4157488500014
30 1 0.0 2386.000352235593
30 1 0.0 2352.1669028804845
30 1 0.0 2266.6566495785173
30 1 0.0 2128.1726880204114
30 1 0.0 2108.5923213308
30 1 0.0 2097.683711250002
30 1 0.0 2084.195702467896
30 1 0.0 2016.1503033384006
30 1 0.0 1992.8970182968974
30 1 0.0 1940.1114808410684
30 1 0.0 1936.0634465208036
30 1 0.0 1922.4658629307996
30 1 0.0 1909.8485036599845
30 1 0.0 1906.0984022800021
30 1 0.0 1902.7698157483837
30 1 0.0 1894.4204562798996
30 1 0.0 1761.0435737300045
30 1 0.0 1751.5009047664018
30 1 0.0 1750.8550617499964
30 1 0.0 1722.2880575200018
30 1 0.0 1672.4677869123934
30 1 0.0 1633.406762410002
30 1 0.0 1612.5203431028995
30 1 0.0 1592.8809895900142
30 1 0.0 1543.4768643063526
30 1 134.1091517920015 1626.6211259414968
30 1 0.0 1491.5582398000179
30 1 0.0 1478.9169827199912
30 1 0.0 1476.3008176784133
30 1 0.0 1473.0569209199948
30 1 0.0 1469.5764738207322
30 1 0.0 1451.2635700415979
30 1 0.0 1435.867834800003
30 1 0.0 1419.7656083692987
30 1 0.0 1393.466275977641
30 1 0.0 1392.3565150155873
30 1 0.0 1391.940415664402
30 1 0.0 1382.920265314136
30 1 0.0 1368.8324185699953
30 1 0.0 1358.440039279998
30 1 0.0 1354.392143162002
30 1 0.0 1351.9923796040928
30 1 0.0 1331.872850345997
30 1 0.0 1325.313120650002
30 1 0.0 1319.4521895400085
30 1 0.0 1313.418237970017
30 1 0.0 1294.8750294379183
30 1 0.0 1286.041617300003
30 1 0.0 1259.609882669989
30 1 0.0 1235.5166273503955
30 1 0.0 1226.4872825699777
30 1 0.0 1212.4449299499797
30 1 0.0 1211.2220578399897
30 1 62.49759375999338 1267.8004617499773
30 1 0.0 1196.6764923200153
30 1 0.0 1175.8496012659991
30 1 0.0 1165.9943568251147
30 1 0.0 1158.2116457332158
30 1 0.0 1155.977781810016
30 1 0.0 1149.7395414558946
30 1 0.0 1142.3486779123061
30 1 0.0 1140.947169120017
30 1 0.0 1131.0076112200081
30 1 0.0 1124.8379121199994
30 1 43.2380833600746 1156.8033116500146
30 1 0.0 1105.9824194400032
30 1 0.0 1098.3329282700956
30 1 0.0 1092.7990343220097
30 1 0.0 1085.0141032299916
30 1 0.0 1083.8216813745032
30 1 0.0 1080.1338929059975
30 1 0.0 1062.4649085900005
30 1 0.0 1035.7097955999898
30 1 0.0 1034.2497666211998
30 1 0.0 1033.3931570476934
30 1 0.0 1033.0838126000199
30 1 0.0 1029.8120638799842
30 1 0.0 1027.681818089999
30 1 0.0 1022.4643620009001
30 1 0.0 1012.6191475861042
30 1 0.0 1010.2391989299883
30 1 0.0 1007.312596289968
30 1 0.0 991.7431408400321
30 1 0.0 989.4777601755954
30 1 0.0 988.3703529100051
30 1 0.0 988.2581467600035
30 1 0.0 982.7286151091876
30 1 0.0 980.601920129998
30 1 0.0 976.6969413919974
30 1 0.0 971.7247600000219
30 1 0.0 967.5444188225013
30 1 0.0 963.9345954000082
30 1 0.0 960.9667713009026
30 1 0.0 960.8227243166917
30 1 0.0 957.5184199875093
30 1 0.0 954.9592155931848
30 1 0.0 944.728864160003
30 1 0.0 943.8536022348038
30 1 108.94133164559344 1040.3046918610999
30 1 0.0 926.5392846000061
30 1 0.0 920.4926583199967
30 1 0.0 913.5028204260025
30 1 0.0 911.8108990799988
30 1 0.0 911.5259103600092
30 1 0.0 910.6840913571018
30 1 0.0 890.2103446675014
30 1 0.0 888.1774818909043
30 1 0.0 886.5130235099991
30 1 0.0 875.0299583656862
30 1 0.0 870.7939642300098
30 1 0.0 868.546692086411
30 1 0.0 866.3175844267885
30 1 0.0 861.3702199800073
30 1 0.0 860.5321486307894
30 1 0.0 856.1233330875016
30 1 0.0 854.2887991308125
30 1 0.0 848.0326630799864
30 1 0.0 845.0640136380198
30 1 0.0 842.7575505396003
30 1 0.0 840.9622464805034
30 1 0.0 836.5513774323936
30 1 0.0 833.6820576840082
30 1 0.0 832.065812513608
30 1 0.0 831.1756553107966
30 1 0.0 821.2808016395009
30 1 0.0 821.1353118500006
30 1 0.0 811.4785373848944
30 1 0.0 805.135651980042
30 1 0.0 799.1723558700037
30 1 0.0 798.8661759599997
30 1 0.0 793.0976729800027
30 1 0.0 787.0816907599876
30 1 0.0 785.6243758674959
30 1 0.0 780.1851807024973
30 1 0.0 779.5922957390967
30 1 0.0 778.3842294199915
30 1 0.0 777.3559699200041
30 1 0.0 775.1706758000255
30 1 0.0 767.2040448000303
30 1 0.0 751.2241749855928
30 1 0.0 749.9160156522012
30 1 0.0 746.9611226310963
30 1 0.0 744.2277491207974
30 1 13.072639193399027 744.2500905592805
30 1 0.0 727.169058085678
30 1 0.0 721.6811938780077
30 1 239.12198812600127 956.4081344183928
30 1 0.0 715.6471283479914
30 1 0.0 713.8088489853044
30 1 0.0 713.0324758500128
30 1 0.0 711.4602718900001
30 1 0.0 708.4159712035503
30 1 0.0 706.7610332100107
30 1 0.0 703.2070416500237
30 1 0.0 703.1236905399935
30 1 0.0 698.3442732830108
30 1 0.0 696.5736046916056
30 1 0.0 692.0634977900013
30 1 0.0 691.9212675443741
30 1 0.0 681.9243666324955
30 1 0.0 681.8716990400069
30 1 0.0 680.6077256899944
30 1 455.0946678899991 1135.4576719999895
30 1 0.0 678.6402723063893
30 1 0.0 678.3409950000128
30 1 0.0 671.4230545999872
30 1 0.0 671.3345559400027
30 1 0.0 670.1995473032982
30 1 0.0 661.8581455778949
30 1 0.0 659.1525030500038
30 1 0.0 655.7060867914847
30 1 0.0 654.5721962296991
30 1 0.0 654.0512069300019
30 1 0.0 652.108989890005
30 1 0.0 650.2615837075987
30 1 0.0 649.6336860833044
30 1 0.0 645.5002743600048
30 1 0.0 636.9838372799957
30 1 0.0 632.0880423999993
30 1 0.0 631.6279788099964
30 1 0.0 630.9003479015964
30 1 0.0 615.1040813100094
30 1 0.0 613.2281852700023
30 1 0.0 609.8179897100035
30 1 0.0 607.6774922900063
30 1 0.0 605.2038671972973
30 1 0.0 600.4228629595327
30 1 28.898693899998307 623.9282432600266
30 1 0.0 594.8600695800128
30 1 0.0 590.2343029240046
30 1 758.2911914678989 1343.2551904924976
30 1 0.0 583.7245709999906
30 1 0.0 580.9315187779935
30 1 0.0 579.5046823891053
30 1 0.0 577.6795630000124
30 1 0.0 576.2958197125029
30 1 0.0 572.3955922499956
30 1 0.0 571.7644434400153
30 1 0.0 571.6960063509
30 1 0.0 569.4952680651168
30 1 0.0 565.3221029427998
30 1 0.0 564.9229888340105
30 1 0.0 560.9762632664006
30 1 0.0 560.6799308519957
30 1 161.56308715000887 716.6539566419842
30 1 0.0 554.8581287620108
30 1 0.0 553.400981331595
30 1 0.0 548.8254813132933
30 1 0.0 547.2660604519027
30 1 0.0 544.6180556691924
30 1 0.0 540.3454040735044
30 1 0.0 535.943161600012
30 1 0.0 532.0511522081172
30 1 25.783852824522 556.3551338269231
30 1 0.0 526.6381859999958
30 1 0.0 525.3599775691995
30 1 0.0 523.7661173299949
30 1 0.0 523.2475913025082
30 1 0.0 522.4297237499936
30 1 0.0 521.7867261300008
30 1 0.0 521.66698841959
30 1 4.68313228801162 521.9976815899995
30 1 287.72429572182546 801.3962375865262
30 1 39.94158441239392 551.7717803499938
30 1 0.0 511.56544241414576
30 1 0.0 511.4694831104951
30 1 0.0 509.5175365500079
30 1 0.0 508.59059214839544
30 1 0.0 504.817996399991
30 1 0.0 503.188398371999
30 1 0.0 502.5876423231507
30 1 0.0 498.90888947009853
30 1 0.0 496.360779389987
30 1 2797.413868869992 3289.008451849998
30 1 0.0 490.88058565000756
30 1 0.0 490.77624165998986
30 1 0.0 490.53591472359676
30 1 0.0 489.19666681640047
30 1 0.0 487.9250275200076
30 1 0.0 484.0658338783927
30 1 0.0 481.54777818200364
30 1 0.0 481.2388195648043
30 1 0.0 479.82579916639486
30 1 470.7042289368201 950.4310886399844
30 1 0.0 479.3641701299955
30 1 0.0 478.54929838998873
30 1 0.0 477.7077832745175
30 1 97.80944735999128 574.8919442699989
30 1 31.852710010035935 508.4341080300287
30 1 0.0 475.57663912999567
30 1 0.0 471.54184092998776
30 1 0.0 470.6338294639968
30 1 0.0 469.3057287761194
30 1 0.0 466.73066986290087
30 1 0.0 465.3861373200051
30 1 0.0 464.24315553019187
30 1 0.0 462.53392470689835
30 1 0.0 461.64900881020685
30 1 0.0 457.0055765600064
30 1 0.0 456.3905806699999
30 1 0.0 455.4730178399964
30 1 0.0 455.4393124500029
30 1 0.0 454.4993677199876
30 1 0.0 454.32102937763375
30 1 0.0 453.8851575547792
30 1 0.0 453.77570615489253
30 1 0.0 452.8501
30 1 0.0 451.0354326355981
30 1 0.0 450.8260727700226
30 1 0.0 448.6778178499969
30 1 0.0 446.4384761783981
30 1 0.0 443.1625454639038
30 1 0.0 441.27990866370965
30 1 0.0 441.02463351998813
30 1 0.0 439.17234138790354
30 1 0.0 438.44058443998347
30 1 0.0 437.49776712309733
30 1 232.12266471001203 669.4044285584159
30 1 0.0 436.99242299002344
30 1 0.0 436.3534473300074
30 1 74.58498508800221 509.3200234991875
30 1 0.0 434.6882021900069
30 1 0.0 429.80266958999823
30 1 0.0 429.6082258224951
30 1 327.88814394240376 753.6647576356022
30 1 0.0 422.2111614800019
30 1 0.0 420.60264758399785
30 1 0.0 418.6547266175876
30 1 0.0 415.56869957998515
30 1 0.0 413.9472664400055
30 1 0.0 412.34371384000667
30 1 0.0 409.7492235100092
30 1 0.0 409.60727744999076
30 1 0.0 409.3786240960071
30 1 0.0 408.1569557760067
30 1 0.0 407.5941408700105
30 1 0.0 406.7079567250935
30 1 0.0 405.9764360406807
30 1 0.0 402.4376707455999
30 1 0.0 400.57219763998546
30 1 0.0 398.7137099204015
30 1 0.0 398.66133591025914
30 1 0.0 396.9682421028042
30 1 0.0 396.2102664000031
30 1 0.0 395.6995185019989
30 1 0.0 394.17587041999786
30 1 0.0 391.105092158401
30 1 0.0 390.7914524162983
30 1 0.0 389.1641855199931
30 1 0.0 387.7496374740118
30 1 0.0 386.41929722000873
30 1 0.0 385.89561322729537
30 1 0.0 385.76297380999665
30 1 110.30089221998799 489.9148867580069
30 1 0.0 376.43520971000817
30 1 0.0 375.8822394935462
30 1 0.0 375.1189284599942
30 1 0.0 373.8028968947797
30 1 0.0 373.4684515600047
30 1 0.0 373.3340749823003
30 1 0.0 367.49284807290064
30 1 0.0 367.17569816000287
30 1 0.0 365.41910358800124
30 1 0.0 363.74338187240164
30 1 0.0 361.26048343000184
30 1 0.0 357.6100025900017
30 1 0.0 353.366285810009
30 1 0.0 352.64672907800264
30 1 0.0 349.1250358412617
30 1 0.0 348.16869686999803
30 1 0.0 347.655986350004
30 1 0.0 347.06580983999993
30 1 0.0 346.7629321199962
30 1 501.76304024999354 846.461616759985
30 1 0.0 343.8292273199879
30 1 0.0 338.56146916639295
30 1 0.0 336.75669456600485
30 1 72.39693761998501 406.8524729199959
30 1 0.0 334.1569036999954
30 1 0.0 331.15393463959776
30 1 0.0 328.44289757001206
30 1 0.0 326.43756951750174
30 1 0.0 324.5684211436062
30 1 0.0 323.2783356099991
30 1 0.0 321.6837231500052
30 1 0.0 321.41001931110713
30 1 0.0 321.3674313199972
30 1 560.3768014400059 881.4846416399951
30 1 0.0 321.10597787160214
30 1 0.0 321.08987422630184
30 1 0.0 320.8873589100018
30 1 0.0 319.4723848240019
30 1 0.0 318.6882231199987
30 1 0.0 317.04672706000565
30 1 0.0 315.3481464980021
30 1 0.0 314.52776054189997
30 1 0.0 312.092606254811
30 1 0.0 311.59378541800834
30 1 0.0 310.89833511560346
30 1 0.0 310.47131815249213
30 1 0.0 310.24087543999894
30 1 0.0 308.59282532920156
30 1 0.0 308.18947368249746
30 1 0.0 307.6588982000024
30 1 0.0 305.03360362600085
30 1 0.0 302.62098419690074
30 1 0.0 302.3278025199952
30 1 0.0 299.8466973599975
30 1 0.0 299.6250343920925
30 1 0.0 296.32182248000163
30 1 67.14324395000085 362.762045270003
30 1 0.0 294.91992248440465
30 1 0.0 294.4309637532026
30 1 0.0 292.3732917695984
30 1 0.0 291.479637334
30 1 324.31167144050164 614.6801987360045
30 1 0.0 287.7700879999943
30 1 0.0 287.7025569600082
30 1 0.0 287.3942038300179
30 1 0.0 287.3487413935977
30 1 0.0 285.83461005570064
30 1 0.0 285.75339925999106
30 1 0.0 285.3616343999904
30 1 0.0 284.6090604900005
30 1 0.0 283.4288098499069
30 1 0.0 283.08352137549264
30 1 0.0 283.05608621000135
30 1 0.0 279.0977894157014
30 1 156.22342488160302 433.21862798130337
30 1 0.0 276.92914844999723
30 1 0.0 274.4186865098992
30 1 0.0 273.279471820002
30 1 0.0 273.00554443000067
30 1 0.0 271.88080717000344
30 1 0.0 271.7950325356137
30 1 0.0 270.1671948635824
30 1 0.0 269.6380410540055
30 1 0.0 268.1482064756215
30 1 0.0 265.3611695463028
30 1 56.932169569999814 320.9608331752074
30 1 0.0 263.97896241759815
30 1 0.0 262.84784671000216
30 1 0.0 261.8203393099992
30 1 244.72872085001745 506.411249950012
30 1 0.0 259.3949551000135
30 1 0.0 258.3211810634949
30 1 0.0 256.4630002771055
30 1 0.0 255.58772609001062
30 1 0.0 255.14455917399846
30 1 0.0 254.97337961000017
30 1 0.0 254.5641099375398
30 1 0.0 252.56875289640323
30 1 96.31046270999286 348.55264892000105
30 1 21.39344130889208 273.3700129628942
30 1 0.0 251.66113201000212
30 1 0.0 251.25250199759438
30 1 0.0 250.96120014999815
30 1 426.36554105000573 676.7938526000028
30 1 0.0 249.79250398998374
30 1 0.0 247.08680485999957
30 1 0.0 246.9942728900146
30 1 0.0 246.7412776644038
30 1 0.0 246.35979993
30 1 132.80099239799733 378.043498528097
30 1 90.68312447319383 335.179728521595
30 1 0.0 244.13681087999748
30 1 0.0 243.9775557081067
30 1 0.0 243.94997413850888
30 1 0.0 242.69751231108876
30 1 0.0 239.69874264120187
30 1 0.0 238.57490337749687
30 1 0.0 237.77510779559844
30 1 0.0 237.47388329641353
30 1 0.0 235.93512774510123
30 1 0.0 235.6003822729058
30 1 0.0 233.2524172532244
30 1 0.0 231.22962876000724
30 1 0.0 229.47514964000243
30 1 0.0 228.5543908015984
30 1 0.0 227.28685712999504
30 1 43.77148425001337 269.5377677300021
30 1 0.0 223.65218782250395
30 1 0.0 223.07596711999986
30 1 0.0 221.9008530099934
30 1 0.0 219.32293043999994
30 1 0.0 217.99335025000187
30 1 0.0 216.34504095310604
30 1 0.0 213.01097237001147
30 1 22.899051440017956 235.5501499200036
30 1 0.0 210.94360327649667
30 1 0.0 210.66501300000004
30 1 66.33391365001944 274.66856243000257
30 1 0.0 208.0406850499994
30 1 0.0 207.6213594436058
30 1 0.0 206.4362384100075
30 1 0.0 205.78849023649764
30 1 0.0 203.3020406592043
30 1 0.0 202.67122811249675
30 1 0.0 202.22729739680653
30 1 0.0 201.783436180016
30 1 2650.897909699966 2850.900605439975
30 1 0.0 196.68455975279676
30 1 0.0 195.7614675824998
30 1 0.0 194.57119099001056
30 1 0.0 193.65139833746252
30 1 0.0 193.52902623119593
30 1 0.0 193.32051931988946
30 1 0.0 191.78335831840695
30 1 0.0 191.627204393096
30 1 0.0 191.4948771500258
30 1 0.0 189.60759031289308
30 1 0.0 188.9388775480004
30 1 0.0 187.77542863333804
30 1 0.0 187.33346622999397
30 1 0.0 184.97135404001347
30 1 0.0 184.1716412700116
30 1 0.0 183.54634902000862
30 1 0.0 183.1393885118964
30 1 302.73870564550657 485.5212889797033
30 1 0.0 181.8846233115003
30 1 0.0 181.13829786509632
30 1 1465.243548399998 1645.8820244800077
30 1 0.0 178.34508625749925
30 1 0.0 177.90055431000224
30 1 0.0 177.42167724000296
30 1 40.141554441669456 214.94317492029575
30 1 0.0 170.16650056999856
30 1 0.0 168.90508980251127
30 1 0.0 168.36694608760365
30 1 0.0 168.31114168999886
30 1 0.0 167.6568561384197
30 1 0.0 165.69860516868368
30 1 0.0 165.34006520999344
30 1 8.191856546003237 172.05897862560232
30 1 105.22526869850253 266.54717944999766
30 1 318.2571031000059 478.7571057599921
30 1 0.0 159.4961556796061
30 1 0.0 158.59725356000035
30 1 0.0 158.25253061998933
30 1 0.0 157.51927929359545
30 1 23.966657469992242 179.1211563987012
30 1 0.0 154.81741747999968
30 1 0.0 154.23185639039883
30 1 0.0 153.13101180000194
30 1 0.0 153.1216590606548
30 1 0.0 152.4697480999996
30 1 0.0 152.35498886039989
30 1 0.0 152.01429435909944
30 1 0.0 151.6221405600145
30 1 0.0 150.73609776001103
30 1 0.0 149.503718498009
30 1 0.0 149.49360474749426
30 1 0.0 147.09104451000337
30 1 0.0 146.75743339068276
30 1 0.0 146.61594428999956
30 1 0.0 146.348911830494
30 1 0.0 145.56790096749364
30 1 0.0 144.6651205660587
30 1 23.75243392999755 168.21318041001268
30 1 520.4978170740096 664.2269972735921
30 1 458.6415123099922 600.8131549499954
30 1 28.53270712999074 170.6474174800196
30 1 0.0 141.57979112359635
30 1 0.0 140.45927074559745
30 1 0.0 140.32586701999938
30 1 0.0 139.98673176160298
30 1 0.0 139.87721216000227
30 1 1003.8041478100195 1143.64584039999
30 1 178.30643503199417 316.7370678874913
30 1 0.0 137.78295712999898
30 1 0.0 137.61949176999815
30 1 0.0 136.467261216
30 1 0.0 135.20519344239983
30 1 0.0 133.24890975800133
30 1 0.0 131.2201278576099
30 1 0.0 130.80269696421894
30 1 0.0 129.29353247998893
30 1 0.0 128.54676147719738
30 1 0.0 126.8900048045034
30 1 0.0 126.6247882207017
30 1 0.0 125.36327875000006
30 1 0.0 124.6638691340006
30 1 0.0 122.44468671160985
30 1 0.0 121.54488175999649
30 1 0.0 121.53527162000304
30 1 0.0 121.0259501948899
30 1 0.0 120.94782888000435
30 1 0.0 120.18231787998866
30 1 59.33386623999559 179.28608423999327
30 1 0.0 117.54912473999684
30 1 0.0 116.90596224999837
30 1 0.0 116.82205203999024
30 1 0.0 116.2358060599754
30 1 0.0 115.5598248127958
30 1 0.0 115.11975957359266
30 1 0.0 114.96748104000199
30 1 0.0 113.2136531399965
30 1 0.0 112.88675941199494
30 1 0.0 112.82920294070175
30 1 0.0 112.45234080749378
30 1 0.0 110.95387271959592
30 1 0.0 110.74064768639516
30 1 0.0 108.3733882499946
30 1 0.0 107.77358223000647
30 1 0.0 107.65490676146965
30 1 0.0 106.60861010800187
30 1 0.0 106.38169657109563
30 1 0.0 104.44959415999585
30 1 201.89914120000049 305.9674419999983
30 1 0.0 104.05991487150118
30 1 0.0 101.57190896640168
30 1 0.0 94.24249428359997
30 1 18.4438438844021 111.42134067200107
30 1 0.0 91.57571422799157
30 1 243.05355514750698 333.56551863250183
30 1 0.0 89.05914503265697
30 1 0.0 88.8817560023991
30 1 0.0 88.44802418239857
30 1 0.0 88.10663404730099
30 1 0.0 87.13422649249299
30 1 0.0 86.64764466159409
30 1 0.0 85.33272567000495
30 1 0.0 85.2101954300058
30 1 152.03162891839565 237.1839406900002
30 1 472.6954770932016 554.3714006006976
30 1 0.0 81.26716209250208
30 1 0.0 80.63232579001044
30 1 0.0 79.54493442839885
30 1 0.0 78.7203744859944
30 1 0.0 76.39227315462676
30 1 0.0 75.13180659800014
30 1 0.0 74.25133348790678
30 1 121.79575056800672 195.63736482290346
30 1 0.0 73.6442779776039
30 1 0.0 73.29997465639923
30 1 0.0 72.66008895309704
30 1 0.0 72.62185947241414
30 1 0.0 72.60294378610467
30 1 0.0 71.96753195999469
30 1 289.6177310699809 358.563543499994
30 1 0.0 68.86454779999337
30 1 0.0 65.6470082000082
30 1 0.0 64.6851643439972
30 1 36.96258723000187 100.26590662749928
30 1 32.491404074656316 95.01099764724475
30 1 0.0 62.216834936010855
30 1 0.0 61.88561508560343
30 1 0.0 61.05442947001575
30 1 0.0 60.346725230096126
30 1 86.598952750004 146.77626693000252
30 1 51.29578174998676 110.82974157000069
30 1 0.0 58.50417490239704
30 1 140.1192492740027 198.51522148600174
30 1 0.0 57.66819029269979
30 1 0.0 57.480058279999184
30 1 1098.9988357411162 1155.708115628496
30 1 0.0 56.46136975809827
30 1 0.0 55.748175067497755
30 1 0.0 55.63584977639937
30 1 0.0 55.29283101001829
30 1 0.0 55.01145708000149
30 1 228.22671507999712 282.86564144999284
30 1 0.0 54.13672781539708
30 1 1621.2064628348726 1675.3414101276867
30 1 0.0 53.62041936000105
30 1 0.0 52.48935774510187
30 1 0.0 52.28269431550069
30 1 295.59457070557823 346.0746141199793
30 1 30.672308579198784 78.681224680004
30 1 306.92326494202007 352.508904228
30 1 0.0 44.97135207330203
30 1 86.62025504800499 131.46575689370434
30 1 0.0 44.561948290008445
30 1 0.0 42.84486959029891
30 1 47.943012389999126 90.70468328690262
30 1 0.0 41.79957900690715
30 1 0.0 41.65264424759857
30 1 257.02834132999874 298.3717645260044
30 1 0.0 40.93582759999401
30 1 0.0 40.10030270999869
30 1 0.0 39.077678230003016
30 1 1295.807021430017 1334.5026279100075
30 1 0.0 38.27574222249541
30 1 0.0 37.27359387097516
30 1 0.0 36.65339090519046
30 1 0.0 35.07916551137396
30 1 0.0 33.986600520792535
30 1 23690.90039047993 23724.047867688783
30 1 84.35425527999905 117.41001820000156
30 1 0.0 32.97648375000426
30 1 0.0 32.23770678998926
30 1 100.94572251090688 132.1169077176031
30 1 0.0 30.931823839988738
30 1 0.0 30.538781549997566
30 1 149.41824550990611 179.51439397000456
30 1 0.0 29.55362076078245
30 1 0.0 28.87526014240086
30 1 0.0 27.230482341198808
30 1 0.0 24.207543489999367
30 1 0.0 24.050534480015585
30 1 0.0 23.97652055998242
30 1 0.0 23.717129900010377
30 1 0.0 23.076327357491664
30 1 0.0 22.579969363202395
30 1 0.0 22.240264509997587
30 1 149.80003164510117 170.43296778439344
30 1 0.0 20.605355209998265
30 1 0.0 20.076535138399436
30 1 0.0 19.467159410001216
30 1 0.0 19.263529577506688
30 1 0.0 18.352910199995108
30 1 328.3061947699987 346.4529729579958
30 1 0.0 16.655850690001557
30 1 0.0 16.64311434839817
30 1 0.0 15.019700889975866
30 1 0.0 11.673962235597855
30 1 0.0 9.65055147000544
30 1 0.0 9.353015652392287
30 1 0.0 9.248370680407561
30 1 0.0 8.449525839999978
30 1 0.0 7.606445863996669
30 1 0.0 7.268814490002683
30 1 0.0 5.787892592001754
30 1 0.0 5.113772249996828
30 1 0.0 4.1238503599987695
30 1 0.0 3.813807532493172
30 1 0.0 2.9596058000051926
30 1 0.0 2.287287200000492
30 1 0.0 2.0148743839886265
30 1 0.0 0.7838854499859735
30 1 270.53979536000116 271.27233435000693
30 0 0.0 inf
# COVID_SAMPLE_5_ROI_2
31 1 0.0 29002.24303937005
31 1 0.0 15004.087017649952
31 1 0.0 9065.887673673573
31 1 0.0 8301.569578541963
31 1 0.0 6510.9244593499825
31 1 0.0 6418.680819602383
31 1 0.0 6367.841392447495
31 1 0.0 5572.5968954600185
31 1 0.0 5250.499512839574
31 1 0.0 4792.945497169973
31 1 1948.8827013072078 6600.254303896
31 1 0.0 4316.708193250011
31 1 0.0 4231.831416274797
31 1 0.0 4172.719482145118
31 1 0.0 3877.8916394499756
31 1 0.0 3722.367127350001
31 1 0.0 3703.0252460112088
31 1 0.0 3656.719065737476
31 1 0.0 3629.8139451999677
31 1 0.0 3611.183835117914
31 1 0.0 3467.9657465736045
31 1 0.0 3392.2140459231214
31 1 0.0 3390.5881451688147
31 1 0.0 3340.491067212003
31 1 0.0 3328.035946783491
31 1 0.0 3256.005810182537
31 1 0.0 3221.6415064500134
31 1 0.0 3143.8225208199983
31 1 0.0 3124.014309649605
31 1 0.0 3108.8669548891926
31 1 0.0 2977.273974691997
31 1 0.0 2939.357996889602
31 1 0.0 2882.0544180099796
31 1 0.0 2876.571559782823
31 1 0.0 2865.193719315188
31 1 0.0 2782.305775522095
31 1 0.0 2753.981344995099
31 1 0.0 2693.7720191562967
31 1 0.0 2477.4802883800266
31 1 0.0 2358.2067609244014
31 1 0.0 2169.1821409910954
31 1 0.0 2166.2905156400047
31 1 0.0 2132.649828660802
31 1 0.0 2126.1898940850656
31 1 767.6346604200021 2889.7386962299697
31 1 0.0 2101.4474562034657
31 1 0.0 2089.320240787187
31 1 0.0 2041.0355828900067
31 1 0.0 2028.5413982271014
31 1 0.0 2024.1502601187203
31 1 0.0 2021.408451950906
31 1 0.0 1921.7783500164085
31 1 0.0 1894.3851989075192
31 1 0.0 1893.3061796792015
31 1 0.0 1851.7879520354973
31 1 0.0 1835.6674312619007
31 1 0.0 1820.8577811179853
31 1 0.0 1804.2610386755696
31 1 0.0 1789.3858583012857
31 1 0.0 1762.3239238819879
31 1 0.0 1759.4952839666284
31 1 0.0 1752.4850323807286
31 1 0.0 1750.2917600624983
31 1 0.0 1741.9080569133012
31 1 0.0 1736.3011837104045
31 1 0.0 1716.0046930800286
31 1 0.0 1705.3477391285992
31 1 0.0 1684.2206415735927
31 1 0.0 1672.8654553310816
31 1 0.0 1654.6870117500325
31 1 0.0 1653.0216440799863
31 1 0.0 1652.3182504523588
31 1 0.0 1643.3942569939945
31 1 0.0 1630.450115422489
31 1 0.0 1628.8634925294346
31 1 0.0 1619.60180115001
31 1 0.0 1614.9610235660891
31 1 0.0 1614.9589159300012
31 1 0.0 1602.2480104132928
31 1 1176.6882990368185 2768.0054109951016
31 1 0.0 1580.2274579157174
31 1 0.0 1532.5465732399662
31 1 0.0 1527.98170157999
31 1 0.0 1523.9547205700078
31 1 704.9644522279928 2226.269565758277
31 1 0.0 1520.7508778558936
31 1 0.0 1518.251227691995
31 1 0.0 1500.705626486886
31 1 0.0 1500.3111447744964
31 1 1111.0680084417181 2597.278446696465
31 1 0.0 1468.6194119255974
31 1 0.0 1464.3331341300009
31 1 0.0 1450.1120208744962
31 1 0.0 1446.340672690907
31 1 0.0 1438.478747386765
31 1 0.0 1423.1474746100146
31 1 0.0 1414.0274829425005
31 1 0.0 1403.5285279474465
31 1 524.6074722142653 1914.8050402475947
31 1 0.0 1387.7290303835912
31 1 0.0 1387.7054295704133
31 1 0.0 1376.5083301667855
31 1 0.0 1371.4509997563046
31 1 0.0 1361.5575818888055
31 1 0.0 1349.151526102482
31 1 0.0 1348.0816516440022
31 1 0.0 1334.627787523556
31 1 0.0 1328.096790186089
31 1 0.0 1296.8433474400053
31 1 0.0 1288.289346574988
31 1 0.0 1272.0284915520017
31 1 0.0 1267.5047314399899
31 1 0.0 1257.5413368522986
31 1 0.0 1256.0874437375874
31 1 539.3291179004973 1793.4963116372983
31 1 0.0 1244.0154072840708
31 1 0.0 1239.4729832699827
31 1 0.0 1238.1104295899977
31 1 0.0 1226.7673462975217
31 1 0.0 1225.7908594754936
31 1 0.0 1211.5709258126985
31 1 0.0 1201.1110889232068
31 1 0.0 1150.5013554712052
31 1 0.0 1142.4907155448946
31 1 0.0 1139.1115604620109
31 1 0.0 1126.7348765455013
31 1 0.0 1116.8856153008896
31 1 0.0 1109.3543234707995
31 1 0.0 1106.9283071477785
31 1 0.0 1106.5297183059001
31 1 0.0 1099.961787708493
31 1 0.0 1089.3086073200072
31 1 0.0 1078.293131041968
31 1 0.0 1077.3080463099877
31 1 0.0 1075.346717509109
31 1 0.0 1057.2718991924971
31 1 0.0 1048.2851361815992
31 1 0.0 1047.7425175000953
31 1 0.0 1044.7799889755797
31 1 0.0 1032.8286656117125
31 1 0.0 1029.5277384783967
31 1 0.0 1028.5656036299888
31 1 0.0 1026.4101933500037
31 1 0.0 1020.6064777875004
31 1 0.0 1014.9336157380212
31 1 0.0 1012.9017600000011
31 1 0.0 1012.8159906496028
31 1 0.0 1010.7300722299997
31 1 0.0 1007.0732772775054
31 1 0.0 1000.9573337659901
31 1 0.0 996.4434295115989
31 1 0.0 977.3701643740947
31 1 0.0 974.3887073899887
31 1 0.0 964.466089549986
31 1 0.0 956.1738743145138
31 1 0.0 946.5070867035197
31 1 0.0 944.8762825216063
31 1 0.0 939.8062525165064
31 1 0.0 937.7576210999996
31 1 0.0 934.2017643299678
31 1 0.0 920.4636425999984
31 1 0.0 917.7627019200172
31 1 0.0 914.8153468712148
31 1 0.0 909.6520395359985
31 1 0.0 905.0548085219798
31 1 1119.5182889300004 2022.652675490006
31 1 0.0 902.2103425299906
31 1 0.0 886.7866750000012
31 1 0.0 881.8135636700072
31 1 0.0 877.6677970399974
31 1 0.0 870.5614149700122
31 1 0.0 864.999400877768
31 1 572.0889695407959 1435.354923580498
31 1 0.0 863.2085868224003
31 1 0.0 859.2506282800132
31 1 0.0 857.8896567174825
31 1 0.0 855.2907336035983
31 1 0.0 851.6681615381985
31 1 0.0 851.3957107599949
31 1 0.0 851.2942539129003
31 1 85.46991532500579 935.2563201356988
31 1 0.0 842.9117983999713
31 1 0.0 841.0951565016821
31 1 0.0 836.6627340499972
31 1 0.0 828.2067761068029
31 1 0.0 825.192387409689
31 1 0.0 821.6753154299822
31 1 0.0 821.2355256335957
31 1 0.0 810.6507598699959
31 1 0.0 810.4789916799946
31 1 0.0 806.523861890006
31 1 0.0 804.5119303140214
31 1 0.0 800.6885867400065
31 1 0.0 799.5791625600141
31 1 0.0 799.189673224003
31 1 0.0 778.7542524399901
31 1 0.0 770.1392232500064
31 1 36.7879451100016 800.1517967200073
31 1 0.0 762.630307241006
31 1 256.13295725199987 1010.8740335112952
31 1 107.05674883719894 861.6803376871994
31 1 0.0 754.0505320725197
31 1 0.0 741.3850639312946
31 1 0.0 737.9816168787011
31 1 0.0 737.5933195200066
31 1 0.0 736.1839429099996
31 1 0.0 735.3154572116991
31 1 0.0 729.1221863466992
31 1 0.0 721.8520340099976
31 1 544.0365682099969 1259.757742710004
31 1 0.0 711.3328264320062
31 1 0.0 706.7913553500237
31 1 0.0 702.3854950369014
31 1 0.0 698.2581753099985
31 1 0.0 695.7354050127797
31 1 0.0 694.8334985737001
31 1 0.0 693.2679799200064
31 1 0.0 690.1483399202986
31 1 0.0 690.0999363499959
31 1 0.0 686.3293730240771
31 1 0.0 684.425122634585
31 1 0.0 683.5032745100126
31 1 0.0 682.6081466273849
31 1 0.0 681.350260240014
31 1 0.0 678.3586584235927
31 1 0.0 678.2623258360095
31 1 0.0 675.6878958900138
31 1 0.0 654.811418609991
31 1 133.5410006575912 787.3684199999907
31 1 0.0 653.290636919999
31 1 0.0 646.8474692300176
31 1 0.0 646.3060824700165
31 1 0.0 644.1352088374983
31 1 0.0 642.6802274208023
31 1 42.118590691900806 679.6167467483933
31 1 0.0 635.2686820512047
31 1 0.0 631.7876367840063
31 1 0.0 627.6191630048911
31 1 0.0 626.714183940001
31 1 0.0 623.0023893300258
31 1 0.0 622.4464354400347
31 1 0.0 617.9351766527936
31 1 0.0 617.1826334900043
31 1 0.0 615.8456070383952
31 1 0.0 613.9302100000093
31 1 0.0 612.9441927863854
31 1 182.5931283300106 790.6784495225002
31 1 0.0 606.3385726300014
31 1 0.0 605.9102979931927
31 1 0.0 604.9884395875065
31 1 0.0 603.728478582512
31 1 0.0 602.2458939999918
31 1 0.0 597.9025570012004
31 1 0.0 597.0000781864064
31 1 0.0 595.2106583500048
31 1 0.0 594.4568605215823
31 1 0.0 593.9844513812889
31 1 0.0 593.7779557799967
31 1 0.0 587.4196629499991
31 1 0.0 585.2651880051017
31 1 0.0 584.6531486275758
31 1 0.0 580.4972398900054
31 1 0.0 574.2940604132327
31 1 0.0 570.1823840499837
31 1 0.0 563.7301514864025
31 1 0.0 563.4824623395998
31 1 94.17009600248821 657.1073374399973
31 1 0.0 557.989693326002
31 1 0.0 549.9236993420009
31 1 0.0 548.7618249312038
31 1 0.0 540.0665863299851
31 1 0.0 534.2180219300039
31 1 134.388139412501 668.0602795715979
31 1 0.0 533.0575827858975
31 1 0.0 529.9126923359972
31 1 0.0 528.567992919704
31 1 0.0 526.6691359974982
31 1 0.0 522.0305935975016
31 1 0.0 520.5633368559998
31 1 0.0 510.5240480800271
31 1 287.9022809899898 798.053941539586
31 1 0.0 502.2279346399828
31 1 0.0 500.8056970399889
31 1 0.0 495.27320141959035
31 1 149.45798960000275 643.4829698795018
31 1 0.0 491.35280342999795
31 1 0.0 488.3554045508986
31 1 0.0 484.7555702700115
31 1 475.8289334923984 960.0673839678984
31 1 0.0 480.87439040753634
31 1 0.0 478.88513698599445
31 1 0.0 476.8994248100148
31 1 0.0 472.0570525955957
31 1 0.0 467.4166451999745
31 1 0.0 465.8243483206959
31 1 0.0 464.9662390825024
31 1 0.0 461.8849922299878
31 1 0.0 460.62556997000064
31 1 1251.9703910972485 1706.2187873196674
31 1 0.0 451.534648250004
31 1 293.02950906733076 744.4466257938348
31 1 474.37410896551364 925.7379293096888
31 1 0.0 449.2429632225153
31 1 0.0 447.87707303280337
31 1 0.0 444.1479812499965
31 1 0.0 438.95416689996955
31 1 0.0 437.3984864400013
31 1 0.0 434.405101950013
31 1 0.0 433.65545606919636
31 1 0.0 428.880665032706
31 1 0.0 427.7683975999995
31 1 0.0 426.03810290113074
31 1 0.0 425.234766119489
31 1 0.0 423.87343507649916
31 1 41.135023710001974 462.4971222100022
31 1 0.0 417.1054035100142
31 1 0.0 416.7862800190044
31 1 0.0 414.9437498063803
31 1 0.0 408.14492256649953
31 1 0.0 404.9029491200124
31 1 0.0 399.87195679000433
31 1 0.0 395.82314577290254
31 1 0.0 391.61825315360466
31 1 0.0 390.39280211000914
31 1 0.0 388.579648227505
31 1 0.0 387.7809262400018
31 1 0.0 385.0076714456968
31 1 0.0 382.97984085269695
31 1 0.0 382.9184871699854
31 1 0.0 381.4526135499891
31 1 0.0 378.672418730008
31 1 0.0 376.52231483000264
31 1 960.4017150387599 1331.4486039045826
31 1 0.0 365.49132243241
31 1 0.0 355.7867119037164
31 1 0.0 352.47140297060173
31 1 0.0 351.80364913200606
31 1 1422.1377726490964 1773.5701211175046
31 1 0.0 351.2749954900096
31 1 0.0 347.4245722499991
31 1 0.0 346.196845697501
31 1 0.0 344.82587459998877
31 1 0.0 339.2261821884976
31 1 0.0 339.0372759779957
31 1 0.0 335.29131593489865
31 1 0.0 333.95409986142704
31 1 107.77207585001543 440.13045989000307
31 1 0.0 330.8955922600054
31 1 0.0 330.4845577299923
31 1 0.0 330.3202916700043
31 1 0.0 328.5567614399956
31 1 0.0 328.18971304998877
31 1 0.0 323.89049991999286
31 1 0.0 323.0443117200068
31 1 0.0 321.0443149199955
31 1 0.0 319.52716093000356
31 1 0.0 319.13231394239506
31 1 0.0 318.21483099999364
31 1 8.148765407095425 325.90424924679394
31 1 0.0 316.2588367099829
31 1 0.0 314.84694133000676
31 1 335.61904254119463 645.7731206964029
31 1 0.0 310.0176134331914
31 1 0.0 308.3867075674957
31 1 0.0 304.82229284651476
31 1 0.0 301.95639112160256
31 1 539.7287178268034 841.571022915904
31 1 0.0 301.20324617000006
31 1 0.0 294.2483661490021
31 1 0.0 293.16940520760363
31 1 0.0 289.51685508000105
31 1 0.0 286.4994368656014
31 1 0.0 286.1326440974959
31 1 0.0 285.87697158850017
31 1 0.0 283.33081194999477
31 1 0.0 283.1802232025043
31 1 0.0 282.37531016400817
31 1 0.0 281.8269012896021
31 1 0.0 278.0563473786892
31 1 0.0 277.0877778105132
31 1 0.0 276.14218319999713
31 1 0.0 274.84134014750043
31 1 0.0 274.07572316999403
31 1 0.0 271.8663282500006
31 1 0.0 270.2443141099923
31 1 0.0 268.1761781600301
31 1 0.0 264.4991362099952
31 1 243.81787517750308 508.2438106474956
31 1 0.0 262.19063785750404
31 1 0.0 261.63915587689894
31 1 0.0 260.32117176996644
31 1 0.0 259.63558359040326
31 1 0.0 253.67290154039893
31 1 873.4481003727012 1125.9750474477044
31 1 0.0 251.02502599349748
31 1 309.9743155148983 560.3881098265981
31 1 0.0 249.7418654192068
31 1 0.0 248.74570248988812
31 1 0.0 246.9861026589051
31 1 218.23817428401662 460.22407697000335
31 1 0.0 240.58557622959756
31 1 0.0 236.3381797903976
31 1 0.0 235.72068515000183
31 1 0.0 235.37809288999279
31 1 0.0 234.73048017000724
31 1 0.0 233.13671343001647
31 1 0.0 231.3767237999955
31 1 279.5278875551901 509.0271071587986
31 1 163.26524032999464 390.6734911100017
31 1 0.0 226.18563099750156
31 1 144.1655063099936 369.2998759299883
31 1 667.855563029993 892.3689223067969
31 1 0.0 224.17479944250704
31 1 0.0 223.22829936000483
31 1 0.0 222.2710343999964
31 1 3429.1280007299983 3651.2214058200125
31 1 0.0 221.77670295559835
31 1 0.0 221.37665430038976
31 1 0.0 221.26451977999386
31 1 0.0 220.73126900359512
31 1 377.961579840015 598.3260785099978
31 1 0.0 219.67094498238725
31 1 0.0 215.24657536800237
31 1 0.0 215.02810629478518
31 1 0.0 213.68406213439607
31 1 1516.6382177799978 1728.9797991899964
31 1 0.0 211.50170450650307
31 1 0.0 211.07400498001107
31 1 290.28734219291414 500.14261772400687
31 1 0.0 207.05092539089742
31 1 0.0 206.14410322999947
31 1 0.0 201.51553671999523
31 1 0.0 201.28631060000407
31 1 0.0 198.89533456001664
31 1 0.0 198.65502696588692
31 1 91.16616534000786 285.550215900018
31 1 0.0 193.78022301350666
31 1 6.2110627415722774 198.99292996068107
31 1 0.0 191.56371945999445
31 1 0.0 190.82864190829923
31 1 129.53543117998515 318.8032326899995
31 1 0.0 189.21990585087588
31 1 71.45830139598866 260.07659906398976
31 1 0.0 187.23458617081542
31 1 0.0 184.95759992760532
31 1 2421.1461461299696 2605.0362614700025
31 1 15.308183222791513 196.75984203838948
31 1 0.0 180.3127074400054
31 1 0.0 179.89862720001065
31 1 0.0 178.92620838150083
31 1 241.61516683850505 420.0938900998053
31 1 0.0 178.0471333799999
31 1 171.70383980000145 347.69339620999233
31 1 0.0 174.8750000800078
31 1 0.0 172.94688264330364
31 1 0.0 171.58190532109666
31 1 0.0 167.00014583559528
31 1 0.0 165.2368880400022
31 1 0.0 164.58937387999845
31 1 0.0 160.64237548000358
31 1 0.0 160.37595384999668
31 1 0.0 160.36130612449824
31 1 0.0 159.78650123001535
31 1 0.0 157.912654640023
31 1 0.0 155.22116561999417
31 1 0.0 154.99678131999212
31 1 0.0 150.64698390041838
31 1 368.2350735700047 518.5520815574955
31 1 46.633175345299605 196.16111602229967
31 1 0.0 148.67607227911049
31 1 0.0 147.88707545000523
31 1 0.0 147.27087017999202
31 1 0.0 146.58934131599904
31 1 0.0 146.16529591999938
31 1 0.0 144.87073020000207
31 1 0.0 144.8027533100094
31 1 0.0 143.11824876951394
31 1 0.0 141.54780055240326
31 1 0.0 138.85128402999953
31 1 472.2842955344063 610.9745849843823
31 1 1147.9424391936027 1283.6513460900223
31 1 0.0 134.1643515299993
31 1 0.0 132.99303152999698
31 1 0.0 132.68566690249304
31 1 0.0 132.2969350085266
31 1 271.0422852600284 400.4399732199913
31 1 0.0 129.3838160500086
31 1 0.0 128.01820723999958
31 1 0.0 124.82012074799479
31 1 0.0 122.09974541730384
31 1 30.05066529870237 150.27812232800022
31 1 0.0 119.40970878999133
31 1 0.0 117.5274947920077
31 1 0.0 117.01448451999363
31 1 0.0 116.82662745999778
31 1 14.33468288289896 130.58843526839928
31 1 489.70350321681053 605.3137501717189
31 1 0.0 112.11776893850106
31 1 0.0 111.48493386750488
31 1 0.0 111.31344379002371
31 1 0.0 110.98855491001041
31 1 0.0 110.94667959999884
31 1 0.0 110.90224103001196
31 1 323.63245358750464 433.6589224843992
31 1 0.0 109.52316286999348
31 1 0.0 108.88409168000226
31 1 0.0 106.53476897001156
31 1 0.0 105.67197645000215
31 1 0.0 104.68418902150546
31 1 509.52085940232337 612.06097506693
31 1 0.0 102.22297499999081
31 1 0.0 101.31084211450525
31 1 0.0 100.55909168999096
31 1 0.0 99.91887973998291
31 1 0.0 99.12909865000427
31 1 0.0 97.02234866999945
31 1 0.0 96.10060420648006
31 1 0.0 95.35258636150041
31 1 0.0 91.45465491000579
31 1 3.8755084724014495 94.28815199999775
31 1 0.0 90.27575223800068
31 1 0.0 89.55159767000487
31 1 0.0 87.53904105998879
31 1 0.0 85.20218474999274
31 1 284.35162120001496 366.0418198499947
31 1 0.0 80.62178406440626
31 1 0.0 79.9987132317001
31 1 33.571777582807954 111.05190687359936
31 1 24.511847661401134 101.85054223309999
31 1 0.0 76.44849041000043
31 1 361.0438358019933 436.45574924198763
31 1 0.0 75.13889237640296
31 1 0.0 75.04863394960489
31 1 0.0 71.61954141760032
31 1 0.0 70.25074483749097
31 1 1135.3234631589085 1205.0595727856025
31 1 0.0 69.68403112891508
31 1 0.0 67.67894926001873
31 1 328.312586320033 395.6199892000136
31 1 0.0 66.60581579400196
31 1 0.0 63.684605539593576
31 1 0.0 63.5534566339993
31 1 0.0 61.873945099997
31 1 0.0 61.73719458800497
31 1 13.925416129993778 74.96342979000053
31 1 0.0 58.890752376498426
31 1 0.0 58.59565593000124
31 1 0.0 57.706366849999995
31 1 0.0 54.879448313479884
31 1 0.0 53.99828400000206
31 1 0.0 53.60752786530179
31 1 614.7586126280103 668.1094129632957
31 1 0.0 52.702896541366954
31 1 0.0 50.88279188399474
31 1 0.0 50.244019056000724
31 1 452.55960716998743 498.08051612160534
31 1 40.91195570559569 85.16621915250062
31 1 168.7839474398943 212.53160543029912
31 1 0.0 43.68127180160582
31 1 0.0 41.11213931250677
31 1 0.0 39.775443120006685
31 1 0.0 38.49759447505434
31 1 0.0 37.08765930999982
31 1 822.9906771500264 860.0173600000335
31 1 881.6709197743844 918.6781204068882
31 1 0.0 36.8459491200033
31 1 0.0 36.31875891999243
31 1 0.0 36.30427500000235
31 1 0.0 34.865559199982044
31 1 0.0 33.568863009998495
31 1 0.0 30.75569219000414
31 1 0.0 30.190606239995986
31 1 0.0 29.29384961000642
31 1 5.567998199998328 32.02221280003323
31 1 0.0 25.475431239999807
31 1 22.56882367240192 47.90317376759643
31 1 0.0 24.915811080026288
31 1 304.178666740705 328.8424801380042
31 1 119.30358918200227 142.51853197439618
31 1 0.0 22.919680160024654
31 1 240.22978138999633 261.42581390998157
31 1 0.0 21.183877040892185
31 1 10.895162710005593 29.3915110000014
31 1 0.0 15.797882358021695
31 1 0.0 14.93206435119265
31 1 0.0 14.177918931602107
31 1 0.0 11.250621453990789
31 1 0.0 11.237143370000013
31 1 123.76026775760783 134.83349232160026
31 1 0.0 10.88939409690056
31 1 0.0 10.512483670003348
31 1 0.0 9.557713020003803
31 1 0.0 7.843362105995311
31 1 0.0 7.70983575999162
31 1 0.0 6.786934696899493
31 1 0.0 6.435728610005299
31 1 0.0 4.443008564399747
31 1 291.1243305600151 294.9883426199963
31 0 0.0 inf
