# HEALTHY_SAMPLE_1_ROI_2
0 1 0.0 71635.13366007993
0 1 617.7800104866947 64695.474946126924
0 1 439.91778394508583 34188.15704202305
0 1 0.0 28970.410991999997
0 1 0.0 23752.480778430043
0 1 0.0 21125.01345430912
0 1 1146.3226455099975 21498.04774985549
0 1 0.0 18833.652366048602
0 1 101.12694096408995 18826.97560784712
0 1 4565.872157400045 22949.778558760037
0 1 0.0 16702.55591781401
0 1 0.0 15743.017555765593
0 1 0.0 15050.258881051966
0 1 0.0 14602.450836874395
0 1 4567.746567360411 18687.697555912382
0 1 927.2593785456011 13804.470690131098
0 1 0.0 11699.117826206013
0 1 0.0 11545.319996495957
0 1 0.0 11519.831367746665
0 1 294.5196180242965 10183.498412725876
0 1 1800.3746482699935 11534.173832880024
0 1 0.0 9634.796564189975
0 1 0.0 9556.371583093984
0 1 0.0 9121.842587244479
0 1 99240.91396151039 108204.07322164014
0 1 0.0 8797.889610412774
0 1 0.0 8776.863875150011
0 1 0.0 7730.773392478415
0 1 0.0 7458.6244357908
0 1 0.0 6170.896360490018
0 1 782.2112908755807 6140.439594747492
0 1 0.0 5209.621649159992
0 1 0.0 5168.1989136773755
0 1 1439.528016233664 6530.126884309982
0 1 0.0 5008.019158222507
0 1 0.0 4779.4381295473395
0 1 0.0 4435.126159359999
0 1 0.0 3985.1069739200047
0 1 0.0 3784.2593771104403
0 1 0.0 3685.9039008224972
0 1 1689.805684501931 5197.009689070037
0 1 771.6090376099837 3735.8360972299943
0 1 0.0 2963.2472306400305
0 1 0.0 2506.131375140005
0 1 0.0 2256.872583789981
0 1 3962.486017426014 5837.392021015512
0 1 3137.1634826267036 4975.5859072736075
0 1 0.0 1819.2824552215086
0 1 0.0 1763.3751244435825
0 1 0.0 1512.5533819619995
0 1 0.0 1496.047215799983
0 1 452.8995742100153 1719.710373159974
0 1 0.0 1099.21067031661
0 1 0.0 956.915020520004
0 1 0.0 907.9932129900021
0 1 0.0 834.8260941000099
0 1 1270.004022130006 2041.1952050499874
0 1 0.0 761.0147041000273
0 1 828.0870482699935 1553.3253675299966
0 1 0.0 701.2034346240143
0 1 0.0 697.8248926115939
0 1 0.0 662.2764598299937
0 1 4160.010399270448 4817.127925450026
0 1 2629.7945123883937 3281.1052263445026
0 1 0.0 634.5205169499902
0 1 0.0 592.5523828399982
0 1 21713.363151227888 22292.608131919995
0 1 6188.843830815014 6670.24264415403
0 1 0.0 423.55885168520035
0 1 1684.2659773674195 2044.2102081846901
0 1 0.0 336.1099437499888
0 1 0.0 328.44824177004193
0 1 0.0 255.68874295479958
0 1 0.0 71.86133771591994
0 1 0.0 41.8234762206977
0 1 0.0 27.084900618100505
0 0 0.0 inf
0 0 0.0 2391.053512658392
0 0 0.0 464.56038275252195
0 0 0.0 101.06364235246656
# HEALTHY_SAMPLE_2_ROI_1
1 1 0.0 47809.2619366009
1 1 0.0 40766.12308039999
1 1 0.0 33917.4195496464
1 1 0.0 28774.060756239967
1 1 0.0 28729.98163563845
1 1 1069.2256369295646 26529.60720651482
1 1 0.0 18754.352082410063
1 1 0.0 17562.221166649604
1 1 0.0 16513.52022009008
1 1 0.0 16197.817969290025
1 1 8114.371330690003 22449.977575783094
1 1 0.0 14144.999312323398
1 1 0.0 13982.491024461187
1 1 0.0 13379.357120360393
1 1 0.0 13014.534059433818
1 1 0.0 12424.584195799725
1 1 0.0 12142.334777896132
1 1 0.0 11844.374989259954
1 1 0.0 11139.112208245577
1 1 0.0 10912.942425558791
1 1 0.0 10757.908472917898
1 1 19388.037987720105 29748.833290809212
1 1 0.0 9040.567177369983
1 1 0.0 8835.896055641577
1 1 0.0 8813.995782191585
1 1 4407.956474678998 13207.4363276326
1 1 0.0 8753.554374942274
1 1 0.0 8661.417068180035
1 1 0.0 8599.144156039962
1 1 0.0 8514.670414421591
1 1 0.0 8151.43265418004
1 1 0.0 7605.105533961627
1 1 0.0 7579.7486050075295
1 1 0.0 7378.063747254696
1 1 0.0 7335.815901600017
1 1 0.0 7309.95349174042
1 1 0.0 7239.493340546114
1 1 2517.0715191901927 9634.582644082187
1 1 0.0 6974.3330987500085
1 1 1929.7383540860392 8653.73163595999
1 1 0.0 6686.808926680037
1 1 0.0 6642.882028400001
1 1 0.0 6538.1774429708
1 1 0.0 6340.609061426794
1 1 0.0 5431.83131602388
1 1 0.0 5299.213198343999
1 1 0.0 5266.506744479986
1 1 0.0 5220.480142750008
1 1 0.0 5120.219708036393
1 1 4246.094985980009 9140.519608105187
1 1 0.0 4824.812047533612
1 1 0.0 4770.394945391949
1 1 0.0 4680.19646998001
1 1 0.0 4674.36589530998
1 1 0.0 4345.218674311989
1 1 1410.1972774499955 5607.717324303709
1 1 0.0 4139.954687742302
1 1 0.0 4004.483745907606
1 1 0.0 3906.7171919238153
1 1 0.0 3903.757282183902
1 1 2243.8278886554763 6005.914724367958
1 1 259.8320980183016 3916.538228106001
1 1 0.0 3302.7644512148945
1 1 0.0 3199.8534392575007
1 1 0.0 2528.372866879044
1 1 0.0 2418.660338267996
1 1 0.0 2305.5151348575173
1 1 0.0 2181.6331125459947
1 1 0.0 2082.1191936899886
1 1 664.9634277699915 2717.6251358500062
1 1 0.0 1965.4204720999687
1 1 0.0 1931.8713397600059
1 1 0.0 1872.197294693195
1 1 0.0 1782.795671519977
1 1 0.0 1700.4884169599864
1 1 0.0 1624.9957045499996
1 1 0.0 1598.8288846250562
1 1 0.0 1545.3644964047917
1 1 1982.9208431300012 3513.1733190800096
1 1 0.0 1485.7931504000062
1 1 88.25805264511473 1556.3766145758532
1 1 0.0 1364.5048078966984
1 1 0.0 1250.5073150399876
1 1 0.0 1206.250209359987
1 1 2371.1975635323925 3574.8230627979938
1 1 0.0 1181.318785615209
1 1 0.0 1174.9427661960835
1 1 0.0 1146.6117369859867
1 1 876.8128493908171 2013.1234487519941
1 1 6016.676294914049 7112.273854819999
1 1 552.8726551628242 1599.525816567595
1 1 0.0 971.4484785540012
1 1 4930.2277077300205 5889.983493766393
1 1 0.0 940.8291833734929
1 1 0.0 904.8827167199979
1 1 2451.966309809948 3350.618769899964
1 1 1921.0392302925247 2803.264764762529
1 1 67.0375381999961 945.0340948399939
1 1 0.0 837.842283890016
1 1 0.0 826.7824904300251
1 1 0.0 795.3698584008057
1 1 0.0 785.4122673014963
1 1 2758.6048174100033 3514.853238679987
1 1 0.0 675.6668410139988
1 1 8086.171976825597 8728.544508539708
1 1 404.10626751829113 1040.3989766130617
1 1 0.0 591.0883046399722
1 1 320.0249128999676 889.3325622699758
1 1 0.0 536.083038079998
1 1 0.0 521.3198716799982
1 1 0.0 445.8252983644079
1 1 6172.595497052509 6607.742062926531
1 1 0.0 401.33461314110446
1 1 4.329885030496939 363.2004778400038
1 1 0.0 338.2072815599877
1 1 0.0 238.5896977299908
1 1 0.0 214.4607589474972
1 1 169.89633371001946 370.0802670299995
1 1 0.0 180.13418181000134
1 1 0.0 86.2859303048881
1 1 0.0 55.75982152818324
1 1 496.70504897001047 543.1897501100084
1 1 467.0965961439997 471.5505563775996
1 0 0.0 inf
# HEALTHY_SAMPLE_2_ROI_2
2 1 0.0 35417.75804943997
2 1 0.0 31111.895250238038
2 1 0.0 29443.72547850998
2 1 0.0 28409.060370359144
2 1 0.0 22245.289493669996
2 1 0.0 21136.00218156998
2 1 0.0 20267.378204785622
2 1 0.0 19804.260641591893
2 1 0.0 16784.91343051996
2 1 1618.1987545314978 18039.769292390025
2 1 0.0 16088.395866179999
2 1 0.0 15104.743756530119
2 1 4573.136225991973 18935.29033703079
2 1 8948.780276050527 23102.9672871124
2 1 0.0 14036.350057934476
2 1 390.2016002800119 13750.450913780045
2 1 0.0 13113.407101496905
2 1 613.3076519080041 11731.528749869994
2 1 0.0 8910.7901671445
2 1 0.0 8063.787326594054
2 1 0.0 8000.2554369400195
2 1 0.0 7963.177088245535
2 1 0.0 7796.354486570377
2 1 0.0 7650.865750900004
2 1 19079.139646494463 26559.93255803958
2 1 23147.51143371203 30363.435364602497
2 1 0.0 7130.581500833978
2 1 0.0 6908.995102499966
2 1 0.0 6637.391875817615
2 1 0.0 6600.422011047001
2 1 0.0 6547.225287444708
2 1 0.0 6290.716111539699
2 1 0.0 6282.302347599997
2 1 1675.6408624600426 7743.659514460027
2 1 0.0 5684.088751550014
2 1 0.0 5614.335789949987
2 1 0.0 5245.898838117604
2 1 5807.753025140017 10792.519595400056
2 1 1879.9231286879985 6784.183752243289
2 1 0.0 4794.68213270641
2 1 0.0 4727.280688923606
2 1 0.0 4498.454247900004
2 1 0.0 4246.153792950005
2 1 0.0 4149.006308700068
2 1 2845.381664349985 6871.8437689100065
2 1 0.0 3953.1673854499822
2 1 0.0 3873.7021765499976
2 1 0.0 3759.4415813500364
2 1 2728.8021278376036 6443.628852934093
2 1 0.0 3691.124948064002
2 1 211.62018450001324 3784.1424045799845
2 1 10009.397110861555 13509.772287143565
2 1 0.0 3300.6124200156064
2 1 0.0 3281.0139312500723
2 1 0.0 3262.3999319095674
2 1 0.0 3178.4558890463813
2 1 0.0 3114.035722110096
2 1 5768.079655068284 8833.01221372328
2 1 0.0 3014.407354122921
2 1 0.0 2971.2070547300254
2 1 0.0 2853.3657737608764
2 1 0.0 2715.6186221399794
2 1 0.0 2670.848567359989
2 1 1997.3997759200483 4552.792359509611
2 1 1118.2830000048166 3590.3064465163975
2 1 0.0 2455.5378044289155
2 1 0.0 2374.2816313199937
2 1 3380.215721954103 5683.071878790405
2 1 0.0 2232.9734581663997
2 1 3984.930489910799 6142.727186731914
2 1 726.8467562569022 2867.644977600021
2 1 353.5838711474098 2453.5512448350055
2 1 0.0 2029.6630336299904
2 1 970.6533385600032 2950.046031990022
2 1 0.0 1978.691635547526
2 1 0.0 1936.6882178500337
2 1 705.2987347500184 2540.3347814199697
2 1 0.0 1797.2989379155988
2 1 0.0 1763.7925064844821
2 1 0.0 1754.9581400999978
2 1 0.0 1727.9571931415048
2 1 107.75332564108612 1678.2268067271052
2 1 0.0 1569.8629693556013
2 1 1698.3274201300246 3260.5522529599803
2 1 0.0 1449.0530337790035
2 1 0.0 1429.863932170002
2 1 0.0 1366.9154653700043
2 1 81.72800548440682 1386.9108871499884
2 1 90.5294492388166 1371.0495569347831
2 1 0.0 1256.8927915499735
2 1 0.0 1169.4187666800135
2 1 0.0 1159.4075205500149
2 1 6590.529108704461 7747.846534018878
2 1 1624.3735057225176 2778.719201734501
2 1 7188.807264425966 8318.953756836
2 1 0.0 1069.827061511307
2 1 0.0 1051.8876467660048
2 1 0.0 1002.591548579956
2 1 5783.956512642111 6775.675346967995
2 1 2128.7721765199985 3092.9258580000132
2 1 0.0 942.8791057236222
2 1 2083.3539675276143 3013.195882679989
2 1 5510.611247112383 6417.63896218839
2 1 0.0 860.1965231988925
2 1 0.0 824.0623378700166
2 1 28.667136595019656 851.179461562504
2 1 12622.893788640335 13362.920746275217
2 1 0.0 712.3990848255962
2 1 230.65228333754203 916.795981801301
2 1 5220.255227440011 5881.216302687617
2 1 0.0 646.0669011553982
2 1 0.0 615.7803527635024
2 1 0.0 614.9948001627026
2 1 0.0 613.2145729141516
2 1 390.1786707135009 919.1413684563995
2 1 0.0 501.23756590000175
2 1 1977.3132104088727 2475.460498176005
2 1 0.0 450.57661539999935
2 1 138.3886395200143 574.6722004800167
2 1 3.5849931471984746 397.25759830359993
2 1 1672.121227799983 2021.94882160001
2 1 0.0 344.44292624999025
2 1 0.0 323.718769149953
2 1 149.32776717245724 449.62446999841995
2 1 0.0 281.7882507375125
2 1 825.4412498512947 1033.012099931134
2 1 282.97828793749795 443.69383241271134
2 1 128.81068039999946 277.992640279994
2 1 8665.70313584994 8794.870536049993
2 1 0.0 122.36789135998242
2 1 0.0 118.5495020601702
2 1 0.0 107.00747058350112
2 1 0.0 102.78216826640164
2 1 0.0 100.63018981999448
2 1 0.0 94.60323604860037
2 1 152.4281212623846 201.2708176128981
2 1 0.0 14.17566126001293
2 1 0.0 10.880638229993565
2 1 0.0 5.940717161899556
2 1 180.73170400998333 181.612801519992
2 0 0.0 inf
# HEALTHY_SAMPLE_1_ROI_1
3 1 0.0 26288.763338697896
3 1 0.0 20412.82916608443
3 1 0.0 18856.101967117167
3 1 0.0 17673.481845827228
3 1 0.0 16932.22777566853
3 1 0.0 15650.600283389518
3 1 650.0054301964847 16053.14546412346
3 1 0.0 11935.5896389681
3 1 0.0 9938.35995410958
3 1 7020.534165476449 16941.45649949254
3 1 6815.727818409487 15944.610044236031
3 1 1772.5249698799962 9106.981236720012
3 1 0.0 7027.137290416562
3 1 0.0 6397.146345222402
3 1 33894.08463094077 38813.33257454353
3 1 11851.159553157184 16273.042220935924
3 1 10876.612724095947 15292.672131103478
3 1 0.0 3628.092931399984
3 1 0.0 3405.130301020494
3 1 1913.1260130067071 4982.273059956441
3 1 0.0 1886.6590371263956
3 1 201.45011515442093 1413.6042671718951
3 1 0.0 955.551586762499
3 1 13387.430303670397 14257.587705039983
3 1 0.0 724.1216314121011
3 1 5138.831158750021 5796.776767275107
3 1 6913.25717114002 7405.550473370065
3 1 4079.528293143616 4423.766001228869
3 1 0.0 147.43464485001277
3 1 737.411212389954 798.3372473603376
3 0 0.0 inf
3 0 0.0 500.7929930459759
3 0 0.0 341.66205720841845
# COVID_SAMPLE_8_ROI_3
4 1 0.0 12097.0247974875
4 1 0.0 10264.116819513269
4 1 0.0 8890.244085862783
4 1 0.0 8454.265163329976
4 1 0.0 7862.654454312891
4 1 0.0 7083.061540441502
4 1 0.0 6769.863256180927
4 1 0.0 5699.765892790049
4 1 0.0 5604.3191583000025
4 1 0.0 4696.054614709988
4 1 0.0 4672.017114205513
4 1 0.0 4563.009148529979
4 1 0.0 4064.3943882100048
4 1 0.0 4021.40254121001
4 1 0.0 3638.5866725000087
4 1 0.0 3584.507542772501
4 1 0.0 3479.8355707600135
4 1 0.0 3413.4636116700112
4 1 0.0 3397.3115924599906
4 1 0.0 3395.5811824648135
4 1 0.0 3356.279388966496
4 1 0.0 3327.7885388910836
4 1 0.0 3257.4806916874954
4 1 0.0 3226.2662348099766
4 1 0.0 3204.9887750399957
4 1 0.0 3165.1409646000193
4 1 0.0 3118.2289427000123
4 1 0.0 3054.147048850008
4 1 0.0 3020.7819567825
4 1 0.0 2862.017724149976
4 1 0.0 2656.8620072204076
4 1 0.0 2612.3331612942984
4 1 0.0 2609.5207274275162
4 1 0.0 2537.389816607928
4 1 0.0 2532.3893381925172
4 1 0.0 2523.6824528099996
4 1 0.0 2464.1825937100325
4 1 0.0 2447.976268926006
4 1 0.0 2435.739648949985
4 1 0.0 2366.808850489987
4 1 0.0 2364.697976237093
4 1 0.0 2339.803110939997
4 1 0.0 2284.319825855499
4 1 0.0 2202.3509719700046
4 1 0.0 2172.2174676074965
4 1 0.0 2166.096223720018
4 1 0.0 2151.2490553785747
4 1 0.0 2133.7195004344894
4 1 0.0 2123.3686132219864
4 1 0.0 2113.7374982375227
4 1 0.0 2105.7279324399915
4 1 0.0 2091.8185819609826
4 1 0.0 2079.080835440007
4 1 0.0 2003.1003241744045
4 1 0.0 1998.5397884000195
4 1 0.0 1968.4917373140083
4 1 0.0 1931.0422453432075
4 1 0.0 1906.4189922735932
4 1 0.0 1858.989276970003
4 1 0.0 1797.0047997099991
4 1 0.0 1788.4149042792096
4 1 0.0 1764.5378284299895
4 1 0.0 1746.3033230399978
4 1 0.0 1738.3375070615061
4 1 0.0 1718.574119479998
4 1 0.0 1653.9993468860994
4 1 0.0 1634.240932280004
4 1 0.0 1618.4423814599916
4 1 0.0 1614.6706066408715
4 1 0.0 1605.4159200000072
4 1 0.0 1601.1861787223938
4 1 0.0 1591.5855723475033
4 1 0.0 1589.2503873648052
4 1 0.0 1548.4536824964093
4 1 0.0 1536.598291461114
4 1 0.0 1533.4158532100037
4 1 0.0 1520.6587286000217
4 1 84.40832604839761 1604.8129252464887
4 1 0.0 1515.0240174212063
4 1 0.0 1507.5340205047214
4 1 0.0 1505.3010098243053
4 1 0.0 1503.5546029605093
4 1 0.0 1499.8650501315096
4 1 0.0 1497.9692213600088
4 1 274.4069801437495 1761.6864660367146
4 1 0.0 1479.3157911825042
4 1 0.0 1456.0112734800005
4 1 0.0 1455.3612050699865
4 1 0.0 1437.4527820900012
4 1 0.0 1433.6122713007123
4 1 0.0 1427.8233179400054
4 1 0.0 1424.7634211269187
4 1 0.0 1407.7698999600266
4 1 0.0 1406.3035716799936
4 1 0.0 1381.7994019200237
4 1 0.0 1368.3387980712978
4 1 0.0 1338.6442440047038
4 1 0.0 1336.5618191799986
4 1 0.0 1328.3866484450873
4 1 0.0 1320.8157018999984
4 1 0.0 1319.6490040224162
4 1 0.0 1315.2237694399996
4 1 0.0 1310.5897685099897
4 1 0.0 1309.2435909386954
4 1 0.0 1300.8386908200027
4 1 0.0 1283.7537294599965
4 1 0.0 1247.9980424606931
4 1 0.0 1238.8948781616098
4 1 0.0 1238.2609366699994
4 1 0.0 1225.3981244988909
4 1 0.0 1207.280431530006
4 1 0.0 1200.5381609500023
4 1 0.0 1200.2792011956076
4 1 0.0 1199.8696367720017
4 1 0.0 1194.477876731997
4 1 0.0 1181.7793463395974
4 1 0.0 1165.641843258409
4 1 0.0 1146.3038105873
4 1 0.0 1142.9192761999975
4 1 0.0 1142.0610334899986
4 1 109.60408496642913 1247.3821530700252
4 1 0.0 1124.5872250500065
4 1 0.0 1123.1294999900192
4 1 0.0 1115.6357820199855
4 1 0.0 1105.1157019500006
4 1 0.0 1103.8579001808898
4 1 0.0 1098.586429070006
4 1 0.0 1075.9943246900048
4 1 0.0 1065.1278965891934
4 1 0.0 1059.0936528743928
4 1 0.0 1057.8213005899895
4 1 0.0 1052.364914400011
4 1 0.0 1047.5254494000073
4 1 0.0 1032.5756858655934
4 1 0.0 1028.477412610006
4 1 0.0 1027.4996845654975
4 1 0.0 1016.1286506674942
4 1 0.0 1014.6162637404092
4 1 0.0 1009.5395206949013
4 1 0.0 1003.8069845999988
4 1 0.0 1000.3957728000069
4 1 0.0 999.6538486670956
4 1 0.0 996.8715236360016
4 1 219.84453207583329 1212.3434303999993
4 1 0.0 990.855527338002
4 1 0.0 990.3686735798784
4 1 0.0 990.2338987568901
4 1 0.0 982.5645839234335
4 1 0.0 977.4736019499974
4 1 0.0 973.2609018700091
4 1 274.999234611616 1242.26753128161
4 1 0.0 966.2737147584194
4 1 0.0 957.3241279300082
4 1 0.0 954.9792634800017
4 1 0.0 954.327985640004
4 1 0.0 952.6336769159968
4 1 0.0 937.6943051999933
4 1 0.0 925.7554942399888
4 1 0.0 925.2375216040177
4 1 0.0 921.5817734425036
4 1 0.0 920.1834829500041
4 1 0.0 914.348056280006
4 1 0.0 911.7162516635965
4 1 406.06193630838607 1311.030675199997
4 1 0.0 899.6193978484016
4 1 0.0 898.6322118299997
4 1 0.0 897.9546650370012
4 1 0.0 895.865936909993
4 1 0.0 894.4112667500017
4 1 256.6841237099634 1147.6427697099734
4 1 0.0 887.683261572738
4 1 0.0 887.038927107603
4 1 0.0 885.483797461
4 1 0.0 882.6728237137027
4 1 110.59024983510562 981.4652614915931
4 1 0.0 869.1541881464977
4 1 0.0 860.8699454824823
4 1 0.0 859.2069943442978
4 1 0.0 858.025366397995
4 1 0.0 856.1165143799994
4 1 0.0 854.588058775093
4 1 0.0 848.2150981200139
4 1 303.21474235626965 1151.3603269669898
4 1 0.0 847.3999332239869
4 1 0.0 846.664379797528
4 1 116.31556677249318 960.5562095624991
4 1 0.0 840.3708566299998
4 1 0.0 837.0937667099938
4 1 0.0 825.6138207774893
4 1 0.0 825.2535838611027
4 1 0.0 814.6606018790981
4 1 0.0 808.7515182619022
4 1 0.0 808.6960771053082
4 1 0.0 788.5867567739851
4 1 0.0 787.7847534128059
4 1 0.0 785.0591353399959
4 1 0.0 784.8026510759826
4 1 0.0 783.9872947580025
4 1 0.0 782.7922835135977
4 1 0.0 782.6416092104055
4 1 17.784077266000168 800.053896732496
4 1 0.0 780.8544590400015
4 1 0.0 777.3667025774955
4 1 0.0 762.6427225281138
4 1 0.0 758.9757993599998
4 1 345.75851851511925 1101.2050738773814
4 1 0.0 750.8092191999981
4 1 0.0 746.5588494299845
4 1 707.2820138899765 1453.3273016899848
4 1 0.0 745.6769478700047
4 1 0.0 745.1851300896069
4 1 0.0 743.5418653556253
4 1 0.0 735.7955782712003
4 1 0.0 728.6567616909006
4 1 0.0 725.147162866404
4 1 0.0 720.1429899699722
4 1 0.0 719.698805282686
4 1 0.0 719.3455461794006
4 1 0.0 719.0005389315033
4 1 0.0 716.8561784300018
4 1 0.0 714.8604870751985
4 1 0.0 713.7445709167039
4 1 0.0 710.5561519836062
4 1 0.0 706.6686221199825
4 1 0.0 704.1293458215132
4 1 0.0 697.7831044899983
4 1 0.0 697.4405251747885
4 1 0.0 696.6969411999958
4 1 0.0 695.4633081101581
4 1 0.0 694.8445703100056
4 1 143.76547244000903 837.520126955503
4 1 0.0 689.4641039417083
4 1 0.0 688.3913455367655
4 1 0.0 684.99095498201
4 1 0.0 681.6425646975007
4 1 0.0 677.9999393259982
4 1 0.0 675.0530433270005
4 1 0.0 673.0605318443943
4 1 0.0 671.6788133685
4 1 0.0 670.9471429879995
4 1 0.0 668.9712641423835
4 1 0.0 665.728900756688
4 1 782.9442463199994 1447.3821946320013
4 1 0.0 663.2942097700006
4 1 0.0 662.7552520800034
4 1 0.0 661.137438311607
4 1 0.0 658.1595416765047
4 1 0.0 650.9295261699954
4 1 0.0 649.9970870636079
4 1 0.0 645.4829285599942
4 1 0.0 640.8515341749007
4 1 0.0 638.8310996799964
4 1 0.0 634.492409200001
4 1 0.0 631.5718700700053
4 1 0.0 631.3534885439999
4 1 0.0 630.3236818489852
4 1 0.0 628.2566158400077
4 1 0.0 625.3888637863881
4 1 0.0 621.6119483524967
4 1 0.0 618.6533417771968
4 1 0.0 615.9417195951
4 1 0.0 611.3653948500012
4 1 0.0 610.8635871999986
4 1 0.0 607.2680086016062
4 1 0.0 606.9139971199959
4 1 0.0 606.2611623600023
4 1 0.0 605.1050795599974
4 1 38.3358764259915 640.4880257199916
4 1 0.0 601.3810936139944
4 1 28.74097619999202 627.1121646999992
4 1 0.0 598.1770866399861
4 1 0.0 596.6041811939954
4 1 45.55006480249631 639.9272500400054
4 1 565.5384823100194 1159.3238742000303
4 1 0.0 591.2696583684005
4 1 0.0 588.7364491500075
4 1 0.0 584.6769836899921
4 1 0.0 584.6275839440141
4 1 0.0 582.6694976899985
4 1 0.0 582.6220239500092
4 1 0.0 582.4876032000025
4 1 0.0 579.1561529675064
4 1 0.0 578.718726451207
4 1 0.0 577.1786443247979
4 1 0.0 573.868005076899
4 1 0.0 571.2933581899772
4 1 0.0 569.2232677799989
4 1 0.0 567.588171287784
4 1 0.0 565.6212437119991
4 1 307.9437938671699 869.73863365119
4 1 91.87395395997419 649.7128190700209
4 1 0.0 554.6664663609029
4 1 0.0 550.1589876625042
4 1 0.0 546.6206009099974
4 1 0.0 543.3304156902
4 1 0.0 539.2909784927997
4 1 0.0 539.1725697699892
4 1 16.439479659991093 549.2262783600065
4 1 343.09269372361996 875.7824536300091
4 1 0.0 531.4020724907003
4 1 0.0 529.5482417374988
4 1 0.0 526.274931279997
4 1 0.0 525.3847808323394
4 1 0.0 521.1277849799849
4 1 0.0 521.0940276115068
4 1 0.0 517.4095041118999
4 1 0.0 515.6468695640015
4 1 0.0 514.4400057915923
4 1 25.31177079242343 538.3457684099977
4 1 0.0 510.47214875998725
4 1 0.0 509.25814249600546
4 1 791.5333732799845 1300.0652526700087
4 1 20.624829283982763 527.0966819600048
4 1 0.0 504.7177309701001
4 1 0.0 502.8992789699977
4 1 0.0 500.64612711121003
4 1 0.0 497.18133401170235
4 1 0.0 493.0811441100027
4 1 0.0 493.0064978804048
4 1 0.0 487.4625972168983
4 1 0.0 486.8583231900111
4 1 0.0 486.41826200990045
4 1 0.0 485.9877442000045
4 1 0.0 485.1564995414608
4 1 147.63284808269952 632.5726503845
4 1 0.0 475.79706308569257
4 1 0.0 475.40794037239925
4 1 0.0 473.99224144839945
4 1 0.0 473.43213128840716
4 1 0.0 471.89373158999433
4 1 0.0 467.2061270623983
4 1 69.44301167999674 536.1047071499984
4 1 155.15986139220558 621.2439114965255
4 1 0.0 465.7963158240673
4 1 0.0 465.44137308750294
4 1 0.0 465.1869560000164
4 1 0.0 463.7188348499915
4 1 0.0 463.5753351300025
4 1 0.0 460.3397894691061
4 1 0.0 458.8951140395998
4 1 0.0 456.67401840000525
4 1 0.0 456.6629340400062
4 1 0.0 455.3991294979696
4 1 0.0 452.8781137227014
4 1 0.0 452.0126822079935
4 1 0.0 450.4196721723954
4 1 0.0 449.84909610929844
4 1 0.0 449.45925185852127
4 1 0.0 446.9486155949021
4 1 0.0 446.43237344999704
4 1 809.3609515048875 1255.5812256287845
4 1 0.0 445.89696490999995
4 1 37.43546260850326 482.87022105600363
4 1 0.0 444.29659939089834
4 1 0.0 444.09337704999996
4 1 0.0 443.9896421078993
4 1 0.0 440.92355709000003
4 1 0.0 439.7996082100093
4 1 119.73931499000366 552.398846290005
4 1 0.0 432.0465207903835
4 1 0.0 428.34469143240676
4 1 0.0 428.2074659903951
4 1 0.0 427.9217040368927
4 1 0.0 426.9467819647016
4 1 0.0 422.19301784000527
4 1 199.77777245999323 620.894271630013
4 1 0.0 420.3877418411994
4 1 0.0 420.10258537801565
4 1 172.5700677999929 589.8092420683984
4 1 0.0 416.5155788310317
4 1 156.35017253239857 571.0360581820819
4 1 0.0 413.28817673999964
4 1 0.0 411.97358249510035
4 1 0.0 410.9231756055922
4 1 0.0 410.74891555320187
4 1 0.0 409.26016846423875
4 1 234.06468779002034 640.6921200374866
4 1 0.0 405.60311944213754
4 1 0.0 404.9344218631959
4 1 0.0 402.8010722256022
4 1 0.0 402.5224899484044
4 1 0.0 401.1988132932021
4 1 0.0 401.1913325274868
4 1 0.0 400.830903962501
4 1 0.0 398.57141590759977
4 1 0.0 396.4259650339984
4 1 0.0 396.07180361264477
4 1 0.0 395.87460456800704
4 1 0.0 394.78362283000797
4 1 0.0 394.42222429760886
4 1 0.0 393.8791155980971
4 1 0.0 392.47853863800486
4 1 0.0 387.4709466693107
4 1 0.0 385.66697296001234
4 1 0.0 383.01044771050715
4 1 0.0 382.69944261751743
4 1 0.0 382.6369811707996
4 1 0.0 380.15852784001004
4 1 0.0 379.9018081330032
4 1 0.0 379.58341198999824
4 1 0.0 379.0176140128938
4 1 0.0 378.0968536208911
4 1 83.55470547189589 457.83057898750167
4 1 0.0 373.9595248868024
4 1 0.0 368.96710428999813
4 1 0.0 368.15224011749797
4 1 86.51899589000004 453.4454911147973
4 1 0.0 366.5544915899989
4 1 0.0 365.34985795510056
4 1 0.0 363.80277584001465
4 1 173.50540373661715 537.1453458666197
4 1 225.20476990995758 588.6133917000134
4 1 5.09356826670728 367.67799676688014
4 1 0.0 360.7855382549003
4 1 0.0 360.7633985632028
4 1 0.0 360.66414213599955
4 1 0.0 360.1529182771493
4 1 83.07234705988276 442.5664061762741
4 1 0.0 358.59576136000226
4 1 162.8800055220006 518.6201217583996
4 1 34.652633819906896 389.2217883624098
4 1 0.0 354.1185247707044
4 1 0.0 352.2544010600064
4 1 0.0 350.31649875000085
4 1 0.0 350.2030902433057
4 1 0.0 349.107788102496
4 1 0.0 349.021604301989
4 1 842.2856779999779 1190.5857272700136
4 1 0.0 344.8528787700034
4 1 0.0 344.3316855827993
4 1 0.0 340.4898696000014
4 1 0.0 339.3442729814733
4 1 216.90166345210025 555.6205452008985
4 1 0.0 338.2828657967169
4 1 0.0 336.60596090601985
4 1 0.0 335.58156799999506
4 1 14.955634239994765 350.39491237000334
4 1 0.0 334.5861268104012
4 1 0.0 334.3076593300002
4 1 0.0 333.10848593631
4 1 0.0 332.1558827999779
4 1 0.0 331.0131783566168
4 1 0.0 330.9305499399977
4 1 0.0 329.9778896320006
4 1 0.0 329.87444064110036
4 1 0.0 329.71351706999644
4 1 0.0 327.91212634241583
4 1 0.0 327.1235960699828
4 1 0.0 326.90554499799737
4 1 0.0 326.7261836474854
4 1 0.0 326.49741699950084
4 1 0.0 326.31200331111495
4 1 514.800952349995 840.5060720948841
4 1 0.0 324.3274169299937
4 1 0.0 324.26690134249986
4 1 0.0 318.38885375039854
4 1 104.17698195000094 421.3025009500093
4 1 0.0 313.4287659259935
4 1 0.0 312.68858237850554
4 1 0.0 312.2013241052043
4 1 0.0 310.6851570929907
4 1 36.31774623000207 346.3541786500022
4 1 0.0 309.1272654370837
4 1 0.0 308.9456305600106
4 1 0.0 305.23875247000797
4 1 0.0 303.428368839996
4 1 0.0 303.27308647160896
4 1 0.0 299.0215926939977
4 1 0.0 297.56126685998606
4 1 0.0 297.53442837722605
4 1 0.0 297.1887495379974
4 1 0.0 296.47996630560306
4 1 0.0 294.7428984610966
4 1 0.0 292.521727849994
4 1 0.0 292.3652545520181
4 1 0.0 291.599395908299
4 1 0.0 290.0543556800062
4 1 0.0 289.8266253744964
4 1 0.0 289.3855839500079
4 1 0.0 289.03010360830126
4 1 0.0 288.17529504000413
4 1 0.0 288.16781541707314
4 1 0.0 286.71607962199977
4 1 0.0 285.0159507723972
4 1 0.0 284.98180902390914
4 1 0.0 282.06264356950214
4 1 0.0 282.0577920259933
4 1 264.8708195641158 545.1963395562265
4 1 0.0 279.7618212345044
4 1 0.0 279.1222158815931
4 1 0.0 278.9799603974957
4 1 0.0 278.5022549500111
4 1 0.0 277.8992726703001
4 1 0.0 277.66111805749733
4 1 0.0 276.3194328942441
4 1 0.0 273.3380814302259
4 1 0.0 272.11848469998984
4 1 0.0 271.741991781598
4 1 0.0 270.08467052998867
4 1 0.0 267.9504512350984
4 1 997.3550348028134 1265.2435530636044
4 1 0.0 267.34781423000186
4 1 0.0 263.3954970449024
4 1 0.0 262.11396671999637
4 1 0.0 259.5348222335035
4 1 0.0 258.9392144684009
4 1 0.0 258.6790872824997
4 1 0.0 258.2922042251024
4 1 89.02872692580115 347.2489445090994
4 1 0.0 256.9270807068883
4 1 0.0 256.1083420800237
4 1 0.0 255.77783861250578
4 1 0.0 253.14057849050914
4 1 0.0 252.7513357656004
4 1 0.0 252.08869097000377
4 1 0.0 250.95123302000445
4 1 0.0 250.72936493148063
4 1 219.42313103998163 468.6302781128891
4 1 126.38459210039946 375.39475272240315
4 1 154.8434877100217 403.5257877900101
4 1 0.0 248.40226944000688
4 1 24.26881457090235 272.5196653375025
4 1 0.0 248.14486497361395
4 1 0.0 248.00090624160066
4 1 0.0 247.87636087373016
4 1 0.0 247.32330124999885
4 1 0.0 247.24810611497287
4 1 13.482571742498635 260.62432789250397
4 1 144.5960985975023 390.34765967710246
4 1 0.0 243.38073820000466
4 1 0.0 239.9173924499945
4 1 0.0 239.86039759999835
4 1 0.0 239.61303042998702
4 1 0.0 239.4693407399983
4 1 0.0 239.18307087359528
4 1 120.06072588440861 358.2599843259072
4 1 0.0 237.65350047050407
4 1 0.0 237.18185263000032
4 1 404.98892646801414 641.8649590080031
4 1 0.0 233.68703568000808
4 1 2.778884853497402 235.55060484629075
4 1 0.0 232.64709818490218
4 1 0.0 231.31740077120253
4 1 0.0 230.75946561899605
4 1 0.0 230.7439707984131
4 1 0.0 230.35724174759946
4 1 0.0 229.79140401000086
4 1 2.6877028399867413 232.38545859869782
4 1 0.0 228.13064279998252
4 1 0.0 227.3934706820056
4 1 352.2633128922257 579.0392735213447
4 1 4.339035719995081 230.7033386816007
4 1 58.544753360800655 283.99706410729596
4 1 0.0 225.11983956739948
4 1 1022.6806180599854 1246.1666150900141
4 1 53.32683875249825 275.8985125706886
4 1 0.0 222.12724728002104
4 1 0.0 221.2751286213106
4 1 0.0 221.1091067843962
4 1 0.0 220.85179180998557
4 1 0.0 220.2745655346962
4 1 0.0 219.7807769469074
4 1 0.0 219.0743170152041
4 1 0.0 218.1735833999976
4 1 0.0 217.91177188999677
4 1 0.0 217.45197169998164
4 1 0.0 216.70012360350074
4 1 0.0 216.6004675327997
4 1 0.0 215.66024946810217
4 1 0.0 215.52423024001064
4 1 0.0 215.48174768000052
4 1 0.0 214.71543961110092
4 1 0.0 212.47784663890775
4 1 0.0 212.08759888603413
4 1 0.0 211.85464310200203
4 1 0.0 211.79212937439928
4 1 24.84024214920737 235.393896086798
4 1 0.0 210.18439866999415
4 1 0.0 209.03940025830366
4 1 0.0 207.3310429200144
4 1 207.2044044100087 413.96793897001453
4 1 0.0 206.3029814912045
4 1 0.0 205.80341461399928
4 1 269.73093164640886 475.18228567639676
4 1 0.0 204.85853858310054
4 1 0.0 204.41366939000454
4 1 0.0 204.16218837720066
4 1 202.1587131563988 406.0764996874909
4 1 124.86405602997638 328.6436501099829
4 1 0.0 202.99843570139365
4 1 0.0 202.24673235719274
4 1 0.0 202.0261163432001
4 1 0.0 201.08632458001148
4 1 0.0 198.05888855998546
4 1 0.0 196.81761032408986
4 1 0.0 196.57219998109008
4 1 0.0 195.77754443800245
4 1 0.0 195.73691471559886
4 1 0.0 194.48910832769934
4 1 0.0 194.0790128499989
4 1 6.824710624901911 200.85477408490453
4 1 121.01166518450123 314.84330916330146
4 1 0.0 193.39320013750398
4 1 0.0 192.2810387500033
4 1 0.0 191.7517913433246
4 1 0.0 190.2994280088966
4 1 0.0 189.5674564545526
4 1 0.0 188.3799838358941
4 1 0.0 188.09713189749255
4 1 0.0 187.65957432000414
4 1 0.0 187.33214608000162
4 1 0.0 187.17732771999317
4 1 0.0 186.95761304999814
4 1 0.0 186.5644019099882
4 1 0.0 186.06635426360316
4 1 0.0 183.43465254999933
4 1 0.0 181.50778283669922
4 1 0.0 180.91588629000398
4 1 0.0 179.45200253170515
4 1 0.0 179.35293221464462
4 1 6.191191371604418 185.13936645760248
4 1 0.0 178.883509829998
4 1 0.0 178.3870172100069
4 1 0.0 177.91169486998479
4 1 0.0 177.45642585568584
4 1 0.0 177.35988729000746
4 1 0.0 176.547118840008
4 1 0.0 175.99503725000528
4 1 0.0 175.27090821699585
4 1 0.0 173.93009238840347
4 1 0.0 173.92458006330844
4 1 0.0 173.41245063920496
4 1 0.0 170.71606754999982
4 1 0.0 170.3793301899036
4 1 0.0 169.07598277490206
4 1 0.0 167.88719067999767
4 1 0.0 167.60729359649986
4 1 0.0 166.65083683760213
4 1 0.0 165.0231638584991
4 1 0.0 163.99810208319695
4 1 0.0 163.9940377179014
4 1 19.690121710001563 183.46202677490135
4 1 0.0 163.11204093849824
4 1 356.31085868999844 518.3528026499921
4 1 0.0 161.34505002560172
4 1 1219.729949101999 1380.7628834429197
4 1 1719.4380590282979 1879.9726436307947
4 1 0.0 160.4869859100022
4 1 1495.8257872959766 1655.191026337996
4 1 0.0 158.67283296000323
4 1 96.09682910999692 254.71045875999994
4 1 9.08154255750037 167.15879240350142
4 1 0.0 157.82969250730594
4 1 0.0 155.17495259239985
4 1 0.0 154.56191692999505
4 1 0.0 152.51919099000253
4 1 372.41663189000997 524.6898830036096
4 1 0.0 151.37160964998998
4 1 0.0 151.07559516945412
4 1 0.0 149.66970952559723
4 1 0.0 149.53219267239353
4 1 0.0 149.24156555869843
4 1 0.0 147.99922509670353
4 1 0.0 146.98422895760473
4 1 0.0 145.9764350241071
4 1 0.0 145.7657333572024
4 1 602.9170641853159 746.7500332690945
4 1 0.0 142.4764396924943
4 1 0.0 142.27399497159422
4 1 0.0 140.98410540002078
4 1 153.20295531000062 293.2750384299951
4 1 0.0 138.77544663689935
4 1 0.0 138.45647728000426
4 1 87.95964205999917 226.36832571290142
4 1 85.12978515000714 222.34132983999683
4 1 0.0 135.43354907199807
4 1 0.0 135.1604257559943
4 1 0.0 133.39457469000718
4 1 0.0 131.61011862290206
4 1 0.0 131.60525598999675
4 1 0.0 131.547852522492
4 1 0.0 131.43070071640068
4 1 0.0 130.65764439351256
4 1 506.9241571052012 636.0521948299975
4 1 617.6705662173122 746.4382025344057
4 1 0.0 128.6046296107993
4 1 0.0 128.5845795034902
4 1 0.0 126.4802960349005
4 1 393.9030688445082 519.7121118563014
4 1 156.74630852000007 282.4302892000094
4 1 0.0 125.25056639999889
4 1 0.0 124.67005856440028
4 1 10.751257950898662 134.5127078639972
4 1 0.0 123.52448201439779
4 1 0.0 122.31721846680216
4 1 0.0 121.4892072200048
4 1 0.0 120.5872518399865
4 1 0.0 120.13216707009497
4 1 0.0 119.86714623041087
4 1 149.0065032060029 268.29519505519966
4 1 0.0 118.61633855039918
4 1 0.0 118.5276223599983
4 1 0.0 117.81595541999786
4 1 0.0 117.48034017749853
4 1 0.0 116.87934967920228
4 1 0.0 116.10959369000466
4 1 0.0 115.90939835386763
4 1 0.0 115.06364143999826
4 1 0.0 112.973871212501
4 1 0.0 112.33310817998563
4 1 0.0 112.05903738449206
4 1 0.0 111.84150964719379
4 1 0.0 111.75100262760259
4 1 0.0 111.59069169489794
4 1 0.0 110.73014133854582
4 1 0.0 108.3119710716038
4 1 0.0 107.98947265000652
4 1 0.0 107.09117501999856
4 1 167.02465628520133 273.5547035500015
4 1 0.0 106.01026860198658
4 1 76.37234261002277 180.9408722299952
4 1 333.3262771668867 436.9932628735837
4 1 0.0 103.4494866024992
4 1 0.0 102.76322910999738
4 1 0.0 102.1329368900025
4 1 0.0 101.43130866949826
4 1 0.0 98.29411528999913
4 1 0.0 97.7111293800001
4 1 0.0 97.33933489000492
4 1 37.77989163750033 134.92607424250144
4 1 0.0 96.67876592000425
4 1 166.6061418324948 262.3153536501916
4 1 0.0 94.3122285456742
4 1 0.0 93.9323483724998
4 1 0.0 93.68632605510084
4 1 116.28463197000929 209.58291038489006
4 1 0.0 92.86817554999902
4 1 0.0 92.65497559000733
4 1 0.0 92.1545924289062
4 1 0.0 91.55006171080265
4 1 99.58772404602269 187.4733239336913
4 1 0.0 86.63407017800307
4 1 0.0 86.061109810002
4 1 0.0 85.77681759998495
4 1 0.0 85.69991398829646
4 1 0.0 85.27476091399444
4 1 0.0 85.14420705999851
4 1 0.0 84.28015600000197
4 1 0.0 84.22027860800029
4 1 0.0 84.00550736000082
4 1 446.4037254349182 529.7083716239922
4 1 280.8553609899959 363.31407817000616
4 1 476.1018533636111 558.4310190955912
4 1 473.7172634164822 555.5100183981344
4 1 0.0 80.67754929770399
4 1 208.88194769003212 288.90016185002514
4 1 0.0 79.08103250399745
4 1 0.0 78.76635987960759
4 1 0.0 78.62494431002415
4 1 71.3047661199962 149.70066496001164
4 1 0.0 77.37771295650504
4 1 10.859714332507792 87.67075330690068
4 1 0.0 76.67486821000051
4 1 0.0 75.3074704799792
4 1 41.82590489120844 116.12507899199977
4 1 323.31099041721245 397.41339525472495
4 1 0.0 70.92452482560611
4 1 0.0 70.04421119039887
4 1 0.0 69.12017811074429
4 1 0.0 68.48001829509947
4 1 0.0 67.89072743429784
4 1 381.44557148600734 448.7360750123994
4 1 399.67484794999245 466.5231399500053
4 1 0.0 66.46495882998533
4 1 0.0 65.29085999999097
4 1 0.0 65.14609748000885
4 1 0.0 64.97314494610049
4 1 0.0 64.86875180000516
4 1 0.0 64.67325267000263
4 1 0.0 64.13214027750553
4 1 0.0 63.986194113702936
4 1 210.1267454639907 273.15883415839335
4 1 0.0 62.78562499999805
4 1 0.0 62.75122738200889
4 1 0.0 62.543863330005365
4 1 0.0 61.95316779509858
4 1 0.0 61.25303127999905
4 1 53.028958093437495 113.63688133923097
4 1 0.0 60.5234523093294
4 1 225.63921500000765 285.2136249999992
4 1 0.0 59.108728003498925
4 1 0.0 58.72063815548427
4 1 78.15027280998447 136.513782489984
4 1 0.0 57.92664285000501
4 1 288.8430290735996 346.3248805375674
4 1 0.0 57.4215226399906
4 1 0.0 57.28896914063972
4 1 0.0 56.21171274019912
4 1 0.0 56.01909682809742
4 1 39.263608936708806 95.12482173509852
4 1 0.0 53.944264739995106
4 1 0.0 53.78441165041215
4 1 0.0 53.34500238799819
4 1 73.26824144000057 126.07734937000953
4 1 172.39822843999872 224.73792881000423
4 1 0.0 52.2063188989049
4 1 0.0 51.362161782900955
4 1 0.0 51.29598474999182
4 1 0.0 51.18157201799545
4 1 0.0 50.570266829301545
4 1 1151.0380377875886 1201.0650103387989
4 1 40.702898213600974 90.0009112624964
4 1 0.0 49.28268644001298
4 1 0.0 47.80228527000338
4 1 99.633573679498 146.5327998607005
4 1 44.74221594999386 91.54213661000236
4 1 0.0 46.63613408640117
4 1 0.0 46.429127956802404
4 1 0.0 46.380639442500325
4 1 0.0 45.49589775840286
4 1 653.1140944100007 697.8377444799762
4 1 118.89165563529855 162.89967521289913
4 1 0.0 42.99754101000144
4 1 33.734941264004306 76.02170785257692
4 1 0.0 42.16603590587465
4 1 0.0 41.89310332000275
4 1 34.54104799110428 74.78744384730072
4 1 0.0 39.93521446999125
4 1 64.39622839999959 104.00179843999081
4 1 0.0 39.43601873549596
4 1 19.239525360002546 58.58048988000087
4 1 0.0 39.07253930130025
4 1 0.0 38.577250160013364
4 1 0.0 38.3963211743968
4 1 0.0 38.213756366670395
4 1 0.0 38.11086903799696
4 1 431.9328439999945 469.8404540000065
4 1 194.5374299100058 230.87617248750303
4 1 374.5458786199997 410.6372745599906
4 1 35.46651323039737 71.22099169879584
4 1 0.0 33.81686449001313
4 1 0.0 33.021104649600375
4 1 48.210445639997545 80.70629454879492
4 1 0.0 31.821619589999614
4 1 0.0 29.291599774658152
4 1 350.90102065400356 379.927237708398
4 1 77.67038326351621 106.03485432632078
4 1 0.0 25.43740508971041
4 1 34.687108479596986 60.11252899999977
4 1 0.0 25.106247490007263
4 1 0.0 23.558259263999844
4 1 0.0 23.387169916797575
4 1 0.0 23.294215816700557
4 1 0.0 23.16679901362113
4 1 0.0 21.197990680005432
4 1 0.0 21.14077931120255
4 1 0.0 21.016551101999994
4 1 0.0 19.12534412249886
4 1 0.0 18.842809476007915
4 1 1.1048310008002034 18.53395753760016
4 1 0.0 15.51353147999248
4 1 123.50060894989724 136.39660572600962
4 1 0.0 10.503561827097997
4 1 0.0 10.317826460399374
4 1 0.0 10.167106370001193
4 1 0.0 9.645387792000008
4 1 0.0 9.310982454000964
4 1 28.70613630239575 37.94269203999818
4 1 0.0 9.027398341597745
4 1 0.0 7.832527910402604
4 1 0.0 6.865879999999834
4 1 0.0 6.68871438834077
4 1 0.0 6.597803267488189
4 1 220.0853548500013 226.41809584000487
4 1 0.0 6.026946556793973
4 1 769.5928361669096 775.6181550224956
4 1 0.0 5.189503239997364
4 1 0.0 5.131608997593048
4 1 0.0 5.062656845303991
4 1 0.0 4.5274060117985755
4 1 41.11887145199353 45.53086415999451
4 1 49.70219447964513 53.74669521985584
4 1 0.0 3.6223287499944945
4 1 139.73368476509313 143.08508638279204
4 1 0.0 2.605784166602234
4 1 0.0 1.8797721424062956
4 1 0.0 1.820730122900727
4 1 0.0 1.6097466399943414
4 1 235.0429681399928 236.18721124998228
4 0 0.0 inf
4 0 0.0 116.79307688872154
4 0 0.0 0.06873733449890551
# COVID_SAMPLE_8_ROI_1
5 1 0.0 16808.999879583753
5 1 0.0 15760.516279040014
5 1 987.1367950483691 13846.469180160017
5 1 0.0 11773.279319960024
5 1 0.0 8362.721791640044
5 1 1452.0008542299838 9609.228060510017
5 1 21070.372251901703 28767.123069690013
5 1 0.0 6984.8615247180005
5 1 0.0 6901.578210234
5 1 0.0 6396.556173473202
5 1 0.0 5865.951548930003
5 1 0.0 5830.7739890096045
5 1 0.0 5814.549836750008
5 1 0.0 5738.91859094911
5 1 0.0 5598.110202785627
5 1 0.0 5320.058839234013
5 1 1541.4778292715855 6755.193652164884
5 1 0.0 4994.038487119975
5 1 0.0 4757.926146130008
5 1 0.0 4421.590553749984
5 1 467.03843917000586 4868.60344231003
5 1 0.0 4301.289151360012
5 1 0.0 4292.087987754103
5 1 0.0 4252.885838849999
5 1 0.0 4030.0719886799966
5 1 0.0 3735.1949289205077
5 1 0.0 3725.3860886231887
5 1 0.0 3669.6963642200144
5 1 0.0 3430.6766690711183
5 1 0.0 3390.1025980099807
5 1 0.0 3372.4624560000293
5 1 0.0 3318.5450502059957
5 1 0.0 3316.520188750048
5 1 0.0 3240.620184957843
5 1 0.0 3189.7234074900016
5 1 0.0 3144.019439033089
5 1 0.0 3086.8630228688035
5 1 0.0 2992.3768869140085
5 1 0.0 2937.3252342640976
5 1 0.0 2932.534838726403
5 1 0.0 2817.6199043199776
5 1 0.0 2736.6640896000135
5 1 0.0 2727.369669016006
5 1 0.0 2716.4068236828025
5 1 0.0 2663.9918811
5 1 0.0 2514.492098938498
5 1 0.0 2449.0459694717993
5 1 0.0 2378.9687505879933
5 1 0.0 2373.03830327
5 1 441.40898512948024 2808.2905372170762
5 1 0.0 2344.3285014530743
5 1 0.0 2335.6841622821757
5 1 0.0 2313.187947689994
5 1 0.0 2310.0141834900132
5 1 0.0 2289.5449863664962
5 1 0.0 2224.0865637052048
5 1 0.0 2222.522325410025
5 1 0.0 2220.9714261409054
5 1 0.0 2212.0854558624924
5 1 0.0 2198.2563614315945
5 1 0.0 2169.431806114804
5 1 0.0 2135.451208438599
5 1 0.0 2131.720713900016
5 1 0.0 2105.3511332860057
5 1 0.0 2103.315256419979
5 1 0.0 2058.533361620028
5 1 0.0 2058.0269207499773
5 1 0.0 2057.6241076029914
5 1 0.0 2054.439355395072
5 1 1445.0969289996142 3493.853050531913
5 1 0.0 2047.9382079435022
5 1 0.0 1953.462759340799
5 1 0.0 1945.7688443115876
5 1 0.0 1873.4770476714993
5 1 0.0 1840.5659797099893
5 1 0.0 1832.7156372500149
5 1 2229.3816856336107 4059.129530215605
5 1 0.0 1822.8270397540027
5 1 0.0 1792.550336819997
5 1 0.0 1787.7133311499756
5 1 0.0 1769.5508864800045
5 1 0.0 1747.632451190013
5 1 0.0 1709.0232885695793
5 1 0.0 1701.2011966691052
5 1 254.62066946999448 1942.448941709998
5 1 0.0 1681.8421794900369
5 1 0.0 1676.0142097699636
5 1 0.0 1676.00130396841
5 1 0.0 1621.8559364475082
5 1 0.0 1606.1638689191077
5 1 0.0 1586.9120652895945
5 1 0.0 1584.8802677526928
5 1 0.0 1581.7964412799884
5 1 1781.1694106336126 3358.045993881612
5 1 0.0 1568.9140129434013
5 1 24.483050687591913 1588.6472343100168
5 1 0.0 1557.1305179500282
5 1 0.0 1542.4002239999659
5 1 0.0 1539.2275419900002
5 1 0.0 1521.3910858204035
5 1 0.0 1511.4906174680082
5 1 0.0 1496.2370140571766
5 1 0.0 1493.0078002524015
5 1 0.0 1483.996416418497
5 1 0.0 1479.353294462388
5 1 0.0 1447.607562600002
5 1 0.0 1437.2732723200056
5 1 2585.023551809999 4018.2144641600153
5 1 0.0 1428.916330177508
5 1 0.0 1416.88401874998
5 1 2217.296292701678 3632.6484793604122
5 1 0.0 1411.7469794400067
5 1 0.0 1400.8365832103873
5 1 0.0 1398.6147308411018
5 1 0.0 1395.7797154083914
5 1 0.0 1377.3023113979125
5 1 0.0 1377.0061246099867
5 1 0.0 1369.0410803739824
5 1 0.0 1363.6940617724954
5 1 0.0 1358.8131671931892
5 1 0.0 1355.2740869900028
5 1 0.0 1332.5003035223997
5 1 0.0 1329.4697749608995
5 1 0.0 1318.0007701181007
5 1 0.0 1314.2582173920023
5 1 0.0 1309.017537634496
5 1 0.0 1305.4928119500028
5 1 1084.8309504865056 2383.705252198497
5 1 0.0 1291.54695437001
5 1 0.0 1262.6227008399892
5 1 0.0 1251.9387697067027
5 1 0.0 1236.2971017699963
5 1 0.0 1218.560667393288
5 1 0.0 1214.290718080009
5 1 0.0 1212.866804122401
5 1 0.0 1208.101421240005
5 1 0.0 1201.0010377200024
5 1 0.0 1170.7139974800016
5 1 0.0 1169.6395305204978
5 1 0.0 1168.9021377588024
5 1 0.0 1168.3893192300018
5 1 0.0 1160.8187831525029
5 1 0.0 1153.3985724453014
5 1 0.0 1141.8757853155325
5 1 0.0 1133.8979479565023
5 1 0.0 1104.4583955999833
5 1 0.0 1099.4392594680135
5 1 0.0 1099.41426124001
5 1 0.0 1095.9806964152976
5 1 0.0 1084.8930127539898
5 1 0.0 1083.2102110999904
5 1 0.0 1064.0541596799847
5 1 0.0 1046.5026327139979
5 1 0.0 1046.367474413202
5 1 0.0 1040.0177389875998
5 1 0.0 1037.2927694000077
5 1 0.0 1026.713417605593
5 1 0.0 1023.1850515175802
5 1 1245.5619422435975 2266.9761959664174
5 1 0.0 1016.048786265992
5 1 0.0 1015.2324315336191
5 1 24.19606694199706 1038.534448100007
5 1 0.0 1014.0037383356112
5 1 0.0 1007.1734636199867
5 1 0.0 980.0593106330962
5 1 0.0 967.937133749911
5 1 75.63296481249563 1037.517901661518
5 1 23.87179525400711 983.0434383460047
5 1 0.0 958.4282577627048
5 1 0.0 950.7665627500071
5 1 0.0 950.1553481736019
5 1 0.0 946.8327379519915
5 1 0.0 945.1860876500056
5 1 471.89218793000873 1404.429955549991
5 1 0.0 931.99048031999
5 1 0.0 928.2224146179973
5 1 0.0 925.8711968400003
5 1 0.0 921.740873405101
5 1 1547.0483764355945 2465.519940625596
5 1 0.0 896.6236736868134
5 1 0.0 894.2811369611113
5 1 0.0 891.8154133478129
5 1 11.050490590002937 902.154628639985
5 1 0.0 891.034158790002
5 1 51.64691955999842 940.6036012100203
5 1 0.0 887.8994948000085
5 1 0.0 885.8788268284043
5 1 432.9480405200187 1295.0858200300027
5 1 0.0 852.4271714049064
5 1 0.0 842.3284859100038
5 1 0.0 835.3287493199978
5 1 260.18941021891715 1094.8549636000598
5 1 0.0 831.3699545839993
5 1 830.7515909099657 1648.2689080100026
5 1 0.0 815.5636387688137
5 1 43.01413854150064 856.2550054767053
5 1 370.1242061146818 1178.779269439997
5 1 0.0 806.7317188800002
5 1 0.0 804.6057368889058
5 1 0.0 803.3134731999835
5 1 0.0 794.3831799999953
5 1 23.553440810028633 808.5640891000016
5 1 0.0 784.1822829384987
5 1 0.0 780.7732980419928
5 1 0.0 780.5347446779906
5 1 0.0 774.962622070005
5 1 0.0 771.7054340486852
5 1 0.0 763.8697323118886
5 1 0.0 751.8678319835137
5 1 0.0 749.3541683095959
5 1 0.0 742.4786454899953
5 1 0.0 734.9810213300025
5 1 0.0 730.5766897799822
5 1 0.0 729.2093356000269
5 1 541.6391428800089 1270.690332860011
5 1 0.0 725.6472498599937
5 1 0.0 719.0497749795932
5 1 3423.344233699994 4138.924947950001
5 1 2855.5635251699823 3570.8112072339864
5 1 0.0 709.3376045200025
5 1 0.0 690.6692402099884
5 1 0.0 673.1793376675937
5 1 0.0 671.6786198900068
5 1 380.2138337551323 1049.0504780800138
5 1 57.32403202200658 720.7324257040091
5 1 0.0 660.9376583899739
5 1 0.0 660.2344967099825
5 1 0.0 659.0512561480064
5 1 0.0 650.6130160699959
5 1 0.0 649.0022714599945
5 1 0.0 645.7930286003848
5 1 227.84728351998797 862.5646122799999
5 1 0.0 633.943899369995
5 1 0.0 627.5727707625019
5 1 0.0 627.3942727036022
5 1 0.0 624.1833359663751
5 1 0.0 624.18063342001
5 1 0.0 620.9473643399849
5 1 0.0 611.8269547174982
5 1 0.0 600.1261244399896
5 1 0.0 598.1457260238922
5 1 0.0 594.6309671200183
5 1 0.0 593.2085149899976
5 1 0.0 592.5286141060035
5 1 0.0 590.9999223471987
5 1 0.0 583.5723454029994
5 1 0.0 579.5693272400017
5 1 0.0 577.0628564675994
5 1 0.0 566.1544360301018
5 1 0.0 564.728627461906
5 1 0.0 563.9329790188983
5 1 0.0 558.9881921720007
5 1 0.0 558.8918182900013
5 1 0.0 547.9035662799861
5 1 408.0731716110795 952.9234472224141
5 1 0.0 542.0343825599848
5 1 0.0 540.014729770012
5 1 0.0 538.7376176253979
5 1 0.0 536.01157326881
5 1 0.0 530.0910531500032
5 1 4099.215874968006 4629.028426972749
5 1 0.0 526.5925621184025
5 1 0.0 524.9145046859953
5 1 0.0 524.6445286041071
5 1 0.0 520.139681718508
5 1 0.0 518.3690328673038
5 1 0.0 508.06495801000665
5 1 119.26272184159666 626.6035344374978
5 1 0.0 506.32369506999476
5 1 0.0 502.0180040015998
5 1 39.19541611001773 540.9719527499911
5 1 0.0 493.20195223709516
5 1 0.0 491.80304998632346
5 1 0.0 486.25892100000465
5 1 0.0 480.084957638496
5 1 358.86081523949906 834.233665120008
5 1 293.20479744751447 766.4953462347862
5 1 0.0 470.5887605699968
5 1 225.49794925210404 690.6067972954847
5 1 129.4469917760057 589.5834412430984
5 1 438.3003828000019 896.3968386255935
5 1 356.6176224800038 814.5226007999986
5 1 0.0 452.7415823924166
5 1 955.6876422400301 1406.460342092395
5 1 0.0 448.7976221754948
5 1 0.0 447.0682696400072
5 1 0.0 446.7144627300054
5 1 0.0 446.6137738799853
5 1 559.8702637300094 1003.854455330021
5 1 0.0 439.4026763100044
5 1 0.0 435.0711125702801
5 1 0.0 433.4209293599979
5 1 0.0 431.6963582331241
5 1 180.35065050998355 610.5338565299871
5 1 0.0 426.01665779840687
5 1 1038.3878994700199 1459.1782712700365
5 1 0.0 412.11212750000277
5 1 0.0 411.781937647606
5 1 0.0 410.0284941900088
5 1 0.0 406.7306639999915
5 1 315.3410743199888 720.7665100799939
5 1 0.0 404.8402410699982
5 1 0.0 404.13095271360214
5 1 276.60938124001905 677.456879960012
5 1 0.0 392.66342970000574
5 1 0.0 389.9871888525022
5 1 0.0 389.52769804300146
5 1 0.0 386.25833611889607
5 1 0.0 386.01425481562546
5 1 0.0 378.9482296619999
5 1 0.0 378.65279591509386
5 1 313.5449598300147 689.9868627200203
5 1 0.0 373.5051253299853
5 1 0.0 363.32577290510153
5 1 0.0 362.6887786607938
5 1 287.4697363699811 649.9726671700012
5 1 0.0 361.87037280799746
5 1 0.0 361.7852436100013
5 1 0.0 358.9746907334893
5 1 0.0 354.7461582131941
5 1 0.0 351.9298477599982
5 1 31.625360889998547 381.8063018200055
5 1 0.0 349.1539944000151
5 1 0.0 343.2980112374762
5 1 0.0 342.0783605099928
5 1 29.650148189997253 370.8073909300068
5 1 0.0 341.02424634999215
5 1 0.0 336.9773824300021
5 1 158.72449583999605 492.95104285850175
5 1 0.0 331.1673783863962
5 1 0.0 329.61048909999045
5 1 0.0 329.4138311100034
5 1 287.56175406479224 615.1037527984017
5 1 0.0 324.05326302999356
5 1 0.0 323.3613206195023
5 1 0.0 323.106935740022
5 1 0.0 321.23097971998527
5 1 0.0 318.94367159999456
5 1 0.0 313.2816839584043
5 1 0.0 307.80875129798665
5 1 0.0 303.23043312000107
5 1 0.0 301.3794085415998
5 1 488.95097736000844 789.3069378347968
5 1 0.0 299.965644110001
5 1 161.03280240639606 460.93125665999014
5 1 0.0 298.3979688495974
5 1 0.0 292.86791835002623
5 1 236.02488794999954 528.1901058899903
5 1 20.893090680005116 309.49092471999893
5 1 116.50411714079895 404.41011369879766
5 1 0.0 285.8606186900083
5 1 0.0 285.58479995520133
5 1 0.0 280.7473632731985
5 1 0.0 280.56052399469877
5 1 0.0 276.18251372399754
5 1 0.0 274.30944236000596
5 1 0.0 271.45488227998817
5 1 0.0 270.22499395998693
5 1 0.0 262.4429311323896
5 1 0.0 261.801984630001
5 1 0.0 260.12293016720423
5 1 0.0 258.469236009999
5 1 0.0 257.28411831919345
5 1 594.308221563112 849.9236204639989
5 1 0.0 253.52698778002036
5 1 0.0 251.75730822998912
5 1 0.0 251.41492755000786
5 1 0.0 251.04688854000392
5 1 0.0 250.90000850559522
5 1 117.07214607999651 366.91260987999135
5 1 1190.7652547700131 1440.0773436400077
5 1 0.0 246.48657213000592
5 1 0.0 246.04228820200024
5 1 0.0 240.7370117840021
5 1 118.28284064998365 356.8754873099947
5 1 0.0 238.32481169001858
5 1 337.427094120015 574.264576120013
5 1 0.0 232.24610966249884
5 1 265.2795455200212 493.05691439999214
5 1 0.0 227.16657153239203
5 1 0.0 226.742441799998
5 1 252.22983453000052 478.8712057609
5 1 543.6228292299843 769.7804785699959
5 1 0.0 226.13843972159043
5 1 154.57992630409808 379.86253751829673
5 1 0.0 222.61864729000456
5 1 0.0 220.65091399250036
5 1 0.0 218.51265215998137
5 1 0.0 212.8753757499917
5 1 0.0 208.92583895359166
5 1 0.0 208.75967955001352
5 1 0.0 207.56114900999046
5 1 0.0 207.2026511746003
5 1 70.38406585039183 273.40658443999473
5 1 0.0 202.4525714323977
5 1 0.0 201.19025599999532
5 1 0.0 199.08811604000311
5 1 0.0 198.49296254000302
5 1 335.0416684200088 533.034822440007
5 1 466.4103592421045 662.4182388683982
5 1 0.0 193.1166139500059
5 1 0.0 190.98292399999355
5 1 0.0 183.54456923101588
5 1 0.0 176.86491754999486
5 1 0.0 175.09843119998277
5 1 0.0 172.74142792360112
5 1 0.0 171.2099850712957
5 1 0.0 169.91061129000036
5 1 0.0 168.45502607999958
5 1 0.0 165.6398379359921
5 1 0.0 165.02532833208784
5 1 0.0 162.31445998560662
5 1 0.0 161.23257736340702
5 1 0.0 159.8895924800023
5 1 0.0 154.4019560299974
5 1 0.0 153.99269204810196
5 1 0.0 153.53020278998974
5 1 251.58424049998735 404.6924397100022
5 1 0.0 149.77615782989642
5 1 0.0 148.37969999999837
5 1 0.0 145.4999447142941
5 1 0.0 144.9299419980041
5 1 0.0 144.61740441959455
5 1 253.37192801999777 396.0475446600044
5 1 0.0 141.13066468880288
5 1 0.0 139.20572710650504
5 1 0.0 138.4605872331033
5 1 342.68889081580073 478.6004068652046
5 1 0.0 135.56632821600817
5 1 0.0 133.18386720000694
5 1 0.0 129.52854269559612
5 1 76.33339605450283 203.66216339289235
5 1 0.0 123.14154584999642
5 1 0.0 122.15972431240425
5 1 184.0800108231083 301.35683448639793
5 1 0.0 115.10112240080252
5 1 0.0 114.27540413159568
5 1 0.0 114.01701304999506
5 1 0.0 113.98573911599749
5 1 1314.6546407999904 1425.0677298399949
5 1 0.0 109.99280400001089
5 1 479.92035884289317 582.8535619739923
5 1 0.0 99.73570802198947
5 1 0.0 99.38653785600457
5 1 0.0 99.21529126000337
5 1 0.0 97.53603424589915
5 1 0.0 96.22295125000178
5 1 0.0 94.69030873999918
5 1 0.0 90.97870351998858
5 1 0.0 90.37574167310049
5 1 0.0 89.66667312000664
5 1 451.6127361499956 540.9719527499911
5 1 106.71362946509771 195.58321385301133
5 1 79.36689515399667 167.6740870900053
5 1 0.0 84.98671795531368
5 1 381.7916853726938 465.8427400000028
5 1 200.2513080356174 284.1621988396972
5 1 9.00610284118693 92.80214784000015
5 1 92.43707623659816 174.89524821599548
5 1 0.0 79.9461117710955
5 1 0.0 78.74029148750606
5 1 6215.760304840003 6293.569048399987
5 1 0.0 75.98674632000996
5 1 0.0 75.74200038129686
5 1 0.0 73.68963178249987
5 1 0.0 72.1328515183967
5 1 0.0 70.36422174999586
5 1 0.0 69.84216446399728
5 1 0.0 69.08982750000132
5 1 0.0 67.60948687239926
5 1 0.0 66.30623143999992
5 1 0.0 60.976480200005994
5 1 0.0 58.19189080400429
5 1 0.0 57.4466342708057
5 1 0.0 55.47402589000876
5 1 0.0 55.124593217095935
5 1 0.0 54.82649795001373
5 1 0.0 52.809646856402196
5 1 882.2325300000002 934.8334863620994
5 1 181.92128285997865 234.34757800999546
5 1 66.65930855749502 118.82311924929809
5 1 0.0 50.948016740003254
5 1 759.3993785600196 809.9124413999953
5 1 0.0 50.256093990002
5 1 0.0 49.99420911997822
5 1 0.0 49.410962754701956
5 1 2230.0168257919954 2278.284062759974
5 1 0.0 47.81730218999405
5 1 167.76481110598252 214.59118754999872
5 1 0.0 46.25427068838667
5 1 238.52189015200906 284.41186957039827
5 1 0.0 45.6796920731922
5 1 87.86775419399828 133.52323513438273
5 1 0.0 44.332369813100286
5 1 0.0 41.61521141000276
5 1 0.0 34.86774576661992
5 1 7.586438190008948 41.453882099990324
5 1 269.6223074799991 302.3807359943952
5 1 0.0 32.176011093301895
5 1 0.0 29.37571151999873
5 1 0.0 29.279409030013767
5 1 0.0 28.97526148999995
5 1 0.0 28.498552991992256
5 1 0.0 28.395202470000186
5 1 358.58589004000214 385.8905107300054
5 1 0.0 26.274270445600905
5 1 0.0 24.26574606398708
5 1 327.75331436000647 350.47989599000357
5 1 0.0 20.994933199991237
5 1 108.2727969972002 128.19753003880578
5 1 0.0 19.11147114000596
5 1 297.16452085360083 315.34183706999556
5 1 0.0 18.005082440000024
5 1 0.0 17.291559496893797
5 1 0.0 17.244238651997648
5 1 80.93597168200165 98.10297618399692
5 1 137.61296343000618 153.59392953000162
5 1 0.0 14.561031432494929
5 1 0.0 13.219227750001778
5 1 0.0 9.03153246959073
5 1 0.0 7.651758309989873
5 1 0.0 6.303287467501377
5 1 0.0 6.048226281610823
5 1 674.3498396975974 680.1806810484977
5 0 0.0 inf
5 0 0.0 18467.957691320204
5 0 0.0 786.6051011036234
# COVID_SAMPLE_20_ROI_2
6 1 0.0 36877.309990310765
6 1 0.0 21521.876738159917
6 1 0.0 17033.908548116786
6 1 0.0 16607.38311227245
6 1 0.0 13765.589684223301
6 1 0.0 12830.554939479987
6 1 0.0 12673.162274901992
6 1 5794.155437290017 18291.928499782523
6 1 0.0 11939.459946743886
6 1 0.0 11601.081222263609
6 1 0.0 10857.589238729983
6 1 0.0 10505.226087519986
6 1 0.0 9600.704658072496
6 1 0.0 9325.576096953497
6 1 0.0 8754.478832276005
6 1 0.0 8712.927073967521
6 1 0.0 8233.814823190045
6 1 0.0 8187.211427740036
6 1 0.0 7964.62277840333
6 1 0.0 7620.571932006453
6 1 0.0 7552.164678359983
6 1 0.0 7352.166657359984
6 1 885.5795255803969 8068.410938647607
6 1 0.0 6966.3183258298905
6 1 0.0 6965.323280187453
6 1 0.0 6633.134240802414
6 1 0.0 6566.8891101092095
6 1 0.0 6257.70274695996
6 1 0.0 6086.831141279987
6 1 0.0 5903.689200407578
6 1 0.0 5454.305498950007
6 1 0.0 5211.953832673505
6 1 0.0 5194.893614720004
6 1 0.0 4986.998642269989
6 1 0.0 4851.543413069998
6 1 0.0 4802.078126846314
6 1 0.0 4398.012294689961
6 1 1451.670642649996 5701.613343770014
6 1 0.0 4150.944102570002
6 1 0.0 3973.7014309600363
6 1 0.0 3901.6236090359953
6 1 0.0 3898.1520646699837
6 1 0.0 3802.0848575100144
6 1 0.0 3765.752511270023
6 1 51.24760587998571 3775.570730499995
6 1 7620.448733792036 11339.921793048889
6 1 0.0 3630.169144466934
6 1 259.03685792459635 3861.2134332592946
6 1 0.0 3495.0975395340147
6 1 0.0 3494.237066252498
6 1 403.18756619030046 3848.2369418619055
6 1 0.0 3414.252123735868
6 1 890.9945725580094 4272.705361854003
6 1 0.0 3221.508767600013
6 1 0.0 3150.1231795519598
6 1 0.0 3134.561865924503
6 1 0.0 2909.0648506204734
6 1 0.0 2821.0394961700467
6 1 0.0 2811.6981813856037
6 1 0.0 2807.938318228802
6 1 0.0 2698.843682890102
6 1 0.0 2654.1677604596034
6 1 40.818126640004266 2610.135468320399
6 1 0.0 2512.4314206699964
6 1 0.0 2478.6012397788977
6 1 0.0 2413.110676416486
6 1 0.0 2392.807770180012
6 1 0.0 2323.9213240300123
6 1 0.0 2290.048327647286
6 1 0.0 2261.5642761619974
6 1 0.0 2230.8845092280035
6 1 0.0 2192.2506722939997
6 1 0.0 2186.8302679872013
6 1 0.0 2172.2109469488387
6 1 0.0 2168.981235579601
6 1 0.0 2135.181777203198
6 1 0.0 2080.8961969442566
6 1 0.0 2076.3936371725276
6 1 0.0 2068.543316799998
6 1 0.0 2055.0646530699946
6 1 529.5982810000012 2482.2565985880956
6 1 0.0 1947.5278182619072
6 1 0.0 1920.8171739995914
6 1 0.0 1897.478003759988
6 1 0.0 1865.2121076864132
6 1 0.0 1863.3221745100034
6 1 0.0 1781.5135950111962
6 1 0.0 1778.1166174079085
6 1 9.888122370008205 1779.8606976299948
6 1 0.0 1703.0777351667957
6 1 0.0 1697.8793616999974
6 1 0.0 1688.050593020018
6 1 0.0 1667.2021033219912
6 1 1272.1059401153016 2934.7172845560162
6 1 0.0 1653.0560778399922
6 1 0.0 1650.6924133040065
6 1 0.0 1622.3034549631147
6 1 0.0 1619.896731143197
6 1 0.0 1602.5442230840026
6 1 0.0 1600.0522171098341
6 1 0.0 1578.9378246820006
6 1 0.0 1550.376984351598
6 1 961.3114526716718 2507.9257025361717
6 1 0.0 1544.2220055199937
6 1 0.0 1535.0310231101066
6 1 0.0 1523.5596357471031
6 1 0.0 1514.9462664200164
6 1 0.0 1514.5705259420165
6 1 550.0454878600685 2053.1559808500388
6 1 0.0 1474.6268107750584
6 1 0.0 1458.362765067599
6 1 0.0 1438.904716759996
6 1 0.0 1436.2302932598027
6 1 0.0 1435.2332794780023
6 1 0.0 1410.5722360150894
6 1 0.0 1402.8694697300032
6 1 0.0 1396.506176342708
6 1 0.0 1391.2211292019997
6 1 0.0 1365.4834106156115
6 1 781.0898057025097 2145.9791710424943
6 1 244.58760586890912 1591.2956500478995
6 1 0.0 1341.8676436799983
6 1 0.0 1338.5242551769013
6 1 0.0 1305.6651838439993
6 1 0.0 1293.3385602048975
6 1 0.0 1276.9475706596104
6 1 0.0 1259.016189427337
6 1 0.0 1255.9439612307997
6 1 0.0 1232.6719665900157
6 1 0.0 1221.6593417024897
6 1 0.0 1220.9583844200156
6 1 0.0 1210.0308286500067
6 1 0.0 1186.8064223482152
6 1 0.0 1175.758889709996
6 1 0.0 1164.6762128799987
6 1 974.2920405104146 2107.3235327633015
6 1 0.0 1119.92228413477
6 1 0.0 1119.1041414099745
6 1 0.0 1103.4071831248016
6 1 0.0 1092.5950154700135
6 1 1760.6586656916052 2849.6497592251962
6 1 0.0 1087.88596962199
6 1 0.0 1080.664090439997
6 1 0.0 1064.7646857303948
6 1 0.0 1055.7095017500233
6 1 0.0 1046.5290914499928
6 1 0.0 1040.137510259999
6 1 1046.5812250563063 2075.9102512215095
6 1 1889.8889527039864 2918.109716694007
6 1 0.0 1023.3804054074981
6 1 0.0 1017.635004591913
6 1 0.0 1009.7284530434958
6 1 0.0 1007.4114000500097
6 1 0.0 1007.3864825597964
6 1 0.0 992.9064769600154
6 1 1865.96856263685 2851.0074702255956
6 1 0.0 973.8905574621015
6 1 0.0 972.414707630006
6 1 0.0 962.2121435100094
6 1 0.0 947.1173399687946
6 1 0.0 933.1496608000134
6 1 0.0 927.296608167996
6 1 0.0 923.3385464100083
6 1 0.0 917.7747956300118
6 1 276.6712932000082 1189.5451881600243
6 1 0.0 907.0450717912945
6 1 0.0 900.4465287299945
6 1 0.0 900.2559651927058
6 1 0.0 897.9905638059936
6 1 0.0 893.3138971000067
6 1 805.4993462469456 1686.6295379768194
6 1 774.586387637521 1638.2551856440077
6 1 0.0 847.5366380919622
6 1 430.7074315300115 1276.8052937380035
6 1 0.0 842.8116072000093
6 1 0.0 835.4191692999832
6 1 0.0 829.0130376800034
6 1 0.0 816.8242793603586
6 1 0.0 807.9242557560065
6 1 0.0 806.8369619999971
6 1 0.0 799.7499756200157
6 1 0.0 790.034506354792
6 1 0.0 786.6693094799929
6 1 0.0 765.0502902735695
6 1 0.0 747.4541774899753
6 1 0.0 745.4943504554942
6 1 0.0 736.6594542500097
6 1 0.0 734.7011764799872
6 1 0.0 715.5264731328857
6 1 0.0 713.7445599300236
6 1 800.5164794856173 1511.9982680244384
6 1 0.0 687.8337629300031
6 1 0.0 679.1937188608931
6 1 0.0 673.8296586099937
6 1 0.0 664.4799235800015
6 1 0.0 661.8135239099902
6 1 68.79535458999908 722.6708762899984
6 1 0.0 630.7584853203
6 1 0.0 597.6127277800238
6 1 195.13872977002302 791.4030931400393
6 1 563.0886228899435 1158.0570946699681
6 1 0.0 583.6534178316001
6 1 66.34088954963318 648.475057079118
6 1 0.0 568.3934290694287
6 1 0.0 567.9225859175058
6 1 0.0 556.2619033250719
6 1 0.0 554.8782924599982
6 1 0.0 544.7947891139621
6 1 0.0 533.4993663665177
6 1 0.0 532.5036230099977
6 1 0.0 531.0420040499957
6 1 386.37358448249415 913.9554829564986
6 1 0.0 524.4485976809003
6 1 0.0 511.69221367998875
6 1 0.0 509.40442004959414
6 1 208.19350339040852 707.0935940554821
6 1 0.0 490.6152110095941
6 1 0.0 486.0269974264156
6 1 359.50674253328816 844.4952021919989
6 1 0.0 480.08275685000854
6 1 0.0 479.695800700006
6 1 862.069494396711 1336.3791528676961
6 1 0.0 472.85608095002317
6 1 0.0 472.7099152191988
6 1 0.0 447.9727270760011
6 1 0.0 444.73414305001006
6 1 0.0 441.66280381728484
6 1 0.0 437.5285382056013
6 1 0.0 436.16001434000464
6 1 0.0 433.0662086848706
6 1 0.0 429.19896715429786
6 1 0.0 428.94625603000077
6 1 0.0 425.6195103799905
6 1 0.0 423.4868337260086
6 1 0.0 422.9713670700048
6 1 803.4839045800036 1225.1838950999888
6 1 0.0 421.2001833202993
6 1 0.0 417.98064969799043
6 1 0.0 407.74884172589645
6 1 0.0 404.8344072960049
6 1 0.0 404.1561745600013
6 1 0.0 401.0238312000174
6 1 72.38872976641233 470.99648966731
6 1 0.0 395.8183608699969
6 1 0.0 392.4496956820376
6 1 0.0 387.8135567055019
6 1 0.0 385.2160078999958
6 1 0.0 381.4648293000014
6 1 0.0 380.6266639299979
6 1 0.0 379.90857380000784
6 1 0.0 372.9124969370964
6 1 0.0 366.3675256569006
6 1 0.0 363.00589202998026
6 1 0.0 362.90965145649955
6 1 0.0 357.0990856800163
6 1 0.0 356.7152194082931
6 1 0.0 354.45677682001383
6 1 270.2752693200057 623.7859403844047
6 1 0.0 344.12774436999484
6 1 0.0 338.8822848099794
6 1 326.9921711900083 664.1084281300068
6 1 0.0 334.5897976699878
6 1 0.0 329.82076108000524
6 1 93.03175071997066 421.80286259002605
6 1 481.04230178999694 808.6680986599979
6 1 0.0 326.59790189250816
6 1 0.0 322.6300180399953
6 1 0.0 322.5843161200026
6 1 0.0 320.51405943999305
6 1 0.0 319.31048374440275
6 1 0.0 317.9512951355946
6 1 107.99361386049713 424.98590127849866
6 1 1007.9999717499991 1318.252487489979
6 1 4208.758842509984 4518.542234839966
6 1 0.0 305.4890614099995
6 1 0.0 302.41000544003055
6 1 256.6152446500105 557.4835185700049
6 1 260.9013381234521 558.5240611779964
6 1 0.0 294.9455450000155
6 1 0.0 292.17415061001157
6 1 0.0 290.14630887000953
6 1 0.0 289.8647554540087
6 1 0.0 284.80178744089943
6 1 0.0 281.64006933998735
6 1 0.0 280.4290559999939
6 1 0.0 278.9658115800071
6 1 0.0 274.572781500005
6 1 0.0 263.9253472478267
6 1 0.0 262.1492303399964
6 1 0.0 259.9178987599897
6 1 0.0 259.62135079998706
6 1 0.0 259.6209967428988
6 1 225.85378854889314 474.1409350503004
6 1 0.0 246.59381023999458
6 1 0.0 243.2624943308192
6 1 0.0 239.6740407999846
6 1 105.09443062000355 338.9307507199994
6 1 0.0 232.0360835599854
6 1 0.0 227.5313322399918
6 1 0.0 224.95281391870094
6 1 0.0 224.01764877439985
6 1 171.04526808250648 392.0553800925027
6 1 416.2579378190694 637.1217216190853
6 1 0.0 218.82101155999544
6 1 204.88308559999905 417.6838119300064
6 1 73.93503184999395 286.0721526500045
6 1 0.0 210.47759597000731
6 1 0.0 210.36125250039368
6 1 0.0 196.4822521216043
6 1 0.0 190.0953239500052
6 1 0.0 189.38174979000496
6 1 0.0 188.06491297639673
6 1 0.0 181.8094143599996
6 1 227.5665712699747 408.5082057000009
6 1 0.0 177.69171998001218
6 1 0.0 174.28594822470313
6 1 389.31220171999666 563.2999941722287
6 1 0.0 173.4638023599939
6 1 0.0 173.43528280998225
6 1 0.0 173.02364147999378
6 1 0.0 172.89683572623267
6 1 0.0 171.6035229496042
6 1 0.0 164.90583765302688
6 1 0.0 164.80247373000475
6 1 1202.910735155565 1357.5415591985402
6 1 299.64667612079666 453.4130728220016
6 1 0.0 149.12305262998666
6 1 0.0 141.48822302210908
6 1 462.8575005624007 603.8314501895999
6 1 0.0 135.41924829870732
6 1 0.0 134.28686150999465
6 1 117.89214824761711 239.46182910518462
6 1 0.0 117.08904094998707
6 1 0.0 108.57251270850219
6 1 0.0 108.39044279999825
6 1 1473.4954667100073 1581.0798723132066
6 1 95.4707239135954 202.2040453252995
6 1 0.0 104.99124282799824
6 1 0.0 100.41029658999304
6 1 0.0 99.65540403000023
6 1 0.0 99.50075588998652
6 1 0.0 99.13430592000128
6 1 195.3799162800047 293.4876429500025
6 1 0.0 94.79436694249762
6 1 1.1586993428999222 95.63830019929787
6 1 0.0 93.94253798998102
6 1 195.7530481822114 289.4266156931035
6 1 0.0 91.18000656000208
6 1 0.0 91.14718895999317
6 1 0.0 90.43068040196067
6 1 0.0 88.59523991000549
6 1 0.0 85.81074986997828
6 1 0.0 84.24575665400835
6 1 43.34571924998204 125.96084449001046
6 1 0.0 81.26847688999928
6 1 0.0 80.30692508000936
6 1 0.0 80.26614632630117
6 1 985.3783708799931 1061.0497055200149
6 1 591.4355824546292 664.3727605964386
6 1 0.0 72.63089662520338
6 1 0.0 71.2459012812933
6 1 560.003599912588 630.970871816274
6 1 0.0 70.11863527520069
6 1 203.61510388310262 270.4021738311012
6 1 0.0 62.255177421580356
6 1 374.4558742643967 428.5668738572979
6 1 0.0 52.50927486889702
6 1 0.0 44.65712046199826
6 1 2342.724548190902 2383.541766479996
6 1 1154.331846679997 1194.8424446300069
6 1 562.0193376499965 596.1063095100126
6 1 650.6877195760067 683.8929826395083
6 1 172.22996259000465 197.28903920000243
6 1 0.0 23.296868190007444
6 1 19.768773497496 39.822514527595786
6 1 78.49903820441205 92.92976824601897
6 1 0.0 11.416387159999658
6 1 0.0 11.069521577903288
6 1 254.31601979999596 264.7792354499934
6 1 40.45370376455776 50.593374517146
6 1 0.0 9.437473559990167
6 1 0.0 8.412741987498066
6 1 6.4965705599788635 14.497973480003111
6 1 82.07422014961048 89.15740557840411
6 1 0.0 5.048167840006499
6 1 0.0 3.714420568809345
6 1 187.4770405440047 188.00826880799013
6 0 0.0 inf
6 0 0.0 470.4322436774937
# COVID_SAMPLE_19_ROI_2
7 1 0.0 130173.98437179932
7 1 0.0 46826.56626668251
7 1 0.0 33686.31652651001
7 1 0.0 32618.329236902413
7 1 0.0 29325.373311720417
7 1 0.0 29129.108198910006
7 1 0.0 27712.663459330048
7 1 0.0 26879.346208790383
7 1 0.0 25629.835129126048
7 1 0.0 24598.042062418
7 1 12571.664911360007 35141.52926529595
7 1 0.0 15926.847765389972
7 1 0.0 13263.080624740342
7 1 0.0 10896.497825847999
7 1 0.0 10553.227113098405
7 1 0.0 9258.049216726717
7 1 0.0 8904.364109199956
7 1 0.0 8526.82253145003
7 1 0.0 7359.637413099998
7 1 0.0 6251.997593390028
7 1 0.0 6028.351228749985
7 1 0.0 5856.953213867998
7 1 319.98257116999866 6084.423868530043
7 1 0.0 5491.608222319999
7 1 414.5489194699703 5847.557171949979
7 1 0.0 5061.825082208401
7 1 0.0 4994.558545644292
7 1 20305.094577417603 25299.198605997604
7 1 0.0 4916.846202604702
7 1 4580.805817574397 9216.600976132388
7 1 1191.572835860332 5735.320659610802
7 1 0.0 3804.1494324899895
7 1 0.0 3606.783872197607
7 1 4837.411680106874 8429.962735248491
7 1 0.0 3495.3521636974924
7 1 662.9489656735968 4035.441947407595
7 1 0.0 3342.999954151607
7 1 0.0 3275.1550572900205
7 1 0.0 3211.8051773436237
7 1 2.8610830367604194 3087.0972635457265
7 1 0.0 2988.6598061558807
7 1 0.0 2984.6945114224154
7 1 0.0 2934.7566222295136
7 1 0.0 2915.583411890003
7 1 0.0 2837.993311063802
7 1 0.0 2718.065997672202
7 1 0.0 2630.001449617495
7 1 3196.6508523783814 5813.2611853049075
7 1 0.0 2574.649337049996
7 1 0.0 2566.278541769912
7 1 2227.608389156063 4749.31013094168
7 1 0.0 2507.9915960795915
7 1 0.0 2393.274313357995
7 1 0.0 2346.4238133647978
7 1 0.0 2307.146656230023
7 1 0.0 2267.6807361724054
7 1 0.0 2177.738319659974
7 1 496.92138719692775 2664.310241502514
7 1 0.0 2159.42331882999
7 1 0.0 2089.4457230399953
7 1 0.0 2085.05447763997
7 1 0.0 2061.439148428248
7 1 813.4741886095189 2663.218048980406
7 1 0.0 1821.847560769433
7 1 0.0 1815.9499526800214
7 1 0.0 1739.4695023000531
7 1 0.0 1722.3573420804096
7 1 0.0 1714.8132852942754
7 1 0.0 1695.5367568776037
7 1 0.0 1635.1681617093004
7 1 0.0 1632.8593981391987
7 1 0.0 1617.685933991992
7 1 0.0 1594.3969185824033
7 1 0.0 1545.386797206379
7 1 240.82875946279455 1766.3601460731907
7 1 1190.603550530001 2710.1555206625094
7 1 0.0 1466.8978044000116
7 1 0.0 1459.5823964207934
7 1 0.0 1415.719460070899
7 1 180.87597443002596 1588.6401228299865
7 1 0.0 1337.969383560002
7 1 0.0 1321.9682183100076
7 1 0.0 1315.6348781691074
7 1 0.0 1290.0612934201927
7 1 0.0 1247.9806200199964
7 1 0.0 1240.4578957425274
7 1 0.0 1238.8799322399932
7 1 0.0 1213.4501810499914
7 1 0.0 1212.8440679036928
7 1 0.0 1203.7084510100035
7 1 0.0 1181.1608492399962
7 1 1950.7622167500035 3116.002608750017
7 1 0.0 1159.0902928100159
7 1 0.0 1147.3018313386956
7 1 0.0 1137.5194361599997
7 1 0.0 1127.1270782824056
7 1 0.0 1111.362521190005
7 1 0.0 1107.8369904171675
7 1 0.0 1106.3357666700026
7 1 0.0 1099.832375889906
7 1 0.0 1077.7222678500016
7 1 357.47863173710084 1433.994193940001
7 1 0.0 1073.0106630384362
7 1 24.92817112451121 1095.62834571448
7 1 0.0 1062.0743606800015
7 1 0.0 1056.5157957199663
7 1 0.0 1043.2568332000114
7 1 1522.4995470392 2558.258596208001
7 1 0.0 1033.8333206143034
7 1 0.0 1030.1579525208972
7 1 0.0 1024.6143231210956
7 1 0.0 1012.5675977900119
7 1 0.0 997.5947593699885
7 1 0.0 988.4449394100016
7 1 0.0 982.2723898000118
7 1 7235.97056935386 8171.755131659982
7 1 0.0 927.0969978719918
7 1 0.0 912.3954591384031
7 1 0.0 908.5822530599971
7 1 2286.531150414472 3176.5278523912993
7 1 0.0 889.5076272380038
7 1 0.0 880.7956439779773
7 1 2260.923553347073 3141.447545270001
7 1 0.0 876.7180799175133
7 1 1128.1641801100018 2002.0077552799996
7 1 99.68015624999953 962.2660958900142
7 1 0.0 859.6791784799971
7 1 803.37209498842 1660.1281520619082
7 1 0.0 855.6006823174889
7 1 0.0 825.1244499915101
7 1 0.0 800.5523109700075
7 1 0.0 795.0662092535986
7 1 0.0 789.9721744499998
7 1 11.049533400006567 797.5215609999923
7 1 0.0 768.0195350400202
7 1 0.0 761.4202956000064
7 1 0.0 759.8699527299973
7 1 0.0 755.2626378599816
7 1 0.0 742.6827031199936
7 1 0.0 739.4755056488957
7 1 0.0 734.9456930876122
7 1 0.0 725.2622748174954
7 1 5642.178360568734 6361.032008769735
7 1 0.0 715.4270518448009
7 1 207.77132999999242 909.8145351175131
7 1 0.0 701.4214406399979
7 1 0.0 690.2277259999946
7 1 20487.31695267004 21164.972967650003
7 1 0.0 667.7418652883716
7 1 0.0 663.3654068500243
7 1 0.0 648.0119456800057
7 1 165.76187693119527 813.2299029008004
7 1 0.0 645.3409789000003
7 1 0.0 642.645355360015
7 1 0.0 639.6293169206904
7 1 0.0 630.3626375053041
7 1 0.0 627.3634650640215
7 1 18371.078554229996 18998.30059440998
7 1 0.0 625.1819175999794
7 1 0.0 624.3362708500035
7 1 0.0 622.6941122500084
7 1 0.0 615.9497003199913
7 1 608.5028162080048 1213.0973945312203
7 1 0.0 598.5582507199919
7 1 0.0 593.253121127613
7 1 548.6347449073075 1109.9973641139013
7 1 0.0 555.2989570675118
7 1 0.0 555.2249070396022
7 1 0.0 553.514605000004
7 1 89.99712503249339 642.7225201012916
7 1 0.0 550.9632271900236
7 1 9.558647679506521 559.2128617236008
7 1 0.0 538.6337402744111
7 1 902.5719212467843 1427.0333916246163
7 1 514.3500429533005 1029.1552899004932
7 1 0.0 507.2363207100134
7 1 0.0 500.0140935299969
7 1 0.0 493.4950923199867
7 1 0.0 478.7772601604938
7 1 0.0 478.5987883600051
7 1 0.491011996003067 477.631889198101
7 1 0.0 475.2166487199802
7 1 0.0 467.8072441899956
7 1 1542.0018387600235 2008.6118804100033
7 1 245.20652887749725 708.8583321859885
7 1 262.9290191500056 724.5324544800187
7 1 0.0 456.13806124240364
7 1 36.53496447148791 482.91303004680094
7 1 0.0 444.77130056750184
7 1 245.18415349749876 686.8125719077002
7 1 66.22653115999742 505.95190913000386
7 1 0.0 437.84033670210056
7 1 0.0 437.1753816092032
7 1 0.0 433.472958939994
7 1 0.0 430.8005282684262
7 1 0.0 424.9509629999998
7 1 453.3904782000204 876.78454765999
7 1 0.0 419.6372788800054
7 1 68.2761369263144 487.8235670184995
7 1 0.0 415.5193550099834
7 1 0.0 397.1797718975058
7 1 0.0 370.59116864849966
7 1 1612.4302067084186 1972.3694647699958
7 1 30.93003435999904 379.42104821999885
7 1 0.0 347.8236251600265
7 1 0.0 334.66579955000094
7 1 0.0 330.15527492250203
7 1 0.0 328.9578611211091
7 1 111.57073047001222 435.70190676510924
7 1 326.02625815996043 647.6828349099674
7 1 0.0 320.7370135600138
7 1 0.0 317.08669298999644
7 1 0.0 315.4427810494999
7 1 0.0 307.2998459975959
7 1 0.0 306.7128883927976
7 1 0.0 306.6275824499975
7 1 591.092733401676 896.7547182310209
7 1 0.0 298.02990612720396
7 1 0.0 296.7678947299963
7 1 0.0 290.99153283399824
7 1 0.0 290.15271586198605
7 1 0.0 290.03150400002187
7 1 127.65777853879922 407.49569608639877
7 1 0.0 279.02143436997903
7 1 0.0 274.13043769999786
7 1 642.1034945152023 915.4618137425059
7 1 372.46388906649645 643.3851851724012
7 1 745.3326106299919 1009.401349549993
7 1 0.0 257.98437183000306
7 1 467.9106386899666 724.718044489965
7 1 978.9945679431985 1232.313355356
7 1 0.0 247.49579871223114
7 1 0.0 243.0663877200068
7 1 0.0 238.27087823049828
7 1 0.0 234.5020865323977
7 1 0.0 228.89199520029706
7 1 37.77718287000755 263.3069480100079
7 1 0.0 223.83435088000113
7 1 0.0 219.25667785210908
7 1 0.0 218.6420423675039
7 1 0.0 215.99413148999747
7 1 0.0 214.36676718548551
7 1 192.47551562001308 403.3209776399956
7 1 0.0 208.20860294000443
7 1 0.0 205.9154659799914
7 1 0.0 205.55508341919312
7 1 0.0 204.323115435599
7 1 0.0 203.05469360039592
7 1 0.0 197.9283579103992
7 1 3.0873249200117243 192.22809993001488
7 1 0.0 186.66813114220122
7 1 0.0 185.92348775999017
7 1 0.0 183.89253976015243
7 1 176.3160908314997 354.6257220256995
7 1 42.961363950001925 218.9689294900023
7 1 0.0 174.96987385689954
7 1 0.0 170.58886529998586
7 1 0.0 168.046112203782
7 1 0.0 160.39703835290038
7 1 0.0 160.02060970001185
7 1 5.21275542479998 163.1096228906972
7 1 0.0 157.54041767160055
7 1 0.0 155.4303448191904
7 1 114.0622338372059 267.704447033894
7 1 0.0 153.01623947999906
7 1 0.0 148.39739847000146
7 1 0.0 143.42124964829873
7 1 0.0 139.9827497900078
7 1 74.37165681999984 213.840071540003
7 1 0.0 138.10305881090687
7 1 97.93934940000804 230.26531290999628
7 1 0.0 126.53592603000152
7 1 17.4903368577053 142.91469020969816
7 1 0.0 121.85933568395461
7 1 0.0 118.75805600000899
7 1 0.0 117.18115055000635
7 1 0.0 111.63321668640765
7 1 110.82165851039235 222.17671421749492
7 1 0.0 110.07397022000083
7 1 0.0 105.41565899210445
7 1 98.0394182 202.48167731999752
7 1 5913.016149326868 6016.407044316535
7 1 0.0 103.18797816000597
7 1 0.0 102.82075050001527
7 1 0.0 102.45037153000362
7 1 0.0 102.0285400974999
7 1 0.0 100.99500449000334
7 1 2065.752138449998 2164.313872650029
7 1 0.0 97.01171495999108
7 1 0.0 95.50436759000604
7 1 0.0 86.99889185749498
7 1 0.0 78.97094194999931
7 1 351.0899981399989 429.74761485001545
7 1 0.0 71.51094887999557
7 1 0.0 69.23487259000649
7 1 0.0 67.21950502359846
7 1 0.0 66.48031532000005
7 1 0.0 64.375622001603
7 1 0.0 63.88618981760919
7 1 43.227108579982996 105.62404259001187
7 1 861.5907832382854 923.0899035519983
7 1 0.0 60.88689914750512
7 1 116.13380607999852 176.92806290998772
7 1 0.04855209298102636 56.62727339469939
7 1 0.0 54.10521835480347
7 1 0.0 50.790074310202726
7 1 0.0 50.45451729000888
7 1 603.7515015799888 654.0332501399807
7 1 127.53307508759349 177.76358091199768
7 1 0.0 47.043617410105526
7 1 0.0 42.79180648199849
7 1 0.0 42.05311267301272
7 1 0.0 40.81941852998443
7 1 0.0 39.39523344990266
7 1 0.0 35.32789092598068
7 1 0.0 33.098975356524534
7 1 0.0 32.46990854999535
7 1 0.0 30.453751969999075
7 1 665.4619080140073 695.6922609708126
7 1 0.0 26.21096566160395
7 1 0.0 16.744136190002905
7 1 0.0 16.264544879991263
7 1 0.0 14.339448759997538
7 1 67.88451737003925 79.01821074999543
7 1 0.0 9.015483479995282
7 1 35.454982923104126 42.33368734440364
7 1 0.0 5.724740587502254
7 1 0.0 3.1482091920029234
7 1 0.0 1.885146520001399
7 1 0.0 0.2163341669076999
7 0 0.0 inf
7 0 0.0 13.000742400002537
# COVID_SAMPLE_14_ROI_2
8 1 0.0 80024.19758379887
8 1 0.0 39540.01223631086
8 1 0.0 28899.173399483574
8 1 0.0 19556.066771328016
8 1 0.0 13581.969836609991
8 1 0.0 10589.166953420005
8 1 0.0 8950.170676875481
8 1 0.0 8529.155366587996
8 1 0.0 5832.00508870438
8 1 0.0 5674.0424047178285
8 1 0.0 5517.648080577597
8 1 0.0 5362.294521689992
8 1 0.0 5361.803398040002
8 1 0.0 5307.146328749096
8 1 0.0 5120.696322850023
8 1 0.0 4863.535272969989
8 1 223.94185191919973 4755.211005528205
8 1 0.0 4458.852682850016
8 1 0.0 4287.242267759963
8 1 0.0 4248.811130741109
8 1 0.0 4176.321007864422
8 1 0.0 4118.2700201476
8 1 0.0 4091.4219790185243
8 1 0.0 3988.4488292500273
8 1 0.0 3832.166165730004
8 1 0.0 3764.2217549099933
8 1 0.0 3683.022385480042
8 1 0.0 3637.0550017280166
8 1 0.0 3460.317421140039
8 1 1406.6062006375005 4855.071394306013
8 1 0.0 3446.3298730499732
8 1 0.0 3382.281640349992
8 1 0.0 3180.374096152798
8 1 0.0 3145.9032070016137
8 1 12.29778036603443 3121.89163487062
8 1 0.0 3103.7070536999963
8 1 0.0 3097.7750736344074
8 1 0.0 3002.611429095139
8 1 0.0 3000.121586441994
8 1 0.0 2839.5178065735986
8 1 0.0 2821.8624529600065
8 1 0.0 2806.6742244684883
8 1 502.1811169918037 3276.345074745401
8 1 0.0 2693.642012207975
8 1 0.0 2639.3233105900135
8 1 0.0 2516.0871045276376
8 1 0.0 2493.6209549099676
8 1 756.5517765100012 3234.9608608500107
8 1 0.0 2449.591316913212
8 1 0.0 2406.8627520350055
8 1 647.2102418400095 3041.280982580033
8 1 0.0 2387.314541119995
8 1 0.0 2345.1832992275977
8 1 0.0 2316.790025371395
8 1 0.0 2302.669812296018
8 1 0.0 2280.888430609997
8 1 0.0 2254.1175976636014
8 1 0.0 2244.106567290103
8 1 0.0 2239.8536169375056
8 1 0.0 2209.714659481594
8 1 0.0 2150.4302419935975
8 1 0.0 2145.4894483029066
8 1 0.0 2137.6944977600015
8 1 0.0 2101.460839709212
8 1 0.0 2047.7594161276015
8 1 0.0 2029.88391001119
8 1 0.0 2028.6038328100185
8 1 6492.82806309079 8462.438159156392
8 1 252.00311119040248 2216.170806406102
8 1 102.57710805752049 2028.1687565195043
8 1 0.0 1914.7537494504209
8 1 0.0 1900.8594569694874
8 1 0.0 1874.319428177485
8 1 0.0 1842.9446981584733
8 1 0.0 1838.754978950009
8 1 0.0 1783.1745940419926
8 1 1642.363926889443 3418.2243722928088
8 1 0.0 1760.8062911099976
8 1 0.0 1743.144061560899
8 1 0.0 1708.5696774399935
8 1 0.0 1676.1614251300143
8 1 0.0 1649.5510160000076
8 1 0.0 1627.9925865100176
8 1 0.0 1618.0179305273032
8 1 0.0 1592.834729320015
8 1 0.0 1584.3709072300026
8 1 0.0 1576.152030543296
8 1 0.0 1575.0622338570993
8 1 0.0 1555.3187956824977
8 1 0.0 1528.552402429994
8 1 0.0 1522.9995915756062
8 1 0.0 1522.1341093833016
8 1 0.0 1503.111873050022
8 1 0.0 1492.4456737944952
8 1 0.0 1491.5522476200022
8 1 0.0 1480.7559425999953
8 1 0.0 1474.4145897107123
8 1 0.0 1472.3012231639016
8 1 0.0 1470.7871791295788
8 1 0.0 1463.5551047699719
8 1 0.0 1440.7416210287106
8 1 0.0 1439.8709297450941
8 1 0.0 1437.7348162104017
8 1 0.0 1425.1539158839091
8 1 0.0 1416.0513020275935
8 1 0.0 1391.0699700774976
8 1 0.0 1355.2623857332133
8 1 0.0 1342.0064739625036
8 1 0.0 1336.786411257314
8 1 0.0 1328.4109095000103
8 1 0.0 1322.7867507399933
8 1 0.0 1322.0684345625218
8 1 0.0 1321.5586835936983
8 1 0.0 1320.6276829374897
8 1 0.0 1315.953197656213
8 1 688.2644380199981 1998.6907643900186
8 1 0.0 1303.1978878363752
8 1 0.0 1272.7218699618952
8 1 0.0 1269.1729153512892
8 1 0.0 1267.9907931690477
8 1 0.0 1259.3034765200318
8 1 0.0 1256.1962292047938
8 1 209.0082808099911 1435.8405557099522
8 1 0.0 1218.224388294399
8 1 0.0 1190.4301651200021
8 1 0.0 1187.1302880479989
8 1 0.0 1159.3609569900148
8 1 413.0489445300045 1543.0644353099633
8 1 0.0 1127.826373439988
8 1 0.0 1118.2533601093
8 1 0.0 1112.0016068424975
8 1 0.0 1111.0939991999999
8 1 0.0 1097.7350006980046
8 1 0.0 1088.0462550333004
8 1 0.0 1084.6809949699802
8 1 0.0 1066.2730152199852
8 1 0.0 1038.5023898100162
8 1 0.0 1025.7184650310046
8 1 222.36253586839666 1239.1088790609028
8 1 0.0 1011.7589357250854
8 1 0.0 1007.3517710956012
8 1 0.0 1004.4444478275091
8 1 0.0 991.9943348693823
8 1 0.0 991.0815094200004
8 1 0.0 970.9087839199974
8 1 0.0 966.3204555644988
8 1 0.0 955.2961281700027
8 1 0.0 944.8997909933933
8 1 0.0 941.0530209431804
8 1 0.0 933.4105782072129
8 1 0.0 932.3803053035892
8 1 0.0 910.7939862000035
8 1 0.0 909.3262133599857
8 1 0.0 902.3055825231927
8 1 0.0 894.6388767700014
8 1 0.0 875.1670592800147
8 1 0.0 868.3692635399757
8 1 25.924336444394612 890.2312622848926
8 1 0.0 861.9960991096013
8 1 0.0 857.8618110413108
8 1 0.0 834.4097989461079
8 1 0.0 831.5218098499895
8 1 0.0 822.7058023200211
8 1 0.0 821.2906614200065
8 1 0.0 820.1252597296652
8 1 0.0 815.5519077310992
8 1 0.0 809.1141277241011
8 1 0.0 807.5203043600013
8 1 0.0 798.2815549965983
8 1 0.0 776.0374248980038
8 1 0.0 775.2294133252817
8 1 0.0 773.7623360500011
8 1 0.0 771.1149422292967
8 1 0.0 764.5737140163276
8 1 0.0 762.7510892676082
8 1 0.0 753.4644181965061
8 1 0.0 743.1244492596961
8 1 0.0 738.0936955700158
8 1 0.0 728.065628559998
8 1 0.0 726.6292819700159
8 1 0.0 718.4355278300013
8 1 0.0 711.5894883424096
8 1 315.22732986431265 1019.2314733767025
8 1 0.0 697.8544618144776
8 1 261.41914609199057 951.7432566848947
8 1 0.0 681.9551296499903
8 1 0.0 676.8691914600049
8 1 0.0 675.6737039200243
8 1 0.0 673.7449082813
8 1 0.0 671.6980995075146
8 1 0.0 669.618143457496
8 1 3.6572532800082627 671.997285080015
8 1 0.0 666.8425136800056
8 1 0.0 666.2859522599942
8 1 0.0 656.9652242279963
8 1 0.0 653.8150122499951
8 1 0.0 639.6785968525205
8 1 0.0 638.2510323200108
8 1 3.7587925099997506 637.8422037499884
8 1 0.0 633.6870974758012
8 1 126.36415314879969 758.6996439144041
8 1 0.0 629.6846598899856
8 1 0.0 628.8507809599878
8 1 0.0 617.5764926000106
8 1 0.0 615.2758891083959
8 1 182.17290553003158 793.8360073599879
8 1 0.0 607.5611531600052
8 1 0.0 604.024652894396
8 1 0.0 600.822461350022
8 1 378.3952482528375 974.7639280629078
8 1 0.0 594.9268240932033
8 1 0.0 592.0828396000011
8 1 0.0 591.4413025649096
8 1 0.0 590.4765037180987
8 1 0.0 587.1208493443837
8 1 0.0 572.1431587513066
8 1 0.0 571.8979159600149
8 1 0.0 569.8485777234955
8 1 605.2026979032914 1172.4069940380023
8 1 0.0 566.7237015456108
8 1 0.0 566.4952150712011
8 1 0.0 556.439470077489
8 1 0.0 551.3147132899928
8 1 0.0 548.4325025065
8 1 223.67304874995352 762.5399891099714
8 1 0.0 532.648489435463
8 1 0.0 530.1951262299908
8 1 0.0 529.0573059531253
8 1 0.0 526.88564494001
8 1 0.0 520.1120285345021
8 1 0.0 517.1573490299952
8 1 0.0 515.7768309738958
8 1 0.0 505.36612104051096
8 1 1098.2643222899806 1592.5743328788685
8 1 0.0 493.9287071131039
8 1 179.83733379999012 668.7450794400033
8 1 0.0 478.49688086320384
8 1 0.0 478.0035971824966
8 1 0.0 476.71058149600447
8 1 0.0 474.3841217999957
8 1 0.0 474.126919939612
8 1 0.0 472.9519611999997
8 1 0.0 471.3086992296876
8 1 0.0 469.70329685000024
8 1 0.0 468.8879123299824
8 1 0.0 465.61513365600285
8 1 0.0 458.91375123998296
8 1 0.0 456.00462011279933
8 1 0.0 447.0180956800009
8 1 0.0 442.5108124278983
8 1 0.0 441.4766992099999
8 1 0.0 437.4976286904068
8 1 0.0 434.8461424400257
8 1 0.0 433.4701395842992
8 1 0.0 428.09079524040453
8 1 116.9504807324829 544.4639945124973
8 1 1386.6939442485009 1809.8689131260003
8 1 403.12364901910905 825.9108147200093
8 1 0.0 417.2956067993116
8 1 0.0 415.6438658379928
8 1 0.0 414.45753046840855
8 1 0.0 411.1967732548944
8 1 0.0 405.6928861599815
8 1 0.0 403.65739426399864
8 1 0.0 397.4017279700179
8 1 0.0 396.4004825624943
8 1 0.0 394.86592771001096
8 1 0.0 392.2088350389006
8 1 0.0 383.4503217992342
8 1 0.0 382.2119827713027
8 1 0.0 381.88437214997657
8 1 0.0 379.42249276040684
8 1 0.0 377.9471193600134
8 1 0.0 377.87034261248914
8 1 0.0 373.80550986680146
8 1 0.0 373.6966908400027
8 1 0.0 367.7978835396002
8 1 0.0 364.8995200500001
8 1 40.03770247639636 403.90189940750224
8 1 0.0 363.414492730803
8 1 0.0 362.85225507889675
8 1 0.0 362.489174559988
8 1 0.0 358.4415980420083
8 1 0.0 356.3529151236007
8 1 0.0 353.05369617001134
8 1 0.0 349.33524862599234
8 1 1227.3522469718073 1576.6751685738086
8 1 0.0 346.43033485000524
8 1 190.53013329996065 536.1261410530733
8 1 0.0 345.2257139199862
8 1 0.0 343.45084559000594
8 1 0.0 342.07739390999006
8 1 0.0 339.96525613761514
8 1 0.0 337.79147775798697
8 1 0.0 334.0570684689028
8 1 2760.088111654404 3094.0546207867174
8 1 0.0 332.52175923999994
8 1 0.0 327.4086669099852
8 1 4.085011865999945 330.5073004262373
8 1 0.0 325.92874107121224
8 1 0.0 325.02185283566314
8 1 0.0 315.1877024204871
8 1 0.0 313.8010976800058
8 1 0.0 310.4506093900036
8 1 0.0 304.8177346199925
8 1 0.0 303.85959220999894
8 1 46.47922089960855 348.64539928479803
8 1 491.99077330062937 784.8993523644003
8 1 0.0 291.30717134319184
8 1 0.0 289.1281697751001
8 1 0.0 289.11565760000514
8 1 970.107505754153 1258.6660029305494
8 1 209.93890454997836 494.3422259099898
8 1 0.0 277.3320364099968
8 1 164.13342979000026 440.05413260247224
8 1 0.0 274.31496856001195
8 1 0.0 271.8685047900062
8 1 0.0 270.6909099472018
8 1 0.0 270.3478086588116
8 1 0.0 269.3537169779879
8 1 0.0 266.8269262302056
8 1 0.0 265.96331216000056
8 1 0.0 264.8848758315926
8 1 0.0 257.37132616439794
8 1 132.83911448878598 386.26332431512037
8 1 199.07820891002484 451.35733363999134
8 1 0.0 252.03131520090028
8 1 0.0 249.43996573209733
8 1 16.110975078404635 265.3154410800089
8 1 0.0 248.17906744001266
8 1 0.0 242.43205637559458
8 1 0.0 241.27768912000016
8 1 0.0 240.41883103000055
8 1 0.0 231.15431387000865
8 1 0.0 230.7185470399936
8 1 0.0 227.13691507649582
8 1 0.0 227.02578620000526
8 1 0.0 220.31426201610702
8 1 0.0 219.57787677070758
8 1 0.0 217.820975097705
8 1 0.0 216.48835246999852
8 1 0.0 215.84213604749812
8 1 163.0170236000231 374.83778308997717
8 1 1288.411209715592 1498.337294548399
8 1 0.0 205.79797881320383
8 1 117.330473240012 321.7457381900093
8 1 29.32005721109664 232.29060909799762
8 1 0.0 201.84123943999475
8 1 0.0 199.6872045600103
8 1 0.0 198.26569186167148
8 1 0.0 194.17494145799265
8 1 0.0 193.70638965849457
8 1 0.0 193.56577150999738
8 1 0.0 192.4443959933053
8 1 491.86688890432106 681.4362266443077
8 1 0.0 186.19050401849773
8 1 0.0 185.56429471999286
8 1 0.0 183.5575161599992
8 1 0.0 183.34682546038857
8 1 14.458616630002552 197.35369435999337
8 1 0.0 182.4151108990991
8 1 337.4919072199875 519.449227469991
8 1 140.0886601213025 320.3469007693093
8 1 188.94161077749948 368.33454228600203
8 1 0.0 177.77359168000055
8 1 0.0 172.92656413000987
8 1 0.0 170.80053587999646
8 1 0.0 170.06780621440242
8 1 0.0 169.4280129925014
8 1 0.0 167.7582542400015
8 1 0.0 167.73503916999198
8 1 0.0 167.59237503000395
8 1 0.0 163.9889569099878
8 1 0.0 162.73622222001222
8 1 0.0 158.99516514760762
8 1 32.01528644248447 190.35623201148064
8 1 0.0 157.67013932840382
8 1 0.0 153.91228020999642
8 1 0.0 152.16775493000273
8 1 0.0 149.34241759999105
8 1 136.10598511799844 285.1989441169003
8 1 2372.6091584275146 2520.595413367506
8 1 0.0 145.4895481680016
8 1 0.0 144.43998066999382
8 1 0.0 144.39923534999662
8 1 201.4533331920029 343.69938305482174
8 1 0.0 140.40244639329558
8 1 0.0 135.2821780200104
8 1 317.1511805099926 450.0370729599799
8 1 0.0 131.32832950469606
8 1 0.0 130.1002429300038
8 1 149.08011783441543 278.2217414799974
8 1 53.56234871996094 180.19201083999724
8 1 0.0 122.88303454000177
8 1 56.61732872759512 177.7229355968031
8 1 0.0 120.51623458810118
8 1 0.0 117.03989748127913
8 1 0.0 114.59203315473997
8 1 0.0 114.50241635600219
8 1 0.0 113.59365719880088
8 1 0.0 112.85268814199776
8 1 51.691846430014266 163.5440755296421
8 1 138.3067631347892 249.50710289050426
8 1 0.0 110.370423130002
8 1 0.0 108.18321944001025
8 1 0.0 107.95314263109987
8 1 0.0 107.52296141675924
8 1 0.0 105.81982576999928
8 1 241.15059799601204 343.42925969730595
8 1 140.04398606999575 239.79321430999926
8 1 743.4346222500105 840.9304977300321
8 1 0.0 96.73382691799753
8 1 0.0 96.24355205750999
8 1 0.0 95.81082173449568
8 1 346.2694190939892 439.2862966572993
8 1 0.0 92.73630403799461
8 1 0.0 88.92881983999564
8 1 1937.220071170901 2025.6564538759958
8 1 0.0 87.88095826999597
8 1 0.0 86.72024508999897
8 1 0.0 85.15275351997707
8 1 0.0 83.78955484619746
8 1 0.0 80.90498567249927
8 1 173.05560871000625 250.31789499000678
8 1 0.0 76.83383325950479
8 1 81.24308867001218 151.59295973001008
8 1 0.0 70.2604335999913
8 1 0.0 64.31423933000247
8 1 0.0 62.96708930000955
8 1 230.71336221000183 292.04988219000063
8 1 0.0 60.60859423479991
8 1 0.0 59.50056899110227
8 1 0.0 58.90325490000532
8 1 66.09521529001495 120.04231275999746
8 1 91.45223174509215 144.10012900749757
8 1 168.11337783999807 220.3226743300056
8 1 0.0 52.17551042599371
8 1 0.0 50.63411422560466
8 1 0.0 50.50378692000072
8 1 0.0 49.895019360003175
8 1 143.03974379997226 192.60759155997903
8 1 0.0 49.10157256199972
8 1 0.0 49.06295739000416
8 1 1252.9545189600176 1301.4486091500366
8 1 0.0 46.94509222000079
8 1 178.9693061278681 225.45442856687214
8 1 0.0 45.76281109999539
8 1 0.0 41.23735421399897
8 1 0.0 34.96357722349876
8 1 268.3143249946073 300.32633828856365
8 1 0.0 31.02815292160375
8 1 0.0 26.034459009991224
8 1 173.6216017409409 199.06425217422026
8 1 0.0 25.355941902001135
8 1 108.0954101599948 131.13932000000113
8 1 0.0 22.29589431299935
8 1 0.0 22.219318343995667
8 1 0.0 21.365601139691563
8 1 0.0 20.450782367096963
8 1 0.0 20.16739901001756
8 1 0.0 20.03805051000461
8 1 0.0 19.90193727999599
8 1 561.1939037375014 580.314612229999
8 1 0.0 17.65390656000602
8 1 0.0 16.623094928014325
8 1 0.0 16.094978247501103
8 1 0.0 14.878481487495264
8 1 0.0 7.345831947604893
8 1 1253.354765760001 1260.4061079900061
8 1 132.97308788920827 135.38657846910337
8 1 274.29067591001785 276.05555000001414
8 0 0.0 inf
8 0 0.0 969.4845939700372
# COVID_SAMPLE_14_ROI_1
9 1 0.0 31560.822430307613
9 1 0.0 21604.82660933971
9 1 12801.683379853293 32863.59668812627
9 1 3015.7094629339736 22177.713892332908
9 1 0.0 11247.021134400024
9 1 0.0 9842.343771119973
9 1 0.0 9160.223733580404
9 1 0.0 7875.174885001994
9 1 0.0 7831.178646595301
9 1 0.0 7435.766729583593
9 1 0.0 7132.04187027003
9 1 0.0 6737.738554536059
9 1 0.0 6572.449468239997
9 1 0.0 6509.140671012678
9 1 0.0 6023.71730301119
9 1 0.0 5843.969134949992
9 1 0.0 5419.907000000023
9 1 0.0 5132.924267302513
9 1 0.0 4708.303752414939
9 1 0.0 4688.4465912774995
9 1 0.0 4541.793048542007
9 1 125.69036462999156 4640.5135592900015
9 1 0.0 3898.8132913745085
9 1 0.0 3850.101926069614
9 1 0.0 3832.0262243100296
9 1 0.0 3741.9280375672006
9 1 0.0 3673.506570127495
9 1 0.0 3632.86402673888
9 1 0.0 3517.4629722376067
9 1 0.0 3422.0213017007836
9 1 0.0 3412.6611334800073
9 1 0.0 3334.145610892
9 1 0.0 3278.792071494003
9 1 0.0 3224.7373390800312
9 1 3768.0834220988636 6856.159878788179
9 1 0.0 3015.5206911900204
9 1 164.44856879520012 3173.0200920383977
9 1 1388.681634240007 4336.919989849995
9 1 0.0 2784.742939177496
9 1 0.0 2717.0281155275734
9 1 0.0 2715.499118989984
9 1 0.0 2523.4464761100003
9 1 0.0 2500.501107181986
9 1 0.0 2480.852655269985
9 1 0.0 2433.947109696804
9 1 0.0 2427.8369433299595
9 1 0.0 2425.753982409956
9 1 0.0 2395.9503370320053
9 1 82.32028007998997 2470.157517592502
9 1 0.0 2326.6979287846925
9 1 0.0 2293.110651009998
9 1 0.0 2285.4698608017006
9 1 0.0 2274.5195858844017
9 1 0.0 2079.656277090031
9 1 0.0 2054.7313060479974
9 1 0.0 2049.440782458929
9 1 0.0 2046.8356821199923
9 1 0.0 2024.7133084560094
9 1 0.0 2004.0791252639065
9 1 0.0 1991.859835422396
9 1 0.0 1987.0298123683924
9 1 0.0 1982.432524739986
9 1 0.0 1972.1711868000084
9 1 233.53861914999652 2199.9558327199884
9 1 0.0 1923.363024210012
9 1 0.0 1916.224958239979
9 1 0.0 1912.3887096000326
9 1 0.0 1891.3985588700011
9 1 0.0 1866.8341597956396
9 1 1995.0293629388952 3861.8344463255116
9 1 0.0 1863.568928748798
9 1 0.0 1789.5870006707046
9 1 0.0 1758.158031226917
9 1 0.0 1736.6470084000357
9 1 0.0 1730.0295894800147
9 1 0.0 1710.6891556000046
9 1 0.0 1674.452410329582
9 1 0.0 1648.0595807885254
9 1 0.0 1632.1435068875026
9 1 0.0 1631.5066523096027
9 1 0.0 1586.3197770199736
9 1 0.0 1574.5534770755175
9 1 0.0 1570.070829404347
9 1 288.6005932680109 1854.6459654599776
9 1 0.0 1556.8593109569092
9 1 0.0 1546.6842074399883
9 1 0.0 1536.0572951299841
9 1 0.0 1522.6108035799803
9 1 6338.629385809983 7821.412567079946
9 1 0.0 1437.2258400509932
9 1 0.0 1430.7023427109998
9 1 0.0 1419.7716566474646
9 1 0.0 1414.9758995999873
9 1 0.0 1407.615978079979
9 1 0.0 1386.7888862162981
9 1 89.05134122001527 1458.3300517800044
9 1 0.0 1364.1630079398974
9 1 1528.9402989993214 2889.2942113096105
9 1 1823.1033853075041 3165.8203761130917
9 1 0.0 1340.323063047461
9 1 0.0 1319.9251668000265
9 1 0.0 1292.7288288799823
9 1 0.0 1292.6849098620091
9 1 0.0 1278.6822829199866
9 1 0.0 1277.7502034664667
9 1 0.0 1275.4889545500118
9 1 0.0 1267.7403104895893
9 1 0.0 1261.9125750404091
9 1 0.0 1259.0861839300037
9 1 0.0 1254.824642159996
9 1 0.0 1232.6635076558923
9 1 0.0 1230.6687504279894
9 1 0.0 1216.9015757500047
9 1 0.0 1179.4800504800153
9 1 0.0 1172.3485803045241
9 1 0.0 1158.962727574405
9 1 0.0 1149.964579570016
9 1 153.63767054469895 1302.481627875502
9 1 0.0 1139.183286670937
9 1 0.0 1126.3641170299952
9 1 0.0 1113.0020218300028
9 1 0.0 1065.9909318130149
9 1 0.0 1062.2971443260312
9 1 0.0 1061.5860195784019
9 1 0.0 1040.1095181599958
9 1 0.0 1022.9895746400093
9 1 0.0 995.8992602016081
9 1 0.0 991.645075759983
9 1 0.0 990.2623016400044
9 1 0.0 987.9466731699972
9 1 5.497158942795522 985.2830127464986
9 1 0.0 979.1464618169025
9 1 0.0 978.4833816175037
9 1 0.0 975.5895431699519
9 1 0.0 963.820062847999
9 1 0.0 949.2183961152934
9 1 0.0 946.9315858351156
9 1 177.9571647600178 1121.700412080017
9 1 0.0 942.0912909299832
9 1 0.0 941.503048179093
9 1 0.0 919.3525390900015
9 1 0.0 901.831518859984
9 1 0.0 889.9245617099646
9 1 29.209889057890905 918.3145391000198
9 1 0.0 885.7045395599889
9 1 0.0 877.0885634700171
9 1 0.0 872.5966413500023
9 1 0.0 863.9043501700371
9 1 0.0 862.218867741994
9 1 0.0 857.2457198600082
9 1 0.0 844.463181269994
9 1 0.0 835.2707890931842
9 1 61.24460672001442 896.2617424099998
9 1 0.0 812.5119743199793
9 1 0.0 799.3337510309059
9 1 0.0 798.2074415100087
9 1 635.4857025023939 1424.1988007126947
9 1 0.0 780.9392417664569
9 1 0.0 779.7509507900118
9 1 0.0 767.6076477100007
9 1 0.0 756.681829679987
9 1 0.0 754.4170907600123
9 1 0.0 753.1656527620253
9 1 0.0 736.6657522519968
9 1 0.0 728.5449388880022
9 1 0.0 727.5738973591033
9 1 0.0 712.4386743904024
9 1 0.0 708.8573447200142
9 1 0.0 703.5395492700027
9 1 354.3472565144027 1053.5268424843987
9 1 0.0 691.4837940799821
9 1 0.0 683.0401831169052
9 1 0.0 681.6594731699957
9 1 0.0 680.8447542799959
9 1 0.0 676.0473180264016
9 1 0.0 673.2727737275063
9 1 0.0 671.101570839995
9 1 221.71648120680356 891.0463242327978
9 1 0.0 653.4473247199967
9 1 0.0 645.6341165099911
9 1 0.0 644.8621144450474
9 1 0.0 637.875360269993
9 1 0.0 635.2477876619942
9 1 7448.316050151999 8082.548421846503
9 1 0.0 632.0386755799682
9 1 0.0 620.6611115246526
9 1 0.0 617.6290918899904
9 1 0.0 616.0199920419984
9 1 0.0 615.8554234100393
9 1 0.0 615.6101218399963
9 1 0.0 613.1839153331998
9 1 0.0 612.8572781999833
9 1 0.0 605.6427452325115
9 1 0.0 600.2030570800125
9 1 0.0 599.112028969998
9 1 0.0 598.6653100099898
9 1 0.0 597.6917376699816
9 1 0.0 592.9292717381941
9 1 0.0 587.3733809600008
9 1 0.0 587.3437115056022
9 1 771.4129949300013 1354.8055947299881
9 1 106.2716515539937 687.8801406324083
9 1 0.0 577.8147414300093
9 1 0.0 577.1809517360025
9 1 0.0 571.8721426099901
9 1 0.0 569.8948168940024
9 1 0.0 545.0956128500009
9 1 0.0 538.1882482231904
9 1 0.0 525.9921420524997
9 1 0.0 525.567916267597
9 1 0.0 511.4846526199799
9 1 0.0 510.6748952000089
9 1 26.983910729093623 534.0240014740014
9 1 0.0 506.12517322200165
9 1 0.0 505.22461009000176
9 1 0.0 502.2301415885122
9 1 0.0 499.18967140002223
9 1 581.1924943423983 1080.349200439985
9 1 704.556063760002 1200.11002708
9 1 0.0 478.7107836700011
9 1 0.0 469.96646648001297
9 1 0.0 468.34241080999436
9 1 0.0 462.8455393087271
9 1 78.57240588390414 540.0979459991022
9 1 0.0 461.0217705699938
9 1 54.53483240000969 514.0972623600028
9 1 0.0 458.37145412000586
9 1 0.0 452.9742600731172
9 1 0.0 448.307638463706
9 1 0.0 438.9055866165104
9 1 3274.7672141856624 3707.238923682477
9 1 389.0012854762922 815.290339713908
9 1 0.0 419.6616365999939
9 1 3312.5474103516885 3729.0994391615877
9 1 0.0 416.0779856400011
9 1 4760.53065017295 5174.137589314722
9 1 0.0 412.18175808001524
9 1 0.0 411.530746151996
9 1 0.0 409.83311497559873
9 1 0.0 407.19171278367537
9 1 0.0 406.3170180783918
9 1 0.0 400.61845920000815
9 1 0.0 395.3862571700229
9 1 0.0 388.818511649994
9 1 0.0 386.2514651455976
9 1 256.1633551999912 630.5320766199881
9 1 0.0 371.62823177638893
9 1 0.0 368.49830971000347
9 1 0.0 368.0945569999915
9 1 0.0 365.84760296000263
9 1 0.0 363.1664628342869
9 1 794.6482968899891 1154.432772249996
9 1 0.0 358.17618212150046
9 1 0.0 355.4761799139976
9 1 2210.863037480005 2563.454448350072
9 1 0.0 352.21336562359716
9 1 0.0 340.0335347076034
9 1 0.0 335.15523783184136
9 1 0.0 335.0426420899703
9 1 0.0 334.0905840907981
9 1 0.0 332.89306690609783
9 1 1449.758324768014 1781.9879570655958
9 1 0.0 331.1555537999702
9 1 0.0 331.09574137400637
9 1 0.0 326.85382988002266
9 1 0.0 325.9584506176029
9 1 0.0 317.78183835000334
9 1 0.0 315.63297815999044
9 1 0.0 314.9796638110556
9 1 124.69654110750162 437.4104987540061
9 1 0.0 312.1767971820941
9 1 515.7818617624775 827.1220702800028
9 1 0.0 309.298927749976
9 1 0.0 309.09227429550447
9 1 0.0 307.214235050003
9 1 0.0 305.0913948256093
9 1 0.0 301.028845250004
9 1 0.0 297.8387926605019
9 1 0.0 290.02703206560386
9 1 0.0 289.617634009991
9 1 0.0 287.80012378999936
9 1 0.0 285.5184827292019
9 1 0.0 284.38388992000273
9 1 227.60997050500038 511.28838629960063
9 1 859.9957693926726 1141.3083920839817
9 1 0.0 273.3330905100029
9 1 0.0 272.7410037316023
9 1 0.0 270.8826141299994
9 1 714.7894583700058 981.1000193600037
9 1 1109.7184794249697 1375.0340839624942
9 1 0.0 263.53583508000975
9 1 0.0 262.43431385980057
9 1 0.0 261.8987308699964
9 1 0.0 258.42526439999574
9 1 0.0 247.63676351728736
9 1 306.8186305124982 548.6857629916994
9 1 633.9508822399791 871.9713210699954
9 1 0.0 236.0170127616974
9 1 370.9974275299842 605.4579549299933
9 1 0.0 227.55157027510177
9 1 61.07830585600044 286.1819062800041
9 1 0.0 220.07749436690938
9 1 0.0 219.5446702399879
9 1 0.0 217.12478377999832
9 1 0.0 216.2112858113445
9 1 0.0 213.01882107999168
9 1 201.72589670279876 407.95643586759667
9 1 0.0 204.27141946000324
9 1 0.0 197.04492036000033
9 1 0.0 196.95768819999398
9 1 0.0 194.02540543000077
9 1 0.0 192.64541124999369
9 1 615.4550141358982 806.7996660602957
9 1 0.0 190.0811693700041
9 1 0.0 185.4784852300072
9 1 0.0 184.37032412435246
9 1 0.0 183.99376210110108
9 1 0.0 178.8445207599898
9 1 0.0 178.48387334999506
9 1 146.57504244999473 320.27133243999515
9 1 153.02162959040788 324.29725040040125
9 1 0.0 163.8419778500055
9 1 0.0 161.72107499999197
9 1 0.0 159.23852312440067
9 1 0.0 156.23805829640042
9 1 8.957506382897577 165.1785330025075
9 1 308.9034792499913 461.5445930220085
9 1 0.0 150.3137890160001
9 1 1838.3024259823833 1986.2829613943813
9 1 0.0 146.8448192699991
9 1 0.0 145.23101380000253
9 1 579.1325716899951 720.5203802000069
9 1 0.0 138.9872872500148
9 1 0.0 134.67930309599865
9 1 0.0 133.7319982174704
9 1 0.0 131.02344884999866
9 1 334.3683076799816 462.432189520021
9 1 211.7391462144019 338.6274113856098
9 1 0.0 121.227107199991
9 1 0.0 116.60405731999842
9 1 0.0 115.98642272770212
9 1 90.13834811000106 205.68788470999198
9 1 0.0 113.49124744120036
9 1 0.0 113.02795261001052
9 1 0.0 109.94004736319948
9 1 0.0 107.50518194998403
9 1 0.0 106.45489163000474
9 1 0.0 103.52854148999995
9 1 0.0 101.97113314997478
9 1 0.0 94.12055009226265
9 1 0.0 90.83653509720392
9 1 0.0 90.36453211996741
9 1 0.0 89.82286312160181
9 1 50.47506520650143 138.9318774760044
9 1 0.0 87.48882893490213
9 1 0.0 85.90826599810498
9 1 0.0 84.95399469790493
9 1 0.0 81.6302860734582
9 1 0.0 80.21535875640029
9 1 0.0 77.67496959999266
9 1 0.0 74.32828488610028
9 1 0.0 69.14776118469058
9 1 0.0 68.66672182091804
9 1 0.0 67.06924652000453
9 1 0.0 64.51396963680361
9 1 0.0 62.8883725700307
9 1 0.0 62.396829438204804
9 1 0.0 58.55411637240604
9 1 2344.9863519599985 2401.4819358899867
9 1 0.0 56.30820296999195
9 1 0.0 53.869858590033346
9 1 1383.8782162500174 1437.0139882999974
9 1 99.10156634000805 151.8830681900056
9 1 1138.5611431595057 1191.2619263146962
9 1 0.0 50.96931804000178
9 1 0.0 50.760056432813684
9 1 0.0 48.40423993869808
9 1 0.0 45.08971315999361
9 1 1337.717150999978 1381.6707588799832
9 1 0.0 40.91503686689157
9 1 0.0 31.693957293580752
9 1 0.0 31.422340110003233
9 1 824.7839482795945 855.1502061191994
9 1 450.6373578755747 478.6184397155871
9 1 0.0 24.65557161000129
9 1 109.23800736861676 132.59795017995532
9 1 0.0 22.18751940450062
9 1 0.0 21.878157840019412
9 1 0.0 21.397812628494194
9 1 0.0 18.58216827001661
9 1 388.4639297799895 406.239097569985
9 1 0.0 15.904516396066356
9 1 490.7753398799996 504.1799518104508
9 0 0.0 inf
# COVID_SAMPLE_20_ROI_17
10 1 0.0 44652.66084634449
10 1 8988.673293411674 33937.53702966118
10 1 0.0 20076.158475999975
10 1 0.0 19703.749119520056
10 1 6184.092583402227 25703.063041505986
10 1 0.0 15606.728047310036
10 1 0.0 13007.187984026012
10 1 0.0 12049.849856430015
10 1 0.0 11931.323502898802
10 1 0.0 11632.005623960009
10 1 0.0 10304.02408740004
10 1 0.0 9802.880090927705
10 1 0.0 7721.789045132495
10 1 0.0 6946.983323517891
10 1 0.0 6879.887202884921
10 1 0.0 6824.847211013986
10 1 0.0 6500.006049999995
10 1 0.0 6428.721108839994
10 1 0.0 6276.399003512688
10 1 0.0 6060.809010621288
10 1 849.414584837321 6837.7905895993
10 1 0.0 5949.11955354239
10 1 0.0 5864.640513650002
10 1 0.0 5800.346470449211
10 1 0.0 5768.579115829987
10 1 0.0 5725.771341120009
10 1 0.0 5665.814400039993
10 1 0.0 5649.112082449985
10 1 0.0 5629.279289789083
10 1 0.0 5478.037422879289
10 1 0.0 5232.25908384695
10 1 0.0 5232.174159139197
10 1 0.0 5144.5348604603805
10 1 0.0 5072.510698099667
10 1 0.0 5053.949452980007
10 1 0.0 5051.0309474084115
10 1 0.0 4895.783343999998
10 1 6452.880780029971 11278.555157930006
10 1 0.0 4735.675512467607
10 1 0.0 4649.346146008393
10 1 2605.1532942100057 7245.730545930381
10 1 0.0 4617.238262207064
10 1 0.0 4587.652445141306
10 1 0.0 4248.979396077819
10 1 0.0 4190.292240407116
10 1 187.65941445960743 4336.408591513904
10 1 0.0 3971.3483601299895
10 1 0.0 3924.626645447236
10 1 0.0 3769.314747518012
10 1 0.0 3762.8667257316038
10 1 0.0 3630.367853795984
10 1 0.0 3524.6137403699945
10 1 0.0 3472.383561243897
10 1 0.0 3360.5169956819936
10 1 45.24832600000627 3350.232921638378
10 1 0.0 3287.180325632088
10 1 6288.200465150016 9534.238731270014
10 1 0.0 3231.6306353614546
10 1 0.0 3210.368613294006
10 1 0.0 3061.6625924975942
10 1 0.0 3050.3316078899857
10 1 767.6716278268514 3805.913196566499
10 1 10029.395873610001 13065.454705239968
10 1 0.0 2909.5734385774695
10 1 0.0 2801.3534908225056
10 1 0.0 2791.413403835597
10 1 0.0 2774.7687014967087
10 1 0.0 2755.7180671855
10 1 4856.289010470027 7604.567457320006
10 1 0.0 2686.6393827524753
10 1 11.561317905297983 2689.274434810942
10 1 0.0 2645.9962881552146
10 1 0.0 2625.892879230494
10 1 0.0 2608.0964036833966
10 1 0.0 2585.8869298399923
10 1 0.0 2520.1383307099914
10 1 0.0 2508.9774592385043
10 1 0.0 2505.7880898541084
10 1 0.0 2489.6048398816138
10 1 204.62677664000694 2688.63512988
10 1 0.0 2393.728948229513
10 1 0.0 2345.324842669961
10 1 0.0 2307.8444283299896
10 1 1458.1895957396844 3704.0021665239055
10 1 0.0 2185.1909923699914
10 1 0.0 2145.2778727487866
10 1 0.0 2137.6637458699734
10 1 0.0 2129.4044994039987
10 1 0.0 2115.0177654399886
10 1 0.0 2084.0466790159917
10 1 0.0 2080.559400042108
10 1 0.0 2054.689281394014
10 1 0.0 2044.9544702803923
10 1 747.5536230503949 2740.139306442395
10 1 0.0 1960.5610390075954
10 1 0.0 1953.6907786959853
10 1 376.2056413223968 2241.019466433598
10 1 0.0 1860.837129699997
10 1 0.0 1853.8378397900103
10 1 0.0 1830.8485052499418
10 1 0.0 1817.8611519266706
10 1 0.0 1799.6514965165006
10 1 0.0 1754.4194660375015
10 1 0.0 1723.4708304399956
10 1 0.0 1681.7014869994955
10 1 0.0 1663.7842621599848
10 1 0.0 1640.6965389624766
10 1 0.0 1620.0817585040204
10 1 0.0 1602.6833434400069
10 1 0.0 1595.5772092575041
10 1 0.0 1544.208275092497
10 1 6848.113333214427 8378.197201559607
10 1 0.0 1488.8141217475022
10 1 448.2592024748992 1861.7406996061382
10 1 0.0 1397.7484765199688
10 1 0.0 1326.3607352500032
10 1 313.11287340201307 1635.510684121995
10 1 0.0 1322.3048857100048
10 1 0.0 1287.548953097481
10 1 0.0 1251.798687632494
10 1 0.0 1218.0017679047994
10 1 0.0 1208.6999147710976
10 1 0.0 1203.0270079060083
10 1 0.0 1189.3660382772941
10 1 0.0 1187.507406920029
10 1 0.0 1135.9484595875974
10 1 0.0 1092.290938130017
10 1 0.0 1084.7493945100023
10 1 26.571171681302985 1088.415857307603
10 1 0.0 1034.6760556759953
10 1 0.0 1033.1484610424923
10 1 0.0 1032.9998177440089
10 1 0.0 1029.510489930018
10 1 0.0 1022.8543419599946
10 1 403.4878789099821 1406.2778123100006
10 1 0.0 992.5264091500271
10 1 0.0 961.9494733636006
10 1 0.0 957.7416681599932
10 1 0.0 952.9139971176028
10 1 0.0 944.8629746380011
10 1 587.4416099125065 1523.3997385433167
10 1 0.0 929.8366185230974
10 1 0.0 904.8297199839863
10 1 0.0 899.0272554799885
10 1 0.0 892.7541330963068
10 1 0.0 886.4180740441984
10 1 0.0 875.0806866667958
10 1 279.0141602306976 1142.6661080463962
10 1 0.0 851.5635521399004
10 1 0.0 846.1528298031999
10 1 1370.7476891964143 2213.532907652012
10 1 0.0 826.2736620919904
10 1 0.0 808.4294846499995
10 1 0.0 794.5839846432127
10 1 0.0 788.0754970299938
10 1 0.0 786.3109029902994
10 1 0.0 784.4546793499835
10 1 0.0 781.0875705945195
10 1 0.0 774.672616812508
10 1 115.89381030358982 873.3724122584936
10 1 0.0 720.8725134037002
10 1 0.0 718.5095470176179
10 1 0.0 711.9600163700027
10 1 493.86739020479126 1197.7281154693082
10 1 0.0 699.8149362363843
10 1 0.0 645.8834346900044
10 1 0.0 642.4015304899767
10 1 0.0 635.3629957238518
10 1 0.0 633.729439939977
10 1 266.4812584399983 896.9644526399929
10 1 0.0 606.9444851982953
10 1 0.0 582.8802347600024
10 1 0.0 579.3473234099924
10 1 1399.1251922694019 1970.2352087687989
10 1 0.0 566.3414729195051
10 1 0.0 560.9685662840016
10 1 262.56450804959786 823.3223175989078
10 1 0.0 560.5061692500076
10 1 0.0 558.571037430002
10 1 0.0 547.5139717200173
10 1 0.0 532.587899941519
10 1 0.0 527.9982863500065
10 1 0.0 525.0381821810983
10 1 0.0 522.975908518416
10 1 136.3150415843029 646.4589371647944
10 1 777.3106190099843 1254.0741758399763
10 1 1254.3333735999831 1713.5699351400199
10 1 0.0 456.09952209440416
10 1 0.0 448.6025656143961
10 1 1882.3709771200356 2330.6753535032935
10 1 0.0 441.3042052399942
10 1 0.0 430.56465770003024
10 1 0.0 425.6338838903016
10 1 56.000519559993336 473.5263168900133
10 1 0.0 413.6808339199806
10 1 0.0 403.8445954136995
10 1 129.74462924999852 514.4912618915996
10 1 298.49962316840606 682.1372881264028
10 1 0.0 381.4516212500039
10 1 0.0 359.160459759985
10 1 0.0 351.54720131999784
10 1 13470.575061880065 13820.003883820016
10 1 0.0 346.69573062589234
10 1 0.0 344.16934575080177
10 1 0.0 342.1627742899973
10 1 0.0 339.40527263999684
10 1 0.0 303.19384293050143
10 1 0.0 287.01077365000447
10 1 0.0 283.78760798560404
10 1 0.0 276.323220209998
10 1 0.0 275.3561261806901
10 1 0.0 267.2879582625146
10 1 732.0280204799931 986.435379629999
10 1 0.0 247.51522407000994
10 1 0.0 245.8451517935997
10 1 822.4623127791219 1063.4203678648337
10 1 178.85794488919873 417.77010774960127
10 1 0.0 235.56517102931593
10 1 0.0 221.42249847000858
10 1 0.0 217.9421028999891
10 1 203.11449446399502 419.9229548925
10 1 0.0 207.66691199750443
10 1 0.0 194.65856939599712
10 1 0.0 190.86263778000102
10 1 0.0 188.17873083937775
10 1 714.3037543235971 901.7462928764003
10 1 0.0 182.01134664360052
10 1 126.54851961679708 307.94682303759146
10 1 0.0 178.40583763001405
10 1 0.0 171.93816109050022
10 1 33.58016419909427 197.87440203090227
10 1 0.0 148.3843794799859
10 1 0.0 146.1880193764141
10 1 161.63096483000572 302.8891431700081
10 1 91.64870198998506 216.98605779000536
10 1 11.170130694796171 118.97166784119668
10 1 0.0 104.69319207999263
10 1 0.0 103.65289647600366
10 1 0.0 100.59910018751043
10 1 0.0 98.82933757400497
10 1 0.0 96.95925664000242
10 1 0.0 92.32315960610504
10 1 0.0 85.68489115529383
10 1 0.0 84.46632536001198
10 1 0.0 80.5618296100057
10 1 492.1604070905005 565.3366850888979
10 1 5.831655192401286 71.09435661840052
10 1 135.25431827652392 198.11200323549474
10 1 0.0 52.96664311249967
10 1 101.67841120471931 148.69366863260265
10 1 211.05297841400625 257.02148596200186
10 1 0.0 42.045813627503776
10 1 0.0 37.21870953587222
10 1 0.0 17.594795706456075
10 1 0.0 9.815736689993628
10 1 0.0 5.21385346000244
10 1 0.0 3.992554786501046
10 1 0.09415246999287774 2.4613588307947794
10 0 0.0 inf
# COVID_SAMPLE_6_ROI_3
11 1 0.0 18508.678133032667
11 1 0.0 13125.807990450088
11 1 0.0 12033.404739111706
11 1 0.0 10269.100760999963
11 1 0.0 10135.686154880077
11 1 0.0 8044.265976766123
11 1 0.0 7156.253798633993
11 1 0.0 7098.440582128297
11 1 0.0 6250.9715113031925
11 1 0.0 5763.845131799904
11 1 0.0 5669.211409544812
11 1 918.2841752864013 6329.412711975601
11 1 2352.9225423939574 6865.936604927104
11 1 0.0 4269.681913320005
11 1 1960.2336452299642 5317.075928999982
11 1 0.0 3349.2748115525014
11 1 0.0 3272.3893110491717
11 1 0.0 3184.1315975520124
11 1 0.0 2943.0138447080053
11 1 0.0 2897.267000169607
11 1 0.0 2887.3562348879886
11 1 60.63726687159942 2918.568830163227
11 1 0.0 2819.788165825925
11 1 0.0 2789.9220656924895
11 1 0.0 2723.036028069505
11 1 616.7489249899654 3210.5406886099736
11 1 41.96908273039662 2587.8480304652076
11 1 0.0 2544.593975110011
11 1 0.0 2538.2745614840037
11 1 0.0 2509.6791165399995
11 1 0.0 2444.179620362498
11 1 0.0 2442.813064062907
11 1 0.0 2407.196376681488
11 1 0.0 2395.7579663624047
11 1 0.0 2239.5327002540025
11 1 0.0 2191.7503804922
11 1 0.0 2185.5664749600146
11 1 0.0 2091.779868892692
11 1 1829.2865468064956 3887.696278874414
11 1 0.0 2046.4141399775817
11 1 0.0 2000.2887820799933
11 1 0.0 1984.3996130164965
11 1 0.0 1965.9279550187648
11 1 0.0 1961.083553061107
11 1 0.0 1956.9740313699879
11 1 0.0 1917.1721638335848
11 1 0.0 1909.7648698778971
11 1 49.13314770430452 1929.364101137495
11 1 0.0 1845.4139173060048
11 1 32.62236858000142 1824.3468249595903
11 1 0.0 1691.4756888800039
11 1 0.0 1670.2623432799974
11 1 0.0 1632.8624587600038
11 1 0.0 1613.5248220161932
11 1 0.0 1535.425028056813
11 1 0.0 1489.797851400494
11 1 0.0 1477.2339674800132
11 1 0.0 1421.515616128684
11 1 121.58896314799313 1532.4904025684968
11 1 0.0 1406.155076574907
11 1 493.9223246151983 1873.1066718364937
11 1 0.0 1378.9265392732
11 1 0.0 1348.2488707128655
11 1 0.0 1340.6025220559955
11 1 0.0 1319.9806222000989
11 1 0.0 1315.7813537588954
11 1 421.3865829289248 1720.2676255058927
11 1 0.0 1291.0194774399988
11 1 1437.267514045294 2727.043481706884
11 1 0.0 1255.5026543099837
11 1 0.0 1253.238457352506
11 1 0.0 1234.1194668379949
11 1 0.0 1221.6834071575058
11 1 0.0 1198.4788046911008
11 1 0.0 1125.6318663600127
11 1 0.0 1089.177467399968
11 1 0.0 1069.2772886673029
11 1 0.0 1057.7783699541014
11 1 0.0 1053.1995840615502
11 1 0.0 1047.3591192035942
11 1 1105.3738610024934 2126.4261057113918
11 1 0.0 1014.8659317384054
11 1 0.0 1012.8308832476091
11 1 0.0 1001.3963702275137
11 1 0.0 995.2515001216234
11 1 0.0 989.3231730455186
11 1 0.0 980.2453774765163
11 1 0.0 979.8896688551031
11 1 0.0 967.123080000023
11 1 0.0 959.4770047180082
11 1 0.0 942.744451050013
11 1 0.0 931.7917952896187
11 1 0.0 919.9884680491023
11 1 0.0 916.5137018700225
11 1 52.62615897001865 963.8389167120167
11 1 0.0 909.1238468399956
11 1 0.0 859.582744532479
11 1 0.0 852.3702254714942
11 1 0.0 839.179957889995
11 1 169.08594120449015 1005.0969032583914
11 1 0.0 818.4967505783991
11 1 0.0 802.3698239945907
11 1 0.0 799.3860087099989
11 1 0.0 784.0802845699923
11 1 0.0 776.1443799195022
11 1 0.0 769.9387620972111
11 1 0.0 761.1762839999974
11 1 0.0 747.9343180699861
11 1 0.0 735.9861305882932
11 1 0.0 726.681769355996
11 1 0.0 726.165356235201
11 1 0.0 720.5790593999855
11 1 0.0 719.5525280525021
11 1 0.0 705.2485151568017
11 1 0.0 694.2252618700281
11 1 0.0 682.6059777199789
11 1 1108.3444979054766 1787.8241329921448
11 1 0.0 665.6875921600018
11 1 0.0 641.2878696699975
11 1 0.0 628.7879574335095
11 1 0.0 617.3814731220095
11 1 0.0 612.8446158547092
11 1 0.0 610.4232391819883
11 1 207.80361397120305 815.0254940052032
11 1 0.0 602.4556864384945
11 1 0.0 589.2866963116041
11 1 43.3232910824961 630.691236907493
11 1 0.0 583.4508720799959
11 1 32.920243941125136 605.1654568416211
11 1 0.0 565.8990752756049
11 1 0.0 563.1798667385192
11 1 0.0 557.6699270399952
11 1 0.0 556.9190228400098
11 1 7447.359324284011 7998.922258951205
11 1 0.0 547.0854891580005
11 1 0.0 538.8396387000112
11 1 0.0 533.471174622005
11 1 0.0 523.2201845500049
11 1 0.0 523.0835281579932
11 1 0.0 516.673001506399
11 1 0.0 514.166427501541
11 1 471.1425371870064 984.9088976966007
11 1 0.0 513.1590309288986
11 1 0.0 512.9351348631035
11 1 108.98529896997934 610.6943081996054
11 1 0.0 493.7540079439941
11 1 0.0 488.04856211481956
11 1 199.86634188479638 678.9349711791947
11 1 0.0 475.2590670940042
11 1 0.0 456.8135968430945
11 1 0.0 448.51868993719995
11 1 343.06235465761984 787.7673533824982
11 1 0.0 444.13848020665546
11 1 0.0 430.6527700849017
11 1 0.0 423.1199961075881
11 1 0.0 421.44275233999844
11 1 981.9065913124923 1403.1758919260901
11 1 0.0 420.4037221999928
11 1 439.4820697618943 849.0773301064075
11 1 890.0987637975259 1297.6243042275173
11 1 0.0 405.70678044399347
11 1 0.0 403.6062938324935
11 1 0.0 386.7665089439015
11 1 0.0 385.001729211702
11 1 0.0 378.18670800999644
11 1 0.0 368.5675045727994
11 1 0.0 361.4460175712952
11 1 0.0 354.17249476320103
11 1 2547.04070562597 2893.350518182009
11 1 0.0 337.04102001002957
11 1 0.0 327.4837845441024
11 1 179.445766132397 504.5611687476023
11 1 0.0 323.684084563095
11 1 0.0 323.295134516894
11 1 0.0 323.0122946400028
11 1 0.0 321.6078521460008
11 1 0.0 319.5749848413991
11 1 456.8439127319957 769.012488822008
11 1 0.0 310.39016898879754
11 1 0.0 301.46334005950666
11 1 0.0 300.9505779100168
11 1 0.0 296.74904258999777
11 1 0.0 295.8723457900194
11 1 132.39651556440128 427.40495004240563
11 1 540.578971595507 834.5613036247164
11 1 0.0 290.86869580000393
11 1 0.0 290.1572201945575
11 1 0.0 289.77295040400145
11 1 0.0 287.86495726159865
11 1 0.0 286.1410363668999
11 1 0.0 281.84100071839794
11 1 0.0 280.7531971260016
11 1 0.0 276.59181530520027
11 1 0.0 274.5033863099992
11 1 0.0 273.76350103099776
11 1 0.0 268.606856682492
11 1 0.0 255.83035539999946
11 1 0.0 252.3084731252942
11 1 0.0 242.63938630750351
11 1 0.0 240.96469027400275
11 1 0.0 228.56846655639674
11 1 0.0 228.29377928830326
11 1 173.70288338039745 401.8503356701931
11 1 0.0 221.54067170760072
11 1 185.20672727559872 401.9453131084092
11 1 0.0 209.75812831200346
11 1 0.0 205.38449684309853
11 1 0.0 205.00650993069667
11 1 0.0 203.03687510188684
11 1 0.0 193.01156939959697
11 1 46.07263128000818 227.13063616000022
11 1 0.0 170.65103581252197
11 1 0.0 170.2522569971943
11 1 0.0 162.23300739999934
11 1 0.0 156.56190130270807
11 1 0.0 156.17899342880128
11 1 422.7412317600001 576.3856515200068
11 1 0.0 150.9550820700997
11 1 0.0 146.6840757600055
11 1 0.0 142.95645390249047
11 1 0.0 141.71822717248915
11 1 0.0 134.62113575999854
11 1 0.0 127.75216195680423
11 1 0.0 126.4781788531094
11 1 174.82015236488087 301.2696693410785
11 1 0.0 125.75369077000869
11 1 291.4300947715956 416.9743300035998
11 1 349.40750296160684 474.4045134364967
11 1 0.0 124.55280007000397
11 1 0.0 120.69448240160068
11 1 0.0 114.5827396784032
11 1 973.6657485344926 1080.65834953999
11 1 192.42879999997785 298.67414184997415
11 1 0.0 106.12382763329933
11 1 0.0 105.96884312000384
11 1 0.0 105.05917479999698
11 1 0.0 93.96533780799291
11 1 0.0 93.83634477600299
11 1 589.0814435583925 682.1018246579947
11 1 0.0 89.2122242475067
11 1 0.0 71.95157900251729
11 1 395.0174559119048 466.6340768063016
11 1 0.0 68.69045436550459
11 1 120.12428942521933 183.17451166828732
11 1 244.72616348999122 306.03485774200215
11 1 0.0 61.10115926439846
11 1 0.0 56.84680844249942
11 1 0.0 52.190863334396454
11 1 0.0 45.71774234629834
11 1 0.0 40.861977281598
11 1 1065.2431199867833 1105.261899058789
11 1 0.0 32.056142882002234
11 1 969.0213669018849 1000.2085806974947
11 1 0.0 26.20951784000181
11 1 422.7355861025035 447.07755368450603
11 1 0.0 22.339028213919846
11 1 0.0 20.344579120006188
11 1 500.61708544000567 514.7676302599988
11 1 362.75800565770396 375.2762085625027
11 1 0.0 11.007319680003775
11 1 95.67285300550179 103.18383767669684
11 1 0.0 4.6186434020905835
11 1 0.0 4.5869318799962
11 1 421.676862470498 426.1475019107995
11 1 0.0 4.210151201505596
11 1 159.4103858500157 161.26955588499823
11 0 0.0 inf
11 0 0.0 451.05336342570223
# COVID_SAMPLE_6_ROI_1
12 1 361.68521305000104 57098.31033993
12 1 0.0 53483.13459990891
12 1 0.0 23031.625069189995
12 1 0.0 21571.705655174006
12 1 5329.724724369698 26443.52372086646
12 1 0.0 19177.66673679008
12 1 0.0 13611.189113483502
12 1 1906.6438315599298 12145.680245800044
12 1 0.0 9682.542667001298
12 1 0.0 9500.042901336492
12 1 223.46850295749027 8511.629993430704
12 1 0.0 6107.886854009977
12 1 0.0 5588.269729095697
12 1 0.0 5191.725755697995
12 1 0.0 4538.105463307484
12 1 1426.8185456691085 5899.039484905099
12 1 0.0 4218.888583550388
12 1 0.0 4086.0826311223846
12 1 0.0 3424.6299455073895
12 1 0.0 3377.5485172909957
12 1 2902.0359690295736 6148.206565872002
12 1 0.0 3238.602398516463
12 1 0.0 3220.2481972299975
12 1 0.0 3003.1683361602045
12 1 0.0 2992.9079783663033
12 1 3468.129781458604 6330.687881762197
12 1 0.0 2786.0383493568966
12 1 0.0 2620.923746447099
12 1 0.0 2582.475597756489
12 1 1631.026126204256 3827.3813051056995
12 1 0.0 2175.785548894987
12 1 0.0 2128.8136008655943
12 1 0.0 2095.4589430169003
12 1 0.0 1872.6732465899986
12 1 0.0 1848.1057225266045
12 1 2591.119404720008 4313.5826699599975
12 1 864.8875548135893 2561.804658365414
12 1 0.0 1681.4072254167013
12 1 3.8244749682417023 1684.900272285523
12 1 0.0 1669.0403764123039
12 1 0.0 1660.9019360958519
12 1 382.38479449846636 1966.7822960843914
12 1 0.0 1569.089313390004
12 1 0.0 1524.1318268399918
12 1 0.0 1353.526599835308
12 1 0.0 1351.334838365101
12 1 0.0 1314.6412430003102
12 1 0.0 1277.0606653593004
12 1 0.0 1208.2296180640105
12 1 0.0 1192.1970482416118
12 1 236.57502645919158 1369.6021388816057
12 1 0.0 1115.2840319508105
12 1 0.0 1110.4834596839682
12 1 402.3859057699792 1498.0290244699972
12 1 0.0 1051.357145639976
12 1 0.0 967.8660032515086
12 1 0.0 952.1843033892137
12 1 0.0 889.1978803084967
12 1 0.0 827.5705448736062
12 1 0.0 643.6576562077616
12 1 0.0 602.3680063430747
12 1 0.0 582.843927488005
12 1 3830.253418119306 4405.210523349599
12 1 0.0 536.0979175623986
12 1 0.0 516.2979956513991
12 1 580.4633367043784 1093.6734994431945
12 1 0.0 510.08522442429694
12 1 0.0 500.42589087997385
12 1 0.0 496.96661372760354
12 1 1589.2522498780008 2067.0147959552087
12 1 3761.5309320496126 4235.422191169603
12 1 0.0 468.4021296823987
12 1 0.0 450.21984246999705
12 1 0.0 421.2875884799928
12 1 0.0 420.31853379239215
12 1 67.80633923749974 482.4487919250005
12 1 0.0 372.8408429385024
12 1 266.76396250360676 596.7272817432007
12 1 0.0 315.7880712660003
12 1 0.0 290.2307271344987
12 1 1114.1529831388002 1361.4155473387966
12 1 0.0 245.25412120997908
12 1 0.0 241.24017153439564
12 1 0.0 233.7559429961002
12 1 0.0 224.3731028697057
12 1 0.0 222.9922876701039
12 1 0.0 209.0024193620336
12 1 0.0 151.33389005521872
12 1 0.0 149.9542279391199
12 1 0.0 125.15209047213739
12 1 0.0 121.91812432751408
12 1 362.7354326189261 458.24181495990115
12 1 0.0 93.83735184520629
12 1 0.0 71.52693826590371
12 1 0.0 67.04572255560652
12 1 0.0 44.69463216491022
12 1 0.0 43.55587037000214
12 1 3472.5481635316046 3513.480984063608
12 1 0.0 24.94291744320526
12 1 437.2835552527058 458.61235477239995
12 1 0.0 19.508041457991112
12 1 0.0 18.596633373699092
12 1 0.0 16.745710678308797
12 1 0.0 12.513672574406883
12 1 2018.1439692391787 2024.7112982731742
12 1 0.0 5.413132225703521
12 0 0.0 inf
# COVID_SAMPLE_6_ROI_2
13 1 0.0 23308.565595400007
13 1 0.0 18856.488277637156
13 1 0.0 17495.825727796506
13 1 0.0 17206.403214150003
13 1 0.0 15648.702203352012
13 1 0.0 15474.8819850407
13 1 0.0 12288.235234538895
13 1 7246.114752518646 19222.079917780822
13 1 10124.908763959997 21752.928284369955
13 1 0.0 10191.427982897174
13 1 9791.99660253693 19474.56915692961
13 1 0.0 9119.86647851
13 1 36.08973466041243 8556.0976340604
13 1 0.0 8216.247297393289
13 1 129.19105221398422 8036.711868518396
13 1 337.91129738752534 7393.098512162366
13 1 0.0 7006.216253003582
13 1 359.7827178400057 6408.729727791588
13 1 4339.5174749912985 9977.679658344925
13 1 0.0 5420.347899629605
13 1 0.0 5319.419040904308
13 1 6923.65604425082 11684.738091635933
13 1 0.0 4533.867059478887
13 1 0.0 4261.230563763405
13 1 2086.360005679984 6347.406148296897
13 1 305.97545288750007 4473.137808617491
13 1 0.0 4049.06295151801
13 1 0.0 3959.4369834419103
13 1 0.0 3809.659017367997
13 1 0.0 3677.218115603199
13 1 0.0 3126.975881236007
13 1 0.0 3005.855976041989
13 1 0.0 2531.9669900996005
13 1 6005.004895975999 8348.796285041108
13 1 0.0 2188.647269461515
13 1 0.0 2175.228115239994
13 1 2072.160942020004 4195.497344962506
13 1 4474.466459679871 6554.4906217999915
13 1 0.0 2021.0477653999787
13 1 0.0 1971.0506742188009
13 1 0.0 1968.8107018151034
13 1 0.0 1956.3138625599804
13 1 0.0 1912.8961050979342
13 1 0.0 1876.4728074000004
13 1 0.0 1786.0656990399953
13 1 0.0 1706.3247684135977
13 1 2650.009836593601 4231.029501899586
13 1 0.0 1562.845298950011
13 1 0.0 1556.8346916955934
13 1 0.0 1515.4436014059993
13 1 551.4056314024997 1911.6320768377027
13 1 75.24376364998648 1416.6023866679839
13 1 1277.142624272873 2549.3988678099786
13 1 969.8445201835784 2191.7891763750886
13 1 0.0 1208.5140309689873
13 1 0.0 1206.7611456268985
13 1 0.0 1112.7348997758327
13 1 0.0 1084.22640803996
13 1 779.8413921455929 1823.2814042015907
13 1 0.0 871.0187231284581
13 1 0.0 813.2002951900067
13 1 0.0 808.2210333748046
13 1 154.95051049487301 961.8356174965002
13 1 0.0 797.2902237905
13 1 8846.168854894813 9628.933159109982
13 1 1.5938207465001142 767.4273728504995
13 1 0.0 744.8452638399988
13 1 0.0 742.0678046116273
13 1 0.0 679.9061111179999
13 1 0.0 649.629582635202
13 1 0.0 644.8434825534083
13 1 1076.782090934781 1691.771579250024
13 1 26.38413137270709 626.7817698347076
13 1 0.0 569.498557871877
13 1 0.0 568.5854612972953
13 1 91.3257488424988 640.3110975925138
13 1 0.0 526.6037700418971
13 1 0.0 490.3531493564037
13 1 41.38667159000761 518.8451804800279
13 1 5164.153351003592 5631.075051955658
13 1 576.1415002875049 1040.9890026780017
13 1 0.0 445.5393379588995
13 1 0.0 391.32167086879963
13 1 1652.3078169564087 2040.6071607776016
13 1 4029.700981709292 4416.974431356901
13 1 0.0 369.55807108650015
13 1 298.05082465863666 640.1767594091993
13 1 0.0 336.7231370515965
13 1 0.0 334.69766374239
13 1 1210.5904161940016 1542.873795542102
13 1 3144.6011672065206 3464.990542319708
13 1 26.432623988088835 332.72946683917917
13 1 0.0 282.95018560402787
13 1 0.0 271.5031239359928
13 1 0.0 259.9871387259989
13 1 583.7994566612979 839.7707996948982
13 1 0.0 236.96159482503754
13 1 2521.8497946949014 2753.191372743496
13 1 249.64628426500303 461.7850275424116
13 1 151.20499847998417 354.95225031249265
13 1 1024.7995144799943 1218.310909195202
13 1 0.0 172.10770115680862
13 1 1971.8082749224986 2127.982916912
13 1 0.0 135.75453301600282
13 1 0.0 126.48396833400095
13 1 501.00340831880385 617.5420347412028
13 1 1949.5508545664977 2043.4311637499814
13 1 4522.128760094397 4607.058431813588
13 1 0.0 78.27637902110581
13 1 0.0 63.63848181948151
13 1 0.0 61.244233132506906
13 1 0.0 36.04686398639922
13 1 2684.355074380004 2693.652220189999
13 0 0.0 inf
# COVID_SAMPLE_11_ROI_2
14 1 7885.131144354509 46712.17770562392
14 1 0.0 25132.001524363983
14 1 0.0 11461.463701077202
14 1 591.9834778228123 11825.66628473762
14 1 2537.3526392155836 11407.669338000047
14 1 0.0 8367.44375253001
14 1 8373.529880640017 15706.526377009963
14 1 0.0 6362.072131137888
14 1 0.0 5665.744494608
14 1 0.0 5112.957724929506
14 1 0.0 4421.344350440025
14 1 1755.7009752488889 6145.0638733132655
14 1 0.0 4288.263776607482
14 1 884.4180704099781 4947.343622309997
14 1 0.0 3773.800274841631
14 1 0.0 3442.8718795700365
14 1 0.0 3195.197347500027
14 1 0.0 2915.5373223900456
14 1 0.0 2675.441360364796
14 1 0.0 2639.9289146925094
14 1 0.0 2599.4272274100085
14 1 60.9432712075959 2604.6654596099893
14 1 0.0 2424.6814493056863
14 1 0.0 2395.5552350060048
14 1 0.0 2344.2976991600226
14 1 0.0 2311.268350109959
14 1 0.0 2266.114516414799
14 1 0.0 2221.6660380095973
14 1 0.0 2129.1190968883675
14 1 0.0 2121.77019452472
14 1 0.0 2004.6954361059002
14 1 0.0 1987.7023766369025
14 1 0.0 1982.959717970003
14 1 0.0 1976.7520810301176
14 1 0.0 1934.519073337593
14 1 0.0 1920.6364200400267
14 1 0.0 1897.8443023783989
14 1 0.0 1887.9948128724125
14 1 0.0 1879.8317564800013
14 1 0.0 1801.954309791202
14 1 0.0 1762.2055710574832
14 1 0.0 1756.9282208744014
14 1 0.0 1751.0117720264002
14 1 0.0 1731.5469073700096
14 1 0.0 1727.3591822455942
14 1 0.0 1697.6685333463906
14 1 0.0 1668.9586261424065
14 1 0.0 1636.4098013799885
14 1 0.0 1621.9556047900096
14 1 0.0 1511.2217829900255
14 1 3370.200030390006 4881.355511800037
14 1 0.0 1504.214823612771
14 1 0.0 1503.1883730855998
14 1 0.0 1490.064997542
14 1 220.51359566645624 1684.4806852008041
14 1 0.0 1401.5348185024823
14 1 0.0 1397.7013772571922
14 1 660.0133766423996 2057.1578515324
14 1 0.0 1386.3389755964017
14 1 0.0 1363.5708211359188
14 1 0.0 1356.9143085360047
14 1 0.0 1334.306732277999
14 1 0.0 1329.8979788800107
14 1 777.4351837167997 2083.008532559197
14 1 0.0 1290.35334230841
14 1 0.0 1259.4011775500064
14 1 0.0 1257.3142556916011
14 1 0.0 1244.3626585389
14 1 0.0 1211.8561736356023
14 1 0.0 1201.802992959987
14 1 0.0 1201.1381794000024
14 1 0.0 1188.892705320015
14 1 0.0 1170.8971310519935
14 1 0.0 1157.8960014679933
14 1 0.0 1138.0894030615964
14 1 0.0 1134.4852034024561
14 1 0.0 1133.086386320023
14 1 0.0 1125.7951076300099
14 1 0.0 1112.632348355955
14 1 0.0 1101.6559910938963
14 1 0.0 1097.8888289087972
14 1 0.0 1080.983445334005
14 1 0.0 1077.3031713411092
14 1 0.0 1038.2776114780095
14 1 0.0 1028.9754079075938
14 1 0.0 1017.5454095067025
14 1 0.0 1003.4901290304056
14 1 0.0 998.4100588317078
14 1 0.0 976.5928405599848
14 1 0.0 965.4313021584006
14 1 0.0 957.2283504660954
14 1 0.0 953.4175238339913
14 1 0.0 942.723526056905
14 1 0.0 915.0526392880051
14 1 821.787172496377 1734.2158361955844
14 1 0.0 909.5764207199709
14 1 0.0 902.5746602499827
14 1 0.0 902.3329460845071
14 1 0.0 901.0372544700026
14 1 0.0 883.5270608199976
14 1 0.0 872.4987685603921
14 1 0.0 872.3835277599844
14 1 0.0 869.5008261300086
14 1 0.0 865.6243426800065
14 1 0.0 865.5627744412055
14 1 0.0 865.3925466400019
14 1 0.0 863.7713396699937
14 1 0.0 859.5064083099965
14 1 0.0 855.2367234500027
14 1 0.0 854.9204476800114
14 1 0.0 853.6155240225071
14 1 0.0 849.3753166250826
14 1 0.0 845.8406038567048
14 1 0.0 843.2879576420178
14 1 0.0 841.960395817697
14 1 0.0 826.9403765568059
14 1 0.0 825.0286284470967
14 1 0.0 816.2083528419012
14 1 0.0 809.992532329994
14 1 0.0 804.1814202971993
14 1 0.0 803.5480530220045
14 1 0.0 796.9241946848886
14 1 0.0 789.447010567993
14 1 0.0 786.0009373731009
14 1 0.0 781.7094994032975
14 1 0.0 776.2698230207984
14 1 0.0 774.8484185000002
14 1 0.0 770.319120000004
14 1 27.53574192530391 787.5932988767024
14 1 0.0 751.4779601135452
14 1 0.0 750.6030836391133
14 1 792.798824659084 1538.7230863869054
14 1 0.0 744.6287120959469
14 1 0.0 738.3993404519902
14 1 0.0 737.3883425169038
14 1 0.0 737.3167897343947
14 1 0.0 728.1880547039991
14 1 0.0 727.3268949200101
14 1 0.0 726.4285192752013
14 1 0.0 725.6239428164017
14 1 0.0 723.4191042250984
14 1 0.0 720.3103611707936
14 1 0.0 719.330483532387
14 1 914.5715836531031 1629.3487241008884
14 1 0.0 713.0499530605175
14 1 0.0 711.9755882292964
14 1 0.0 706.8819656499959
14 1 0.0 703.4121292281072
14 1 0.0 700.96567891
14 1 0.0 699.7680691199823
14 1 0.0 696.8049211199948
14 1 0.0 680.8311683087093
14 1 0.0 680.2559944089026
14 1 0.0 678.4946769099984
14 1 0.0 676.7119457400054
14 1 0.0 674.4745590225045
14 1 0.0 673.3344327800049
14 1 0.0 665.5584515528062
14 1 0.0 664.8251668000032
14 1 0.0 659.6307611859966
14 1 3.1658723200000054 662.0624139500073
14 1 0.0 655.2435687200027
14 1 0.0 651.9519572717361
14 1 0.0 651.693152280011
14 1 0.0 646.9926095600065
14 1 0.0 639.4769918400048
14 1 0.0 633.5355146495885
14 1 0.0 632.3627119769984
14 1 0.0 630.2083311800664
14 1 0.0 628.3983202474988
14 1 0.0 627.2942831060002
14 1 0.0 627.1568308195151
14 1 0.0 625.1505733144986
14 1 0.0 621.108196498996
14 1 0.0 617.9293910800066
14 1 6.568880550024232 621.1882706299834
14 1 3003.976722859572 3614.3199205835717
14 1 0.0 605.6341681304946
14 1 0.0 605.3255578327205
14 1 108.25055375361353 713.0566459208976
14 1 0.0 601.3946019288005
14 1 0.0 596.1555713908024
14 1 0.0 593.8604564229042
14 1 0.0 593.5892553200097
14 1 0.0 593.1340371099982
14 1 0.0 590.9604944948992
14 1 0.0 589.9758942700064
14 1 0.0 587.3978689556
14 1 0.0 582.2447817599868
14 1 0.0 578.7790752000114
14 1 0.0 578.1796018469086
14 1 0.0 577.9520699826975
14 1 61.48798438999938 638.4791595999992
14 1 0.0 575.920243839992
14 1 116.17064625500052 686.9461197576056
14 1 0.0 566.8360818549033
14 1 0.0 565.5937132599988
14 1 0.0 564.3651338275062
14 1 0.0 561.2821519975037
14 1 0.0 559.1285149640673
14 1 0.0 552.1438627200157
14 1 0.0 551.727732770385
14 1 0.0 551.2448012275031
14 1 0.0 549.6625568575864
14 1 0.0 544.7402032399857
14 1 0.0 543.4027981264019
14 1 0.0 541.0131121847028
14 1 0.0 534.0072938199946
14 1 394.41174047639197 926.2819200063968
14 1 0.0 530.3572267343986
14 1 0.0 526.4125822097005
14 1 0.0 525.3067030512123
14 1 0.0 519.9585494900034
14 1 0.0 518.5443062800159
14 1 0.0 516.0594106941003
14 1 0.0 507.2925099978984
14 1 0.0 505.30778072249586
14 1 0.0 504.6019445099939
14 1 0.0 502.5353796399986
14 1 0.0 502.2755325256062
14 1 0.0 500.49110046279975
14 1 0.0 493.51850261930065
14 1 0.0 490.71477735000167
14 1 0.0 483.492335678008
14 1 0.0 483.2482244939971
14 1 0.0 483.2166919026895
14 1 0.0 481.32666073121163
14 1 0.0 481.3171324111054
14 1 0.0 478.80432980649425
14 1 0.0 478.70745404639047
14 1 0.0 475.9121107740348
14 1 0.0 474.8340748193034
14 1 0.0 472.99423634971436
14 1 189.4214887200087 661.9565092600103
14 1 0.0 472.26818199999525
14 1 52.73700740001436 523.0511706179973
14 1 0.0 468.597420962004
14 1 1100.1567743700111 1568.5146978499965
14 1 0.0 467.6098972079992
14 1 0.0 467.1599551325062
14 1 0.0 465.28877143640943
14 1 0.0 464.1566418879029
14 1 448.3402038605034 912.2350405635991
14 1 0.0 463.3761163900199
14 1 22.350291662400423 483.1517097982012
14 1 0.0 459.580874328002
14 1 0.0 456.19519726002363
14 1 0.0 456.1852428971024
14 1 0.0 454.5724410300013
14 1 0.0 453.707851422605
14 1 0.0 453.65453919001277
14 1 0.0 452.91768577999164
14 1 0.0 447.8243857144025
14 1 0.0 446.56840165470703
14 1 0.0 444.0436083749994
14 1 0.0 442.11373418230323
14 1 0.0 441.55574940480165
14 1 0.0 440.865953061098
14 1 0.0 438.9901639235977
14 1 0.0 437.58566150000615
14 1 0.0 433.1517327763961
14 1 0.0 432.68509111999174
14 1 0.0 432.2949591869042
14 1 0.0 432.22059136950156
14 1 0.0 424.88049805990477
14 1 0.0 420.9907552600057
14 1 0.0 419.0675950000003
14 1 0.0 418.90318708000575
14 1 0.0 418.31488839719395
14 1 0.0 418.1006155100059
14 1 0.0 418.05489440911197
14 1 0.0 417.37710636999896
14 1 0.0 416.631133799998
14 1 0.0 416.1886469200206
14 1 0.0 415.88319160039964
14 1 44.08327316000555 459.03196159999413
14 1 0.0 413.56395384999723
14 1 0.0 413.1714525208017
14 1 0.0 410.02635840290645
14 1 0.0 405.9886015869031
14 1 0.0 403.5068359775969
14 1 0.0 400.2080248800128
14 1 0.0 393.83266175549966
14 1 0.0 393.40004705180127
14 1 0.0 392.1365190006969
14 1 0.0 389.93854057462
14 1 0.0 388.4068840800155
14 1 0.0 386.5133935999977
14 1 0.0 383.60310635070874
14 1 0.0 383.55767510710035
14 1 0.0 382.14956652438786
14 1 0.0 381.58205432997283
14 1 0.0 380.9388304111185
14 1 90.99798187549857 468.4601293618994
14 1 0.0 375.6947513384446
14 1 0.0 375.2303573431954
14 1 0.0 373.7019999999984
14 1 0.0 372.31771199998684
14 1 0.0 371.21689244750064
14 1 0.0 370.61191616330575
14 1 0.0 369.32141295119527
14 1 0.0 367.3632984638007
14 1 0.0 365.50827263720385
14 1 0.0 365.4514328056002
14 1 0.0 364.17909521280023
14 1 0.0 364.06871499516296
14 1 0.0 363.60749484199755
14 1 0.0 361.51232173998415
14 1 0.0 361.4124697599141
14 1 423.6721686099945 785.0740535975019
14 1 0.0 360.5214635685802
14 1 0.0 359.3826986036041
14 1 0.0 357.3131531848967
14 1 49.24108608559982 405.68343611249156
14 1 0.0 356.34829082750844
14 1 0.0 353.96596367998256
14 1 0.0 353.7526848600021
14 1 0.0 349.9663112299986
14 1 0.0 348.95396289680343
14 1 0.0 347.653780737998
14 1 0.0 344.7606396399875
14 1 23.7501850889073 366.5877001015963
14 1 0.0 341.55226843998594
14 1 0.0 341.46943484994154
14 1 0.0 339.8265059924952
14 1 0.0 339.56899315280236
14 1 0.0 337.50773387000936
14 1 0.0 337.04851016001703
14 1 0.0 335.9069639521798
14 1 0.0 333.7617298435757
14 1 0.0 330.93384506278403
14 1 0.0 330.9151259099972
14 1 0.0 327.40142520421523
14 1 0.0 326.60542330999954
14 1 0.0 326.50658720489355
14 1 0.0 325.56221454959484
14 1 0.0 325.2782481612089
14 1 0.0 325.2710461826696
14 1 0.0 320.39032664860065
14 1 120.81050582361149 440.4705522636
14 1 0.0 319.536101180008
14 1 0.0 319.0025814539986
14 1 0.0 318.8570375744965
14 1 0.0 317.65073302000485
14 1 0.0 317.1677808540028
14 1 0.0 316.36185484001527
14 1 0.0 313.8930537107999
14 1 0.0 313.5459204393003
14 1 0.0 311.6648297588872
14 1 0.0 311.3408000799975
14 1 0.0 311.1434632799957
14 1 0.0 310.46571252840295
14 1 0.0 310.3105609071963
14 1 0.0 310.03887403999335
14 1 0.0 309.53535407879747
14 1 0.0 309.4083338999999
14 1 275.3081436640051 584.7091997216031
14 1 0.0 308.6561249525066
14 1 0.0 299.6864362977028
14 1 0.0 298.6120026150997
14 1 0.0 295.44737804149986
14 1 0.0 291.18442483410695
14 1 0.0 290.9578214469001
14 1 0.0 290.00821621040006
14 1 0.0 289.13838252799064
14 1 0.0 288.68946303921746
14 1 77.00335688782252 361.34952326000075
14 1 0.0 282.89585563999435
14 1 0.0 281.2162714050994
14 1 0.0 280.37095039999986
14 1 0.9017477879947364 281.1664455551986
14 1 0.0 278.625947044904
14 1 0.0 278.54600918559737
14 1 0.0 275.8293413604006
14 1 0.0 275.2120381200159
14 1 0.0 273.2444115299968
14 1 162.47887353239662 435.19207394199043
14 1 12.359349493198465 284.76207629440046
14 1 0.0 270.73973490280036
14 1 0.0 269.3701473568028
14 1 0.0 268.9155688403988
14 1 0.0 268.64296449998596
14 1 0.0 268.0506040512
14 1 0.0 267.86722376000444
14 1 0.0 267.85257752537456
14 1 0.0 267.08189066118575
14 1 168.33860768250497 433.7656715934993
14 1 0.0 264.07408550000537
14 1 0.0 262.21524483240523
14 1 0.0 261.81563591000054
14 1 0.0 260.83021358869587
14 1 0.0 260.7442124340009
14 1 0.0 258.33385845889916
14 1 0.0 258.2847954691996
14 1 0.0 255.92960939999205
14 1 0.0 255.8137555772903
14 1 0.0 255.46608145250343
14 1 0.0 255.12382631999662
14 1 0.0 253.906396145504
14 1 0.0 253.11054130169964
14 1 0.0 252.97248148000256
14 1 0.0 251.99147637251758
14 1 0.0 251.34524428002192
14 1 0.0 251.32740621269102
14 1 0.0 250.71389671998804
14 1 0.0 249.47520767489618
14 1 276.9442092000004 525.644866509992
14 1 0.0 248.60831993360478
14 1 0.0 246.75184932000775
14 1 0.0 246.38071120918812
14 1 0.0 244.4148427983066
14 1 0.0 242.68024155999638
14 1 258.6726425784211 500.1281551884168
14 1 0.0 241.22926060999066
14 1 119.1075370148933 360.32705760250747
14 1 0.0 240.25869341690077
14 1 0.0 239.67817686199857
14 1 0.0 239.18342792360136
14 1 0.0 235.66486033245974
14 1 407.92580394839933 643.1590172580051
14 1 0.0 233.63267039999528
14 1 0.0 233.15311799360552
14 1 32.671066619994804 265.58643896398144
14 1 0.0 232.82138940200275
14 1 738.2324103488645 970.8074906399979
14 1 0.0 231.7922307400031
14 1 0.0 230.7028751559924
14 1 1060.7531563071852 1290.3877694568218
14 1 0.0 228.99570545000347
14 1 0.0 228.56252610001684
14 1 0.0 227.41055673119808
14 1 0.0 226.93860990000974
14 1 0.0 225.3228435599999
14 1 0.0 223.37196920189888
14 1 0.0 223.05280648239022
14 1 110.25265928001954 333.1813020800082
14 1 0.0 222.53477947440126
14 1 0.0 222.29839846050072
14 1 0.0 219.78983697000461
14 1 0.0 219.68996174999256
14 1 0.0 218.99990317804475
14 1 0.0 218.180102870008
14 1 0.0 217.87852437999868
14 1 0.0 216.37971365999783
14 1 0.0 216.11304245000147
14 1 278.00091558969143 493.79725361280055
14 1 0.0 214.8234459739026
14 1 0.0 214.34481643920003
14 1 45.47886600510674 259.72362136110075
14 1 0.0 214.02517557001423
14 1 13.413828160011235 227.31449625001005
14 1 0.0 213.89434379000164
14 1 0.0 211.96971558049842
14 1 0.0 210.69452594999194
14 1 0.0 208.059029021602
14 1 0.0 207.5578499504079
14 1 0.0 207.49563513400358
14 1 85.52918820802552 290.844061472015
14 1 0.0 205.2572962503084
14 1 38.41024002019617 242.92216673729854
14 1 0.0 204.17427842330608
14 1 0.0 202.7495102221958
14 1 0.0 202.66883812000265
14 1 0.0 201.88796296000612
14 1 0.0 201.10592302998913
14 1 33.743019249997076 234.1773663311036
14 1 0.0 200.4150505100065
14 1 84.07702666000887 283.94239039000297
14 1 0.0 199.10752574770572
14 1 0.0 198.96046914560338
14 1 0.0 198.6250244463938
14 1 0.0 197.9734173663985
14 1 0.0 197.84699703750107
14 1 0.0 195.91161359999592
14 1 0.0 195.51435008001135
14 1 0.0 193.9755507203996
14 1 0.0 191.73826375001022
14 1 111.67798174809195 302.9689279759973
14 1 0.0 191.20442211400314
14 1 0.0 190.49555598001382
14 1 0.0 190.19605924000643
14 1 0.0 190.09833103760334
14 1 141.42105036479586 330.3445241195948
14 1 0.0 187.6878773520018
14 1 0.0 186.47958935500003
14 1 0.0 186.18895050000538
14 1 0.0 186.1305302534563
14 1 0.0 185.04226388110033
14 1 118.65269752630297 303.36789256820134
14 1 0.0 184.70873847749226
14 1 0.0 184.62352104510728
14 1 0.0 182.1222216261017
14 1 0.0 180.24564006399726
14 1 0.0 180.10992720360147
14 1 0.0 180.0532844299929
14 1 0.0 179.3470796000238
14 1 0.0 179.0156785395975
14 1 0.0 178.68567878267274
14 1 0.0 174.87078918879672
14 1 0.0 174.5554412287927
14 1 0.0 173.00415899549876
14 1 0.0 170.38537034240335
14 1 0.0 169.13180254959775
14 1 0.0 167.99935706750136
14 1 0.0 167.35224159359655
14 1 0.0 166.2142007260021
14 1 0.0 166.1215300455214
14 1 0.0 165.16323730824865
14 1 0.0 163.17550636208784
14 1 0.0 162.70377000110122
14 1 0.0 161.68466581000405
14 1 0.0 161.3164501100016
14 1 0.0 161.3148491263953
14 1 0.0 160.86421238509672
14 1 0.0 160.4947192800007
14 1 0.0 159.82380882999587
14 1 14.947760988801633 172.71599430889898
14 1 122.48890244939957 279.1887911250001
14 1 0.0 156.4268834250729
14 1 0.0 156.38187693000413
14 1 0.0 155.62397123348796
14 1 0.0 154.84254955820074
14 1 84.87400441003001 239.68611646560385
14 1 0.0 154.1189415344008
14 1 0.0 154.0769538004015
14 1 0.0 153.08365021161035
14 1 0.0 152.54874091999963
14 1 0.0 152.5335684799993
14 1 92.23439610680452 244.70685848640733
14 1 0.0 151.67549599999506
14 1 0.0 151.16555302999393
14 1 129.23017215200184 278.484136909997
14 1 0.0 148.55954043199608
14 1 0.0 147.5587543292031
14 1 0.0 145.867611843498
14 1 0.0 145.79238336001958
14 1 0.0 145.2753066069397
14 1 0.0 144.78024550120136
14 1 0.0 144.65545053159622
14 1 0.0 144.26360455369831
14 1 0.0 142.6294611047997
14 1 7.399563714400756 147.8941014606969
14 1 0.0 140.2550889240008
14 1 186.18545234002568 326.0748736400624
14 1 0.0 139.54743717602014
14 1 0.0 139.28743959999633
14 1 0.0 138.67806146518865
14 1 0.0 137.9493609500007
14 1 0.0 136.83771753270116
14 1 0.0 135.77056246130041
14 1 61.64308119719965 196.43153022949969
14 1 101.97090756443495 236.02834344200238
14 1 0.0 133.87245629069878
14 1 0.0 133.43129436371186
14 1 44.530019252803186 176.36793232649507
14 1 0.0 131.50178236959505
14 1 0.0 129.87840120599913
14 1 65.2169680500075 195.05171776999714
14 1 141.14518708730037 270.6732862575015
14 1 0.0 127.13733041048931
14 1 0.0 126.6945638548168
14 1 0.0 126.4188572126001
14 1 0.0 126.07326554239762
14 1 0.0 125.9311299900171
14 1 0.0 123.88923839998529
14 1 0.0 123.48307614149962
14 1 0.0 123.26475465600174
14 1 0.0 122.85308393200489
14 1 0.0 122.72041623159907
14 1 0.0 122.5120246699887
14 1 0.0 122.32000887935851
14 1 0.0 122.1955132599901
14 1 0.0 122.18505319758697
14 1 0.0 121.7014701538983
14 1 0.0 121.65091823160196
14 1 0.0 120.95037436000848
14 1 0.0 120.6941354080002
14 1 0.0 120.16479188679114
14 1 0.0 119.9248970999979
14 1 54.091736414003435 173.16015280999497
14 1 0.0 118.60618531069724
14 1 0.0 117.94854498000586
14 1 0.0 117.69189336810246
14 1 0.0 116.4854353036011
14 1 0.0 115.24095316001194
14 1 0.0 114.17092752750426
14 1 0.0 113.91934218879828
14 1 245.1115947300027 358.8960056374974
14 1 0.0 113.33174346999385
14 1 0.0 111.08860332750373
14 1 0.0 109.99242029749257
14 1 0.0 108.28107563038702
14 1 0.0 108.1347728675995
14 1 86.34483593120342 193.40934120680083
14 1 0.0 106.45765563093084
14 1 0.0 106.12413322959827
14 1 0.0 105.13074675490043
14 1 0.0 104.3153053400058
14 1 78.97436982599754 183.25439034530075
14 1 0.0 103.93668388639753
14 1 0.0 103.52906495599791
14 1 0.0 102.95116522192006
14 1 0.0 101.9080275535012
14 1 0.0 101.41640161498117
14 1 0.0 101.14481287170383
14 1 0.0 100.36317290040063
14 1 85.13059192799233 183.11717606250386
14 1 0.0 95.09513879999804
14 1 0.0 94.87676077559829
14 1 303.1271573488653 397.6228518162004
14 1 0.0 94.05480712800227
14 1 0.0 93.92037942417551
14 1 0.0 93.34959903809977
14 1 0.0 93.22335847960017
14 1 0.0 92.84735490749927
14 1 0.0 92.19595047998945
14 1 0.0 91.40106793750044
14 1 0.0 90.6748472228686
14 1 0.0 90.66044130001274
14 1 0.0 89.91677033000047
14 1 0.0 89.794064575309
14 1 0.0 88.5727787000011
14 1 3.524696788000597 91.70960920959976
14 1 0.0 88.01992730728716
14 1 0.0 87.5317532699911
14 1 0.0 86.86428404384537
14 1 10.617203058500309 96.28516153290124
14 1 0.0 85.53326748839686
14 1 244.89524249399824 329.05939921269464
14 1 84.8405188295003 168.91687122049302
14 1 0.0 82.79661570000462
14 1 0.0 82.69418843599556
14 1 0.0 82.49045559389879
14 1 0.0 82.17592683639668
14 1 0.0 81.90741280999828
14 1 0.0 81.03405321284117
14 1 0.0 80.63189350999882
14 1 0.0 80.08505534249991
14 1 0.0 79.78957634999824
14 1 0.0 77.88552260000301
14 1 0.0 77.55815995286355
14 1 0.0 76.82121616750737
14 1 0.0 76.50374489902408
14 1 0.0 75.78470834999337
14 1 0.0 75.6564077577749
14 1 0.0 75.62290197399511
14 1 0.0 75.36611087889375
14 1 0.0 74.05335212999398
14 1 0.0 73.9462741300024
14 1 0.0 73.76996864160401
14 1 0.0 73.22525140199787
14 1 22.542846752500168 95.70341385290385
14 1 0.0 72.49053590000972
14 1 314.46548758040376 385.97848068040366
14 1 0.0 70.40174584002375
14 1 223.0488529200008 293.0015369999979
14 1 0.0 69.6925951415086
14 1 0.0 69.21577740799512
14 1 367.6573778400134 435.6940460599701
14 1 0.0 67.70024018442234
14 1 0.0 67.13792357999449
14 1 0.0 66.56149067000888
14 1 0.0 66.50755178999088
14 1 0.0 65.89989720000335
14 1 0.0 64.19389780750157
14 1 0.0 63.37493782000479
14 1 0.0 62.965083986287254
14 1 0.0 62.83973124011027
14 1 0.0 61.35042139400082
14 1 0.0 60.144350438781885
14 1 0.0 60.02810567760048
14 1 396.24813895999307 456.15176657599545
14 1 127.37572863999958 186.96119343000987
14 1 0.0 58.930220137600145
14 1 0.0 58.22701533000736
14 1 47.74632174089899 105.22219255609852
14 1 0.0 57.130828329999844
14 1 0.0 55.682242199993766
14 1 0.0 55.56978155999019
14 1 84.96319082940181 140.22122066940074
14 1 0.0 53.8957306041018
14 1 0.0 53.61692342130527
14 1 0.0 53.60692037629974
14 1 0.0 52.911245538900516
14 1 0.0 52.56907187000189
14 1 0.0 52.30018308390254
14 1 0.0 51.618287809987805
14 1 257.48127225900134 308.7838299791988
14 1 0.0 50.806518489997416
14 1 38.99143459039965 89.06929725149962
14 1 0.0 49.377108894004266
14 1 0.0 49.24955895931498
14 1 0.0 48.77672502879864
14 1 0.0 48.615475259971845
14 1 0.0 47.90699186000262
14 1 0.0 46.98305706000474
14 1 79.31395491960461 126.1501912844019
14 1 0.0 45.90921199999934
14 1 0.0 45.81654836919995
14 1 0.0 45.294848037107045
14 1 0.0 44.548450559988396
14 1 0.0 44.34721096320243
14 1 0.0 43.81630065839818
14 1 0.0 43.353070034108896
14 1 0.0 43.23258391919444
14 1 0.0 43.15808607909946
14 1 0.0 39.8745253034981
14 1 0.0 39.0025392721446
14 1 67.6634913828093 106.12307622560729
14 1 0.0 37.50133723450017
14 1 0.0 37.10488557273624
14 1 0.0 37.06602252999528
14 1 0.0 35.17848495000294
14 1 0.0 35.01309991560356
14 1 0.0 34.5809668999903
14 1 0.0 34.56311247999815
14 1 0.0 34.54871701109937
14 1 0.0 32.5551228700034
14 1 0.0 32.51741456509967
14 1 0.0 32.224446960000364
14 1 0.0 30.647143642494257
14 1 0.0 30.37740301039821
14 1 0.0 29.978348049593706
14 1 0.0 29.726318652900318
14 1 0.0 28.695749520011304
14 1 0.0 27.052753002000657
14 1 82.01025192250745 108.08524610999439
14 1 98.9834271802996 124.71966234750118
14 1 0.0 25.664086314898896
14 1 0.0 25.605061064985065
14 1 95.10268229199119 120.43725187798623
14 1 378.9601523446627 403.57269836039904
14 1 17.893320547803455 41.85579907739816
14 1 0.0 22.73016847090014
14 1 0.0 21.800672200010013
14 1 0.0 21.12826739669987
14 1 0.0 21.075375999993867
14 1 0.0 20.69094841249745
14 1 0.0 20.68848252001135
14 1 0.0 20.389477054800153
14 1 154.13922187149944 174.0231316901993
14 1 0.0 18.394108080008436
14 1 38.33280485997602 56.695443589998376
14 1 280.66530707998254 298.6353993999737
14 1 0.0 17.378577837499506
14 1 0.0 16.880563675299385
14 1 0.0 15.366931593502215
14 1 148.83497266209042 163.43875922919483
14 1 91.58815092679549 102.93726113240473
14 1 0.0 11.274662251403015
14 1 0.0 10.20134014001269
14 1 0.0 9.90609089909998
14 1 0.0 8.924158970022063
14 1 0.0 8.779148993598369
14 1 0.0 8.706577407503573
14 1 0.0 8.109767762304159
14 1 326.5432877824005 334.30514592959844
14 1 41.22872037750005 48.06824518799726
14 1 0.0 6.582738559989139
14 1 0.0 5.703080639998689
14 1 119.61021839451064 125.28948259402091
14 1 0.0 4.934696157487053
14 1 0.0 4.2219757099882145
14 1 0.0 3.1113848724012314
14 1 13.214834569995674 16.04629389000786
14 1 0.0 2.793087549095617
14 1 0.0 0.46935211262780285
14 1 0.0 0.06908069750204504
14 0 0.0 inf
# COVID_SAMPLE_11_ROI_1
15 1 0.0 69099.05800066004
15 1 0.0 53054.71922860807
15 1 0.0 27442.011689690407
15 1 0.0 25253.036461680073
15 1 1178.0701537100667 19741.76742499998
15 1 0.0 14892.945481313996
15 1 0.0 14884.794135810003
15 1 0.0 9068.078209864494
15 1 16659.20173914999 25598.419511790067
15 1 0.0 8726.704266414996
15 1 1376.389563225599 8701.699636820005
15 1 0.0 6746.19288640001
15 1 0.0 6474.172881872479
15 1 0.0 6296.0977977675375
15 1 19.553665480003474 6151.716776849997
15 1 0.0 5842.176677052523
15 1 0.0 5473.142570406299
15 1 0.0 5391.105380280046
15 1 0.0 5170.75276036753
15 1 0.0 5111.570543080791
15 1 0.0 4913.459131322005
15 1 0.0 4897.578386754493
15 1 0.0 4728.268786455974
15 1 620.19759668998 5040.049176489951
15 1 0.0 4128.635938349999
15 1 0.0 3862.948957142111
15 1 0.0 3727.439705919799
15 1 0.0 3669.031223940002
15 1 0.0 3410.2490605299995
15 1 0.0 3326.9122506800213
15 1 3946.9651696599894 7257.041754900021
15 1 0.0 3308.362029777495
15 1 0.0 3167.4082846854994
15 1 0.0 3156.8089429000283
15 1 0.0 3140.3387221199837
15 1 0.0 3017.648866513352
15 1 0.0 2915.8097528020025
15 1 0.0 2853.426006879993
15 1 0.0 2765.334511467182
15 1 188.2940003099843 2952.5452327699945
15 1 2056.5804177544123 4791.823980604377
15 1 0.0 2696.227549140015
15 1 0.0 2649.687825759988
15 1 0.0 2556.0093075200266
15 1 0.0 2552.143987903977
15 1 0.0 2517.5000432263905
15 1 0.0 2436.5569368999877
15 1 0.0 2421.51832749001
15 1 0.0 2353.3079430587086
15 1 0.0 2335.222693291605
15 1 0.0 2324.9850613715926
15 1 0.0 2313.2654965664024
15 1 0.0 2308.390422491201
15 1 0.0 2263.1870117516055
15 1 0.0 2260.2776917099936
15 1 0.0 2251.695689199987
15 1 0.0 2226.2777719591
15 1 0.0 2214.029944534496
15 1 0.0 2171.7892062318897
15 1 0.0 2155.0500018038956
15 1 0.0 2078.4194364799796
15 1 0.0 2069.534924388038
15 1 0.0 2063.1501788191918
15 1 0.0 2052.9960540724114
15 1 0.0 2047.3758128730988
15 1 0.0 2013.2034747274106
15 1 1940.6255796900095 3929.2897461599987
15 1 0.0 1948.631457207508
15 1 0.0 1920.2571791974972
15 1 0.0 1917.2263187471008
15 1 0.0 1868.7741868510502
15 1 0.0 1852.2720553100185
15 1 0.0 1851.89226127851
15 1 0.0 1845.6962898524075
15 1 0.0 1842.0053122400054
15 1 0.0 1830.2062489199943
15 1 0.0 1781.6802340940126
15 1 0.0 1770.266813526003
15 1 0.0 1759.6128432999913
15 1 0.0 1747.533383716097
15 1 0.0 1725.925058959997
15 1 0.0 1697.0645337952
15 1 0.0 1662.8284756220987
15 1 0.0 1641.0400267600235
15 1 37.32033808003189 1636.2997479700052
15 1 0.0 1594.6862632740012
15 1 0.0 1590.5049720750803
15 1 0.0 1589.0997940043949
15 1 514.4088875935845 2095.2040211420517
15 1 0.0 1501.5176805672
15 1 0.0 1477.937683230009
15 1 0.0 1472.5420991227174
15 1 0.0 1469.7319015520006
15 1 0.0 1464.3675129899989
15 1 0.0 1451.4976072670988
15 1 0.0 1429.2063568600206
15 1 139.32483540850444 1552.6433275648815
15 1 0.0 1409.73733285711
15 1 0.0 1405.135253054702
15 1 6203.639181369959 7573.669938349973
15 1 0.0 1360.7608411600038
15 1 0.0 1339.7476618799847
15 1 0.0 1334.7397853419916
15 1 0.0 1333.276471959993
15 1 0.0 1330.1362618670928
15 1 0.0 1325.9344871963976
15 1 0.0 1314.6221135500114
15 1 572.5783240927958 1874.2243187520016
15 1 0.0 1243.9888492816062
15 1 0.0 1222.5391730300353
15 1 0.0 1221.0481540300025
15 1 1436.2351976332147 2649.5945266967037
15 1 0.0 1206.8371297000067
15 1 0.0 1194.1605130025114
15 1 0.0 1186.5303155689003
15 1 0.0 1180.1984166666598
15 1 0.0 1158.5847555294993
15 1 0.0 1158.46202242351
15 1 0.0 1134.766370429998
15 1 0.0 1126.003256392331
15 1 0.0 1116.693098361111
15 1 0.0 1112.4923821999932
15 1 0.0 1104.3240021699958
15 1 0.0 1096.1092770600235
15 1 0.0 1085.39901821
15 1 0.0 1084.1826667450841
15 1 0.0 1083.3069769765025
15 1 0.0 1079.1951504399858
15 1 0.0 1078.6638667499985
15 1 0.0 1072.8032474483916
15 1 0.0 1072.5127760595324
15 1 0.0 1065.9828996800034
15 1 189.2046068912141 1244.4289518796036
15 1 0.0 1051.6152669724006
15 1 0.0 1046.631336048717
15 1 0.0 1031.2132933595306
15 1 0.0 1029.5997044400065
15 1 674.9517423333928 1697.0783495475016
15 1 0.0 1014.6191441599879
15 1 0.0 1014.1161405900043
15 1 0.0 1002.6664719600011
15 1 0.0 994.6110725000153
15 1 0.0 981.7447149571917
15 1 0.0 980.8616513900079
15 1 0.0 977.5901316109021
15 1 0.0 976.5621076992011
15 1 208.3270033983988 1176.2472646715999
15 1 379.88022123870905 1347.4714166751146
15 1 13.615261829991823 979.329993220008
15 1 0.0 953.3167677788069
15 1 0.0 953.0181854251864
15 1 2991.5779151400184 3936.6452952200216
15 1 0.0 943.1378054195868
15 1 0.0 939.4083562583987
15 1 0.0 930.4821168975013
15 1 0.0 925.436278478297
15 1 0.0 907.8841232500008
15 1 474.15285510948706 1381.246070735986
15 1 0.0 897.0670679493214
15 1 0.0 895.9185616415919
15 1 0.0 895.0151435600033
15 1 0.0 894.0112305684947
15 1 0.0 885.1593101199977
15 1 0.0 881.1651823523962
15 1 0.0 878.4086170752017
15 1 0.0 871.9947220719773
15 1 0.0 862.3675898799961
15 1 0.0 860.6088593500072
15 1 0.0 853.6932056827363
15 1 0.0 847.4761937467028
15 1 3139.8404773300017 3979.576120945606
15 1 0.0 823.378752318893
15 1 0.0 820.2647028757012
15 1 0.0 813.7699964671913
15 1 0.0 810.9380466799985
15 1 0.0 799.9600567499967
15 1 0.0 799.0815119919012
15 1 0.0 796.7939440499695
15 1 0.0 793.4797711400261
15 1 1066.953199591907 1851.5224417242353
15 1 0.0 778.6371736223973
15 1 0.0 773.5641862800026
15 1 0.0 773.5108306580014
15 1 0.0 767.1492483374846
15 1 0.0 763.2452827047011
15 1 0.0 739.0874474988012
15 1 57.19255703430133 796.1975303456978
15 1 0.0 736.3338597300042
15 1 0.0 732.2381791257012
15 1 0.0 725.7120770011109
15 1 0.0 721.8656060839135
15 1 59.15933958640039 780.5141230785009
15 1 368.65909215626107 1087.266546797697
15 1 0.0 706.4439770599738
15 1 0.0 705.3389222591038
15 1 424.17116649049683 1122.826551752008
15 1 0.0 697.6429791200094
15 1 0.0 692.9907076800152
15 1 0.0 691.8275700911063
15 1 0.0 687.0427805399963
15 1 0.0 686.924160007502
15 1 0.0 680.4139089100026
15 1 382.0032054939993 1061.3081675754997
15 1 0.0 664.2202895999951
15 1 0.0 661.222412743102
15 1 0.0 660.4659528600073
15 1 0.0 648.2981588999996
15 1 0.0 642.9014976300073
15 1 0.0 642.6461547873004
15 1 0.0 637.7162483900047
15 1 2471.0403706624493 3102.7686710839093
15 1 0.0 630.4561390399972
15 1 0.0 630.3748333999984
15 1 0.0 619.4558633183938
15 1 0.0 618.8992159300014
15 1 0.0 614.502178575995
15 1 0.0 610.9526501699879
15 1 0.0 601.7634934259936
15 1 14.336298119971616 613.9510687999732
15 1 6121.4820957299735 6700.695314800007
15 1 0.0 578.1448380246864
15 1 0.0 561.4128951679604
15 1 0.0 553.1847977699972
15 1 0.0 547.8924779676086
15 1 0.0 544.9309264499857
15 1 0.0 543.576457469514
15 1 0.0 543.2548822738959
15 1 0.0 531.663788510009
15 1 0.0 524.4060820012799
15 1 0.0 522.6548640000133
15 1 0.0 522.2731784875048
15 1 0.0 522.0676478851146
15 1 0.0 508.8598473643924
15 1 0.0 504.7613809455909
15 1 0.0 495.7406614044048
15 1 0.0 495.29120585000874
15 1 0.0 492.24217056999794
15 1 0.0 489.25499818089736
15 1 0.0 488.8692815093045
15 1 0.0 487.1071888300187
15 1 0.0 484.8277107064973
15 1 0.0 482.27878437000356
15 1 0.0 482.21163346850017
15 1 0.0 481.04066486999704
15 1 0.0 472.9547638561396
15 1 0.0 471.81988369999294
15 1 0.0 471.41734803561167
15 1 0.0 461.42173801809076
15 1 0.0 460.9320288494978
15 1 0.0 459.0369762000047
15 1 0.0 453.7517824700026
15 1 0.0 453.62122002050717
15 1 0.0 449.7701763075001
15 1 81.28801314998964 524.9510931699963
15 1 0.0 443.36296675998847
15 1 0.0 443.338888409985
15 1 0.0 440.02498906000164
15 1 0.0 436.0362181284131
15 1 658.0667723210827 1089.5177157893058
15 1 0.0 429.7990304299933
15 1 0.0 428.5961460068984
15 1 0.0 428.5702207200079
15 1 351.8958808399839 775.284866970002
15 1 0.0 420.42109566389945
15 1 0.0 419.6081128624996
15 1 0.0 411.7482183086313
15 1 0.0 410.47686913000416
15 1 0.0 402.7806143200048
15 1 0.0 401.0493128074995
15 1 0.0 396.1423498058932
15 1 0.0 392.9450530300178
15 1 1098.1375297176 1489.1431164708965
15 1 0.0 388.64833936319724
15 1 0.0 385.4836450398981
15 1 0.0 384.7536577070987
15 1 0.0 383.85343615041074
15 1 0.0 383.30412767999496
15 1 0.0 376.82124135309755
15 1 260.995803177198 633.5295834776903
15 1 0.0 372.51883716000884
15 1 0.0 372.3131315059097
15 1 0.0 371.39877625667384
15 1 0.0 365.8458862500073
15 1 0.0 365.73969949240404
15 1 0.0 365.1425551500008
15 1 0.0 363.39021077959853
15 1 0.0 361.61429948998693
15 1 0.0 360.85478308150596
15 1 0.0 359.46224260001327
15 1 0.0 359.44780554998624
15 1 0.0 357.78145927839887
15 1 0.0 356.18190974999595
15 1 0.0 356.13658606063626
15 1 0.0 355.7108663693232
15 1 0.0 354.1198546675016
15 1 30.123800056723212 379.53538952370025
15 1 0.0 348.29589948000216
15 1 0.0 347.6810757306953
15 1 0.0 347.37200106996215
15 1 0.0 342.37042616289864
15 1 0.0 342.031487419996
15 1 0.0 341.2172700902752
15 1 35.69688803000645 370.73015048999787
15 1 0.0 333.60156381000616
15 1 0.0 331.54152980969997
15 1 0.0 328.91143928000497
15 1 0.0 327.98628556201083
15 1 71.08670680998989 397.80774879999103
15 1 0.0 324.99582107000174
15 1 0.0 319.85921240000425
15 1 0.0 318.33666385000106
15 1 0.0 317.90397852310116
15 1 216.44017190551813 533.8522098419869
15 1 0.0 316.30121163749595
15 1 123.91597232760523 437.17854202289436
15 1 0.0 312.37296180080284
15 1 6657.828444569961 6968.785771169971
15 1 0.0 310.1250855600048
15 1 269.75777459280835 578.2661754888131
15 1 0.0 307.26707081001246
15 1 0.0 305.6846802900052
15 1 0.0 304.222623073597
15 1 4.41885470200441 303.3003403399997
15 1 0.0 297.32871849049707
15 1 68.0642267956996 365.1098858836017
15 1 0.0 296.50570864999827
15 1 0.0 294.24369668438726
15 1 0.0 290.13160308998204
15 1 0.0 286.0628033199921
15 1 3580.119945243624 3862.8467803680005
15 1 0.0 280.20241515149496
15 1 0.0 278.8308284119157
15 1 0.0 277.7083018880862
15 1 0.0 277.45049479996214
15 1 0.0 271.82380991999526
15 1 0.0 271.64690286529367
15 1 0.0 270.6771055967996
15 1 414.23949499509945 683.5801077719993
15 1 0.0 266.89748057769725
15 1 0.0 262.7618436799976
15 1 0.0 261.8934174644039
15 1 0.0 260.89476786999677
15 1 0.0 256.7856605155971
15 1 0.0 255.92120937449965
15 1 0.0 255.73586620000026
15 1 0.0 253.27928649959563
15 1 0.0 252.9590827199928
15 1 0.0 252.56615278001345
15 1 0.0 251.06692267960693
15 1 0.0 247.6545119799971
15 1 0.0 247.0836714435104
15 1 0.0 244.95705551040396
15 1 0.0 244.81554534639736
15 1 0.0 242.92953848038678
15 1 0.0 242.54249848999882
15 1 0.0 241.7859418852172
15 1 0.0 238.71770966360646
15 1 0.0 238.07512812000027
15 1 0.0 236.7624017612992
15 1 0.0 234.9648492859851
15 1 0.0 232.77035494759025
15 1 0.0 232.75494851439953
15 1 0.0 231.52699175010684
15 1 0.0 228.60461014109956
15 1 0.0 228.3185799704902
15 1 0.0 226.35353662010766
15 1 0.0 225.80015804999925
15 1 79.46828762760288 304.9667363384966
15 1 0.0 225.02511009075238
15 1 0.0 224.00425843160338
15 1 0.0 223.0550717639992
15 1 0.0 221.64303872440166
15 1 0.0 219.55392099999904
15 1 0.0 217.8729963418964
15 1 0.0 217.51823289000265
15 1 0.0 215.6580998499826
15 1 0.0 215.22475079230867
15 1 0.0 211.3625426110948
15 1 4362.992082470513 4574.057113038915
15 1 1943.6847981900155 2154.4268281600052
15 1 0.0 210.49059119770868
15 1 0.0 210.30852531240464
15 1 0.0 209.92649228250366
15 1 0.0 208.13733734839593
15 1 0.0 207.69343051999704
15 1 704.9609396399992 911.0256900299855
15 1 0.0 205.08272474250816
15 1 0.0 204.89107316000536
15 1 0.0 201.54790932390188
15 1 0.0 201.05415793149967
15 1 0.0 200.83970869439895
15 1 0.0 198.3034489119017
15 1 0.0 197.73941716200295
15 1 0.0 197.70823931049995
15 1 0.0 197.4915753789005
15 1 15.818993750005802 211.39074326998275
15 1 0.0 195.07150772399405
15 1 0.0 194.97987924750328
15 1 1265.8415071620075 1459.34403594
15 1 114.51737723762517 306.5813506386994
15 1 99.00224719000346 289.127525509987
15 1 896.7568324799904 1086.0982258900056
15 1 0.0 187.8711078079957
15 1 77.17679983004655 264.44408002003456
15 1 17.393361011556863 203.60744996088488
15 1 0.0 185.84352379349366
15 1 74.91222476999991 256.49412434999635
15 1 584.5450213600006 765.261218363587
15 1 0.0 180.6147527899982
15 1 0.0 178.49597058614677
15 1 0.0 177.81389017639515
15 1 0.0 177.36116995279326
15 1 0.0 172.25567935810068
15 1 0.0 169.56702781310582
15 1 0.0 163.55755341160875
15 1 0.0 158.5279829018944
15 1 0.0 156.60212685999545
15 1 0.0 156.30524845329842
15 1 0.0 154.31931029750922
15 1 0.0 151.32780281739747
15 1 0.0 149.42093999439885
15 1 0.0 148.8716040420129
15 1 0.0 144.6689714495987
15 1 0.0 142.45246564799822
15 1 137.40306808639525 279.7034006143897
15 1 0.0 140.32161290851695
15 1 1.6995215940230537 140.51909399709507
15 1 0.0 137.17823000000385
15 1 0.0 136.9980199999984
15 1 0.0 136.75736860919278
15 1 260.19387917719746 394.98116597719593
15 1 197.58091974717263 329.2910147532007
15 1 0.0 128.86690843246924
15 1 0.0 128.67785762999836
15 1 0.0 127.5073096499965
15 1 0.0 126.3478008108993
15 1 0.0 126.27116513000783
15 1 0.0 125.23510623999667
15 1 0.0 123.67074641996805
15 1 889.1633250793946 1012.1913638104004
15 1 0.0 121.56518572999221
15 1 0.0 121.48692139791024
15 1 0.0 121.2086568900063
15 1 0.0 119.84648592239773
15 1 0.0 119.04815577149824
15 1 0.0 117.42442024793786
15 1 42.552464238405264 158.89889513070852
15 1 0.0 116.13421146069845
15 1 0.0 111.69019337000748
15 1 0.0 109.260907021609
15 1 0.0 100.48277727839547
15 1 0.0 99.90979483240403
15 1 50.37217698390987 149.68519795349903
15 1 0.0 99.17819838446235
15 1 0.0 98.4496938816228
15 1 0.0 98.43105621509949
15 1 0.0 95.4023983024199
15 1 0.0 94.40087853648117
15 1 61.49453068000355 152.06016211999724
15 1 0.0 89.98409430760091
15 1 0.0 89.91538591889775
15 1 0.0 88.12784926001723
15 1 104.11198513598674 190.99080380759733
15 1 72.46843054960118 158.7720609007979
15 1 0.0 81.91020920250048
15 1 0.0 81.60766097000703
15 1 352.29456903467735 432.36680382149575
15 1 0.0 80.01764072920446
15 1 0.0 77.35284130950868
15 1 0.0 72.67876814510123
15 1 181.5709414500086 252.02827785000113
15 1 359.8699293699897 428.95536571000684
15 1 20.353472033993853 88.8336636004019
15 1 0.0 68.29650779709971
15 1 0.0 68.1453409124997
15 1 0.0 67.42064857760104
15 1 0.0 66.11865695099937
15 1 0.0 65.1970257740017
15 1 0.0 62.10631578509856
15 1 18.042677148890107 78.6836073148902
15 1 184.65478541002904 245.0108726399999
15 1 0.0 59.95657835999509
15 1 0.0 58.74575216999847
15 1 0.0 58.616791852495226
15 1 0.0 58.17876732999389
15 1 84.45407081251551 142.3237141924178
15 1 0.0 56.18105449930022
15 1 137.33406910999986 192.00968198998902
15 1 0.0 54.62505956999871
15 1 0.0 53.294641890006005
15 1 252.52886184000272 304.6971138399954
15 1 0.0 51.82849166089511
15 1 0.0 50.754717774792766
15 1 0.0 50.46462008749813
15 1 0.0 49.21958400999665
15 1 0.0 48.19308578999983
15 1 0.0 47.52511135071654
15 1 0.0 47.22654491827683
15 1 0.0 45.98620711749663
15 1 177.130782549998 221.678259910002
15 1 0.0 44.32447673089695
15 1 4071.693681399989 4115.5844130899895
15 1 0.0 43.32406054999478
15 1 117.48751668249915 160.31155221249105
15 1 153.36592558001416 194.64380383002072
15 1 0.0 38.533968089998666
15 1 0.0 37.61095793562845
15 1 120.2572750291003 156.52911421950324
15 1 0.0 29.833145480000667
15 1 189.5295698952973 218.63358876269967
15 1 499.3013761725206 528.3136857191048
15 1 0.0 25.80597082479727
15 1 0.0 24.80553825470861
15 1 355.09882003749976 378.6841372846975
15 1 0.0 23.563196549989925
15 1 0.0 23.285793510000644
15 1 0.0 20.58137664000583
15 1 0.0 20.467964393006014
15 1 546.9697522066101 567.1668801600067
15 1 0.0 18.836689302500645
15 1 721.0805322526958 738.1681402799977
15 1 91.5951783924113 106.41873598439747
15 1 60.6801661280046 75.25039950300209
15 1 0.0 14.30826152200109
15 1 49.89153344000499 62.25248525000734
15 1 0.0 11.1277854949019
15 1 0.0 10.804209240003729
15 1 0.0 10.501028295999845
15 1 0.0 10.085679910299575
15 1 0.0 9.550043120034388
15 1 0.0 8.579001615098264
15 1 206.73955856001567 214.4674684500019
15 1 0.0 6.913816035500986
15 1 0.0 4.266201749999254
15 1 0.0 4.0410703299951365
15 1 57.58102088999124 61.471912049996035
15 1 0.0 3.4963457799979096
15 1 235.2497638720074 238.63254044009045
15 1 0.0 3.2474913424017586
15 1 0.0 2.615876981095994
15 1 0.0 0.7179573924988745
15 0 0.0 inf
# COVID_SAMPLE_4_ROI_3
16 1 0.0 59805.58153671771
16 1 0.0 26060.47388860999
16 1 0.0 12478.138792770014
16 1 0.0 9335.623186064437
16 1 0.0 8648.853982169989
16 1 0.0 8546.236223552334
16 1 0.0 7897.30530287998
16 1 0.0 6884.002970897465
16 1 0.0 6032.878629850222
16 1 0.0 5661.206305794003
16 1 1841.7570406896448 7392.618711660007
16 1 276.45557374999134 5606.624285362005
16 1 0.0 4915.8118119299925
16 1 0.0 4639.82061706003
16 1 0.0 4594.3013979899915
16 1 0.0 4461.593504957709
16 1 0.0 4394.576890410013
16 1 0.0 4346.537612227684
16 1 0.0 4143.615681142494
16 1 0.0 4089.5923260100067
16 1 0.0 3778.1961815199256
16 1 0.0 3562.6996330399925
16 1 0.0 3546.4043584058945
16 1 0.0 3495.1865825028226
16 1 0.0 3270.2066940360137
16 1 0.0 3174.368236659999
16 1 0.0 2998.1793502399687
16 1 0.0 2913.9183240296124
16 1 0.0 2881.2460558167877
16 1 0.0 2878.124085990011
16 1 0.0 2872.759145840416
16 1 0.0 2811.3637629349687
16 1 0.0 2777.110263079998
16 1 0.0 2669.412206129995
16 1 0.0 2647.773882120001
16 1 0.0 2606.793737115864
16 1 189.73609889050385 2730.870172397514
16 1 0.0 2533.072072350005
16 1 0.0 2506.8347943420367
16 1 0.0 2470.1740767965125
16 1 0.0 2455.87728392949
16 1 0.0 2436.5898448799835
16 1 0.0 2368.813054578407
16 1 0.0 2325.215220761992
16 1 0.0 2286.7511357664107
16 1 112.22214112711481 2385.0554434063793
16 1 0.0 2272.1008619991158
16 1 0.0 2268.153523717996
16 1 0.0 2254.0562755499914
16 1 0.0 2239.7800135528078
16 1 0.0 2231.4053611400027
16 1 0.0 2224.49468523998
16 1 0.0 2190.190186030024
16 1 0.0 2062.908321809982
16 1 0.0 2056.5075286963956
16 1 0.0 2033.9982689100052
16 1 0.0 2012.7875126100018
16 1 0.0 2001.2466983607956
16 1 0.0 1999.5171725044079
16 1 0.0 1991.7312392768943
16 1 0.0 1966.4356427404143
16 1 0.0 1917.8002846176028
16 1 0.0 1897.24697196239
16 1 0.0 1881.9055592579948
16 1 0.0 1876.5022046900058
16 1 0.0 1852.9740156648863
16 1 0.0 1843.105043641182
16 1 0.0 1831.2450933667014
16 1 0.0 1831.0918068046922
16 1 0.0 1815.921824719193
16 1 0.0 1802.097327089973
16 1 0.0 1785.2234782400128
16 1 0.0 1767.1637577000063
16 1 0.0 1751.9759549044938
16 1 0.0 1751.9164944699246
16 1 0.0 1737.4917406170985
16 1 0.0 1731.7001507300006
16 1 0.0 1728.3925037700174
16 1 0.0 1720.9764541200057
16 1 0.0 1717.3230873579982
16 1 0.0 1716.8823747396027
16 1 3.004990590016405 1701.2610130199896
16 1 0.0 1695.4271794359001
16 1 0.0 1672.7731484800006
16 1 0.0 1641.916112039209
16 1 0.0 1635.1070240763693
16 1 0.0 1624.9029943595851
16 1 0.0 1614.2548260899825
16 1 0.0 1598.5254481364013
16 1 1128.6237395099824 2726.712262166816
16 1 0.0 1573.082241400014
16 1 0.0 1572.8408529599988
16 1 0.0 1561.8572493200136
16 1 0.0 1550.7475665320019
16 1 0.0 1532.5239365355062
16 1 0.0 1520.9140997894892
16 1 510.06179500800226 2007.0355821460014
16 1 0.0 1483.02097285999
16 1 0.0 1479.1301415699904
16 1 0.0 1477.7674517008236
16 1 0.0 1468.1739906648404
16 1 0.0 1467.135244959998
16 1 0.0 1466.9062045435057
16 1 1774.8280206460022 3220.084578157307
16 1 0.0 1432.1192704119821
16 1 0.0 1427.2860659712007
16 1 0.0 1422.7386544200078
16 1 0.0 1398.4638986286977
16 1 0.0 1389.336426959977
16 1 0.0 1386.3876973584138
16 1 0.0 1354.06642
16 1 0.0 1350.8174543275454
16 1 0.0 1325.482800520601
16 1 0.0 1318.5142383600037
16 1 0.0 1317.6196520404792
16 1 0.0 1308.8890286911892
16 1 0.0 1277.261175440004
16 1 0.0 1275.833673300685
16 1 0.0 1264.8476398199787
16 1 0.0 1257.2223177645033
16 1 0.0 1256.6250269185118
16 1 0.0 1253.6515853695932
16 1 0.0 1253.0401042299836
16 1 0.0 1236.1731831699776
16 1 0.0 1235.9508440663885
16 1 0.0 1219.7380993899994
16 1 0.0 1215.6879975791967
16 1 0.0 1205.8051262559025
16 1 0.0 1173.1792708496134
16 1 403.6905681599583 1558.9490597400181
16 1 0.0 1155.215193578707
16 1 0.0 1154.7399265056038
16 1 0.0 1154.6750320000106
16 1 0.0 1144.0843151259928
16 1 0.0 1139.92969657
16 1 0.0 1097.2104949475001
16 1 0.0 1093.1257411300085
16 1 0.0 1081.6132077048956
16 1 0.0 1076.1194876515801
16 1 0.0 1066.7739307264
16 1 0.0 1062.356720190008
16 1 0.0 1058.6311511451058
16 1 0.0 1056.926885527998
16 1 0.0 1044.6820512499773
16 1 0.0 1041.5071417120037
16 1 0.0 1040.255745881893
16 1 0.0 1027.536665480003
16 1 0.0 1014.5555873904032
16 1 0.0 1002.7921495999722
16 1 16.616381118422396 1016.0624924920003
16 1 0.0 986.7506128644013
16 1 0.0 981.7270893868586
16 1 0.0 976.8400818893128
16 1 0.0 956.4544060404241
16 1 0.0 947.7477468012031
16 1 0.0 940.7617006464111
16 1 11.200792223995904 947.2132929009888
16 1 0.0 935.967352210399
16 1 0.0 910.1856440256042
16 1 0.0 884.4766965671906
16 1 0.0 884.1298570532042
16 1 0.0 879.944687640013
16 1 0.0 876.4877971099975
16 1 0.0 874.2408341800019
16 1 0.0 873.1111432654957
16 1 0.0 870.1617083635936
16 1 0.0 864.5633411916097
16 1 0.0 850.4226588456154
16 1 0.0 849.9987034100072
16 1 0.0 841.9028985200107
16 1 0.0 839.3358658403959
16 1 0.0 836.6966075891041
16 1 0.0 828.5232606699929
16 1 0.0 814.6383949199867
16 1 0.0 796.8629644499915
16 1 0.0 788.1058417100052
16 1 0.0 783.9782425775013
16 1 0.0 780.3827266860108
16 1 513.5544565926866 1263.7799700039882
16 1 0.0 749.9326247848034
16 1 1202.3569794299988 1951.825495099998
16 1 0.0 747.800675419991
16 1 0.0 746.7316544786115
16 1 0.0 744.8924356292014
16 1 0.0 741.7333528400145
16 1 0.0 738.8785984100014
16 1 154.4863382561034 885.773194765201
16 1 0.0 729.4582056900076
16 1 0.0 725.1068643199965
16 1 0.0 721.849421550899
16 1 0.0 720.0748882800063
16 1 0.0 719.6504333539983
16 1 0.0 714.8488923491999
16 1 0.0 712.0465936975934
16 1 0.0 711.5831362225166
16 1 0.0 711.1147363983796
16 1 0.0 709.8498598100109
16 1 0.0 703.7825887059917
16 1 0.0 691.7865700155894
16 1 0.0 690.6153334065032
16 1 0.0 677.639263717504
16 1 0.0 665.3610325974464
16 1 0.0 659.1663505964066
16 1 0.0 658.8971032700028
16 1 0.0 653.9928211703959
16 1 0.0 652.3162316863015
16 1 0.0 651.7465451999926
16 1 1159.3676216300046 1811.0594867699074
16 1 0.0 647.5063098108992
16 1 0.0 644.3613685503897
16 1 1296.705749704393 1936.9058445043997
16 1 0.0 631.7787986700075
16 1 0.0 629.4578300003204
16 1 393.44536715760523 1019.1940444419988
16 1 0.0 624.5650744508966
16 1 0.0 617.6192375100086
16 1 0.0 607.1165245761345
16 1 0.0 607.0759592921083
16 1 0.0 606.5550986564735
16 1 0.0 606.1361489063978
16 1 0.0 605.1329853904008
16 1 0.0 604.8134436561155
16 1 0.0 602.7254335535399
16 1 0.0 601.8826597200004
16 1 0.0 594.3488424407979
16 1 0.0 587.6575354218927
16 1 0.0 585.7795962399848
16 1 0.0 582.4823875551093
16 1 0.0 570.8521664899996
16 1 0.0 563.4859917900098
16 1 0.0 562.0763491661119
16 1 0.0 557.8951707125992
16 1 0.0 556.1827776498924
16 1 0.0 555.4795299231032
16 1 0.0 545.576730050012
16 1 0.0 545.2981855923756
16 1 0.0 544.059172063304
16 1 0.0 543.8964113919901
16 1 175.99009690589764 719.3185606099978
16 1 0.0 543.2343651100009
16 1 0.0 542.1550590899919
16 1 75.24858658000903 613.5437159100138
16 1 0.0 537.635853679958
16 1 0.0 535.1679363215926
16 1 0.0 525.8356544399985
16 1 299.08451011840657 818.7355169863067
16 1 0.0 516.7023817104014
16 1 0.0 510.02820711248387
16 1 0.0 507.4751030699972
16 1 0.0 503.49199566310165
16 1 0.0 502.8744027899902
16 1 441.4298994564447 941.190940955601
16 1 0.0 491.7969634424953
16 1 0.0 486.9134357699927
16 1 0.0 483.8598184984012
16 1 0.0 482.82071790000714
16 1 0.0 477.9886843200036
16 1 0.0 475.43757587689925
16 1 0.0 465.9223291500001
16 1 0.0 465.6967097900106
16 1 0.0 464.83237321439174
16 1 0.0 463.7670091343907
16 1 110.43296242398628 569.8132806400035
16 1 0.0 458.2297072000092
16 1 0.0 448.98528105250625
16 1 0.0 432.1564682399785
16 1 0.0 430.91350480198844
16 1 0.0 426.37018186001114
16 1 0.0 424.8452718588013
16 1 0.0 423.99750906000986
16 1 0.0 422.89943410599494
16 1 0.0 419.65457397839464
16 1 0.0 416.4897515699971
16 1 0.0 414.40701047220045
16 1 0.0 412.07355811118305
16 1 0.0 410.5415074499888
16 1 0.0 410.5103760917091
16 1 0.0 409.9348722062
16 1 0.0 403.7275281060056
16 1 0.0 401.1788942708904
16 1 0.0 399.2724796124048
16 1 0.0 398.45869318760253
16 1 0.0 390.7083264559992
16 1 0.0 388.30792836000126
16 1 0.0 387.81261547000713
16 1 0.0 384.427488730018
16 1 0.0 383.06487629999765
16 1 172.89793064999913 555.2106718400069
16 1 0.0 380.4710557999863
16 1 0.0 380.0052821700024
16 1 0.0 379.0308675299966
16 1 0.0 377.63114678999966
16 1 685.6459726335943 1062.4880133011925
16 1 0.0 374.83155102840647
16 1 0.0 366.0917737799973
16 1 0.0 363.77518760640373
16 1 0.0 362.7973217699904
16 1 0.0 362.0025806386998
16 1 0.0 360.2115534624909
16 1 45.19269132001318 403.22049593000975
16 1 0.0 354.2902952499958
16 1 0.0 351.4655960400012
16 1 0.0 345.06384736519703
16 1 0.0 343.42114473000004
16 1 0.0 342.97576000801223
16 1 86.73080533560164 426.25068743240627
16 1 546.4810121252003 882.772422125201
16 1 0.0 334.3232310368935
16 1 0.0 334.24185788664045
16 1 0.0 319.4665996092932
16 1 0.0 318.1022316300089
16 1 0.0 317.30084680050186
16 1 0.0 314.80686934399137
16 1 0.0 314.33202377599787
16 1 0.0 308.7551111519906
16 1 0.0 297.59316800001216
16 1 0.0 295.6179458763927
16 1 0.0 295.28273287999036
16 1 0.0 289.6909789584952
16 1 0.0 289.0221964584298
16 1 0.0 287.07798199001354
16 1 144.1321195552173 425.5810932016293
16 1 2445.561176762527 2726.7709883700204
16 1 0.0 280.99109943999565
16 1 0.0 278.6569009570976
16 1 0.0 273.8618585273025
16 1 0.0 267.89802167001426
16 1 0.0 263.67023113002006
16 1 0.0 263.4345200999892
16 1 0.0 262.56675141130086
16 1 0.0 259.2398168899972
16 1 0.0 257.11468230001446
16 1 0.0 256.3989704624928
16 1 2154.1210919767855 2407.085810509974
16 1 0.0 252.24583778999693
16 1 95.86637235474097 346.54932327400184
16 1 0.0 244.52477375149533
16 1 0.0 243.8137064620014
16 1 0.0 243.52869240000587
16 1 0.0 243.46356405679762
16 1 0.0 241.48880889250404
16 1 0.0 240.16160010248313
16 1 0.0 238.84122176999335
16 1 0.0 237.8302213080985
16 1 0.0 233.31425671109582
16 1 0.0 227.73826186999395
16 1 0.0 223.36562926635906
16 1 0.0 221.9961394271954
16 1 0.0 220.34200319089473
16 1 0.0 220.12571343350282
16 1 315.26694820000466 533.3801245500113
16 1 0.0 217.70599444143136
16 1 0.0 216.98674513799926
16 1 20.713753715589746 235.43620844999077
16 1 0.0 211.39211276998458
16 1 246.54842411640084 456.41446356830204
16 1 0.0 209.3641108799959
16 1 910.7626527599994 1120.0543464700013
16 1 0.0 204.1258771353214
16 1 0.0 203.99720318560645
16 1 538.8038624799956 740.7995207100021
16 1 0.0 200.959921480003
16 1 0.0 199.14491721383774
16 1 0.0 188.51129110999045
16 1 0.0 180.75305652801217
16 1 0.0 180.4072196200052
16 1 444.8284773414962 621.2030202661008
16 1 0.0 173.1881093083921
16 1 0.0 172.42758593858048
16 1 0.0 171.1418033072
16 1 0.0 169.88022399999454
16 1 0.0 169.2304477675816
16 1 1125.3842844931062 1289.358346139995
16 1 0.0 157.64328383999919
16 1 0.0 157.5940494310944
16 1 0.0 157.25268567349855
16 1 0.0 154.29358355000375
16 1 1022.0259682755122 1172.8588783187306
16 1 0.0 148.89232205998974
16 1 141.99304783039724 288.7349657639943
16 1 0.0 144.98975889161102
16 1 0.0 142.4912693893029
16 1 0.0 141.8458165840209
16 1 557.6230173999975 698.6904385699918
16 1 0.0 137.70496217870402
16 1 0.0 137.6366504504997
16 1 0.0 136.64656436638347
16 1 0.0 136.61012987238814
16 1 0.0 135.99062222840575
16 1 102.72377588920858 238.1893088768993
16 1 0.0 131.40310139880467
16 1 0.0 129.13118088270107
16 1 0.0 127.82981502998587
16 1 0.0 124.88367851999556
16 1 0.0 124.44157303000247
16 1 0.0 120.78134286339326
16 1 0.0 120.51792079840018
16 1 987.3761752669207 1107.4371668925087
16 1 0.0 119.74633927762056
16 1 0.0 119.56382402999392
16 1 0.0 116.00185881090067
16 1 0.0 115.08572764000473
16 1 0.0 112.17038874998752
16 1 291.23593761710276 402.98386654479486
16 1 0.0 108.68092954000429
16 1 0.0 108.1704123199952
16 1 0.0 107.69083352999746
16 1 217.20034205289994 324.6709195346266
16 1 0.0 105.55336941679911
16 1 93.88503391998938 196.82080160639407
16 1 0.0 102.34547507890147
16 1 0.0 94.65944814000773
16 1 21.233186755997053 114.34734291649647
16 1 0.0 92.35457413450365
16 1 0.0 89.83101503998842
16 1 0.0 89.80005070000834
16 1 0.0 86.13994260000754
16 1 1454.9304807500048 1540.8356757455867
16 1 0.0 84.29407277748874
16 1 0.0 84.28245502070195
16 1 4.374581759999728 86.74452378000933
16 1 0.0 80.72945673249592
16 1 306.76339108237335 385.3067591223826
16 1 0.0 77.21652624960012
16 1 0.0 76.41739634310431
16 1 0.0 75.17553311067968
16 1 0.0 74.74092087960207
16 1 0.0 72.65666546997363
16 1 0.0 71.93921424000291
16 1 0.0 71.394584802498
16 1 0.0 70.13035817640412
16 1 0.0 69.48181972280099
16 1 0.0 64.68923377032752
16 1 0.0 62.852730888699625
16 1 0.0 62.50566122999908
16 1 0.0 61.08051315249554
16 1 1.3009806899945033 62.118428769987986
16 1 0.0 60.577616367194196
16 1 0.0 57.54761132999897
16 1 0.0 54.247425299995484
16 1 0.0 51.371842540779426
16 1 0.0 51.080965720001274
16 1 0.0 49.9978479299989
16 1 0.0 49.9921939199877
16 1 0.0 49.84135952307042
16 1 563.7103403636987 607.9500257399927
16 1 0.0 39.37183925529939
16 1 0.0 38.752054863299406
16 1 0.0 33.258448512301584
16 1 0.0 30.447630521096926
16 1 0.0 30.282470699990654
16 1 0.0 27.680532088401378
16 1 0.0 25.783424438329916
16 1 0.0 22.372059850006053
16 1 0.0 18.982416640001418
16 1 0.0 18.702372233606184
16 1 0.0 17.56565346999855
16 1 0.0 16.717836153994085
16 1 0.0 16.28903793808786
16 1 0.0 16.035147028801248
16 1 0.0 14.70271231189713
16 1 0.0 13.709710679956515
16 1 30.752505699989342 43.45666499998492
16 1 139.7712942296057 151.04734556760593
16 1 0.0 6.629968386248947
16 1 40.41037567000578 46.71244450999947
16 1 0.0 5.194645889996309
16 1 0.0 2.1564182199984003
16 1 0.0 2.054864716316729
16 1 0.0 0.7128250775074321
16 0 0.0 inf
# COVID_SAMPLE_9_ROI_2
17 1 0.0 16750.502896045942
17 1 0.0 15577.097943047105
17 1 0.0 15038.641866605984
17 1 0.0 13447.157780677984
17 1 0.0 13225.27327521996
17 1 0.0 12181.127249157094
17 1 0.0 10307.179453915825
17 1 0.0 9988.00302709911
17 1 0.0 8771.308236400084
17 1 0.0 8635.53173472601
17 1 0.0 7601.587166411999
17 1 0.0 6830.616094220018
17 1 0.0 6601.899778018414
17 1 0.0 6478.428724022875
17 1 0.0 6440.235592752002
17 1 0.0 6121.686064399952
17 1 0.0 6111.032761902872
17 1 0.0 6105.28684423997
17 1 0.0 6047.896714047965
17 1 0.0 5973.078426772805
17 1 0.0 5849.75116791998
17 1 0.0 5137.613910909989
17 1 0.0 5086.903190699995
17 1 0.0 5074.631159417526
17 1 0.0 4928.260325230005
17 1 0.0 4687.905999788394
17 1 0.0 4395.607894659987
17 1 0.0 4204.0856153141085
17 1 0.0 4198.962731080027
17 1 0.0 4028.146697393995
17 1 0.0 4003.8114664464047
17 1 2.457963641107199 3777.42408415877
17 1 0.0 3744.8134054399743
17 1 919.0811332900303 4612.239990870039
17 1 0.0 3665.8898450999914
17 1 0.0 3650.031963960071
17 1 0.0 3511.249268122396
17 1 0.0 3485.0293264479064
17 1 6.119042326502495 3442.382949124498
17 1 0.0 3386.763926169994
17 1 0.0 3377.567437483194
17 1 0.0 3307.271666300011
17 1 0.0 3273.201523449996
17 1 2688.058323951708 5949.553861009982
17 1 0.0 3188.6089216854843
17 1 0.0 3161.6197895379746
17 1 351.791657582502 3485.588578276396
17 1 0.0 3108.4993889299967
17 1 173.74840196999912 3274.3664264455065
17 1 0.0 3073.6064156739894
17 1 0.0 3046.5826624436113
17 1 0.0 3010.720342079993
17 1 0.0 2970.4078047576113
17 1 0.0 2938.637095199997
17 1 0.0 2894.5456375844096
17 1 0.0 2891.2680567174875
17 1 0.0 2855.601398830011
17 1 0.0 2824.754792809994
17 1 580.896138544701 3297.1532227084117
17 1 0.0 2691.825822560002
17 1 0.0 2671.966996692424
17 1 0.0 2646.0863352007927
17 1 0.0 2615.522324296797
17 1 767.1887573999766 3380.727209310018
17 1 0.0 2606.5991762000112
17 1 0.0 2556.1656917024366
17 1 0.0 2536.692402968788
17 1 0.0 2524.099949992511
17 1 0.0 2511.9268765487
17 1 0.0 2489.660868578007
17 1 0.0 2489.599199150188
17 1 0.0 2486.8297406083866
17 1 0.0 2485.2989430092875
17 1 0.0 2477.0273594267082
17 1 0.0 2437.7465824384035
17 1 0.0 2402.190329000002
17 1 0.0 2380.1642132787956
17 1 0.0 2343.218583560055
17 1 0.0 2275.8141477437516
17 1 0.0 2268.278952638071
17 1 0.0 2267.9550080541358
17 1 0.0 2264.0099636771984
17 1 0.0 2225.337332249994
17 1 0.0 2213.470593622514
17 1 0.0 2197.3252460825142
17 1 102.06011527998157 2291.873736800009
17 1 0.0 2179.1602271983265
17 1 0.0 2175.828730424005
17 1 0.0 2150.3933368435983
17 1 0.0 2131.684576642816
17 1 0.0 2129.1397980799907
17 1 0.0 2115.4380536651815
17 1 0.0 2091.6872712399945
17 1 0.0 2069.763851265604
17 1 0.0 2067.009486529996
17 1 0.0 2025.3421580043878
17 1 0.0 2003.1410647838823
17 1 0.0 1892.4111100499713
17 1 0.0 1889.7812617523978
17 1 0.0 1885.4605539095874
17 1 58.4026394599864 1921.8116991999796
17 1 0.0 1855.8770223689753
17 1 0.0 1835.0910504000058
17 1 0.0 1802.4756282000199
17 1 0.0 1788.5149690880228
17 1 0.0 1784.9799285719787
17 1 1005.7802402074985 2774.4394036224794
17 1 0.0 1750.1556332624873
17 1 0.0 1750.0254750680015
17 1 0.0 1737.7721342106938
17 1 0.0 1728.11950299999
17 1 0.0 1713.5311031183983
17 1 0.0 1657.1208118516015
17 1 0.0 1610.4024727500164
17 1 0.0 1602.0889502799973
17 1 0.0 1599.124195619997
17 1 0.0 1591.0184449924827
17 1 0.0 1582.8759556120049
17 1 0.0 1580.9116110779137
17 1 0.0 1524.562396842406
17 1 0.0 1515.4590568189146
17 1 0.0 1514.1075236799848
17 1 0.0 1478.2459904876105
17 1 1196.5724441636053 2666.836004759985
17 1 0.0 1463.6854303699993
17 1 0.0 1453.9423062800072
17 1 0.0 1453.0870478375027
17 1 0.0 1452.2941910433074
17 1 0.0 1449.453692780006
17 1 0.0 1434.8466040700105
17 1 0.0 1433.111779200014
17 1 0.0 1418.746368240002
17 1 0.0 1404.777011470068
17 1 0.0 1359.6107851175166
17 1 0.0 1348.1306015284117
17 1 495.62122370398174 1836.5994507615926
17 1 0.0 1309.8584141608037
17 1 0.0 1293.989195510494
17 1 0.0 1287.8360914899981
17 1 61.445601199967314 1339.451377030031
17 1 0.0 1271.2501747999704
17 1 0.0 1263.5736906571915
17 1 0.0 1258.382680746399
17 1 0.0 1228.3829455903951
17 1 0.0 1221.0120417600256
17 1 0.0 1219.105863329993
17 1 0.0 1205.4510171084953
17 1 0.0 1197.2810754144052
17 1 0.0 1184.5986952299932
17 1 853.5315222067638 2025.411563233928
17 1 356.8561242976134 1513.314417949989
17 1 517.9823190316165 1664.647405478801
17 1 12.821569791959519 1156.8626244576044
17 1 0.0 1138.1061148874987
17 1 0.0 1114.5388414299807
17 1 0.0 1092.7454201057617
17 1 0.0 1056.2037375900122
17 1 135.97171141001274 1181.7704675000195
17 1 0.0 1042.0939871700402
17 1 0.0 1028.2839397967964
17 1 0.0 1025.4788385811562
17 1 0.0 1014.4461739128087
17 1 410.2062592500206 1421.4546771199894
17 1 104.5127617873049 1113.2507096568206
17 1 297.8423554315907 1270.5776173665022
17 1 198.88933275908494 1168.6465767426935
17 1 778.2148054224144 1743.9705764323971
17 1 0.0 965.4114746723985
17 1 0.0 964.7935280444012
17 1 0.0 961.0859657599799
17 1 0.0 958.3056496663419
17 1 0.0 945.9834320104032
17 1 555.2792400564867 1492.2599559999026
17 1 0.0 929.2269709900096
17 1 55.682992691601385 972.6032578751056
17 1 2459.933555400028 3374.3606138299965
17 1 0.0 893.4950067223899
17 1 0.0 890.5383137774988
17 1 0.0 885.0741355431837
17 1 0.0 883.206871381349
17 1 0.0 880.4729909480211
17 1 193.34254058998704 1057.908066840003
17 1 0.0 864.0873184500451
17 1 0.0 861.9708081300096
17 1 7.0966413315998125 869.0353740499884
17 1 0.0 860.9661850535867
17 1 0.0 856.3553902399963
17 1 0.0 854.9632249395969
17 1 0.0 854.428110028299
17 1 0.0 850.6736546059016
17 1 0.0 828.7017235624976
17 1 0.0 812.8939826000124
17 1 0.0 812.0993192399792
17 1 210.24156621788552 1014.0316113615941
17 1 0.0 803.2076019755723
17 1 0.0 797.7316791631029
17 1 673.1639851039877 1460.1599270000015
17 1 277.8830278124194 1057.9305554624111
17 1 81.4515182467976 858.1923190325083
17 1 0.0 775.023432184817
17 1 0.0 765.5852717999965
17 1 0.0 751.3614216654964
17 1 0.0 749.9703864494913
17 1 0.0 744.5134797899836
17 1 154.8924432011263 893.095751650917
17 1 0.0 727.3653558316992
17 1 0.0 727.3229392703986
17 1 0.0 720.187157582501
17 1 0.0 720.0654701120959
17 1 0.0 716.0308247339985
17 1 0.0 704.4081281970052
17 1 0.0 704.3780016482742
17 1 0.0 699.56859403
17 1 0.0 694.4206600671005
17 1 0.0 688.8873464399942
17 1 0.0 686.3543743499749
17 1 0.0 685.9717944340942
17 1 0.0 683.071340619591
17 1 0.0 682.629448279301
17 1 0.0 669.7652885300258
17 1 0.0 662.5706375331815
17 1 508.14115336229634 1166.8560325474941
17 1 164.8662991392066 820.2985395379083
17 1 0.0 652.0208356699695
17 1 0.0 649.9467291899903
17 1 0.0 649.8664459805077
17 1 0.0 647.3320780463989
17 1 0.0 633.0022531199793
17 1 49.42175275037562 682.3118781069434
17 1 0.0 616.579348241195
17 1 0.0 616.4098407599934
17 1 0.0 616.2698954380339
17 1 0.0 614.9977466280479
17 1 0.0 613.4970175720041
17 1 1153.254073647609 1766.4815600091006
17 1 150.426873992305 750.7406673143971
17 1 0.0 596.4411640463004
17 1 0.0 581.3302915475947
17 1 399.20696081289134 979.2954085428914
17 1 0.0 578.2282649120252
17 1 0.0 574.9241460899902
17 1 0.0 572.7275596400141
17 1 0.0 572.3356270639788
17 1 1567.4147741183874 2139.536872808388
17 1 0.0 566.9259269083068
17 1 0.0 560.4177582643997
17 1 0.0 560.2355663599913
17 1 0.0 560.067533486892
17 1 0.0 551.6145358900014
17 1 0.0 546.975238897199
17 1 0.0 545.6409754791973
17 1 0.0 545.0775611888985
17 1 0.0 540.1660895629147
17 1 0.0 537.494148216402
17 1 0.0 528.2083576699802
17 1 0.0 527.804170027589
17 1 0.0 526.5923309171972
17 1 354.6641481539923 873.2828104212814
17 1 0.0 507.5506714627877
17 1 0.0 504.5196554900044
17 1 0.0 501.1310218600056
17 1 0.0 496.69232358559543
17 1 0.0 491.26265622188635
17 1 0.0 489.7341345600162
17 1 0.0 473.47694992520155
17 1 0.0 472.7256855199814
17 1 0.0 471.96460075250434
17 1 0.0 471.6524478315989
17 1 0.0 469.6287651099881
17 1 0.0 446.8744805011014
17 1 798.5715693599723 1234.347089880037
17 1 0.0 434.0179763199967
17 1 0.0 432.17057286146064
17 1 177.69637302003866 603.0615167400174
17 1 0.0 421.5289005031914
17 1 0.0 404.61168873962606
17 1 0.0 398.92885419999664
17 1 0.0 398.1245937463368
17 1 0.0 395.93327676992794
17 1 335.70679806179487 731.133213638087
17 1 1273.347108283193 1667.6471204579852
17 1 0.0 393.9177097299844
17 1 0.0 393.1117074827439
17 1 0.0 390.2825374056338
17 1 0.0 389.7948911219013
17 1 0.0 383.7179828028111
17 1 70.89047232750227 453.6136012359923
17 1 0.0 373.58988037049994
17 1 0.0 367.92184188470685
17 1 319.914170657516 685.9733374475086
17 1 214.3377635440968 578.4151722837018
17 1 0.0 362.97779250990106
17 1 0.0 358.87546665809623
17 1 149.19349604747458 507.387494610904
17 1 0.0 356.8065323654987
17 1 929.2269664226969 1284.2737165703984
17 1 0.0 351.18743192440775
17 1 107.34200109001904 457.7934030399956
17 1 0.0 349.9659152499944
17 1 0.0 347.5805027200122
17 1 0.0 346.4582205799761
17 1 0.0 345.39078919848976
17 1 0.0 345.3304413940041
17 1 254.56277635719835 598.2198072199935
17 1 0.0 334.83433150080504
17 1 21.572786617511156 349.3340565056196
17 1 0.0 323.32130237199794
17 1 0.0 311.0822692351027
17 1 0.0 308.13676965388936
17 1 0.0 301.4177447000111
17 1 0.0 298.72930494758657
17 1 3422.0702590320175 3720.096487438426
17 1 0.0 296.82322093363746
17 1 0.0 296.44980105450213
17 1 0.0 296.2146207700114
17 1 0.0 288.63257117080275
17 1 12.628850259599858 300.26370209669926
17 1 0.0 279.29271072809684
17 1 272.37562001648666 549.0189189384878
17 1 0.0 276.6252755963251
17 1 153.4906068864011 429.44006008150154
17 1 0.0 270.5903440458965
17 1 1870.3308853125045 2136.2088835900067
17 1 0.0 263.29938298159936
17 1 0.0 263.0242140299997
17 1 88.53240692998452 349.4313259700082
17 1 0.0 259.2829567691897
17 1 332.35227060000534 591.5949693300021
17 1 0.0 258.61120690479186
17 1 457.6118230399893 716.1249361525092
17 1 0.0 257.33355690560165
17 1 0.0 256.6457491500019
17 1 0.0 255.1641728880013
17 1 0.0 251.1670316439995
17 1 0.0 248.39385312844934
17 1 0.0 248.15852977365512
17 1 0.0 247.24548485002015
17 1 0.0 239.0533577813477
17 1 0.0 237.79597770921282
17 1 0.0 237.27752561289435
17 1 0.0 230.89240422999728
17 1 0.0 229.89831394510384
17 1 0.0 228.23214609001434
17 1 577.3271696220011 803.8590225840078
17 1 268.3659389591867 494.8921101559963
17 1 143.79589666389984 368.9033298399984
17 1 845.031895961275 1069.4313278612635
17 1 0.0 219.39879818640202
17 1 0.0 214.04374954998957
17 1 0.0 212.733736803772
17 1 0.0 209.61735650000355
17 1 0.0 205.3889677799955
17 1 0.0 203.88681215987322
17 1 0.0 195.89616822440078
17 1 0.0 193.9520494736001
17 1 0.0 185.8126115276009
17 1 43.91434051349552 228.39842653229925
17 1 0.0 183.65036017960892
17 1 42.67265236519961 224.38786856480465
17 1 0.0 180.5587042197808
17 1 0.0 177.92822098600118
17 1 0.0 174.84155937400214
17 1 0.0 172.18367514889576
17 1 0.0 165.06319015530448
17 1 0.0 163.8743934597005
17 1 0.0 163.574750898013
17 1 0.0 161.36816017000365
17 1 0.0 160.25888492896274
17 1 0.0 159.24426478950272
17 1 0.0 158.82681397055057
17 1 0.0 154.9327188755533
17 1 0.0 148.85621596999727
17 1 0.0 146.2439276899877
17 1 0.0 141.62256150492476
17 1 0.0 136.79841505599393
17 1 239.23841810559463 372.80727187960275
17 1 0.0 130.7160550268959
17 1 0.0 130.53643347845536
17 1 259.09942581278665 387.1663327462943
17 1 0.0 128.00230750000162
17 1 0.0 125.30124357118939
17 1 0.0 124.04478351899837
17 1 0.0 120.89137230999131
17 1 0.0 118.33720823850285
17 1 0.0 117.2898520060952
17 1 0.0 112.69849304999855
17 1 0.0 112.09480833869895
17 1 268.13940474799074 379.7878024583995
17 1 0.0 108.19441178500233
17 1 0.0 107.66311036638808
17 1 1608.8275796610183 1714.428320738305
17 1 0.0 104.13984791639177
17 1 115.62080195002545 214.05879960999027
17 1 0.0 95.28789342410107
17 1 0.0 93.65953916760043
17 1 806.5112278685715 898.4981366485781
17 1 0.0 91.91436155730298
17 1 200.02650607799436 275.0329798363989
17 1 0.0 74.15858143000969
17 1 222.68857706599283 293.76849988450186
17 1 0.0 69.67512033599951
17 1 0.0 64.0281565900068
17 1 198.25277892000986 259.9017209499973
17 1 0.0 52.77678198200056
17 1 0.0 50.02128617229664
17 1 0.0 47.089629217601214
17 1 0.0 43.76278954952022
17 1 0.0 42.55612752310208
17 1 0.0 37.163013079998905
17 1 0.0 35.82145882870054
17 1 829.7273668913017 862.4576434071032
17 1 39.79206961250907 71.19313764000935
17 1 0.0 30.79172896160253
17 1 121.44186944250168 149.84366767200027
17 1 366.9835889300025 392.4881166927057
17 1 0.0 21.565686605708834
17 1 740.2329382995044 761.4889575746975
17 1 0.0 19.907771757811588
17 1 0.0 16.281647109375115
17 1 0.0 15.142100000008213
17 1 0.0 15.032486389501287
17 1 0.0 14.822336130006988
17 1 0.0 13.255614432499442
17 1 0.0 9.860363800022242
17 1 0.0 9.120585415091568
17 1 210.75069583999493 216.3834462400032
17 1 0.0 5.121045200006847
17 1 0.0 4.9117041177484
17 1 7.719355907437603 12.366417559596925
17 1 0.0 1.5304987792987959
17 1 0.0 0.5962148756009356
17 0 0.0 inf
# COVID_SAMPLE_4_ROI_2
18 1 0.0 18393.82902279998
18 1 0.0 16946.697164599944
18 1 7788.679158980383 23770.720479465577
18 1 1612.6268506022825 15148.886425440289
18 1 0.0 12647.355771264001
18 1 0.0 12126.88803081414
18 1 0.0 11461.173923985985
18 1 0.0 11374.861300297607
18 1 0.0 7246.588363920047
18 1 1120.8338290253027 7582.515903264803
18 1 0.0 6151.632680099997
18 1 0.0 6097.117758930878
18 1 0.0 6057.628843380029
18 1 0.0 5956.374563784432
18 1 0.0 5825.473282240047
18 1 0.0 5766.683944684384
18 1 0.0 5663.572819479997
18 1 0.0 5571.899241270014
18 1 9016.705828719943 14456.879910679958
18 1 0.0 5318.053418587105
18 1 0.0 5298.83941285
18 1 0.0 5097.564976289981
18 1 0.0 5095.871289477607
18 1 0.0 4951.4458476370955
18 1 0.0 4789.555255086532
18 1 0.0 4690.35025675001
18 1 0.0 4398.3046065700055
18 1 210.85351989834635 4583.956584473641
18 1 0.0 4364.95285230049
18 1 0.0 4279.84965906997
18 1 0.0 4252.878529456917
18 1 0.0 4180.852804960041
18 1 0.0 4067.8979323982076
18 1 0.0 3970.788523277585
18 1 0.0 3866.1053865037175
18 1 0.0 3759.3338971439425
18 1 0.0 3747.154070321699
18 1 0.0 3730.5351894000096
18 1 257.15789722999716 3914.2626588000003
18 1 0.0 3653.297651921904
18 1 0.0 3589.279396849992
18 1 0.0 3535.9946899999895
18 1 0.0 3430.3511347099893
18 1 0.0 3359.467934276394
18 1 0.0 3338.457117562901
18 1 0.0 3219.4514904915977
18 1 0.0 3188.4316169099548
18 1 0.0 3155.5764747600233
18 1 0.0 3154.39933893365
18 1 126.81602857229791 3263.7201791717107
18 1 0.0 3132.091876409989
18 1 0.0 3033.492779527585
18 1 0.0 3015.4105645378586
18 1 0.0 3011.106959160021
18 1 0.0 2936.3043979704044
18 1 0.0 2925.8340993075108
18 1 0.0 2857.4081538779024
18 1 0.0 2788.7181283354826
18 1 0.0 2760.9707249499806
18 1 0.0 2687.239696608007
18 1 0.0 2655.729198360038
18 1 0.0 2640.521392749969
18 1 0.0 2592.4732425986963
18 1 0.0 2517.436956275189
18 1 0.0 2490.4982325316496
18 1 0.0 2405.8027215929133
18 1 0.0 2387.5454132519963
18 1 0.0 2345.418597550004
18 1 0.0 2312.3294257274883
18 1 0.0 2295.962789719983
18 1 0.0 2237.1705885299984
18 1 885.3838199445236 3119.674659326003
18 1 0.0 2211.2988720019957
18 1 0.0 2166.545518062496
18 1 0.0 2076.2794580699942
18 1 0.0 2075.5949007100126
18 1 0.0 2057.7485992903685
18 1 0.0 2042.9849775840053
18 1 0.0 2040.4426635484024
18 1 0.0 2031.8639477399124
18 1 0.0 2028.6468303695829
18 1 0.0 2015.336485127796
18 1 0.0 2001.0401844896114
18 1 502.80638795909783 2486.380074837989
18 1 0.0 1973.0748809907082
18 1 0.0 1960.3692318599878
18 1 0.0 1940.9176763932783
18 1 0.0 1907.6983498499912
18 1 0.0 1867.6752362799853
18 1 0.0 1862.9734784961774
18 1 0.0 1852.274913709984
18 1 0.0 1831.697806496698
18 1 0.0 1800.6153851435083
18 1 0.0 1794.7447608315142
18 1 449.15618428001926 2239.6312286400116
18 1 0.0 1769.9159471774979
18 1 0.0 1755.3111995055046
18 1 0.0 1747.322283850402
18 1 188.5119247499888 1881.8796855900073
18 1 0.0 1679.9103757900111
18 1 0.0 1676.7695483324087
18 1 0.0 1658.887935559972
18 1 0.0 1654.2893396300105
18 1 0.0 1649.314545956811
18 1 0.0 1638.5882212400106
18 1 0.0 1600.1167418423938
18 1 0.0 1593.6771714099898
18 1 0.0 1582.6967300300112
18 1 61.48182303270232 1626.6183185700015
18 1 0.0 1546.0964699594388
18 1 938.5999249274983 2483.437592337279
18 1 0.0 1541.6947196334922
18 1 0.0 1538.4624591039865
18 1 0.0 1524.6274832780036
18 1 0.0 1517.8591036000098
18 1 0.0 1475.3050051600103
18 1 342.5479705700309 1817.4322096800042
18 1 0.0 1472.3297085000013
18 1 0.0 1460.5714349199961
18 1 275.2331261231875 1725.1253587712035
18 1 0.0 1420.820487961612
18 1 0.0 1415.6661601363849
18 1 0.0 1364.5904846951144
18 1 546.7816899443114 1910.13009788188
18 1 0.0 1362.0039360766982
18 1 0.0 1360.6754792010179
18 1 0.0 1357.138639650001
18 1 0.0 1356.9055976169052
18 1 202.68284956000457 1534.638545279966
18 1 0.0 1317.4292916384093
18 1 0.0 1311.4345325491631
18 1 0.0 1294.3362105699025
18 1 1170.581254505511 2429.0062758079716
18 1 0.0 1235.197867535254
18 1 0.0 1218.0466266019866
18 1 107.51794372330914 1325.2855472073024
18 1 0.0 1203.7689753900013
18 1 0.0 1203.1517666935938
18 1 0.0 1179.343502320422
18 1 0.0 1157.910010575003
18 1 0.0 1152.8536690025176
18 1 0.0 1138.84629846
18 1 0.0 1136.1104676540053
18 1 0.0 1127.4693094100085
18 1 0.0 1085.9532360966987
18 1 0.0 1063.5220484500055
18 1 0.0 1060.2670524381274
18 1 0.0 1054.429845910031
18 1 799.2467988151011 1847.2439549631144
18 1 0.0 1042.535248624832
18 1 0.0 1042.2169393899976
18 1 0.0 1018.4842029064989
18 1 0.0 1011.9956708319924
18 1 0.0 1005.9566020768011
18 1 264.94364459199824 1255.0160868871008
18 1 0.0 989.3783561865014
18 1 2119.723932650043 3103.12140893996
18 1 0.0 972.9099015900001
18 1 0.0 964.338632489992
18 1 1840.0646025587366 2802.823118134904
18 1 0.0 958.2273115599905
18 1 0.0 957.8682791700048
18 1 0.0 953.9746570800139
18 1 0.0 949.1014304599953
18 1 956.0621298365222 1896.1360388716043
18 1 0.0 930.3795842599638
18 1 0.0 921.1436252799922
18 1 392.1089828912027 1305.2632143158974
18 1 0.0 913.0743178684088
18 1 0.0 911.7523964699894
18 1 0.0 901.9104479100065
18 1 0.0 894.8460368220099
18 1 0.0 875.1271757600116
18 1 758.5810419574982 1631.8872252283836
18 1 0.0 869.3053492119029
18 1 0.0 865.996459414011
18 1 0.0 849.372515493194
18 1 0.0 837.5671240343077
18 1 0.0 819.4486753719971
18 1 0.0 811.2422491823686
18 1 0.0 810.6374897199953
18 1 0.0 809.0578128499981
18 1 0.0 789.2266339564121
18 1 0.0 770.3473696308617
18 1 0.0 766.7316923299963
18 1 0.0 765.8016592454792
18 1 0.0 760.4524760288975
18 1 0.0 760.2693348507039
18 1 0.0 757.6091526504933
18 1 0.0 755.7081513254625
18 1 1241.7677038900051 1994.840564040011
18 1 792.2837841100097 1544.9688060600151
18 1 0.0 747.8575048063026
18 1 0.0 747.3992910492007
18 1 0.0 745.5573276300006
18 1 0.0 739.6256445624992
18 1 0.0 735.5588936134909
18 1 0.0 733.316877667889
18 1 0.0 731.5089005999907
18 1 0.0 726.34726090002
18 1 163.36534450241288 879.3610260924061
18 1 0.0 715.6649685824945
18 1 0.0 708.8849200053617
18 1 228.36229410959322 933.5018276783958
18 1 0.0 699.9042020299869
18 1 0.0 684.5138655896008
18 1 38.59704170999339 721.6310150800127
18 1 0.0 669.9600606752047
18 1 0.0 654.2889416555049
18 1 0.0 642.0004176912844
18 1 0.0 641.4934435347981
18 1 0.0 640.9813095100028
18 1 653.17486685 1284.851922355099
18 1 0.0 628.681410202702
18 1 0.0 625.2853048224165
18 1 1019.2383429100073 1632.0103752500017
18 1 0.0 609.3199656499949
18 1 216.6899365500051 825.6711330591004
18 1 1229.4631028700314 1837.5017316199887
18 1 0.0 603.8123846000062
18 1 0.0 591.522562605187
18 1 0.0 583.9893755029025
18 1 0.0 581.0544008599898
18 1 0.0 579.3488138699909
18 1 0.0 576.4090998599938
18 1 0.0 573.7419629616031
18 1 0.0 566.9311619600026
18 1 0.0 558.5131730915837
18 1 0.0 552.9897100395924
18 1 0.0 551.826433
18 1 336.69933069891067 883.5325927669073
18 1 0.0 538.4212178099995
18 1 0.0 537.6937728909088
18 1 0.0 537.4232350196444
18 1 0.0 532.7167734857062
18 1 0.0 531.7470567323899
18 1 0.0 525.7839250895004
18 1 0.0 524.3376057999935
18 1 0.0 519.3735063300064
18 1 292.540558720013 806.2961842617019
18 1 0.0 510.96670146921406
18 1 0.0 506.6248645700239
18 1 0.0 503.5021942712997
18 1 0.0 499.18277920999935
18 1 9.884440074000395 507.5379710375023
18 1 999.0499199199967 1487.9298734999945
18 1 2229.5338759704873 2713.5150804739988
18 1 153.24813510409058 636.2812199361008
18 1 0.0 482.5506652479903
18 1 0.0 482.22805570000696
18 1 0.0 472.73735846910665
18 1 45.298333251996155 516.5518398639836
18 1 0.0 469.5132201564047
18 1 1145.3170721199895 1606.1545977999622
18 1 185.9015168615988 630.0034951400994
18 1 617.8121467874757 1055.3628853395876
18 1 0.0 436.5935094306452
18 1 0.0 432.20971981000696
18 1 0.0 427.79043255999613
18 1 0.0 426.93937931000346
18 1 0.0 421.96120771089363
18 1 0.0 416.0818809034922
18 1 0.0 414.39422149920665
18 1 0.0 413.55951856001866
18 1 0.0 413.1879627843964
18 1 0.0 411.45409357710366
18 1 0.0 410.7891863825017
18 1 0.0 406.97102920000725
18 1 0.0 406.2865826400025
18 1 0.0 402.55410789109874
18 1 0.0 400.8679171784968
18 1 151.87604477324294 546.7943159125339
18 1 0.0 390.26957834000564
18 1 0.0 389.7767728139952
18 1 2063.150037929984 2437.3033523764025
18 1 0.0 371.23823927997
18 1 0.0 365.8684779091909
18 1 0.0 364.179332920899
18 1 0.0 362.8427019699975
18 1 0.0 362.73978033000003
18 1 1074.5130268899925 1433.458417510007
18 1 0.0 348.8143356851997
18 1 0.0 343.52795335274095
18 1 0.0 326.36698164002473
18 1 617.7699483999804 924.2468401199837
18 1 0.0 300.7724182799925
18 1 183.46620713920493 483.90572452820214
18 1 223.8495822599939 521.8247509200123
18 1 0.0 295.29593365160133
18 1 0.0 292.57745305500066
18 1 0.0 285.6689026344038
18 1 0.0 284.55674192491347
18 1 270.7787789166996 555.0274614059049
18 1 0.0 281.12812286120004
18 1 0.0 272.62565303998736
18 1 124.90590434208116 397.3502090596676
18 1 0.0 263.4395018790851
18 1 917.736472137607 1172.6846620560027
18 1 0.0 253.68737905148646
18 1 0.0 253.66580434670072
18 1 0.0 249.39791686040166
18 1 0.0 242.38915289559645
18 1 0.0 240.89329032199794
18 1 0.0 239.0545448511748
18 1 0.0 235.21667328919557
18 1 0.0 226.2583791004099
18 1 0.0 216.47677621920002
18 1 0.0 214.0694400497605
18 1 0.0 207.18557685710311
18 1 0.0 201.03493426000705
18 1 0.0 200.7592975646271
18 1 1940.675632845555 2137.498041121208
18 1 0.0 191.06105592269887
18 1 0.0 190.35386603999314
18 1 0.0 185.89207238429967
18 1 0.0 185.81835091999847
18 1 0.0 185.52531241320054
18 1 9.258852901856471 194.2256119829981
18 1 1321.918444317203 1506.1174532676073
18 1 0.0 176.33578953000256
18 1 0.0 175.40736777997336
18 1 92.92667171531252 263.1223801699032
18 1 0.0 170.02233471999443
18 1 0.0 169.87134766759675
18 1 0.0 165.44134559999884
18 1 0.0 157.49483533000182
18 1 0.0 157.0379805999985
18 1 615.5325865999953 766.0674924500004
18 1 0.0 146.86058331959995
18 1 5535.152747248003 5680.341414158362
18 1 0.0 143.34791786759297
18 1 0.0 142.22918904999506
18 1 0.0 141.15120007311543
18 1 0.0 138.08559329998945
18 1 0.0 133.43605373439823
18 1 0.0 132.14738209329607
18 1 0.0 131.40094486669796
18 1 0.0 130.9050007500009
18 1 0.0 129.04849541250792
18 1 0.0 118.96429725078633
18 1 0.0 118.8501834400031
18 1 246.95152778129523 362.42006430260426
18 1 0.0 111.45166932358734
18 1 0.0 110.27805210000156
18 1 0.0 109.10081638718384
18 1 0.0 108.06886388997646
18 1 0.0 104.27905864557033
18 1 0.0 98.76596464448994
18 1 0.0 97.5075994574998
18 1 0.0 93.64818865000962
18 1 0.0 92.79440983329732
18 1 0.0 91.34268368579876
18 1 0.0 89.98855318749611
18 1 103.28707290163402 192.38492151422088
18 1 0.0 88.90269649000095
18 1 0.0 88.81740701998388
18 1 0.0 86.76345957999547
18 1 0.0 86.68585840720516
18 1 0.0 81.39781993589804
18 1 0.0 79.26511312360014
18 1 0.0 77.04264020360688
18 1 0.0 76.31605019670224
18 1 0.0 76.01330057999621
18 1 0.0 75.09499495998853
18 1 0.0 75.0110343000041
18 1 0.0 74.77201923109726
18 1 0.0 74.12655518998235
18 1 0.0 69.01178875999949
18 1 1644.451697780024 1709.1678045599883
18 1 0.0 60.47124766282877
18 1 0.0 57.25352910000265
18 1 0.0 54.60692720000088
18 1 246.96463280001763 294.8298956724002
18 1 91.72580115039455 138.7387178559925
18 1 220.5687489799884 266.78844431958305
18 1 0.0 45.38720270000431
18 1 2193.585982320021 2237.340946550017
18 1 232.40190252800153 275.96294186599516
18 1 1705.8411833599812 1747.1367432099805
18 1 0.0 39.52297014998385
18 1 1271.6325603056002 1308.5965697195998
18 1 0.0 30.554120683298038
18 1 0.0 23.624977932397087
18 1 0.0 23.2620378659999
18 1 0.0 21.283035956406138
18 1 0.0 21.129201755203212
18 1 0.0 16.006762100005517
18 1 0.0 10.813227780014131
18 1 0.0 10.228805113599265
18 1 0.0 9.314332195093584
18 0 0.0 inf
18 0 0.0 249.52832344370427
# COVID_SAMPLE_9_ROI_1
19 1 0.0 23286.229779630095
19 1 0.0 18889.491908699994
19 1 2144.1389965063427 15809.749315576015
19 1 821.4756628200048 13377.701201199998
19 1 0.0 10471.399857464501
19 1 0.0 9109.798527301893
19 1 0.0 9103.727632698026
19 1 0.0 8456.258544765318
19 1 0.0 7954.7352994582125
19 1 0.0 7681.5660463197655
19 1 0.0 6689.779282773143
19 1 0.0 6648.958280370024
19 1 0.0 6449.123337270015
19 1 0.0 6185.352302696
19 1 0.0 6157.956549799994
19 1 0.0 5846.056810859987
19 1 0.0 5829.775417659572
19 1 0.0 5704.013570120012
19 1 0.0 5597.768846562691
19 1 0.0 5573.704295064013
19 1 0.0 5546.866059058894
19 1 0.0 5245.711653000017
19 1 0.0 5206.354462509972
19 1 0.0 4798.9508444463845
19 1 0.0 4756.182992850012
19 1 0.0 4753.316716512005
19 1 0.0 4618.2163224523865
19 1 0.0 4579.479723608894
19 1 0.0 4542.081557670015
19 1 0.0 4369.896089893599
19 1 0.0 4337.015739640001
19 1 0.0 4283.401357288815
19 1 0.0 4254.110727686515
19 1 0.0 4196.65408742199
19 1 0.0 4127.679112990033
19 1 371.8126102887061 4419.748259238388
19 1 0.0 3985.781530590025
19 1 781.3751563599762 4716.852978560024
19 1 0.0 3865.5396853199873
19 1 0.0 3832.0537929499915
19 1 0.0 3726.5326149287994
19 1 0.0 3573.190287380101
19 1 0.0 3409.7129731599966
19 1 0.0 3387.16740129
19 1 189.39257063640173 3542.010109962086
19 1 0.0 3296.6674506274594
19 1 0.0 3237.698392006
19 1 292.2189584580076 3517.470835103994
19 1 0.0 3081.9378630419924
19 1 0.0 2983.221787500097
19 1 0.0 2893.010224790921
19 1 0.0 2864.033667966912
19 1 0.0 2817.2704767624987
19 1 0.0 2779.1227726100824
19 1 0.0 2732.803085036809
19 1 3649.0432336599897 6341.494905489997
19 1 0.0 2691.015312191509
19 1 0.0 2679.0802428260095
19 1 0.0 2610.705675300025
19 1 0.0 2555.8377373299954
19 1 0.0 2555.2344775579786
19 1 0.0 2548.260038430042
19 1 0.0 2547.884729913597
19 1 0.0 2536.3512383904017
19 1 0.0 2534.9195930125006
19 1 0.0 2511.163749265106
19 1 0.0 2466.072206902011
19 1 0.0 2427.3262203599916
19 1 0.0 2421.640586439992
19 1 0.0 2412.5487257599752
19 1 0.0 2395.638997781507
19 1 24.728379148777094 2301.809564922307
19 1 0.0 2270.2141354799887
19 1 0.0 2258.2064615335094
19 1 0.0 2234.761307250006
19 1 0.0 2224.454695500019
19 1 0.0 2212.050945941723
19 1 586.6371030771934 2754.9500151836965
19 1 0.0 2123.2695404320107
19 1 0.0 2111.0954359700227
19 1 0.0 2103.0303919391004
19 1 0.0 2095.604002948632
19 1 0.0 2034.279097775201
19 1 0.0 1977.0381491870885
19 1 0.0 1973.991566971495
19 1 0.0 1960.5115248299799
19 1 0.0 1958.1436782831306
19 1 314.0260017599867 2219.21686741759
19 1 0.0 1874.9011694399912
19 1 0.0 1846.5529584793057
19 1 228.03872229863236 2065.027118211193
19 1 0.0 1836.24041022761
19 1 0.0 1813.5386954399783
19 1 0.0 1789.762472499995
19 1 407.1493066035837 2158.740961803594
19 1 0.0 1751.1967611999785
19 1 0.0 1706.8538096240136
19 1 0.0 1704.4040175768987
19 1 0.0 1703.0916801481085
19 1 0.0 1694.9171272960016
19 1 961.7038641950458 2655.2848448649083
19 1 0.0 1693.1564308270927
19 1 0.0 1691.4693595300178
19 1 0.0 1686.6421193672213
19 1 446.11698585049635 2102.5892713099856
19 1 0.0 1635.813386833599
19 1 0.0 1633.5782817859972
19 1 0.0 1625.5869096942315
19 1 0.0 1594.7428125334982
19 1 0.0 1587.001884479961
19 1 430.38610214999653 2009.6817246923924
19 1 0.0 1571.7204262727937
19 1 0.0 1550.3768834899902
19 1 151.6461261099994 1689.6631383599743
19 1 0.0 1478.3342839919933
19 1 0.0 1477.7860102335762
19 1 1874.7289858964832 3348.7441291051864
19 1 0.0 1473.2768051839894
19 1 0.0 1471.290985240022
19 1 0.0 1468.2441687698092
19 1 0.0 1464.7083485175076
19 1 0.0 1412.4577499099958
19 1 0.0 1410.7655034991021
19 1 0.0 1402.5560183477992
19 1 0.0 1383.5931543623874
19 1 287.4000992620131 1640.851332926497
19 1 0.0 1348.8065364100057
19 1 0.0 1335.6368302320132
19 1 0.0 1329.9687415100107
19 1 838.3327513439963 2157.097543390514
19 1 0.0 1315.8193669499829
19 1 2207.6065930745945 3478.3848082316217
19 1 0.0 1251.6871491236088
19 1 0.0 1237.128943949997
19 1 0.0 1225.6184834899937
19 1 0.0 1222.382086519994
19 1 702.2539112751001 1918.1190707030692
19 1 2749.7814458099924 3964.6013842400034
19 1 0.0 1203.0688519743824
19 1 0.0 1182.651866549999
19 1 0.0 1175.1727591652052
19 1 0.0 1167.8371392669046
19 1 0.0 1163.500590955101
19 1 56.721637450033086 1208.0578177000043
19 1 0.0 1150.9071189099882
19 1 0.0 1090.601664557516
19 1 0.0 1071.435602697603
19 1 3952.94851891472 5016.05246618616
19 1 0.0 1062.2317387599815
19 1 0.0 1032.7538778360035
19 1 0.0 1010.5837927999901
19 1 1184.830806855623 2188.150405093625
19 1 0.0 979.5120799999954
19 1 0.0 973.3945177681779
19 1 0.0 972.9564401600037
19 1 0.0 972.8262884088088
19 1 0.0 952.4956437355941
19 1 0.0 940.0272241035009
19 1 0.0 916.0733578400122
19 1 0.0 894.9419339196925
19 1 0.0 894.0973057815936
19 1 0.0 889.3577364000075
19 1 0.0 883.1950910299956
19 1 27.552910749333023 904.659786223976
19 1 0.0 873.3186498275919
19 1 0.0 868.022752535202
19 1 0.0 855.978744985491
19 1 0.0 844.3167483964035
19 1 762.2238853933413 1599.605984284397
19 1 0.0 833.4623386200146
19 1 0.0 821.2738713599756
19 1 0.0 815.6366470599933
19 1 0.0 782.6426300399753
19 1 0.0 776.0763387047136
19 1 0.0 774.9404503554952
19 1 0.0 761.1873391599788
19 1 0.0 757.395387359986
19 1 0.0 740.0227291508149
19 1 0.0 735.153654003122
19 1 203.66143631999068 934.8616093500148
19 1 0.0 729.8779684599858
19 1 0.0 728.1345930180178
19 1 254.2414729780985 973.3104833180541
19 1 0.0 717.21301841441
19 1 0.0 710.9173242614843
19 1 0.0 684.6857339199973
19 1 0.0 684.2008236800029
19 1 89.79805480440723 769.1363091600022
19 1 0.0 664.8140491003983
19 1 0.0 659.7654544404988
19 1 0.0 658.3700152499887
19 1 0.0 650.696554210007
19 1 0.0 648.3326187695975
19 1 0.0 647.7487784499949
19 1 251.4484538699844 897.7288028899666
19 1 0.0 645.081366360007
19 1 1716.6717602998915 2355.52917425762
19 1 0.0 631.3534832800019
19 1 0.0 628.0433794777981
19 1 0.0 627.9788193112099
19 1 0.0 624.2476843200093
19 1 0.0 623.7372400118008
19 1 0.0 623.1111900129079
19 1 0.0 622.4729757500149
19 1 0.0 618.6441033059859
19 1 0.0 618.1716263174931
19 1 0.0 614.5143942
19 1 0.0 610.1317011251012
19 1 0.0 607.1285241574897
19 1 0.0 606.6019363816054
19 1 561.2732212536057 1164.4160800236045
19 1 0.0 598.8325546499982
19 1 0.0 592.553115940309
19 1 0.0 584.1771070568882
19 1 3070.9155747844943 3654.472646560015
19 1 0.0 579.6874748344917
19 1 0.0 553.1457343035217
19 1 0.0 549.3443424240063
19 1 0.0 541.0240694399831
19 1 564.1005079736024 1089.0951160736004
19 1 0.0 514.7461945207262
19 1 0.0 514.7303629380008
19 1 284.23560282001745 797.4649509899862
19 1 0.0 510.3272331100028
19 1 235.113495449605 741.3084319680131
19 1 123.3118148080041 621.7362445372073
19 1 0.0 489.32193024901153
19 1 307.3314718300064 792.5905632053007
19 1 0.0 484.9528583211136
19 1 0.0 482.3754580300247
19 1 0.0 475.7053855764033
19 1 0.0 470.3612899399923
19 1 0.0 467.02538279909413
19 1 0.0 466.2926651499987
19 1 0.0 445.2359527287181
19 1 0.0 442.62619469999936
19 1 0.0 440.59917021000274
19 1 2786.8066378787007 3221.460795636116
19 1 208.32982263602116 625.9384620764986
19 1 0.0 411.0609428580128
19 1 0.0 411.0519693590013
19 1 111.35827319718828 519.8338275048953
19 1 1008.9264251200134 1415.7423679999933
19 1 0.0 396.3791529299938
19 1 0.0 392.8523311799963
19 1 0.0 371.2232061405009
19 1 0.0 370.4742015684991
19 1 0.0 369.8925329496017
19 1 13.012243119072082 375.04488974558717
19 1 0.0 359.6116790500198
19 1 0.0 354.85814277720533
19 1 0.0 352.3784311099662
19 1 0.0 343.95378251449233
19 1 709.1569351750941 1051.0701701974795
19 1 0.0 339.00179640560077
19 1 0.0 335.41271590710994
19 1 0.0 331.81149869999854
19 1 1886.0230475499984 2217.4991211200213
19 1 1394.6701369658977 1723.278220529991
19 1 292.9960971574892 611.2777139199807
19 1 0.0 316.7240750680073
19 1 0.0 315.60809449549004
19 1 0.0 314.3882686720067
19 1 0.0 308.34623711959944
19 1 0.0 299.64717816737175
19 1 0.0 296.90444832249386
19 1 19.749392079992504 311.14268400001356
19 1 6487.035632622111 6772.701404496311
19 1 0.0 282.0554820000084
19 1 0.0 273.51519089000726
19 1 0.0 272.60390115000973
19 1 0.0 270.3740283676034
19 1 0.0 266.55288472001257
19 1 0.0 259.1547705100098
19 1 0.0 256.19235264005147
19 1 0.0 244.84321456000134
19 1 0.0 238.44197408000264
19 1 0.0 238.15774557150917
19 1 0.0 237.31486214188635
19 1 0.0 231.99453825869955
19 1 0.0 231.3050423999989
19 1 978.6835981443874 1209.8713869962658
19 1 0.0 228.8714001675021
19 1 111.0002643799653 339.17365884996843
19 1 0.0 224.5058284799643
19 1 281.234806819426 503.7549432732276
19 1 0.0 222.02031344200577
19 1 0.0 218.6477244799962
19 1 674.5024101925073 892.9068681064155
19 1 0.0 217.9732188399903
19 1 0.0 212.67061225599662
19 1 0.0 207.0242127535921
19 1 261.88530361002086 468.31388971002343
19 1 0.0 196.81986923999068
19 1 0.0 196.15233656999112
19 1 419.01280827399046 611.2781602239954
19 1 184.35612944019522 374.28561180709585
19 1 0.0 189.19150445759942
19 1 0.0 181.4900926800192
19 1 0.0 179.20291782270078
19 1 0.0 178.5893116307965
19 1 0.0 178.58025006999503
19 1 0.0 177.13087727000493
19 1 0.0 177.04213425627586
19 1 0.0 174.38646490440033
19 1 0.0 173.0186899036953
19 1 0.0 169.94193313050323
19 1 1198.6689979200069 1366.1797395056085
19 1 0.0 163.58541972999933
19 1 0.0 160.72771865960794
19 1 65.62392375000854 225.65759076000614
19 1 0.0 145.4586366300034
19 1 0.0 136.79527920599938
19 1 64.4858873300027 197.82773997000686
19 1 283.96311940170335 410.17972972121333
19 1 0.0 125.15884802399842
19 1 0.0 123.81679325000485
19 1 151.60090398880038 273.31623134589336
19 1 16670.656111418004 16789.341831115995
19 1 0.0 115.592358402022
19 1 5855.411668794415 5966.575454399834
19 1 819.4400103425014 922.2852333724936
19 1 0.0 102.06684433000305
19 1 0.0 92.84822442000473
19 1 0.0 90.95257181039915
19 1 97.22750890348982 184.20507174789145
19 1 0.0 79.06108039438186
19 1 0.0 76.86825106449317
19 1 0.0 66.33575255399944
19 1 13.976372181501574 80.15328857330314
19 1 0.0 65.91843995000227
19 1 0.0 65.60932540000033
19 1 0.0 64.25217549509182
19 1 0.0 63.218415459083644
19 1 95.17799568000373 156.38010060798842
19 1 3028.2335131599934 3088.3524621900006
19 1 0.0 58.46023807810184
19 1 59.30275914000367 115.29338868000286
19 1 0.0 54.87019410879975
19 1 0.0 50.60681849999855
19 1 0.0 48.31976445798989
19 1 178.2280635525001 222.46276519840285
19 1 15241.65523928299 15279.166387911591
19 1 0.0 35.78071955248015
19 1 0.0 25.6121019740076
19 1 0.0 23.89899842749992
19 1 1014.3045280000056 1037.284713437501
19 1 1439.6276793900001 1450.4983066097188
19 1 0.0 7.595665280000063
19 1 0.0 4.574937900001714
19 1 1233.1190896768933 1237.4851501991152
19 1 0.0 4.310952929974064
19 1 0.0 3.098971800005984
19 1 79.34155609001016 80.71555194998916
19 0 0.0 inf
19 0 0.0 10.238505983988944
# COVID_SAMPLE_17_ROI_1
20 1 0.0 29586.610553916802
20 1 0.0 13784.219215761594
20 1 0.0 10933.862966961991
20 1 0.0 7877.115014311926
20 1 969.7129239754677 7365.836261632022
20 1 0.0 6039.822258119994
20 1 0.0 4778.350373800822
20 1 0.0 4607.781529520829
20 1 0.0 4348.2572854396
20 1 2001.0388683699648 5845.218737830412
20 1 0.0 3838.0770422874975
20 1 0.0 3787.916172810012
20 1 0.0 3251.638399373968
20 1 0.0 3059.8653330172237
20 1 0.0 3002.875375374002
20 1 0.0 2929.0137648000264
20 1 0.0 2824.864648898031
20 1 0.0 2821.2528530034733
20 1 0.0 2529.949825969984
20 1 0.0 2515.482079794009
20 1 0.0 2477.3789641740223
20 1 0.0 2470.0598216639933
20 1 0.0 2450.959855040006
20 1 0.0 2442.808134204308
20 1 0.0 2425.585901949992
20 1 0.0 2382.6768817061975
20 1 0.0 2341.6786136015985
20 1 151.74151940999673 2456.7332398499966
20 1 0.0 2267.8943898695043
20 1 0.0 2217.7538562384043
20 1 0.0 2077.097530791206
20 1 0.0 2021.5298070331182
20 1 0.0 2010.870657359992
20 1 0.0 2010.7423947991947
20 1 0.0 1938.7866887759005
20 1 0.0 1847.6503805231
20 1 0.0 1835.260651355692
20 1 0.0 1813.2144888346984
20 1 854.7791353368821 2667.7839657738996
20 1 0.0 1807.514669670013
20 1 0.0 1728.849051023996
20 1 0.0 1698.7826568286928
20 1 0.0 1691.6887125900112
20 1 0.0 1684.676476999994
20 1 0.0 1683.4401527499851
20 1 0.0 1680.4944628799917
20 1 0.0 1679.7350445539942
20 1 0.0 1660.3324420877022
20 1 0.0 1623.130705723497
20 1 0.0 1593.4611853964288
20 1 0.0 1547.499944157264
20 1 0.0 1540.2532026472936
20 1 337.4715255500396 1877.5261430800192
20 1 0.0 1513.0869339556098
20 1 0.0 1461.8612206200064
20 1 0.0 1449.4193308643955
20 1 0.0 1436.1086424899886
20 1 0.0 1411.940611735992
20 1 0.0 1410.6792143990933
20 1 0.0 1372.0736836575124
20 1 0.0 1364.2629887780856
20 1 0.0 1356.4603144879952
20 1 0.0 1355.7793486844012
20 1 0.0 1342.674433355005
20 1 0.0 1317.8979970795758
20 1 0.0 1317.0767226899989
20 1 0.0 1301.5691623389062
20 1 0.0 1279.6150180521
20 1 2.1925050096040195 1278.6615630220945
20 1 0.0 1268.9425774200022
20 1 0.0 1267.478595402008
20 1 0.0 1228.5653829323987
20 1 0.0 1226.9990358283812
20 1 0.0 1201.4499341999935
20 1 0.0 1170.6081524225053
20 1 0.0 1168.6485073175072
20 1 631.3365048200067 1795.4009107700115
20 1 0.0 1159.0172329400048
20 1 0.0 1158.5942165199913
20 1 0.0 1144.6679321031024
20 1 0.0 1141.5931115293115
20 1 0.0 1137.7128670788002
20 1 0.0 1130.2083519499902
20 1 0.0 1128.7049648822754
20 1 0.0 1125.1640023312057
20 1 0.0 1106.2900001653188
20 1 0.0 1096.5766164819918
20 1 689.5137223358979 1780.4636366042978
20 1 0.0 1085.9526294848883
20 1 0.0 1070.8030706250893
20 1 0.0 1064.0861926799835
20 1 5.319372508803099 1063.9634385768923
20 1 0.0 1047.6373673099679
20 1 0.0 1040.295533980403
20 1 0.0 1035.614250059989
20 1 0.0 1027.2274324231014
20 1 0.0 1021.9112100784919
20 1 0.0 1015.8713645899061
20 1 0.0 994.3315986000089
20 1 0.0 949.9018516380956
20 1 0.0 944.0539121922991
20 1 0.0 940.7120431980074
20 1 0.0 934.1290019880967
20 1 0.0 926.5517210829071
20 1 50.96373110000536 971.9621820200032
20 1 0.0 911.6395509849053
20 1 0.0 906.8679686010985
20 1 0.0 906.178290722507
20 1 0.0 902.8731034549
20 1 0.0 888.7319359004977
20 1 0.0 886.6692356479974
20 1 0.0 879.5072109082005
20 1 0.0 878.7976344555955
20 1 0.0 876.6216122649034
20 1 0.0 870.3058144293013
20 1 0.0 865.9948903554018
20 1 0.0 859.0675435844123
20 1 0.0 852.5462095360031
20 1 0.0 835.4299144845049
20 1 0.0 830.8190594805028
20 1 0.0 820.4180571199975
20 1 0.0 817.2266771226996
20 1 0.0 812.7577106744029
20 1 0.0 812.1101223399874
20 1 0.0 810.106447172129
20 1 0.0 810.0284390775983
20 1 0.0 806.3363317336293
20 1 0.0 803.0369278867038
20 1 0.0 797.9445231512302
20 1 0.0 794.9758461364981
20 1 0.0 790.8919566832014
20 1 0.0 789.8821142399993
20 1 0.0 789.7662778665126
20 1 0.0 780.9007471607979
20 1 0.0 755.0462385999954
20 1 0.0 753.2847807234016
20 1 0.0 752.6692762495945
20 1 0.0 750.1014601207928
20 1 0.0 745.6944151299934
20 1 0.0 745.6282501899987
20 1 0.0 745.3765416899951
20 1 0.0 738.1463028544088
20 1 0.0 725.0777880026978
20 1 0.0 713.4031639074856
20 1 0.0 709.0220548800007
20 1 0.0 693.7839412976
20 1 0.0 690.7029373654977
20 1 0.0 687.0840940320077
20 1 0.0 687.0513907112881
20 1 0.0 686.9703677299622
20 1 0.0 680.3081780806988
20 1 0.0 679.4423907382998
20 1 0.0 675.4833331799996
20 1 0.0 668.754271649998
20 1 0.0 668.1587051760073
20 1 0.0 666.6783550563932
20 1 0.0 650.0513431158895
20 1 0.0 649.4363425200227
20 1 0.0 641.7791702100117
20 1 0.0 641.6592117331047
20 1 0.0 621.7607933700001
20 1 0.0 617.5616834052685
20 1 0.0 616.286180849595
20 1 0.0 610.0802084483978
20 1 0.0 609.4138475150012
20 1 0.0 609.1194544004984
20 1 0.0 608.389273251893
20 1 0.0 603.5435374559358
20 1 0.0 601.0927896215996
20 1 0.0 594.4381634000025
20 1 0.0 592.5843538617016
20 1 0.0 579.4137969151134
20 1 0.0 573.7483263328936
20 1 0.0 572.0447863200018
20 1 0.0 572.0281174528743
20 1 0.0 571.5199317200245
20 1 0.0 563.2128029852013
20 1 0.0 560.9185361916082
20 1 0.0 540.0961873598058
20 1 32.771608140799344 566.9210432568991
20 1 826.0947196124848 1355.2354065899935
20 1 0.0 524.6106972542957
20 1 466.64445514289537 989.2607275664
20 1 0.0 511.4063532676031
20 1 25.283135878003804 536.2085723400016
20 1 0.0 508.20889299399823
20 1 0.0 504.8905507584102
20 1 0.0 503.48215950002486
20 1 0.0 500.76766154719996
20 1 0.0 499.1347499999947
20 1 0.0 496.49502302269593
20 1 0.0 492.3216281599689
20 1 0.0 491.86163368750294
20 1 0.0 487.03913878415574
20 1 209.22026736001135 692.7512061831098
20 1 0.0 483.2237060916018
20 1 0.0 480.47161144310417
20 1 0.0 477.09410957731325
20 1 0.0 474.56506326290173
20 1 0.0 471.17060685550405
20 1 0.0 469.38757291840056
20 1 0.0 467.42521234069636
20 1 0.0 463.21077585001694
20 1 0.0 457.9712435039896
20 1 318.97392204999596 776.860602800004
20 1 0.0 457.67009544960365
20 1 0.0 450.91070891040044
20 1 0.0 449.11848770999836
20 1 0.0 443.5876452100142
20 1 0.0 437.1671906712054
20 1 9.52972912999951 445.7442860500039
20 1 307.5378623349079 742.7892226975096
20 1 273.4349369200097 707.2333599500112
20 1 0.0 432.22903563999125
20 1 0.0 424.4722302240002
20 1 0.0 424.1128271368966
20 1 0.0 415.1123645776097
20 1 0.0 409.47941596240344
20 1 0.0 396.39571158527883
20 1 0.0 395.45282567000186
20 1 0.0 390.95848877400067
20 1 0.0 382.10870056749627
20 1 0.0 381.96101595999835
20 1 0.0 378.39264902290097
20 1 0.0 376.4117555989119
20 1 0.0 376.06685043749576
20 1 16.06310556999506 370.73574298999165
20 1 0.0 354.09225559998833
20 1 0.0 351.906394100008
20 1 0.0 350.39788268000825
20 1 0.0 349.22514175001015
20 1 19.133346740019988 366.34207904999766
20 1 0.0 345.9211657520091
20 1 0.0 345.38638334001416
20 1 0.0 335.6295085874999
20 1 0.0 331.8453694959878
20 1 0.0 328.42118776600546
20 1 0.0 325.72450700000604
20 1 0.0 325.53385122748614
20 1 0.0 324.55542398750254
20 1 0.0 321.34912992490604
20 1 0.0 320.4593722827004
20 1 0.0 320.09846843999094
20 1 0.0 318.1879317600053
20 1 0.0 315.1909125243959
20 1 28.288660869998807 342.4959958300035
20 1 0.0 314.1798966762244
20 1 0.0 312.8430647224877
20 1 0.0 311.46262534200673
20 1 0.0 310.0823944799936
20 1 0.0 305.13021495200064
20 1 0.0 299.9914942314558
20 1 0.0 298.7810812580042
20 1 0.0 295.40243502800035
20 1 0.0 293.03472408360085
20 1 103.621190671607 395.2576244887872
20 1 0.0 291.00508994909796
20 1 0.0 288.65363852785777
20 1 15.616103322520758 302.717444547623
20 1 0.0 286.0753423599999
20 1 165.52716474001386 447.41191325000887
20 1 0.0 279.72208560001854
20 1 0.0 276.6341484330096
20 1 0.0 275.26745789109395
20 1 0.0 274.73955020749736
20 1 0.0 274.322464855994
20 1 0.0 273.06277136639767
20 1 0.0 272.9139710349946
20 1 0.0 272.4901008219067
20 1 0.0 271.535750122502
20 1 344.71928712879026 614.5754869850975
20 1 0.0 262.8870396188066
20 1 0.0 261.6325214367971
20 1 0.0 253.0708799100089
20 1 0.0 250.4936033324002
20 1 0.0 248.83382224998422
20 1 0.0 245.3164969999899
20 1 0.0 243.51539226749702
20 1 20.350639547499668 263.32656821489917
20 1 0.0 242.38518554999956
20 1 32.1908331099944 274.5402740500026
20 1 0.0 238.7252228479988
20 1 0.0 237.75130473279955
20 1 0.0 229.24794631960185
20 1 0.0 226.19814759410065
20 1 0.0 218.67070584799808
20 1 0.0 217.54969893999123
20 1 0.0 214.05578555359716
20 1 0.0 209.80070468311942
20 1 149.127168976397 357.53217428280254
20 1 0.0 207.97442058999036
20 1 1129.3313943091962 1334.2946132159993
20 1 0.0 204.43260256480107
20 1 630.3478739488967 833.942899843089
20 1 136.52761095999836 337.9057740099997
20 1 0.0 200.70361150249403
20 1 0.0 199.55297735360114
20 1 0.0 197.7128589555009
20 1 0.0 195.44655723999074
20 1 0.0 195.11954265000622
20 1 0.0 191.12090425550377
20 1 0.0 188.5565803199956
20 1 0.0 188.2906643520014
20 1 0.0 188.14699251999173
20 1 0.0 184.39840733000187
20 1 0.0 181.79677261997585
20 1 0.0 181.23307391130152
20 1 0.0 178.80626948999225
20 1 0.0 168.2448083612942
20 1 0.0 167.34672923775497
20 1 0.0 166.9642111774856
20 1 0.0 165.52417832760563
20 1 0.0 164.04950332505678
20 1 0.0 162.33935440530104
20 1 280.7966771894919 442.64101270560263
20 1 0.0 158.19045380350371
20 1 0.0 156.0662149028983
20 1 0.0 153.07185236160694
20 1 31.719247007999 183.75467902799528
20 1 0.0 147.4052710775136
20 1 0.0 139.29076278119783
20 1 157.3695141696012 296.34198945357457
20 1 0.0 137.57487701319997
20 1 0.0 136.37620863549682
20 1 0.0 134.97523142131013
20 1 0.0 130.70097039000575
20 1 0.0 130.26902778241038
20 1 0.0 130.02639463848755
20 1 0.0 129.09137007949766
20 1 0.0 126.84654528710644
20 1 0.0 125.97907630759914
20 1 0.0 121.29023667389788
20 1 1279.4789653005046 1392.3331064085196
20 1 0.0 110.7327115399803
20 1 0.0 109.61054043000058
20 1 108.69346442249025 210.94711339999276
20 1 4741.5660182532265 4842.482082930705
20 1 20.437151363199064 121.28139847709986
20 1 0.0 100.62538088269844
20 1 0.0 100.60729662840379
20 1 0.0 98.38502479999653
20 1 0.0 96.43404989399761
20 1 0.0 95.6070428900066
20 1 138.02350098919737 233.25114313639108
20 1 0.0 94.7270903004021
20 1 0.0 93.19541269919046
20 1 0.0 92.70892787000219
20 1 0.0 90.6752452424862
20 1 100.03857822999794 190.01101049000386
20 1 378.4170962611006 467.2236344812072
20 1 0.0 88.2522752899988
20 1 0.0 87.85060377570103
20 1 149.19044333998727 236.32444554209633
20 1 0.0 86.30921061000151
20 1 0.0 85.99731242649705
20 1 0.0 85.11495662080324
20 1 183.03859377240042 267.3218495348983
20 1 385.4092219504919 468.1957500519902
20 1 0.0 80.24136856000473
20 1 134.96925274440082 214.53934302451012
20 1 0.0 78.03802432199336
20 1 0.0 77.86872038999854
20 1 0.0 74.97718851000229
20 1 27.61751159519781 102.52235787553582
20 1 0.0 72.32985091119849
20 1 790.3742841799935 861.9679693475066
20 1 0.0 71.06519551999122
20 1 0.0 70.02117813709953
20 1 0.0 66.17910749286762
20 1 103.2948303163962 169.05726577000883
20 1 0.0 63.575669740950616
20 1 0.0 61.7947957374879
20 1 0.0 59.97084350049926
20 1 0.0 59.72942010510678
20 1 1213.2730434794962 1271.6176017191942
20 1 45.36834241000588 103.53553458599868
20 1 0.0 56.6240053500005
20 1 26.135236899617666 82.67820696360286
20 1 0.0 53.74772814199895
20 1 67.18661565001912 120.01720159999013
20 1 28.381600549999575 79.75821187000133
20 1 0.0 46.716731758406354
20 1 0.0 45.20570176910587
20 1 0.0 43.32504830000278
20 1 0.0 42.32845449148425
20 1 195.34581230380036 235.65637605679922
20 1 0.0 39.3407224799997
20 1 0.0 38.139639959998476
20 1 381.3922936130957 416.3091468475832
20 1 0.0 34.65360752545877
20 1 0.0 33.285874842496014
20 1 0.0 28.661850867492376
20 1 120.20447609859957 148.54418780430035
20 1 229.22982942720137 257.02650733389964
20 1 0.0 27.714285459898747
20 1 0.0 27.600632495984883
20 1 0.0 26.562148445597813
20 1 94.02176926450056 119.85351864600256
20 1 0.0 25.597974242784858
20 1 0.0 24.715498950004985
20 1 0.0 24.412083559997996
20 1 0.0 21.695924464403106
20 1 0.0 18.085814128001857
20 1 2.219360239996263 18.595614677992273
20 1 0.0 12.807165923997331
20 1 0.0 12.801628690500536
20 1 0.0 9.868976452403786
20 1 0.0 5.49947627999245
20 1 0.0 4.970978306000291
20 1 0.0 3.0221738618988923
20 1 0.0 2.7906706200003555
20 1 0.0 1.474159029995917
20 0 0.0 inf
# COVID_SAMPLE_17_ROI_2
21 1 0.0 77575.493431776
21 1 0.0 25605.951464222613
21 1 0.0 17080.06838251349
21 1 18212.358975660856 27372.46057047008
21 1 422.66198043204986 8994.404169077894
21 1 0.0 8453.429139676384
21 1 0.0 6893.359980687488
21 1 9732.784052057199 16127.390037506426
21 1 0.0 6162.416375014118
21 1 0.0 5504.46661967253
21 1 0.0 4715.835204058787
21 1 0.0 4567.686292647533
21 1 0.0 4352.85113189802
21 1 0.0 4297.321502960004
21 1 0.0 4018.5844915015805
21 1 0.0 3979.181108412813
21 1 0.0 3974.7086272932884
21 1 81.68992361090113 3976.1551889563384
21 1 462.5979472790732 4328.02985651294
21 1 0.0 3752.791575992397
21 1 0.0 3678.9804931376207
21 1 0.0 3468.7645383758763
21 1 0.0 3348.3759015381
21 1 0.0 3174.067864231549
21 1 0.0 3161.5433099574784
21 1 0.0 3037.937293070402
21 1 1107.5960387772511 3791.7664811224677
21 1 0.0 2624.970148454813
21 1 0.0 2577.7770506175766
21 1 0.0 2529.5773843845063
21 1 0.0 2446.266069189045
21 1 0.0 2384.2201679468862
21 1 169.116957516424 2468.1036242499895
21 1 0.0 2174.1372297920007
21 1 0.0 2170.257407260513
21 1 0.0 2149.5011960576076
21 1 0.0 2116.34391950998
21 1 0.0 1943.5629351928892
21 1 0.0 1823.1602205343988
21 1 0.0 1820.398701549997
21 1 0.0 1800.7256680100063
21 1 7315.037531406302 9052.140651956968
21 1 0.0 1663.7479573943906
21 1 0.0 1652.196943639603
21 1 98.09815201005222 1745.774889210049
21 1 0.0 1546.8842856655947
21 1 470.2446452943723 1943.0780604492152
21 1 269.95382225151116 1729.2767507939989
21 1 0.0 1451.3308382314908
21 1 0.0 1430.020189670423
21 1 0.0 1408.7701961375978
21 1 0.0 1401.9335307024157
21 1 0.0 1395.1282795072145
21 1 0.0 1360.047740505911
21 1 0.0 1328.0152001600045
21 1 0.0 1316.8968941699904
21 1 0.0 1300.8529613715946
21 1 0.0 1270.5683428257325
21 1 0.0 1246.8438780239921
21 1 0.0 1217.1745531362376
21 1 0.0 1186.0447111751855
21 1 0.0 1147.0151671469043
21 1 147.44032851001293 1263.4907135612002
21 1 0.0 999.5559658880047
21 1 0.0 946.9619726646965
21 1 0.0 935.6811873419961
21 1 0.0 916.5323659300202
21 1 0.0 898.7259970574833
21 1 0.0 887.3077601472073
21 1 0.0 879.0447895514993
21 1 0.0 860.3655078107909
21 1 0.0 834.7410487331972
21 1 0.0 822.6640848767912
21 1 0.0 813.1070083684178
21 1 102.00813362399367 881.1111244459944
21 1 0.0 775.0933351375952
21 1 0.0 766.5243263500506
21 1 0.0 760.8505852400012
21 1 0.0 719.5624753439913
21 1 0.0 688.0267515723972
21 1 0.0 687.6920188479953
21 1 0.0 687.6231888650386
21 1 0.0 681.1245964899983
21 1 0.0 665.5622510299975
21 1 0.0 650.1286350400023
21 1 0.0 638.2416731625108
21 1 0.0 627.6566999336142
21 1 0.0 613.161333799886
21 1 0.0 595.9859800799882
21 1 0.0 594.5035083412067
21 1 0.0 594.0542933804918
21 1 0.0 574.1757744874958
21 1 110.63463887040689 683.9543541095904
21 1 0.0 570.4682677099981
21 1 0.0 561.5720951374915
21 1 0.0 533.5344962600029
21 1 0.0 532.4829674624998
21 1 319.89248278517516 850.6050184251771
21 1 0.0 522.7751814480075
21 1 0.0 513.9626693300039
21 1 0.0 511.1896077216006
21 1 444.2159849399768 944.5774672336215
21 1 0.0 490.44501620519964
21 1 0.0 484.8241798845065
21 1 417.2476816990952 891.6911301675132
21 1 0.0 473.7786417211123
21 1 0.0 465.85537319517425
21 1 326.0529504651987 767.6408324399927
21 1 0.0 433.6296915353105
21 1 0.0 428.49823567951125
21 1 0.0 427.8932456056036
21 1 0.0 422.846057783187
21 1 0.0 417.88654659805206
21 1 0.0 412.217927076219
21 1 0.0 399.4766329504082
21 1 0.0 396.4527673535831
21 1 0.0 388.21861350640415
21 1 0.0 382.17309439240853
21 1 0.0 375.8732780483988
21 1 0.0 373.02515202879385
21 1 0.0 365.7149094540016
21 1 0.0 354.20398381830034
21 1 0.0 353.8372529876415
21 1 0.0 344.2627749364026
21 1 0.0 342.8074573985077
21 1 0.0 339.12158314249064
21 1 0.0 338.8592839156001
21 1 0.0 324.05570911999405
21 1 0.0 309.2748911031051
21 1 654.4625565800138 957.4291823400165
21 1 0.0 302.8940242919891
21 1 0.0 296.15607115961666
21 1 0.0 293.233073579998
21 1 156.83139364999738 442.9967141490886
21 1 0.0 277.00750572160405
21 1 0.0 274.87526088001323
21 1 0.0 274.13876642707055
21 1 0.0 248.8402407600206
21 1 372.97632887160853 585.4192172124085
21 1 0.0 207.0786727683991
21 1 0.0 189.32865095430407
21 1 0.0 188.113373404801
21 1 0.0 182.96580059999724
21 1 0.0 172.74353032162026
21 1 0.0 157.29652577198294
21 1 0.0 156.69827408169922
21 1 0.0 151.08920231759816
21 1 344.49177645160125 491.0745089503996
21 1 0.0 143.1627472323762
21 1 0.0 141.62552134320106
21 1 77.6108786400614 215.03585595306276
21 1 0.0 137.23795258999098
21 1 773.6708259499815 904.5599383624567
21 1 0.0 129.02596369359162
21 1 359.5524745100013 487.6119462160035
21 1 0.0 122.77683444559898
21 1 0.0 113.96933374990067
21 1 0.0 111.66551027199148
21 1 0.0 109.38090377610149
21 1 0.0 104.79634848079422
21 1 0.0 101.17429246480242
21 1 3157.2758162993023 3250.406700929301
21 1 0.0 77.05597135670655
21 1 0.0 75.79283276999581
21 1 336.1541310303937 408.99073888960584
21 1 0.0 72.3083098140105
21 1 0.0 62.00609277482272
21 1 0.0 57.24314534149153
21 1 0.0 53.95285349319374
21 1 0.0 51.68110184750199
21 1 0.0 48.15056994358838
21 1 0.0 44.22919488320804
21 1 0.0 42.32294498520105
21 1 0.0 27.81014127169948
21 1 0.0 21.878372970005785
21 1 29.9138928799955 50.969408155987594
21 1 0.0 17.615612376300817
21 1 324.69476487360043 332.27723912799274
21 1 5893.849714554804 5901.226253080002
21 1 72.3388873985069 78.62090177410403
21 1 0.0 4.004998461699529
21 0 0.0 inf
# COVID_SAMPLE_17_ROI_3
22 1 222.89648420943195 55948.239929240066
22 1 0.0 24796.092495592093
22 1 17942.402117319973 31625.59240589005
22 1 0.0 11246.383446931526
22 1 0.0 5079.656129058
22 1 0.0 3806.9083822373036
22 1 0.0 3684.1573950768925
22 1 0.0 3625.7641156480204
22 1 0.0 3469.8788444404117
22 1 0.0 3337.886602913481
22 1 0.0 3151.92364913649
22 1 0.0 3008.6700454055044
22 1 0.0 2928.0121766409
22 1 3404.338875987203 6266.315575941106
22 1 0.0 2789.6490968507833
22 1 220.22120903878658 2845.5077540915872
22 1 0.0 2543.643770454295
22 1 453.2936705168013 2741.794460861486
22 1 0.0 2255.3812141954977
22 1 0.0 2157.2149482075065
22 1 0.0 2107.882045913195
22 1 0.0 2073.3243802520183
22 1 0.0 1926.5547676344968
22 1 0.0 1880.724352569604
22 1 0.0 1832.2303989804004
22 1 0.0 1830.623449445604
22 1 0.0 1560.3655255399979
22 1 0.0 1493.7664389720012
22 1 542.8019859880098 2012.271049593328
22 1 0.0 1359.8888185345204
22 1 26.372832408008435 1346.0535551220019
22 1 0.0 1313.2254991124182
22 1 0.0 1245.2249694972961
22 1 0.0 1223.4677425900263
22 1 0.0 1125.8372194552448
22 1 0.0 1090.9778973700095
22 1 4.29964118849648 1057.5815661320025
22 1 0.0 1022.9581590640123
22 1 0.0 979.7392353207983
22 1 0.0 941.8919234031
22 1 0.0 940.8788114479985
22 1 0.0 913.7812180320357
22 1 0.0 904.9988649334999
22 1 2831.246076007551 3729.549482811567
22 1 0.0 823.9704590175006
22 1 0.0 815.0239169319002
22 1 1289.2698057644684 2059.02469640446
22 1 0.0 721.3095901034922
22 1 0.0 720.1451368170004
22 1 0.0 714.2936314599968
22 1 0.0 688.7114652290979
22 1 0.0 679.9609809300084
22 1 0.0 642.3202263135973
22 1 0.0 627.8294756116015
22 1 0.0 573.2184097824984
22 1 1821.5190309024147 2394.538672327697
22 1 528.6186617769081 1062.4490705887993
22 1 0.0 529.6189999652393
22 1 2317.2151663920076 2821.716150638152
22 1 174.95746710790365 674.5122148775982
22 1 0.0 497.42813675674915
22 1 0.0 482.38456911550065
22 1 0.0 432.8875463770987
22 1 0.0 427.5355051436046
22 1 0.0 426.1151566804017
22 1 0.0 408.85193814089826
22 1 0.0 402.1045780668992
22 1 0.0 398.0530374685213
22 1 0.0 380.58771143945796
22 1 0.0 335.009623923459
22 1 0.0 326.9901147343985
22 1 0.0 316.0893700948013
22 1 322.55583894071333 632.6375271023799
22 1 431.5298272119053 716.5522228408918
22 1 0.0 284.6661827614098
22 1 0.0 281.77786960058165
22 1 0.0 278.3891586558216
22 1 0.0 272.2369586369032
22 1 0.0 254.27425033217366
22 1 0.0 237.85421021399657
22 1 0.0 191.4344873961934
22 1 0.0 146.32510339399414
22 1 64.11260266599675 203.89790402509425
22 1 0.0 132.64111482679618
22 1 0.0 129.78886137241898
22 1 0.0 118.94387895200134
22 1 0.0 96.4705552900059
22 1 0.0 68.58620409259879
22 1 116.5650456870967 177.62876985749983
22 1 0.0 58.76439223815851
22 1 0.0 44.647701104005364
22 1 0.0 28.468151300012323
22 1 0.0 22.006433310298917
22 1 0.0 8.985273206002944
22 1 0.0 4.481529996712879
22 0 0.0 inf
# COVID_SAMPLE_17_ROI_4
23 1 0.0 13601.09286996439
23 1 0.0 5881.29794951317
23 1 0.0 4086.1415609128017
23 1 0.0 4005.2547571600935
23 1 0.0 3486.927946167867
23 1 0.0 3194.674746609595
23 1 0.0 2730.489574119239
23 1 0.0 2596.4931237960027
23 1 0.0 2198.584732735905
23 1 67.71431250786145 2136.937752798679
23 1 0.0 1534.5130818100988
23 1 0.0 1458.0945054921904
23 1 0.0 1447.645712601504
23 1 87.18378178099897 1456.0626848209995
23 1 0.0 1307.8460287748023
23 1 687.3094542582348 1975.7786033829543
23 1 0.0 1242.141434097403
23 1 0.0 1185.1989303859027
23 1 59.501477393202094 990.288129723308
23 1 0.0 827.0238615700023
23 1 0.0 803.8368962715094
23 1 0.0 798.6083812558754
23 1 48.01347728039946 689.8084086729976
23 1 0.0 570.3922895826764
23 1 60.06509459149652 602.015730862706
23 1 0.0 525.1950654347595
23 1 0.0 514.9328454591035
23 1 0.0 491.6898888844112
23 1 0.0 472.9656401263928
23 1 0.0 336.63444800096806
23 1 404.7726610175978 738.1469154075987
23 1 712.2395953162813 1038.5427342923983
23 1 0.0 300.0808686457772
23 1 1144.7261044129 1348.1435987487928
23 1 0.0 176.06977888549875
23 1 0.0 114.9579691265235
23 1 0.0 104.85447742661302
23 1 0.0 92.17356482109949
23 1 0.0 86.78813770052216
23 1 0.0 59.29221502085997
23 1 0.0 0.33817962385728606
23 0 0.0 inf
# COVID_SAMPLE_16_ROI_3
24 1 0.0 16427.801445463585
24 1 0.0 13299.446330230085
24 1 0.0 11659.012373963222
24 1 0.0 9130.363435583991
24 1 0.0 7426.731717920824
24 1 0.0 6592.244482839982
24 1 0.0 6559.946212799967
24 1 0.0 6424.255925714402
24 1 0.0 5717.534532678488
24 1 0.0 5553.150537958579
24 1 0.0 5550.069888629967
24 1 0.0 5346.667783065588
24 1 0.0 5143.193517139972
24 1 0.0 4951.793809330045
24 1 0.0 4874.944225119987
24 1 0.0 4504.3392225479865
24 1 0.0 4384.661223095298
24 1 0.0 4091.809795952103
24 1 0.0 4057.0447420500072
24 1 0.0 4034.325196952803
24 1 0.0 3954.785197952293
24 1 0.0 3864.8393226389035
24 1 0.0 3644.249041888015
24 1 0.0 3592.5401952203797
24 1 0.0 3512.550208111605
24 1 0.0 3185.6198608507793
24 1 0.0 3093.830827827499
24 1 0.0 3061.4664015625167
24 1 0.0 3057.1526273661225
24 1 0.0 3042.4104229200047
24 1 0.0 3026.2114208638686
24 1 0.0 2952.9232648899824
24 1 0.0 2938.4505216099924
24 1 0.0 2880.432571009497
24 1 0.0 2835.7850761275104
24 1 0.0 2827.059789217499
24 1 24.013819199984482 2808.514955194408
24 1 0.0 2774.9744879704135
24 1 0.0 2749.4050792100984
24 1 0.0 2710.6792599922383
24 1 0.0 2707.7882768799905
24 1 0.0 2704.448466719988
24 1 0.0 2657.1381000500915
24 1 0.0 2649.255549855574
24 1 0.0 2649.1544558927
24 1 598.8469895799964 3220.4214356600605
24 1 0.0 2591.8003293371917
24 1 0.0 2585.0349105600235
24 1 0.0 2566.4412704699957
24 1 0.0 2534.0068284900062
24 1 0.0 2532.436684857301
24 1 0.0 2516.476688229998
24 1 0.0 2502.604713936819
24 1 153.70201979999638 2590.0449404799983
24 1 221.5179651687996 2636.042867250101
24 1 0.0 2403.2310636199945
24 1 0.0 2357.523469178497
24 1 0.0 2320.215315880488
24 1 0.0 2317.772268118004
24 1 0.0 2299.433069091603
24 1 0.0 2239.2058766675964
24 1 0.0 2238.5277687064
24 1 0.0 2206.616759430001
24 1 0.0 2197.4066614199965
24 1 0.0 2184.768155770036
24 1 538.9853450399942 2691.7113441600145
24 1 0.0 2151.1112838924955
24 1 242.79249987403546 2392.1270137399833
24 1 0.0 2130.8649459652916
24 1 0.0 2098.757117040026
24 1 0.0 2093.6832963887928
24 1 0.0 2056.1835603035124
24 1 0.0 2025.5141972899974
24 1 0.0 1996.0206792199879
24 1 0.0 1946.0807548180155
24 1 0.0 1910.2460859600046
24 1 0.0 1887.2291087003932
24 1 0.0 1870.4106726867794
24 1 38.75831340040122 1899.2076323999852
24 1 0.0 1821.764791588017
24 1 0.0 1814.5486910699092
24 1 0.0 1801.4992188900105
24 1 48.37269908908456 1840.5572934099973
24 1 0.0 1779.5082296427563
24 1 110.98395751198132 1887.1811227424914
24 1 0.0 1745.9598237352707
24 1 0.0 1743.2964727190983
24 1 0.0 1739.6868131216997
24 1 0.0 1723.669721639997
24 1 0.0 1715.9945934800025
24 1 0.0 1715.1930013544634
24 1 0.0 1713.0353414703995
24 1 0.0 1711.440067619195
24 1 0.0 1700.9723910000112
24 1 0.0 1698.2975608399993
24 1 0.0 1694.4585061600123
24 1 0.0 1693.0348489382968
24 1 0.0 1689.6191633619792
24 1 0.0 1679.6682081899971
24 1 615.6304146096036 2293.4590104799945
24 1 0.0 1612.034628720005
24 1 0.0 1593.703562212903
24 1 0.0 1561.08960988329
24 1 0.0 1560.6775766019955
24 1 0.0 1547.962660233608
24 1 115.11622675999638 1655.2150281625068
24 1 0.0 1537.12564503242
24 1 0.0 1536.3293243268754
24 1 0.0 1533.9473303300013
24 1 0.0 1522.6516334992652
24 1 2215.619275214018 3728.8272581900023
24 1 0.0 1502.6874841088893
24 1 0.0 1493.1183495325135
24 1 566.0515428340021 2005.0387529916952
24 1 0.0 1423.2934269099824
24 1 602.0267736281362 2014.2320875949126
24 1 0.0 1406.8485592337056
24 1 0.0 1386.0523622552
24 1 0.0 1379.2856236506996
24 1 0.0 1347.736506980401
24 1 0.0 1338.537056839983
24 1 200.58408268452422 1533.9947008425079
24 1 0.0 1314.638354529979
24 1 0.0 1288.1927341074997
24 1 0.0 1280.3896872299956
24 1 0.0 1279.609108854403
24 1 0.0 1274.1986362196494
24 1 0.0 1267.8224775329008
24 1 0.0 1254.1742864175071
24 1 0.0 1242.7058384000138
24 1 1363.2244581552013 2578.053756190513
24 1 0.0 1204.8731384136481
24 1 0.0 1202.050260720026
24 1 0.0 1202.0234271675117
24 1 0.0 1197.1532689899905
24 1 0.0 1187.4804761289042
24 1 0.0 1186.5073651200078
24 1 0.0 1184.302842109992
24 1 0.0 1182.1533674292032
24 1 0.0 1180.8471248257065
24 1 1276.9147823199996 2455.2924172339904
24 1 721.0211831233964 1895.8576001001757
24 1 0.0 1173.0920772800132
24 1 0.0 1166.4396446399824
24 1 0.0 1158.7858601199969
24 1 0.0 1157.036885280032
24 1 0.0 1146.228392406003
24 1 0.0 1142.5673285504008
24 1 0.0 1134.5637621799938
24 1 0.0 1133.267039075101
24 1 0.0 1127.5825917851998
24 1 0.0 1117.49576006381
24 1 2763.545223125603 3870.664836879992
24 1 0.0 1089.2031150079893
24 1 0.0 1075.3619006700087
24 1 0.0 1059.5661559116027
24 1 0.0 1053.253090066497
24 1 0.0 1044.6733789971668
24 1 0.0 1041.5871831719996
24 1 0.0 1037.3170404565954
24 1 0.0 1028.6415990999521
24 1 1146.7006858299928 2164.8111476144027
24 1 0.0 1015.1329099999857
24 1 0.0 1005.7832975999809
24 1 214.42023704119924 1220.1303403901065
24 1 0.0 992.7682012195982
24 1 0.0 989.4689019599855
24 1 0.0 985.7532560540026
24 1 0.0 981.1757317099909
24 1 0.0 980.758891800006
24 1 735.6773321058567 1711.029825264548
24 1 1000.4586519200179 1971.3514509799866
24 1 0.0 966.9385391418969
24 1 0.0 966.7681928291722
24 1 0.0 964.0529142599972
24 1 0.0 960.2650757576024
24 1 0.0 951.349222680014
24 1 0.0 944.8964120594981
24 1 0.0 943.965042919602
24 1 0.0 943.5693965600267
24 1 0.0 930.8970172235004
24 1 15.893199909990017 946.5524393599949
24 1 0.0 923.2623641200032
24 1 0.0 920.7451218499978
24 1 0.0 914.8080858063968
24 1 0.0 911.4138371035974
24 1 0.0 911.0053699352029
24 1 480.8022337200382 1391.1167346400025
24 1 0.0 907.7692323699946
24 1 0.0 906.2477335820035
24 1 0.0 903.5769795010574
24 1 1258.7159049933102 2147.6413023220866
24 1 0.0 882.5093877600079
24 1 0.0 877.3858389100028
24 1 0.0 869.9254383299849
24 1 0.0 847.6129721491998
24 1 0.0 847.1418327496153
24 1 112.32965765999757 953.1002974825037
24 1 435.16835257003186 1268.1411691279927
24 1 0.0 830.678987459999
24 1 0.0 801.8336333903999
24 1 473.0535512800134 1271.73752700998
24 1 0.0 794.0577894867041
24 1 0.0 792.5330977600024
24 1 0.0 791.0912267073954
24 1 0.0 785.1899214599907
24 1 0.0 782.1051070800131
24 1 0.0 776.4431951123972
24 1 663.8347808831895 1438.4226391940097
24 1 0.0 773.9678761024124
24 1 0.0 771.4428115920027
24 1 0.0 769.3498109899975
24 1 192.2156170996982 961.3645739884832
24 1 0.0 763.6280073565749
24 1 0.0 761.9741480352054
24 1 0.0 761.8169336100054
24 1 284.42498607998743 1043.6618085000077
24 1 0.0 756.8319263139942
24 1 1106.8171720098944 1862.699088765906
24 1 0.0 755.7686544199992
24 1 0.0 746.8509071520243
24 1 0.0 741.8869895360006
24 1 0.0 741.2560042000187
24 1 0.0 738.8201250338939
24 1 0.0 734.0420849160091
24 1 0.0 732.9390208274999
24 1 957.0680270655903 1688.8905790275867
24 1 0.0 723.3282725029139
24 1 0.0 721.2072646446018
24 1 0.0 718.3812710399866
24 1 0.0 717.9648466122867
24 1 0.0 716.6643732099926
24 1 0.0 716.0512745327969
24 1 306.41828182995687 1017.4224835600062
24 1 0.0 708.9393136799936
24 1 0.0 707.0930830280004
24 1 278.144721169283 977.5795971628868
24 1 0.0 688.9345265163879
24 1 0.0 681.4736441005027
24 1 0.0 664.6406114484032
24 1 175.5213860099975 839.9970374579789
24 1 0.0 659.6383316296274
24 1 0.0 652.2983607743922
24 1 0.0 647.8089617004034
24 1 0.0 645.0157791872981
24 1 0.0 643.6790701039827
24 1 0.0 639.7701356799848
24 1 557.6471550175938 1197.3525829215864
24 1 0.0 637.5470283200061
24 1 0.0 633.829560000001
24 1 0.0 633.2291316227861
24 1 0.0 630.4899964623984
24 1 0.0 629.9399894699939
24 1 0.0 624.2337944799929
24 1 0.0 618.0361707311986
24 1 0.0 616.9801129589041
24 1 0.0 615.4343656299798
24 1 0.0 602.8136737704094
24 1 0.0 602.6310346516116
24 1 0.0 599.5733752963308
24 1 0.0 595.8200474331916
24 1 0.0 595.4951401756019
24 1 240.726483047496 835.073869075206
24 1 0.0 592.6317897099805
24 1 0.0 591.0986685004004
24 1 0.0 585.3017334399979
24 1 0.0 583.2313399200216
24 1 0.0 576.0859904099902
24 1 0.0 559.5065522100037
24 1 0.0 558.5785199999998
24 1 0.0 556.3224653287319
24 1 0.0 555.875124840004
24 1 0.0 554.56304697
24 1 0.0 553.865168353698
24 1 0.0 553.0820562899917
24 1 0.0 546.9193847899783
24 1 0.0 545.5359697544959
24 1 0.0 545.036166928403
24 1 0.0 536.746016319993
24 1 130.79300100001137 660.314995120003
24 1 0.0 529.0098283743987
24 1 0.0 520.6109097523274
24 1 0.0 516.6294150367976
24 1 251.60472842999832 768.225394919994
24 1 0.0 513.4614541999536
24 1 4.364707387499493 516.6261587574984
24 1 0.0 508.01983559000087
24 1 0.0 504.65650823002625
24 1 0.0 504.6464491214997
24 1 120.03329421410581 624.6774668434964
24 1 0.0 503.8869750459901
24 1 0.0 502.9378209115984
24 1 0.0 501.9806814500049
24 1 0.0 501.3995420300016
24 1 0.0 498.1350433194957
24 1 74.21409994079613 568.2716031540008
24 1 769.4154184799927 1263.1956371799834
24 1 22.189898785601827 515.8038369715969
24 1 0.0 482.8205567599839
24 1 0.0 477.746751389971
24 1 0.0 475.0958634699987
24 1 870.5829733699893 1342.9849064900072
24 1 0.0 457.84532143271304
24 1 126.53993250999588 584.3152418699985
24 1 0.0 453.55924950998906
24 1 0.0 450.44253830003436
24 1 0.0 449.0825007524999
24 1 0.0 445.33573357399973
24 1 1287.4622110484906 1732.6904082847873
24 1 0.0 441.81342080880836
24 1 0.0 440.06373631240695
24 1 0.0 439.2845561074972
24 1 0.0 437.0776232935935
24 1 0.0 436.73072680309724
24 1 0.0 432.4428832400001
24 1 0.0 431.4288676031938
24 1 0.0 431.27035773801435
24 1 0.0 426.6712934068846
24 1 0.0 423.018910594016
24 1 1982.9606484900087 2405.262129290002
24 1 0.0 420.30232050118593
24 1 42.60760311350259 461.9331750474988
24 1 1379.5479816737998 1798.1312300828968
24 1 0.0 415.87241917000074
24 1 0.0 412.4252768891947
24 1 0.0 411.9963065000038
24 1 0.0 408.6382923174715
24 1 16.67502637569305 415.3862158871998
24 1 0.0 394.0534762299899
24 1 0.0 393.79531429189853
24 1 0.0 393.6831953439969
24 1 8.060794884802817 396.68517865080594
24 1 0.0 384.17021209800293
24 1 0.0 382.2008551815952
24 1 0.0 382.1180676487994
24 1 0.0 380.17991722684565
24 1 0.0 379.12555223997424
24 1 0.0 376.57018654999746
24 1 0.0 374.2697577200079
24 1 0.0 374.2167411596055
24 1 0.0 370.95145670509226
24 1 0.0 370.40031262000457
24 1 0.0 369.76815120000003
24 1 0.0 369.67030327999237
24 1 0.0 366.91681378520434
24 1 0.0 359.9621766000007
24 1 0.0 359.02657379670086
24 1 1076.8388026474993 1434.0327720851988
24 1 0.0 354.92801953440176
24 1 0.0 354.81107192799163
24 1 0.0 354.1954230000051
24 1 10.613757482901562 364.0729806821047
24 1 0.0 353.3313107899994
24 1 0.0 352.2400805364034
24 1 0.0 351.84509089439644
24 1 69.22886231009579 419.6315467534996
24 1 0.0 349.09762743998976
24 1 379.0352025901029 723.3523290940958
24 1 1591.9833292079898 1932.7459146935807
24 1 138.78577980159787 479.00198772840076
24 1 0.0 337.11373553882004
24 1 0.0 335.55009681799584
24 1 0.0 329.29257099519964
24 1 0.0 324.45014160250776
24 1 0.0 324.41651232480217
24 1 0.6923504014998798 319.3555358381018
24 1 0.0 317.84571582999024
24 1 0.0 315.8681644965054
24 1 0.0 314.28442214999615
24 1 0.0 311.2754839659981
24 1 926.7324017073988 1237.769411153732
24 1 0.0 309.0122293763893
24 1 0.0 308.9395393509051
24 1 0.0 306.32164214000636
24 1 0.0 306.29759505146944
24 1 0.0 304.50491460999433
24 1 0.0 302.08076541149785
24 1 481.12341159638936 783.0906221530963
24 1 0.0 300.45317469001566
24 1 0.0 300.19488656000016
24 1 0.0 300.19379567001806
24 1 0.0 299.25196300487823
24 1 228.12976868998953 527.3738259999807
24 1 0.0 298.26559208630215
24 1 0.0 296.84925632400615
24 1 0.0 295.6975033546993
24 1 0.0 293.80708125000933
24 1 0.0 289.62368810000135
24 1 261.2596930087283 548.9713164529387
24 1 0.0 285.11162641800183
24 1 342.5275363499975 623.659446360009
24 1 1851.5365779300005 2130.8543996000053
24 1 233.57964600999549 512.833746850004
24 1 0.0 277.41428285179836
24 1 107.97383355000181 380.78909831999886
24 1 0.0 272.65919112080087
24 1 0.0 271.2748675903859
24 1 0.0 270.4289853999926
24 1 7.683425359986813 276.26260004000574
24 1 0.0 268.38407125178946
24 1 0.0 265.83188040001505
24 1 426.13471681025385 691.9299666328029
24 1 0.0 263.9017030523264
24 1 0.0 262.1864452940031
24 1 0.0 249.93907048081155
24 1 55.14116358889714 303.9711325299877
24 1 0.0 245.0547605620045
24 1 0.0 243.1419527799942
24 1 0.0 239.83389995050948
24 1 0.0 239.32934466710935
24 1 0.0 237.3149083899932
24 1 0.0 236.71648706998803
24 1 0.0 235.51439715001516
24 1 0.0 233.14272366559248
24 1 0.0 230.90781441410172
24 1 0.0 230.73616688998982
24 1 0.0 230.14783236201902
24 1 0.0 226.94446754999967
24 1 0.0 224.69432429158564
24 1 0.0 220.26360532001445
24 1 0.0 217.93874863710164
24 1 0.0 216.7809401144002
24 1 0.0 212.37951276398144
24 1 0.0 211.9412213868036
24 1 0.0 209.99540102331662
24 1 0.0 208.67944323748884
24 1 0.0 206.01026184998386
24 1 0.0 204.28355368358643
24 1 0.0 203.56433284551258
24 1 146.99132264000264 348.45749088998764
24 1 0.0 194.31702161200315
24 1 172.08140713766534 366.07162313878325
24 1 0.0 191.29246226560065
24 1 439.20938356799525 626.5317656242996
24 1 0.0 187.04416848389826
24 1 0.0 185.89833600989869
24 1 0.0 185.48214704706845
24 1 0.0 183.4515661499995
24 1 0.0 182.73964394000086
24 1 0.0 181.33904220359847
24 1 0.0 179.8668228459951
24 1 0.0 179.79460172200106
24 1 261.29604983999434 440.6541645999705
24 1 381.4761743173699 555.0456438598699
24 1 89.89967440002374 263.18984949000674
24 1 0.0 172.0073202400024
24 1 0.0 171.13468125199574
24 1 60.290481350006075 228.4781011100115
24 1 0.0 168.09500694999724
24 1 0.0 163.8759530174957
24 1 0.0 162.53084603909747
24 1 0.0 160.35947553650146
24 1 0.0 158.6420287999979
24 1 0.0 156.22148692799476
24 1 307.00487160000694 461.60745368000994
24 1 0.0 153.6634673495994
24 1 0.0 153.20566463999432
24 1 0.0 153.03742776040167
24 1 0.0 152.20807089720165
24 1 229.01220885000475 380.3490723599907
24 1 0.0 149.49085128999468
24 1 0.0 148.97217594000722
24 1 18.554522449989236 165.9609294899883
24 1 0.0 146.76445431702717
24 1 0.0 142.86853604999646
24 1 0.0 140.46378126360023
24 1 0.0 138.1963077929065
24 1 0.0 136.28074540440025
24 1 0.0 135.9264178449066
24 1 0.0 133.58478567000202
24 1 0.0 132.8461488319931
24 1 0.0 129.3174002619976
24 1 0.0 129.16800998399458
24 1 0.0 127.94448838999324
24 1 78.50853159001292 204.8591504800081
24 1 0.0 125.55927661610644
24 1 0.0 123.09845904540543
24 1 181.8703676724966 304.5197011930997
24 1 43.193559623302235 165.6652252528013
24 1 0.0 120.31706081611628
24 1 0.0 119.8406854400157
24 1 44.597833977444 163.03143082922907
24 1 0.0 116.15364906200483
24 1 0.0 115.57623418960225
24 1 0.0 115.49685905906722
24 1 27.267973512497747 142.006059385105
24 1 0.0 114.65908538999975
24 1 0.0 112.55748776000291
24 1 1432.672251999993 1543.2676537200368
24 1 0.0 108.49369077239862
24 1 0.0 103.10566187521385
24 1 0.0 100.60728352000388
24 1 0.0 97.71828507490181
24 1 317.16986422040645 413.8191993269065
24 1 0.0 95.6453733999972
24 1 184.94085008750704 280.15894819249115
24 1 0.0 92.32448664399897
24 1 1122.3261419655187 1214.2168148844057
24 1 363.50247949000845 455.3688661300084
24 1 0.0 91.86316289750539
24 1 0.0 89.08012829063046
24 1 0.0 86.67490642999735
24 1 0.0 84.4945358693044
24 1 0.0 82.74393533000966
24 1 0.0 81.84516147649492
24 1 0.0 81.75508056998933
24 1 0.0 80.75945579720224
24 1 0.0 79.43729518279179
24 1 622.578942629973 701.203143009996
24 1 0.0 77.78383200320025
24 1 0.0 77.70677606999743
24 1 145.55462691846583 222.2092077942798
24 1 2.126422330000409 78.10836451799969
24 1 0.0 75.64615278040219
24 1 0.0 74.07852630778484
24 1 0.0 73.20790709000312
24 1 0.0 62.31084300999919
24 1 0.0 62.1004292220004
24 1 0.0 61.59748988000365
24 1 633.4520860152088 693.9628542125083
24 1 0.0 58.53005274999748
24 1 1055.5725817391858 1113.4833633359772
24 1 0.0 57.21482024490069
24 1 0.0 56.264417655500324
24 1 0.0 55.51375135999842
24 1 0.0 53.622979459868134
24 1 0.0 53.37190882440132
24 1 0.0 51.26020403050347
24 1 0.0 50.35742404001326
24 1 42.584183549194336 91.48211443150262
24 1 0.0 47.608016075699425
24 1 0.0 43.19950678959708
24 1 599.7207783599847 641.5879786399951
24 1 0.0 38.4359262728031
24 1 0.0 34.24379442160739
24 1 0.0 33.36956264520313
24 1 16.705973947498876 48.08575186190075
24 1 0.0 29.81612195879893
24 1 166.47991374749915 195.89958467799488
24 1 0.0 29.195644254393528
24 1 2020.895598641601 2049.7447319468897
24 1 1514.8644546000378 1543.2676537200368
24 1 0.0 27.893718067713962
24 1 0.0 27.021901819997197
24 1 0.0 22.436371388800097
24 1 0.0 21.50424532798752
24 1 0.0 20.684907099998895
24 1 0.0 19.532874916904802
24 1 89.54387855960624 108.68953837519791
24 1 12.37619169488903 30.64032254588642
24 1 0.0 17.10594318999847
24 1 2840.767666480022 2856.631806989976
24 1 0.0 14.541589118397837
24 1 0.0 14.16699119999842
24 1 0.0 13.172181760004719
24 1 0.0 12.484197285496066
24 1 0.0 12.214557249998052
24 1 117.64484307000271 125.77344441000366
24 1 441.7730344136962 449.4646238268833
24 1 24.951303830502354 31.437238920101436
24 1 0.0 5.257708310005228
24 1 0.0 2.860069089997296
24 1 268.7624742599885 270.60004687998935
24 1 0.0 1.0289490255031524
24 1 0.0 0.8827861499919436
24 0 0.0 inf
24 0 0.0 168.68142369002908
# COVID_SAMPLE_19_ROI_1
25 1 0.0 16938.110918391365
25 1 0.0 16468.59414655078
25 1 0.0 11685.16136524743
25 1 0.0 10399.919607001997
25 1 0.0 9619.755887011994
25 1 0.0 8417.498040701399
25 1 0.0 8076.523504865704
25 1 0.0 6693.5418509855845
25 1 0.0 6443.659267751691
25 1 0.0 6363.723266159966
25 1 0.0 6330.157732203892
25 1 0.0 6049.467176720738
25 1 0.0 5948.167100722494
25 1 0.0 5715.542466992032
25 1 0.0 5466.607895000099
25 1 0.0 5162.3834239027965
25 1 0.0 5142.240603553189
25 1 0.0 5052.180134714096
25 1 0.0 4943.31728749272
25 1 0.0 4827.609274757509
25 1 0.0 4658.8721291724005
25 1 0.0 4390.571313572396
25 1 0.0 4335.696949447503
25 1 0.0 4262.564714483562
25 1 0.0 4176.594920003206
25 1 0.0 4126.721492354026
25 1 0.0 4055.1716671555923
25 1 29.53209688349716 3996.2017694983715
25 1 0.0 3944.09467245999
25 1 0.0 3744.7782319211083
25 1 0.0 3743.5432708004014
25 1 0.0 3737.807134421594
25 1 716.54782191081 4322.3407518527965
25 1 0.0 3582.2326216
25 1 0.0 3333.157661112081
25 1 0.0 3330.9052606060095
25 1 0.0 3316.214170999588
25 1 0.0 3304.19069084602
25 1 0.0 3241.506588703899
25 1 0.0 3133.0125986492885
25 1 1480.8890670642013 4591.637302837606
25 1 0.0 3051.126389171199
25 1 0.0 3038.2240271084975
25 1 0.0 3011.770625377506
25 1 308.4804739999918 3300.134616652541
25 1 0.0 2964.7903471792006
25 1 0.0 2924.3340965289012
25 1 357.7404053600703 3254.2052633900366
25 1 0.0 2854.5202190723858
25 1 0.0 2768.222319157604
25 1 0.0 2756.0394334424964
25 1 0.0 2739.7209943492853
25 1 0.0 2630.0449447208866
25 1 0.0 2551.5886198045973
25 1 0.0 2536.1966479389066
25 1 0.0 2526.869826927965
25 1 3078.6584660200588 5588.286052155874
25 1 0.0 2439.0483855316024
25 1 387.6526346174919 2788.6857168624847
25 1 0.0 2340.4249138446903
25 1 0.0 2340.107248208163
25 1 0.0 2332.7388103836092
25 1 0.0 2304.494221742391
25 1 0.0 2261.2267101515895
25 1 921.2314882371202 3156.5643274317163
25 1 463.68911837004816 2672.2550215200326
25 1 0.0 2203.5050976371904
25 1 0.0 2197.6743378620013
25 1 0.0 2190.456696712502
25 1 0.0 2150.1772385179875
25 1 0.0 2140.7279738124967
25 1 0.0 2085.5956464035066
25 1 0.0 2004.6729434563774
25 1 0.0 1996.0316732650917
25 1 0.0 1983.3760649700262
25 1 0.0 1966.8197969500284
25 1 0.0 1965.8891474483007
25 1 2966.550602723166 4928.339388769982
25 1 0.0 1952.7194703547748
25 1 0.0 1950.6794982699894
25 1 0.0 1947.633317421597
25 1 0.0 1915.5343574265034
25 1 0.0 1893.7665940267339
25 1 0.0 1888.6321365279832
25 1 0.0 1882.344309130686
25 1 0.0 1858.1569312623974
25 1 0.0 1854.5899073939927
25 1 0.0 1827.2871413104046
25 1 0.0 1800.2899902655981
25 1 0.0 1784.201900971686
25 1 0.0 1772.4633236291434
25 1 0.0 1770.5422627903963
25 1 0.0 1729.8732276799938
25 1 0.0 1699.1159594107858
25 1 0.0 1680.7437675540314
25 1 0.0 1663.8711582571054
25 1 15.373833404699553 1672.3831411895135
25 1 0.0 1640.4561849175077
25 1 0.0 1617.2541058299685
25 1 0.0 1588.7943316884184
25 1 0.0 1575.9977619423923
25 1 848.0195345757011 2422.411286309606
25 1 0.0 1569.9641433838415
25 1 0.0 1567.2329594883768
25 1 0.0 1550.6183681088107
25 1 0.0 1541.080765189988
25 1 0.0 1530.4254590976348
25 1 502.26316103550334 2010.75207749951
25 1 0.0 1498.9598117119908
25 1 0.0 1497.582648989981
25 1 0.0 1484.9955056500125
25 1 48.18757877639973 1516.5307126804028
25 1 0.0 1466.448729890003
25 1 0.0 1463.9891028700017
25 1 0.0 1455.2099672572167
25 1 0.0 1432.2647317349238
25 1 478.67633824250606 1891.2948071474866
25 1 0.0 1405.6613030181147
25 1 0.0 1398.7758214655964
25 1 0.0 1395.9089590699732
25 1 431.01331341027617 1781.2164732711021
25 1 0.0 1322.0346378300383
25 1 0.0 1321.9793463655924
25 1 0.0 1312.017014320004
25 1 0.0 1309.0260786640192
25 1 0.0 1304.1112194274328
25 1 0.0 1301.1327643207037
25 1 0.0 1299.8790751800193
25 1 0.0 1297.3105827386044
25 1 0.0 1288.988848831796
25 1 0.0 1278.3809878454913
25 1 0.0 1275.040473022
25 1 0.0 1273.5971717983557
25 1 0.0 1248.9491181263786
25 1 0.0 1241.4873147019207
25 1 0.0 1234.989462223617
25 1 47.812697030425625 1281.3381340943715
25 1 0.0 1230.543784866767
25 1 0.0 1230.0892369300125
25 1 0.0 1219.7791217124973
25 1 0.0 1209.7902632599953
25 1 0.0 1208.945725724936
25 1 0.0 1199.4407361991416
25 1 0.0 1191.4358781664102
25 1 0.0 1189.7623046135814
25 1 831.1951060615994 2020.9491669179956
25 1 0.0 1164.4868477724985
25 1 0.0 1149.0033066399828
25 1 0.0 1145.8191997950526
25 1 3.6087268771025265 1144.7959690923658
25 1 0.0 1127.717950284001
25 1 0.0 1112.2056180852169
25 1 0.0 1106.2544919044965
25 1 0.0 1099.4841956924986
25 1 0.0 1095.128964243986
25 1 0.0 1086.5407786644973
25 1 0.0 1078.419348142491
25 1 0.0 1075.8403826676001
25 1 0.0 1068.9965291500066
25 1 2.647396219989332 1071.4718869139856
25 1 0.0 1065.1592805900032
25 1 0.0 1062.4998343884258
25 1 0.0 1052.0870866424098
25 1 382.2301611660057 1431.5329686900038
25 1 0.0 1046.3674623999827
25 1 0.0 1041.3892635615139
25 1 0.0 1039.0159411932027
25 1 76.55715491999217 1111.7738782575002
25 1 192.7243236892955 1224.2492136999886
25 1 0.0 1027.920675000004
25 1 0.0 1024.732223925101
25 1 0.0 1016.1560773269003
25 1 0.0 1014.0224012300141
25 1 0.0 1013.1736689044155
25 1 244.35297443594118 1248.7543628142103
25 1 0.0 1001.8206677524151
25 1 0.0 999.540635063509
25 1 0.0 980.3741170741068
25 1 0.0 974.5773993024923
25 1 0.0 972.6070825547131
25 1 0.0 967.5519107506993
25 1 0.0 945.8230482852955
25 1 980.6362662383572 1923.34735715838
25 1 0.0 939.7277906359884
25 1 0.0 937.9935702949151
25 1 0.0 937.1012849700066
25 1 0.0 918.0976314512955
25 1 0.0 915.9779842432647
25 1 0.0 913.3799782499891
25 1 0.0 905.0533551859953
25 1 0.0 902.6276837600149
25 1 0.0 899.4294030453059
25 1 0.0 896.579962673303
25 1 0.0 896.0066916534906
25 1 0.0 891.1150741584052
25 1 0.0 884.6249513700309
25 1 0.0 882.3453214499959
25 1 2781.331794519966 3663.0721014540177
25 1 119.370847243752 995.6559979409767
25 1 0.0 873.8385916079885
25 1 0.0 873.1870426900039
25 1 0.0 857.7229914615364
25 1 0.0 854.5661904374914
25 1 0.0 845.33460987033
25 1 0.0 844.6943101600057
25 1 0.0 835.6914232574978
25 1 0.0 834.2095925419976
25 1 0.0 829.0171958449725
25 1 0.0 828.5004909102952
25 1 0.0 827.9433812400011
25 1 486.7903385531972 1314.3308581625151
25 1 0.0 822.6121264736041
25 1 0.0 814.4521934484146
25 1 0.0 811.9125934540034
25 1 0.0 809.797027342177
25 1 0.0 799.4576753919755
25 1 0.0 797.9486511195669
25 1 0.0 796.568769582801
25 1 0.0 793.8423590660041
25 1 0.0 788.7329976699928
25 1 0.0 787.3303406000091
25 1 1326.0654394089952 2108.245349644215
25 1 0.0 781.5650415485084
25 1 0.0 773.9406847063997
25 1 0.0 772.0592779446837
25 1 0.0 771.8561820725188
25 1 0.0 759.8075592463779
25 1 0.0 758.2618966399832
25 1 0.0 758.1784747340982
25 1 0.0 739.5052511318872
25 1 0.0 733.6831500598983
25 1 0.0 723.4719331839974
25 1 0.0 708.963007191107
25 1 0.0 708.2077668719903
25 1 0.0 703.6342335503559
25 1 0.0 698.8667531097253
25 1 0.0 691.6933868196013
25 1 0.0 689.1997637020045
25 1 0.0 687.0942686524804
25 1 0.0 662.5389417655597
25 1 0.0 660.638214987591
25 1 0.0 651.3545762568951
25 1 0.0 645.0268052693073
25 1 0.0 642.255280963512
25 1 105.14122603512396 747.0363881380704
25 1 0.0 626.9256838571996
25 1 0.0 626.854870285305
25 1 225.91861091399733 849.3021251131997
25 1 0.0 605.7264726815947
25 1 0.0 600.3886341791608
25 1 8.16902491212204 604.685762249971
25 1 0.0 586.508970921996
25 1 0.0 585.4292943525084
25 1 0.0 583.1532717342864
25 1 0.0 581.2155928705133
25 1 0.0 577.7740146351948
25 1 0.0 575.2079048299934
25 1 0.0 573.0548896800035
25 1 0.0 572.4289921785019
25 1 0.0 566.1302539999688
25 1 0.0 563.5793593412791
25 1 0.0 561.6869094718975
25 1 183.13325018449905 743.8311927732043
25 1 156.4417463891989 716.5307006563717
25 1 0.0 554.9529616676014
25 1 0.0 554.589374524003
25 1 13.839469049602485 564.9553295358924
25 1 0.0 550.7445488848216
25 1 0.0 544.3476233499869
25 1 0.0 540.8752491093096
25 1 0.0 537.2611791439928
25 1 0.0 531.1188664651822
25 1 393.3940240030995 919.7448461274716
25 1 525.1088822524022 1050.9219467668966
25 1 12.929159790005315 536.4165437274983
25 1 136.40372161599112 658.6463370639876
25 1 2842.6537837464025 3364.3575862651405
25 1 0.0 520.4604026745028
25 1 0.0 518.599456649973
25 1 0.0 517.6048602500091
25 1 335.06607450160163 842.0755417717019
25 1 0.0 495.2260886879876
25 1 0.0 491.20437520001406
25 1 0.0 489.8218755200014
25 1 13.202227604402196 501.8386191612019
25 1 0.0 487.5894841223069
25 1 0.0 485.9362422208105
25 1 0.0 482.8523646899848
25 1 0.0 482.27249462250813
25 1 0.0 480.6413321900027
25 1 0.0 474.91021412401597
25 1 0.0 467.9648409000133
25 1 0.0 465.55208149999726
25 1 0.0 461.11932655752025
25 1 0.0 453.5700386300043
25 1 0.0 453.3669600423875
25 1 0.0 452.85718290038494
25 1 0.0 452.3286789400988
25 1 0.0 450.50747954200824
25 1 0.0 449.7634981882984
25 1 0.0 448.6207385995997
25 1 0.0 444.92063258560427
25 1 0.0 442.38658279526817
25 1 0.0 440.4373890876225
25 1 488.7003114164977 924.1185470284981
25 1 0.0 434.5159145025102
25 1 368.43287833600834 801.6865730900067
25 1 0.0 431.9483275871007
25 1 0.0 428.5223576456076
25 1 0.0 417.2801204150991
25 1 0.0 416.17404621249875
25 1 229.50079721206907 632.4988138592844
25 1 0.0 401.0685970800132
25 1 0.0 400.10811449398557
25 1 0.0 399.5910449242024
25 1 0.0 396.18966193690267
25 1 0.0 396.0283852476057
25 1 0.0 395.5515768359887
25 1 0.0 392.086817777501
25 1 0.0 391.99569237549895
25 1 0.0 391.52333804001114
25 1 0.0 389.5465141818968
25 1 0.0 388.37649334162745
25 1 0.0 385.9090790703969
25 1 624.3640743231999 1008.2278416539975
25 1 0.0 382.6878974140004
25 1 0.0 380.77900290000366
25 1 0.0 379.5308134799983
25 1 170.68315723438172 549.6497217615959
25 1 0.0 378.5480659725149
25 1 0.0 377.5845150323993
25 1 0.0 372.6230480004915
25 1 0.0 371.6860332540016
25 1 0.0 366.89538178999965
25 1 1170.0426870449046 1534.6691587948935
25 1 0.0 363.1606095800215
25 1 37.31790597630038 399.5848254280995
25 1 0.0 362.00954334750236
25 1 0.0 360.2337663368885
25 1 0.0 358.78849054199975
25 1 0.0 358.7626104479898
25 1 0.0 358.4598349000121
25 1 435.3767946600044 793.68899964
25 1 0.0 351.53231414819356
25 1 1330.7919759455233 1680.2045219999954
25 1 101.32885059254477 450.6304070099966
25 1 0.0 348.9607591860114
25 1 0.0 346.4236912173003
25 1 155.81886540440996 497.98522811511043
25 1 0.0 341.3413241599801
25 1 0.0 336.02199780001365
25 1 0.0 334.58135893239614
25 1 0.0 333.01039961799415
25 1 0.0 332.2826069599929
25 1 0.0 331.6638400463885
25 1 0.0 327.717119397106
25 1 0.0 324.3863902192886
25 1 0.0 323.9774101980029
25 1 0.0 323.48629172848496
25 1 0.0 320.0841277956117
25 1 52.81448285751844 371.9264203724945
25 1 0.0 318.9039384799961
25 1 0.0 310.43574427109934
25 1 0.0 305.8457132075059
25 1 0.0 304.5370715000013
25 1 0.0 302.3977811199843
25 1 0.0 302.26330849997385
25 1 636.3274735700611 938.2310921081803
25 1 0.0 299.8084004380885
25 1 0.0 298.99653854999815
25 1 0.0 296.4027178256133
25 1 0.0 296.11616033238715
25 1 0.0 295.09017014036726
25 1 0.0 294.9159283127806
25 1 0.0 293.05015267210547
25 1 0.0 290.8983018025019
25 1 50.36078164000014 338.30478210599813
25 1 0.0 286.69747421749526
25 1 0.0 285.7136307999939
25 1 0.0 283.49174484999264
25 1 0.0 282.58766134839834
25 1 0.0 278.4714206399917
25 1 519.2960215759972 797.2421729023349
25 1 0.0 277.0398545100044
25 1 0.0 274.22290315410237
25 1 0.0 273.30524181754754
25 1 0.0 272.1729404575868
25 1 13.685241982496336 285.3738918899803
25 1 0.0 271.20443463886795
25 1 0.0 270.5547622303866
25 1 27.422190556811756 297.56610751399944
25 1 0.0 267.4206572711315
25 1 0.0 265.0706102540207
25 1 0.0 260.9055303200018
25 1 1201.3501269224962 1461.5004751099864
25 1 0.0 259.95673753791414
25 1 0.0 259.9014167454977
25 1 0.0 258.17376748708466
25 1 255.18848536920336 512.2104022260096
25 1 0.0 255.5134604246988
25 1 694.5677135100309 949.9828424700195
25 1 0.0 249.95392967772034
25 1 0.0 249.85362267840534
25 1 0.0 249.63621155699866
25 1 606.9614000373103 851.5266065963947
25 1 0.0 244.23375491890488
25 1 0.0 241.63658018120123
25 1 87.6166665234864 327.98681372111037
25 1 178.4033468679072 418.3198705515233
25 1 0.0 238.0536504299978
25 1 0.0 235.88894132688358
25 1 452.9604438125059 688.4545819855978
25 1 0.0 235.2200231667623
25 1 0.0 234.55315376442422
25 1 0.0 234.15522725081382
25 1 0.0 232.6458184399985
25 1 81.06012151600953 313.64940799999385
25 1 494.50264296799674 726.1488172103964
25 1 0.0 229.09278673996732
25 1 84.98283199680384 312.4940538311914
25 1 0.0 227.48638506450197
25 1 0.0 226.6660441999968
25 1 325.72994540989293 552.111561014379
25 1 0.0 224.5339051683908
25 1 43.34130726959768 267.65535567109896
25 1 0.0 222.42006531999732
25 1 0.0 222.1107850979954
25 1 0.0 221.29205351001065
25 1 149.9233492899857 366.75686020997637
25 1 0.0 215.48281166040465
25 1 0.0 213.92864008799137
25 1 0.0 213.89857442120308
25 1 0.0 212.36444056848813
25 1 0.0 211.1621425390952
25 1 0.0 210.902272083998
25 1 0.0 208.20026472200004
25 1 0.0 206.41956896639886
25 1 0.0 205.99964057899825
25 1 0.0 205.46551840599204
25 1 0.0 205.33272548000696
25 1 112.43181730730407 316.66827878228855
25 1 628.9932415976282 832.5761264952001
25 1 290.1729313931072 493.6871765293072
25 1 0.0 202.1521771416036
25 1 0.0 201.0704228495979
25 1 0.0 199.70080371868244
25 1 0.0 199.2291584423724
25 1 0.0 197.8519589583534
25 1 0.0 194.2797950415976
25 1 0.0 194.0859227846991
25 1 0.0 193.55863605489571
25 1 0.0 192.5195066844176
25 1 0.0 188.32610013351132
25 1 24.310634816396487 209.12120075639587
25 1 0.0 184.4038116099893
25 1 0.0 183.02218686250012
25 1 573.3247403500018 755.9658038560242
25 1 25.62270842139526 206.03447677474264
25 1 0.0 179.5280844099043
25 1 0.0 174.04186994000327
25 1 0.0 172.55677616000014
25 1 105.4412181614972 277.8385587380119
25 1 0.0 172.05317402240263
25 1 0.0 170.72309200349764
25 1 0.0 166.94729493681052
25 1 0.0 166.56228857604037
25 1 0.0 161.73623860479393
25 1 0.0 160.3683051924994
25 1 0.0 157.81287599999087
25 1 0.0 156.82986810129182
25 1 0.0 156.59262246720982
25 1 0.0 154.74067915603882
25 1 0.0 154.36900835800952
25 1 0.0 154.28548055039596
25 1 0.0 153.77105741582017
25 1 34.21287811249408 187.03339036249054
25 1 691.4508596506769 843.2610405443559
25 1 296.17445142999463 447.6337876739967
25 1 295.8947696431833 445.98900870561147
25 1 0.0 148.2776805394908
25 1 0.0 147.54694721001033
25 1 52.9576503435851 199.61797259999912
25 1 0.0 146.49159896000867
25 1 0.0 146.40778780999835
25 1 0.0 145.96294574959654
25 1 0.0 144.25225011998327
25 1 0.0 143.14865915000337
25 1 365.3168354973096 507.7623828229082
25 1 0.0 139.4697827363974
25 1 2229.6091196787993 2368.576096268789
25 1 777.7183961727062 916.3767692469028
25 1 0.0 138.4514397620983
25 1 91.56964668969158 228.78210637439406
25 1 0.0 136.79252789560087
25 1 0.0 136.3557273439992
25 1 0.0 135.48399417989754
25 1 0.0 133.39692716279433
25 1 0.0 131.71654098050317
25 1 0.0 131.22906426559945
25 1 0.0 130.58891533509245
25 1 0.0 128.65579407349355
25 1 0.0 127.92651339001713
25 1 0.0 125.14147652584398
25 1 0.0 125.04874492461886
25 1 402.4443197945002 527.3400117257003
25 1 366.97140225760245 491.70247423999353
25 1 0.0 124.02050677717881
25 1 0.0 123.87577529560883
25 1 52.375644441594886 173.83528885250507
25 1 0.0 119.45782453199445
25 1 0.0 118.92304867004168
25 1 437.8149003360113 554.3318124420136
25 1 1093.1988541811847 1205.8585390069
25 1 0.0 111.52407898113006
25 1 0.0 111.23479191000064
25 1 1805.08508708111 1913.9115914237027
25 1 0.0 108.28645388999985
25 1 16.303323648495507 122.70742779489922
25 1 0.0 105.82563132499013
25 1 0.0 105.36809076999822
25 1 100.46504640647254 205.56547019984055
25 1 0.0 103.33102357247822
25 1 0.0 102.75640356199773
25 1 0.0 102.00133301253646
25 1 0.0 100.79451785998936
25 1 0.0 100.71937861509133
25 1 0.0 99.64638471999615
25 1 0.0 99.40428346750389
25 1 18.21706959819005 116.46294646912361
25 1 0.0 98.00731215330075
25 1 0.0 95.21299821600724
25 1 0.0 93.92643637367655
25 1 0.0 93.74434688000906
25 1 0.0 92.4465659356001
25 1 0.0 91.73668315000549
25 1 0.0 91.19881667397885
25 1 0.0 89.72399562848398
25 1 0.0 88.46906312111378
25 1 254.71905980949782 342.7627008874995
25 1 25.199355725603652 112.9152559176112
25 1 0.0 87.30206178000283
25 1 0.0 86.53556834250662
25 1 0.0 86.23445178601014
25 1 0.0 85.92484389560843
25 1 0.5910594975046024 83.48363833240518
25 1 0.0 82.59518181080375
25 1 0.0 82.27768725369833
25 1 0.0 79.22939744000269
25 1 82.5977933903273 160.8320457715422
25 1 0.0 77.70820679399631
25 1 0.0 77.13102797749355
25 1 0.0 75.14092031369455
25 1 0.0 74.25524416000076
25 1 0.0 72.9885607068004
25 1 0.0 72.08067454199079
25 1 0.0 71.94603184009316
25 1 0.0 71.57217785999546
25 1 0.0 69.22351587998196
25 1 0.0 67.9382775223853
25 1 33.066786793904384 100.70080736041314
25 1 227.90699491798273 294.8538445214824
25 1 239.67501464250017 306.44421122879726
25 1 0.0 66.6606031927904
25 1 0.0 65.1732227798816
25 1 0.0 65.07524803109868
25 1 213.29379324850197 276.32656929400264
25 1 0.0 57.55792155159668
25 1 0.0 57.15975549350196
25 1 0.0 57.09365753249824
25 1 144.75007400000231 200.8145056495996
25 1 0.0 56.03804960959678
25 1 0.0 55.7132105839018
25 1 0.0 55.25248409748883
25 1 0.0 53.87604012999918
25 1 0.0 53.140880650094914
25 1 0.0 51.47668403663897
25 1 0.0 50.05204669961586
25 1 0.0 49.987519441509335
25 1 36.09058025000354 86.0496799499982
25 1 0.0 49.72171324400415
25 1 385.1959108619999 434.77842200000214
25 1 0.0 47.48995918690184
25 1 0.0 43.41865685199883
25 1 0.0 43.14060059399844
25 1 0.0 42.74763864570741
25 1 0.0 40.535269035597366
25 1 42.47580171679988 81.56867250399512
25 1 0.0 39.088766595000834
25 1 0.0 36.311246860000495
25 1 2.8957035534988904 38.92616745368281
25 1 0.0 34.585382351306635
25 1 316.67054226995833 349.96474559247054
25 1 0.0 32.362204220792364
25 1 0.0 31.29062722399692
25 1 0.0 28.79715849000422
25 1 0.0 27.619719017499847
25 1 0.0 26.835143619637392
25 1 102.68926638931987 126.24741488890061
25 1 0.0 21.95340858330701
25 1 0.0 20.30801277999035
25 1 0.0 18.48216545880564
25 1 0.0 18.253868278403047
25 1 0.0 17.963201347140966
25 1 0.0 17.072082650799302
25 1 0.0 15.997902092492893
25 1 0.0 15.50666206289975
25 1 0.0 15.280215928793893
25 1 220.877519639585 236.0372039824124
25 1 0.0 14.419725421593512
25 1 0.0 12.713755032400599
25 1 0.0 12.70517437905555
25 1 123.85760383000286 135.89200856641082
25 1 260.3173863635884 270.8726658240016
25 1 259.2657411010948 269.6097507599935
25 1 0.0 9.60329522278812
25 1 0.0 8.49049605000073
25 1 0.0 7.315477559077181
25 1 5.454008251121877 12.100679905925858
25 1 320.6810691411961 325.9831074004014
25 1 0.0 4.2226571951231335
25 1 115.30340322961456 119.36495431109688
25 1 0.0 3.8458213754956887
25 1 0.0 3.5844974800022555
25 1 0.0 3.333970482505322
25 1 0.0 2.9492111500062492
25 1 95.18158804001314 98.12735763999763
25 1 0.0 2.2102719484994964
25 1 0.0 0.4734981890992458
25 0 0.0 inf
# COVID_SAMPLE_16_ROI_1
26 1 0.0 30736.472739108678
26 1 0.0 27143.516565065056
26 1 0.0 20842.38399536002
26 1 3676.021907526505 17320.487473232108
26 1 0.0 7232.679243890911
26 1 0.0 7096.605748456508
26 1 0.0 6905.357222014394
26 1 0.0 6765.248376119982
26 1 0.0 6409.958212687468
26 1 2942.37060946726 8729.312387278078
26 1 0.0 5559.204896960015
26 1 0.0 5303.108438139989
26 1 0.0 5268.765863475601
26 1 0.0 5132.678696587988
26 1 0.0 5016.3769566399915
26 1 0.0 4864.142184239988
26 1 0.0 4828.267092882106
26 1 0.0 4790.368800644005
26 1 0.0 4787.683005809994
26 1 0.0 4405.549206779169
26 1 0.0 4398.220170400022
26 1 0.0 4286.071050396287
26 1 0.0 4132.592605238877
26 1 0.0 3772.4717150444067
26 1 0.0 3760.7429895700197
26 1 0.0 3734.9603795199846
26 1 0.0 3539.876935006008
26 1 0.0 3378.8428004812968
26 1 0.0 3293.5473563999967
26 1 0.0 3236.529479919972
26 1 0.0 3211.6845788079877
26 1 0.0 3175.861211237695
26 1 0.0 3162.325753539979
26 1 0.0 3083.8797063774973
26 1 0.0 3011.248194379996
26 1 0.0 2955.2084003960167
26 1 0.0 2903.4672829000283
26 1 0.0 2716.8808762875897
26 1 0.0 2692.1194003543933
26 1 0.0 2660.9530929991283
26 1 0.0 2642.7050853754527
26 1 0.0 2547.4076263507905
26 1 0.0 2475.9691945664076
26 1 0.0 2465.758805889998
26 1 0.0 2465.747175530009
26 1 0.0 2448.065798159899
26 1 75.9070820559923 2491.1547268243003
26 1 0.0 2405.254681451493
26 1 0.0 2369.2826251163788
26 1 0.0 2311.9200598399793
26 1 0.0 2308.2319976500085
26 1 0.0 2290.3602377400084
26 1 0.0 2260.0144317082877
26 1 0.0 2257.7087351700065
26 1 0.0 2246.5410560354976
26 1 0.0 2232.47397276
26 1 0.0 2224.7385253076864
26 1 291.1087816038944 2500.744348872392
26 1 0.0 2207.8732496339567
26 1 0.0 2202.9840433820063
26 1 328.15853552248427 2517.302066322495
26 1 0.0 2167.5432546375305
26 1 0.0 2127.499784030019
26 1 0.0 2125.50814214002
26 1 0.0 2070.515406999988
26 1 1356.0728465600105 3424.99267401001
26 1 409.27017651000256 2475.773832946503
26 1 5048.471904926952 7112.190575979008
26 1 0.0 2032.9234073499902
26 1 0.0 1980.1586007400024
26 1 0.0 1968.0924536499974
26 1 0.0 1966.0857940160067
26 1 0.0 1943.2039507399973
26 1 0.0 1937.7443929300043
26 1 0.0 1932.4514229300185
26 1 604.3932541999811 2524.3627034000015
26 1 0.0 1919.728583312819
26 1 0.0 1905.0569485400038
26 1 0.0 1895.1698877299905
26 1 0.0 1847.9220132478013
26 1 5.313117259993305 1844.7734612399988
26 1 0.0 1804.5247777600052
26 1 0.0 1775.5145049599987
26 1 0.0 1763.5410833600035
26 1 0.0 1746.7808541995619
26 1 0.0 1738.148076660028
26 1 0.0 1726.075238411701
26 1 0.0 1706.1531094520976
26 1 0.0 1683.2486078003908
26 1 0.0 1680.112265117491
26 1 0.0 1666.7894015643087
26 1 0.0 1663.732979996007
26 1 0.0 1645.8004994211942
26 1 0.0 1607.5172835860099
26 1 0.0 1585.742398229706
26 1 0.0 1579.3833265799994
26 1 0.0 1573.820776479996
26 1 0.0 1528.453139979988
26 1 0.0 1520.7538744526005
26 1 0.0 1519.3330914600137
26 1 0.0 1507.6370017276017
26 1 0.0 1500.1766663968083
26 1 0.0 1499.6641564799938
26 1 0.0 1487.9760332799874
26 1 0.0 1482.3304484400085
26 1 0.0 1467.811674713998
26 1 0.0 1463.1500039100101
26 1 0.0 1461.5313124599902
26 1 0.0 1448.2505029804006
26 1 0.0 1441.3957278499934
26 1 0.0 1427.1372054459935
26 1 40.34120863199871 1467.0285813684184
26 1 0.0 1418.9821167599894
26 1 0.0 1407.7297087425159
26 1 0.0 1393.8514760699932
26 1 0.0 1385.6556511599747
26 1 0.0 1370.6554750550004
26 1 0.0 1367.37029204999
26 1 0.0 1348.4299259174004
26 1 0.0 1335.9115852199816
26 1 0.0 1302.8326829599973
26 1 0.0 1299.589210001999
26 1 0.0 1296.446328958798
26 1 116.93120142998782 1401.2581840600005
26 1 0.0 1281.496721610001
26 1 0.0 1265.471842402903
26 1 0.0 1262.529144716007
26 1 0.0 1260.3306758599956
26 1 0.0 1236.7193695999808
26 1 0.0 1233.9624086850763
26 1 0.0 1232.8485045160005
26 1 0.0 1227.3470757199884
26 1 0.0 1221.7835594118035
26 1 1522.9826393000003 2740.6978484359915
26 1 0.0 1212.6017951468946
26 1 0.0 1206.9842457124778
26 1 36.16525868999747 1242.715743288907
26 1 0.0 1190.9371977599935
26 1 0.0 1190.9223017100066
26 1 297.6019174499934 1475.2665357600076
26 1 0.0 1174.2757998869015
26 1 1601.3809101873048 2769.2106095289078
26 1 0.0 1141.712406670009
26 1 0.0 1141.3259149700057
26 1 0.0 1132.8775416000026
26 1 0.0 1129.9150322399937
26 1 0.0 1128.9437314214883
26 1 0.0 1128.0809243439999
26 1 0.0 1116.215182630031
26 1 258.76180797998404 1367.9340937200204
26 1 0.0 1108.3262829651912
26 1 0.0 1105.9144277124979
26 1 0.0 1102.971972889608
26 1 0.0 1098.7397595803686
26 1 0.0 1094.8403030700078
26 1 0.0 1087.0668012100155
26 1 0.0 1079.7389859216114
26 1 0.0 1077.3336729099956
26 1 0.0 1073.537925445996
26 1 0.0 1065.763720899994
26 1 1477.0477223099815 2541.9236302499858
26 1 0.0 1062.8392405680138
26 1 0.0 1059.1169612920103
26 1 0.0 1057.1898497263903
26 1 0.0 1056.945345234003
26 1 141.10022634700636 1196.7901193044
26 1 0.0 1052.603936759982
26 1 0.0 1048.1493523599838
26 1 2048.3456422599984 3081.8080222280155
26 1 0.0 1019.9131912128053
26 1 0.0 1015.4845804020056
26 1 0.0 1009.7752125099773
26 1 0.0 1009.1962025880975
26 1 0.0 1006.7637586151127
26 1 0.0 998.8463722228994
26 1 0.0 996.4978887200177
26 1 0.0 996.2160357699984
26 1 0.0 980.9242577884052
26 1 0.0 978.1803268484134
26 1 0.0 952.8540200000161
26 1 0.0 952.2523323700042
26 1 0.0 949.4111558123996
26 1 0.0 944.8993701491031
26 1 0.0 934.6259683199912
26 1 0.0 925.5712739135879
26 1 118.00922734041887 1040.164449062394
26 1 0.0 922.0523988899995
26 1 0.0 921.6366006976077
26 1 96.56981539399976 1010.1182226224032
26 1 0.0 903.6514540455032
26 1 0.0 902.8198144701082
26 1 0.0 902.6429632987142
26 1 0.0 897.3974348123954
26 1 0.0 892.2394620612981
26 1 0.0 882.2590011999673
26 1 0.0 878.5789887299998
26 1 0.0 859.3839693698933
26 1 730.0870830899817 1584.6424891599777
26 1 0.0 852.0015396859883
26 1 0.0 829.5133882125015
26 1 0.0 828.3264796940157
26 1 306.6983790825093 1134.8515125316117
26 1 0.0 821.4148806657005
26 1 0.0 817.9197773099877
26 1 355.57286063998436 1172.6057047099882
26 1 0.0 816.284395739995
26 1 0.0 815.4731058144049
26 1 0.0 815.1557531299804
26 1 0.0 812.6024069200081
26 1 0.0 806.6153697023951
26 1 0.0 802.5767277199998
26 1 0.0 799.4781101999802
26 1 0.0 798.4464472299969
26 1 0.0 793.2589682995015
26 1 3104.776490423211 3896.775962509496
26 1 0.0 783.2556685453033
26 1 0.0 781.8251305805065
26 1 0.0 778.0721297168925
26 1 247.22678794000421 1021.744172749999
26 1 110.60508831001243 877.1127602900046
26 1 0.0 764.7428348479953
26 1 0.0 764.6044657700099
26 1 0.0 761.2461036135027
26 1 0.0 753.9140758559929
26 1 0.0 751.6014562099931
26 1 0.0 751.1954197112059
26 1 0.0 745.7375995425091
26 1 0.0 742.5692269180001
26 1 0.0 740.9786985615926
26 1 0.0 738.5461447540004
26 1 0.0 732.8400850399823
26 1 0.0 731.6792079999841
26 1 0.0 730.1551361374991
26 1 0.0 724.2230019800204
26 1 286.1866654999833 1007.8738121099993
26 1 0.0 721.0329561086828
26 1 0.0 720.7614542400011
26 1 0.0 720.0190333763924
26 1 0.0 718.4680058766626
26 1 0.0 717.5195495100179
26 1 0.0 710.9524292044043
26 1 0.0 710.9082146400008
26 1 574.8796809600026 1284.3953759799924
26 1 0.0 702.3630670799878
26 1 0.0 698.2285841099929
26 1 825.3440244800945 1516.3112150956026
26 1 0.0 690.9453414921002
26 1 0.0 690.2250118899915
26 1 561.0314907899719 1247.6056409099715
26 1 0.0 685.309642319982
26 1 0.0 676.6894053337008
26 1 221.84510916639692 891.5923747868962
26 1 0.0 667.9066915439898
26 1 0.0 656.0945694199727
26 1 0.0 653.3981388866998
26 1 0.0 638.0009658587996
26 1 0.0 637.9715993268035
26 1 0.0 635.062425375273
26 1 0.0 629.4810240000085
26 1 0.0 627.5426005495187
26 1 0.0 619.2680120400055
26 1 0.0 616.6506214000065
26 1 0.0 612.1468506341107
26 1 0.0 611.9142467999914
26 1 0.0 608.6265581799921
26 1 0.0 595.613926420496
26 1 0.0 592.7710443156082
26 1 0.0 589.8770234519982
26 1 249.67081327690448 832.5694941428064
26 1 0.0 582.6472618527023
26 1 0.0 582.6358924300062
26 1 8.362538588293774 590.089436820801
26 1 0.0 579.6543016291143
26 1 0.0 578.1918868099999
26 1 0.0 577.3606829740024
26 1 252.4754970335871 829.3693045099753
26 1 0.0 564.3271632008928
26 1 0.0 562.6299487199988
26 1 0.0 559.5304486039836
26 1 0.0 558.5962831711886
26 1 6.845553379998137 558.8385504100172
26 1 0.0 545.9115345724929
26 1 0.0 545.8047419299814
26 1 0.0 539.1083982880007
26 1 519.3456141499755 1048.7209744800168
26 1 547.662280659496 1073.6239106284963
26 1 0.0 520.1265501951018
26 1 0.0 518.7043444899977
26 1 0.0 515.1668761500082
26 1 0.0 514.2741975600238
26 1 0.0 512.2130597509085
26 1 0.0 512.172425337496
26 1 0.0 510.7156804508104
26 1 0.0 505.67479115880815
26 1 39.707111979097135 545.1570976499988
26 1 0.0 503.41733115999
26 1 0.0 500.8531532700106
26 1 0.0 499.86196507999193
26 1 0.0 496.7785513299841
26 1 0.0 496.68963740889717
26 1 0.0 495.2241914739974
26 1 0.0 494.1200270868035
26 1 0.0 493.57664856000974
26 1 0.0 489.60849155891583
26 1 0.0 484.22926496639184
26 1 0.0 482.1910354699986
26 1 0.0 477.40284987000814
26 1 0.0 470.58501731520346
26 1 0.0 469.7858261200074
26 1 0.0 466.03942491040334
26 1 0.0 459.43969922999486
26 1 0.0 456.2523410100048
26 1 0.0 456.0693126664977
26 1 0.0 452.5178506316057
26 1 0.0 451.2665399099992
26 1 0.0 450.34840052000163
26 1 0.0 448.4973910399847
26 1 0.0 444.74468356999705
26 1 143.1429962099835 586.8096678899697
26 1 0.0 443.03073994480496
26 1 0.0 441.95699835350524
26 1 0.0 439.84505016049343
26 1 0.0 438.4284702597015
26 1 0.0 437.3644519199943
26 1 0.0 433.9272622600047
26 1 0.0 433.8375074808091
26 1 0.0 424.9281980083583
26 1 0.0 420.37376116559517
26 1 0.0 412.4084420483896
26 1 0.0 409.5798806808075
26 1 0.0 406.83454565000375
26 1 0.0 406.6221473027024
26 1 0.0 401.4847709699916
26 1 26.63784219467334 426.37601258290215
26 1 0.0 397.98996681600784
26 1 526.4090107199995 924.3915588296077
26 1 0.0 395.6363345200001
26 1 0.0 394.60387479002634
26 1 0.0 391.51250023250145
26 1 0.0 385.8246424499962
26 1 0.0 385.0380841799936
26 1 0.0 384.99949790758274
26 1 0.0 384.7111222276012
26 1 487.90035712709505 869.9635661600057
26 1 0.0 376.53787103999366
26 1 0.0 374.13594882879863
26 1 0.0 374.05122302669815
26 1 47.9893789600128 420.41464489000714
26 1 0.0 372.37479516348753
26 1 1.2037900636029804 370.61584062040185
26 1 893.468518059602 1261.2410773500164
26 1 0.0 367.5857406200039
26 1 0.0 366.7765852652592
26 1 34.28747499998008 397.6355851199669
26 1 0.0 363.13124061992085
26 1 0.0 362.99308725449765
26 1 0.0 362.67919150399484
26 1 0.0 361.21676722800385
26 1 0.0 360.6265297980019
26 1 0.0 359.75181110160366
26 1 0.0 359.29591593001487
26 1 0.0 357.98314327001117
26 1 129.012861023587 485.91853252998567
26 1 0.0 356.6107179700052
26 1 0.0 354.9902525843893
26 1 816.1370698500023 1170.7184583999642
26 1 0.0 347.12589464999246
26 1 0.0 342.8379210699909
26 1 0.0 342.5870401210568
26 1 0.0 341.47794149000015
26 1 0.0 340.1332719299958
26 1 0.0 335.46959513884576
26 1 0.0 331.0091833860009
26 1 0.0 329.86167562198534
26 1 0.0 329.20711250249906
26 1 0.0 325.74273772000925
26 1 306.8307157399968 629.8500819070982
26 1 322.63160281254386 643.27866732252
26 1 0.0 318.64660512790033
26 1 122.57670051001242 440.43960087879714
26 1 0.0 313.8217636800034
26 1 0.0 311.9624200556027
26 1 0.0 310.8854641656053
26 1 0.0 310.6502885625032
26 1 0.0 310.5594822999924
26 1 84.09216228000378 392.85460536000164
26 1 0.0 308.4383024099993
26 1 0.0 306.08627551998995
26 1 0.0 304.87389169049584
26 1 0.0 303.48061665001296
26 1 0.0 303.25582483040034
26 1 0.0 301.62898299559447
26 1 0.0 300.28603887920247
26 1 657.6087146299856 955.7844798299905
26 1 0.0 293.55828680469904
26 1 0.0 290.5101063887999
26 1 0.0 290.4659643312016
26 1 0.0 289.89129401320884
26 1 0.0 287.6748086783921
26 1 878.4509044252063 1165.969935859995
26 1 0.0 287.4363998617807
26 1 0.0 281.98648126209355
26 1 0.0 279.6042395400806
26 1 0.0 276.48060546735826
26 1 0.0 273.67054545000224
26 1 0.0 270.70163644848594
26 1 0.0 267.071633552893
26 1 0.0 263.23077067250006
26 1 0.0 263.1420579199694
26 1 75.08362186400177 337.33955877600374
26 1 871.2171699084001 1132.2882864400053
26 1 0.0 260.99639056000046
26 1 0.0 260.881501406897
26 1 0.0 260.11596972770053
26 1 0.0 259.04338399689937
26 1 0.0 258.8423051200198
26 1 0.0 257.61195376998876
26 1 382.73272556000757 635.6979000000147
26 1 0.0 252.42957148999693
26 1 67.22856079998883 318.76875025000663
26 1 0.0 245.71656591750457
26 1 1287.3792124010715 1532.6923028874862
26 1 0.0 244.45128105000197
26 1 240.9550468800012 482.8525375199921
26 1 0.0 241.320292679997
26 1 672.243998736416 913.1979090899936
26 1 0.0 240.23494142369464
26 1 0.0 238.1664589691909
26 1 0.0 236.72359068309785
26 1 0.0 234.0451247771116
26 1 0.0 233.2550683199961
26 1 0.0 231.99553946998867
26 1 0.0 231.98094679000292
26 1 0.0 230.01873456800058
26 1 112.58663629000762 340.83920105000306
26 1 0.0 227.22662862547986
26 1 0.0 225.8533004000049
26 1 0.0 223.67661015179922
26 1 0.0 222.98276832999898
26 1 0.0 218.9076182899998
26 1 0.0 218.72620254998913
26 1 0.0 214.8835062760063
26 1 0.0 214.11338323639507
26 1 0.0 209.99112329440084
26 1 0.0 209.91582012997696
26 1 0.0 205.966962699992
26 1 0.0 204.51718839029695
26 1 0.0 204.09647338999866
26 1 0.0 203.4565381900054
26 1 0.0 203.43832317002034
26 1 0.0 192.0558494942985
26 1 0.0 189.25262787879927
26 1 0.0 184.94750410669894
26 1 0.0 184.45946062160306
26 1 0.0 184.09315059910773
26 1 0.0 183.75530936640078
26 1 39.93190655412218 222.50681202656142
26 1 108.89964041998292 291.3405474799979
26 1 0.0 181.83362714425732
26 1 48.28001312630499 229.9652210847098
26 1 0.0 180.7575355540123
26 1 0.0 179.2502591187981
26 1 0.0 178.01148149320807
26 1 0.0 174.66559761199778
26 1 0.0 174.54552459000456
26 1 0.0 174.5421823239967
26 1 0.0 174.36722653000174
26 1 0.0 169.3428461199992
26 1 0.0 163.25613647080195
26 1 0.0 159.36281195199263
26 1 42.574483759985014 201.4499393000035
26 1 0.0 158.75503719075232
26 1 0.0 157.27956222840567
26 1 0.0 155.7134831755045
26 1 0.0 153.98795221629462
26 1 0.0 153.5439963099966
26 1 0.0 152.9872563516069
26 1 0.0 152.7446487836046
26 1 0.0 150.97101661080342
26 1 0.0 148.26397527000336
26 1 147.64005277408933 294.7538708971929
26 1 0.0 144.6801876300001
26 1 121.5995847699989 265.85726202000853
26 1 551.8881036174998 693.155172202512
26 1 0.0 140.9993657034288
26 1 0.0 140.6580966699962
26 1 0.0 140.4477503744888
26 1 0.0 137.627383307502
26 1 0.0 137.32384887329079
26 1 0.0 137.13138935999427
26 1 0.0 136.17413946439956
26 1 0.0 136.0000697774999
26 1 0.0 134.51507783998613
26 1 0.0 132.71611126083326
26 1 0.0 131.0995734771077
26 1 100.980121670004 229.8591050099986
26 1 54.19470769999771 182.94985974999827
26 1 0.0 128.46548387909252
26 1 0.0 127.41825471622383
26 1 1114.6714741970018 1241.4417889621172
26 1 31.917490640005553 154.04154559000858
26 1 301.79848001049936 422.7149347195002
26 1 0.0 119.54011463999211
26 1 0.0 118.46825166999974
26 1 0.0 117.18133152870018
26 1 0.0 116.99716800160229
26 1 0.0 116.62054029000365
26 1 0.0 114.45193495999695
26 1 0.0 114.12416725001822
26 1 0.0 113.76088036999684
26 1 0.0 113.21671505300401
26 1 2440.1301361867954 2550.7507528260885
26 1 0.0 109.56086823930275
26 1 0.0 108.70129586359644
26 1 0.0 104.66621530250495
26 1 0.0 103.99785745001168
26 1 40.928666094406765 142.75405023159976
26 1 0.0 99.8018560623982
26 1 0.0 98.94577789399841
26 1 0.0 98.81623158599632
26 1 0.0 96.83287826359776
26 1 0.0 96.7110290796013
26 1 0.0 94.65287505089736
26 1 0.0 90.24467615998901
26 1 0.0 88.7706463564125
26 1 0.0 87.97342076050359
26 1 0.0 87.3328822020012
26 1 0.0 87.11152616719858
26 1 0.0 85.76990602600597
26 1 0.0 84.91679942050746
26 1 0.0 84.8968964104007
26 1 0.0 82.20592162397361
26 1 0.0 82.08216312240347
26 1 0.0 81.28081838367493
26 1 0.0 81.00029540343013
26 1 0.0 80.79681405664621
26 1 266.4801344000216 347.17526794999685
26 1 291.2589830411698 368.69541593197937
26 1 221.36290119000455 298.38858079380407
26 1 0.0 76.89073769469428
26 1 637.5338368337989 713.5253439326993
26 1 0.0 75.27321519998577
26 1 0.0 73.58992323419614
26 1 0.0 71.72104891589555
26 1 0.0 71.51303945699885
26 1 13.528641545601204 84.97378159691198
26 1 103.68308157000502 173.87580692999995
26 1 0.0 69.60698098000006
26 1 0.0 69.22284265430261
26 1 0.0 68.82220254800222
26 1 0.0 68.096448280005
26 1 0.0 67.9962494800227
26 1 0.0 67.18402884000102
26 1 0.0 65.91906654850936
26 1 0.0 62.53415696629759
26 1 0.0 61.281359288005206
26 1 454.4621539999946 515.6028827599962
26 1 215.8894179764011 276.136463112
26 1 0.0 59.82984909999868
26 1 0.0 59.47259289919941
26 1 0.0 56.65330264102272
26 1 0.0 54.701026779984204
26 1 0.0 50.69028492000112
26 1 46.7159161743993 96.2419151451019
26 1 0.0 47.58653574999926
26 1 0.0 47.45563029000516
26 1 0.0 44.066531080008644
26 1 0.0 43.62016431240241
26 1 0.0 43.455432571999154
26 1 0.0 40.480286662394974
26 1 1445.3087809914973 1485.7806631040003
26 1 2.3596362300082774 42.78046325000594
26 1 0.0 38.85884162999173
26 1 0.0 38.183698029990865
26 1 0.0 37.23703977480113
26 1 0.0 32.587936811873305
26 1 0.0 32.52260299839509
26 1 0.0 31.853899210003647
26 1 0.0 31.80022265550224
26 1 275.89985404159967 303.79955547089884
26 1 0.0 27.375890854800218
26 1 354.6202161639783 381.4183866981016
26 1 0.0 26.730200581202098
26 1 0.0 26.58905302850053
26 1 0.0 25.447793774901953
26 1 541.168281039997 565.9014362899977
26 1 0.0 23.159260691998952
26 1 0.0 21.025195883999473
26 1 0.0 19.24909585000131
26 1 0.0 18.239756740901157
26 1 0.0 16.878249540001434
26 1 0.0 16.539577950001615
26 1 0.0 16.13955867960442
26 1 0.0 13.932824363704185
26 1 0.0 13.024615780997323
26 1 0.0 11.098097469996446
26 1 4535.271249530017 4539.705522280032
26 1 2106.6991607899918 2110.9620122500137
26 1 0.0 1.906402800023443
26 1 532.3236256000098 534.1066469300102
26 0 0.0 inf
26 0 0.0 156.5257254799908
# COVID_SAMPLE_10_ROI_2
27 1 2600.7681963307996 16093.1010279964
27 1 0.0 11933.988210247462
27 1 0.0 11864.839636234894
27 1 0.0 11571.902087499986
27 1 0.0 10853.757195550004
27 1 0.0 10552.625426217894
27 1 0.0 10113.664023859974
27 1 0.0 9990.70334424169
27 1 0.0 9135.439222689076
27 1 0.0 8572.385631281977
27 1 0.0 8506.232230599986
27 1 0.0 8382.09132519359
27 1 0.0 8053.38076080002
27 1 0.0 7980.479310023991
27 1 0.0 7757.476144290804
27 1 0.0 7735.159049360003
27 1 0.0 7488.386025077601
27 1 0.0 6737.966410350001
27 1 0.0 6432.152968834489
27 1 0.0 6263.439486086401
27 1 0.0 6133.98077455803
27 1 3195.244087710619 9183.014807847574
27 1 0.0 5762.867952649597
27 1 0.0 5558.451087154015
27 1 0.0 5313.088117520002
27 1 0.0 5264.722462200028
27 1 0.0 5263.742021355999
27 1 0.0 4944.169513127208
27 1 0.0 4943.715345760051
27 1 0.0 4776.99038904752
27 1 0.0 4763.812072637506
27 1 0.0 4759.431647545679
27 1 994.6339283599864 5743.270680560026
27 1 0.0 4738.806405686068
27 1 0.0 4630.46501178001
27 1 0.0 4599.17530611049
27 1 0.0 4553.232927712026
27 1 78.39844042758978 4463.007509249606
27 1 0.0 4170.364059770009
27 1 2320.4233387563017 6445.569748367481
27 1 0.0 4030.2890179274978
27 1 0.0 3932.962285669988
27 1 0.0 3788.8025998800085
27 1 0.0 3767.232024908889
27 1 1373.013056480023 5038.695992209981
27 1 0.0 3630.650280229985
27 1 0.0 3517.5773538220246
27 1 129.3185771435692 3558.8041283699968
27 1 0.0 3350.407226859202
27 1 0.0 3308.781571720021
27 1 0.0 3303.1494139673628
27 1 0.0 3301.057623541212
27 1 0.0 3271.0627303
27 1 0.0 3210.1789721928053
27 1 0.0 3180.928038600008
27 1 0.0 3175.529404254885
27 1 0.0 3156.2696289600135
27 1 0.0 3147.799136940016
27 1 0.0 3123.1652576579963
27 1 0.0 3060.0138928311426
27 1 0.0 3046.1037513599954
27 1 0.0 3017.2743616764656
27 1 0.0 3010.4450942553103
27 1 0.0 2958.6331928625273
27 1 0.0 2894.3401765499684
27 1 0.0 2842.931798410021
27 1 3305.298596800023 6136.486358929985
27 1 0.0 2804.9112547284144
27 1 0.0 2791.0343694300145
27 1 0.0 2757.8377405872234
27 1 0.0 2747.243843312004
27 1 0.0 2706.1495270400555
27 1 0.0 2627.8293626300115
27 1 0.0 2614.0656883314996
27 1 1530.7133955199897 4077.2562498539805
27 1 345.3819347383942 2874.937089240509
27 1 0.0 2529.299709020397
27 1 0.0 2493.263431600397
27 1 0.0 2463.154528829976
27 1 0.0 2420.2905404000057
27 1 0.0 2409.988605224099
27 1 0.0 2308.2206573999674
27 1 0.0 2306.9599824910956
27 1 479.8326187199741 2785.14166379001
27 1 2816.611342260584 5121.840591988492
27 1 0.0 2296.1592722499845
27 1 0.0 2282.4534371143964
27 1 0.0 2262.0755630019894
27 1 0.0 2254.362406880018
27 1 0.0 2177.623426999985
27 1 0.0 2102.8720146101045
27 1 0.0 2070.239621909952
27 1 0.0 2039.727399167994
27 1 0.0 2033.8348842399791
27 1 0.0 2020.022560810009
27 1 2368.294643379294 4386.499941295893
27 1 0.0 2013.66917289121
27 1 0.0 2002.8860549699884
27 1 0.0 2001.8550862900115
27 1 0.0 1969.5495459920032
27 1 0.0 1968.1616625576146
27 1 0.0 1918.180431939989
27 1 0.0 1916.2361402524011
27 1 0.0 1902.3443257483868
27 1 55.03225577999933 1955.3804384759956
27 1 1436.822491678397 3320.146002096379
27 1 0.0 1882.9381052600138
27 1 0.0 1857.011020465204
27 1 0.0 1850.7009660000049
27 1 257.3314666324104 2093.7630010459825
27 1 905.8024675506099 2728.8109005488022
27 1 1654.4603115980499 3457.4220666100173
27 1 0.0 1782.4374660431981
27 1 814.9669111200146 2577.612812039996
27 1 0.0 1721.099079371997
27 1 0.0 1687.61607035
27 1 0.0 1671.677451422484
27 1 107.3071510360196 1764.746529649975
27 1 1485.7702157825124 3137.092003789993
27 1 0.0 1646.5685657099639
27 1 1611.4234795785014 3205.1341855516994
27 1 0.0 1582.0997854724992
27 1 1421.0584030413017 2990.7691586264996
27 1 0.0 1546.5173603123071
27 1 0.0 1539.6189898299958
27 1 0.0 1523.282059440011
27 1 3631.776380560008 5120.878317249993
27 1 0.0 1487.628090313402
27 1 0.0 1481.692951724382
27 1 0.0 1463.02573477331
27 1 0.0 1456.150699152402
27 1 0.0 1441.9960755079974
27 1 0.0 1437.8065019831015
27 1 68.75260960001833 1499.7501596700088
27 1 0.0 1417.4300562200033
27 1 0.0 1398.5913541359553
27 1 0.0 1397.7536924276114
27 1 0.0 1391.7916130999974
27 1 0.0 1389.5169884000047
27 1 1441.5042898500017 2807.2150699999866
27 1 0.0 1365.0816388309017
27 1 0.0 1362.1977300588965
27 1 0.0 1328.8402324528906
27 1 0.0 1319.7451082343928
27 1 0.0 1313.4435010234874
27 1 0.0 1273.7313625112129
27 1 1781.3593570956 3055.074080057623
27 1 0.0 1253.019157918769
27 1 0.0 1231.4608932000265
27 1 0.0 1218.1676951804002
27 1 0.0 1206.4546593296072
27 1 0.0 1193.6106636800096
27 1 2826.3553283115907 4000.5518261201105
27 1 0.0 1173.4224827780104
27 1 0.0 1165.2415862272032
27 1 0.0 1151.6180972799848
27 1 0.0 1140.0786473387993
27 1 0.0 1121.624206780013
27 1 0.0 1117.4612958424968
27 1 0.0 1101.819524360003
27 1 0.0 1093.7076488799976
27 1 0.0 1086.7355396800108
27 1 0.0 1086.6829295375992
27 1 0.0 1080.1796210399802
27 1 4409.5294654499885 5461.2256891500365
27 1 0.0 1038.5165812799912
27 1 211.49341935839436 1239.03337790999
27 1 0.0 1021.4915701454955
27 1 0.0 1002.4893958999901
27 1 0.0 999.3488613860541
27 1 0.0 998.1953473999918
27 1 0.0 994.0144378900009
27 1 0.0 990.9779235600145
27 1 0.0 989.096234880001
27 1 2593.194689798376 3578.2386077584124
27 1 0.0 965.9708517475028
27 1 0.0 948.2236403833963
27 1 0.0 946.6969464354966
27 1 951.1480077990582 1896.1421531376172
27 1 0.0 903.0687251599916
27 1 0.0 902.1334603780961
27 1 0.0 900.6949243463027
27 1 0.0 885.6296843566537
27 1 652.2862206300056 1533.2105455599988
27 1 427.2447144899834 1306.3350183120033
27 1 167.2976760000115 1037.9294597099897
27 1 140.51981973000466 1010.8698374075971
27 1 0.0 866.9222262211921
27 1 361.9390478499863 1219.8866087500219
27 1 0.0 840.7646147480841
27 1 3146.403482609091 3978.165904379998
27 1 0.0 817.6906454759978
27 1 0.0 816.1354388302111
27 1 0.0 813.7850292899989
27 1 0.0 806.2834163200023
27 1 0.0 798.6146747909029
27 1 0.0 795.7563288300009
27 1 0.0 794.0162918269045
27 1 142.24395079004535 924.3569372800216
27 1 0.0 781.6971414334985
27 1 130.18717866650513 911.0574229913968
27 1 0.0 775.7845270821199
27 1 0.0 758.8639550000048
27 1 0.0 752.8097580400081
27 1 102.4561793599928 850.4564503199948
27 1 0.0 743.0528747583849
27 1 1675.4542639769106 2412.9410933608897
27 1 605.3624369729023 1340.4522998583989
27 1 0.0 734.8129566513271
27 1 0.0 733.4396398233143
27 1 0.0 732.1839842199884
27 1 0.0 724.601224069977
27 1 0.0 713.3521143299758
27 1 0.0 707.3526140066908
27 1 10307.338645909997 11014.144525434038
27 1 312.1492823366975 1005.2215332982987
27 1 1530.9004929434968 2219.140753757603
27 1 0.0 680.0454182615958
27 1 0.0 678.7367882381603
27 1 0.0 665.5316266944064
27 1 0.0 657.9347966046994
27 1 0.0 656.8361026976045
27 1 0.0 650.2714454401012
27 1 0.0 638.2884276800205
27 1 0.0 637.2731165938991
27 1 0.0 634.6798780411741
27 1 0.0 633.9276047823989
27 1 0.0 633.1524419519992
27 1 0.0 625.4094764572783
27 1 1300.3691661500143 1924.1816750064186
27 1 0.0 618.0548803779999
27 1 0.0 615.1175226664939
27 1 810.5693656299691 1423.804362518412
27 1 0.0 607.7991789499829
27 1 0.0 604.7936977791082
27 1 0.0 601.2713756799976
27 1 0.0 587.9801700521889
27 1 233.47234135620056 820.061880617003
27 1 0.0 572.2067126200154
27 1 0.0 566.8417301779918
27 1 0.0 564.0392726099963
27 1 0.0 559.7273634680148
27 1 0.0 556.4453346899845
27 1 0.0 552.6929791425009
27 1 0.0 548.751602157211
27 1 0.0 547.4799114099894
27 1 0.0 539.7847438363078
27 1 0.0 533.8715194682959
27 1 0.0 531.8534951800273
27 1 62.17206290520153 591.2611017739928
27 1 0.0 514.6650121027081
27 1 0.0 512.1572175215986
27 1 0.0 506.13856952309106
27 1 0.0 504.01168431290364
27 1 0.0 489.5250990899995
27 1 0.0 488.2675419560969
27 1 0.0 483.1029488720915
27 1 159.95089342999677 641.4370368986977
27 1 0.0 481.2671945225113
27 1 0.0 478.89601384199614
27 1 506.7096355204044 985.0986466500117
27 1 3110.3805874512796 3583.41650471368
27 1 0.0 468.324109200001
27 1 156.09700096411825 623.221909350013
27 1 0.0 463.79304425999123
27 1 0.0 461.2549779600022
27 1 224.159446867194 683.6093413533176
27 1 0.0 458.7611525599982
27 1 0.0 457.2076672216049
27 1 0.0 456.4919185700119
27 1 0.0 455.96192897600054
27 1 423.05684243960445 866.7459802700077
27 1 0.0 429.97709683440155
27 1 0.0 428.55737908207436
27 1 0.0 426.2617369600189
27 1 0.0 423.2363891299897
27 1 0.0 422.9872933225022
27 1 0.0 420.5918394399903
27 1 0.0 411.6312463593007
27 1 0.0 408.29071569247026
27 1 0.0 408.2590922999889
27 1 0.0 407.54274700550025
27 1 0.0 406.3305684300133
27 1 0.0 404.1268471421072
27 1 0.0 403.95248453240697
27 1 0.0 402.06283957000363
27 1 0.0 401.6200019200046
27 1 0.0 397.14504389998433
27 1 0.0 396.62205412999674
27 1 130.34805300466383 526.7807429542414
27 1 0.0 396.060125033498
27 1 0.0 394.56256901800145
27 1 0.0 393.4187951919329
27 1 0.0 386.1977883634004
27 1 0.0 381.2748813429008
27 1 0.0 380.93935000919123
27 1 0.0 380.57460303202515
27 1 0.0 378.9398498175053
27 1 0.0 376.2426608699991
27 1 0.0 376.1947248027974
27 1 0.0 373.66908003271647
27 1 0.0 372.3738250699844
27 1 0.0 365.9269131470912
27 1 0.0 364.66383475739826
27 1 0.0 364.34366245999945
27 1 0.0 363.4801719120995
27 1 0.0 360.7625309130581
27 1 0.0 360.48660136441015
27 1 0.0 359.57567784599837
27 1 0.0 359.11183550999203
27 1 0.0 358.8059150600202
27 1 0.0 353.43420522809924
27 1 0.0 353.214638775598
27 1 0.0 348.5991085196988
27 1 0.0 348.3125653599943
27 1 181.49174228001812 529.2370365299964
27 1 0.0 344.117501360005
27 1 0.0 343.4500763126912
27 1 0.0 339.58959197252216
27 1 0.0 338.9747561700034
27 1 0.0 335.6238205590981
27 1 0.0 333.66779913749775
27 1 0.0 330.4367799988977
27 1 0.0 323.2505634975023
27 1 0.0 322.33937516599985
27 1 0.0 321.1678512122992
27 1 0.0 319.3548772004999
27 1 0.0 317.6890034883015
27 1 0.0 317.4295816458632
27 1 0.0 315.45112635370356
27 1 0.0 314.46434674210354
27 1 0.0 313.2192867899912
27 1 0.0 312.0492842368023
27 1 0.0 311.4491739319984
27 1 0.0 309.2376604008715
27 1 0.0 308.71305993710195
27 1 0.0 308.5870176099961
27 1 0.0 307.6047041900101
27 1 0.0 306.92507151999956
27 1 0.0 306.04538976960794
27 1 0.0 304.83323991001816
27 1 4329.807200243975 4632.164420439589
27 1 0.0 299.7758901999995
27 1 27.627296788770764 326.2696296885006
27 1 159.17798611999842 456.1610586013062
27 1 0.0 296.9515559331958
27 1 0.0 294.5615892400001
27 1 0.0 292.616625487502
27 1 0.0 291.14833901013844
27 1 314.4024609946953 604.9255015964882
27 1 0.0 290.4988788859953
27 1 0.0 289.77576575670537
27 1 0.0 289.1018341111021
27 1 0.0 285.03363343520004
27 1 0.0 283.526944654502
27 1 0.0 281.3205614725016
27 1 0.0 279.79939886839566
27 1 95.44023721239762 375.0521491003926
27 1 0.0 277.6803097099987
27 1 0.0 277.4888237594969
27 1 0.0 277.35957768000316
27 1 0.0 272.4493894564016
27 1 0.0 271.3867620927995
27 1 15.409323268389926 286.53072502109376
27 1 20.87659125000482 289.62254967999985
27 1 0.0 267.42389660999766
27 1 0.0 265.787950581881
27 1 0.0 265.2806205312563
27 1 0.0 265.1435299205008
27 1 1172.7302825630468 1436.2275366472131
27 1 0.0 261.3284538799933
27 1 0.0 260.9863005600075
27 1 0.0 259.03169555000136
27 1 0.0 257.2671250099977
27 1 0.0 255.90572400759356
27 1 0.0 255.5545085699955
27 1 172.10210049200305 424.0832524896132
27 1 0.0 249.98045497209864
27 1 0.0 248.0119176619969
27 1 0.0 247.98832314359345
27 1 0.0 244.9027649099977
27 1 4.563912882899288 248.3572504000001
27 1 0.0 242.1764291699982
27 1 0.0 238.92322663758114
27 1 0.0 237.97635077640098
27 1 0.0 236.042526897593
27 1 724.9880770464956 959.9978450676999
27 1 0.0 233.27566427360057
27 1 0.0 232.0889944119956
27 1 611.3308649099959 843.2232265184051
27 1 0.0 226.63516935998882
27 1 75.59799343519944 301.4999978816004
27 1 0.0 224.5321593900112
27 1 0.0 222.28285265224076
27 1 0.0 220.3291424479021
27 1 0.0 218.77994852600932
27 1 0.0 216.9642135300029
27 1 0.0 214.02829878015746
27 1 0.0 209.94724664302782
27 1 0.0 206.78144729000087
27 1 0.0 204.57976806749917
27 1 0.0 202.5562240705857
27 1 822.1886746612067 1023.6163688205015
27 1 0.0 201.33547330999795
27 1 0.0 199.4039557100091
27 1 203.04672839999603 402.2061059799921
27 1 0.0 198.11098162999315
27 1 0.0 195.57842624001182
27 1 0.0 194.92212828969286
27 1 0.0 189.4070451999994
27 1 0.0 189.25447773800192
27 1 0.0 186.5923555743985
27 1 0.0 182.40618939182383
27 1 377.81491150269903 558.1484100690993
27 1 0.0 177.08785592909544
27 1 0.0 176.373191624401
27 1 3812.2555934900147 3988.1972260899884
27 1 0.0 173.21213033639265
27 1 0.0 173.1927033484626
27 1 0.0 171.28654343000335
27 1 654.4092515604052 825.5688935186959
27 1 0.0 170.4179154255021
27 1 0.0 168.82097305250505
27 1 0.0 168.53423392000036
27 1 0.0 167.74914515839646
27 1 3.6555187215004707 171.09670107180216
27 1 0.0 167.35942683000326
27 1 0.0 164.21512861010535
27 1 76.73526809560303 238.40461048959827
27 1 0.0 160.80607843560063
27 1 0.0 160.6012483999997
27 1 0.0 160.44498504000762
27 1 154.4854098884025 312.8623569625006
27 1 0.0 157.55682748000146
27 1 0.0 157.11416568680067
27 1 0.0 156.94077355109715
27 1 10.86564473759654 163.6094068118921
27 1 0.0 152.64366680831336
27 1 0.0 152.48745077889942
27 1 0.0 152.48086578240236
27 1 0.0 150.45784812550744
27 1 213.64863002600214 361.2876692200049
27 1 0.0 144.6595860358002
27 1 0.0 143.09907807999934
27 1 17.832928873331184 159.68692718450257
27 1 0.0 138.59859692950275
27 1 0.0 137.5733483000041
27 1 0.0 136.96730438730856
27 1 0.0 128.18229729000177
27 1 0.0 128.0463012300962
27 1 0.0 127.0704777100018
27 1 0.0 126.82570966950016
27 1 0.0 126.25369472981629
27 1 0.0 126.1096658000011
27 1 0.0 122.57745057000102
27 1 0.0 122.47251869000513
27 1 0.0 121.89854346240668
27 1 0.0 121.30694316900735
27 1 83.57336828999462 203.8382826880004
27 1 0.0 119.15913615999523
27 1 8.191661673994076 127.26877556649674
27 1 0.0 116.45586901200227
27 1 0.0 114.57057569999938
27 1 0.0 114.33851890689925
27 1 0.0 113.77993023749912
27 1 618.3548290607073 731.7671224696002
27 1 0.0 113.08403917999453
27 1 0.0 113.00893742070184
27 1 0.0 112.40013806109482
27 1 0.0 112.30692931970032
27 1 0.0 112.04247139749828
27 1 305.15340574439733 416.59385999150754
27 1 0.0 109.31368629000401
27 1 0.0 108.25631899999917
27 1 0.0 107.44029823819824
27 1 0.0 106.10333319999563
27 1 0.0 105.64794731429933
27 1 0.0 103.62303632999641
27 1 0.0 103.1886373063345
27 1 0.0 102.64784930040241
27 1 0.0 93.62782695329975
27 1 0.0 90.83227199905838
27 1 55.56644426240018 144.5126632399997
27 1 0.0 88.45051895330198
27 1 0.0 87.25954793460045
27 1 70.26576318999196 156.7129770399996
27 1 0.0 86.40946326999119
27 1 0.0 86.36417488200595
27 1 0.0 85.21402704997968
27 1 0.0 85.09761699780574
27 1 0.0 84.29011925279724
27 1 0.0 82.67834492249881
27 1 0.0 81.73294575999705
27 1 0.0 81.43503063999879
27 1 0.0 81.42839839999374
27 1 0.0 81.37564897000516
27 1 0.0 80.42053905000142
27 1 76.37072944519696 156.57933420040172
27 1 0.0 79.52095563190176
27 1 0.0 76.41282729999261
27 1 0.0 75.31870548000506
27 1 0.0 75.24204655368726
27 1 0.0 74.3094887627035
27 1 0.0 71.83422090959857
27 1 0.0 69.46021701425889
27 1 0.0 69.03186549480074
27 1 0.0 68.75355818999583
27 1 0.0 66.93841093759875
27 1 371.3237430000063 437.2952421200034
27 1 0.0 65.8310171023985
27 1 0.0 65.35976640819894
27 1 0.0 64.62947541800037
27 1 0.0 63.223128813101255
27 1 104.28848856999343 166.750372089993
27 1 0.0 61.253223609988936
27 1 0.0 60.308203094397186
27 1 0.0 59.05478850609859
27 1 304.2481895599958 363.2188873374953
27 1 0.0 58.74503574999824
27 1 0.0 57.244018912499655
27 1 441.69353535800474 498.70804932270494
27 1 0.0 56.317444154895384
27 1 0.0 55.40128643999651
27 1 0.0 53.14826583999678
27 1 26.140803279993634 77.7568130399975
27 1 0.0 51.37218034999887
27 1 17.21779429001208 68.35767678999764
27 1 0.0 50.27195029545021
27 1 104.39576525789971 154.32948618393402
27 1 0.0 49.81573175999347
27 1 76.47616199090953 126.08362914509576
27 1 0.0 49.08239684
27 1 0.0 48.866746560003094
27 1 304.99354377952795 353.07776479232973
27 1 0.0 47.32118843989838
27 1 0.0 46.78617790240287
27 1 0.0 44.121060160098295
27 1 174.97320775156322 218.83747833650568
27 1 0.0 43.604385750007395
27 1 200.0317855303984 242.72011605040007
27 1 0.0 42.190725600007795
27 1 0.0 42.171918770011416
27 1 0.0 41.96867671639893
27 1 0.0 40.69100717000043
27 1 0.0 40.23622557070382
27 1 5.8439493441022705 42.73675209309613
27 1 0.0 36.264532671497705
27 1 0.0 35.83159269159614
27 1 1106.953325070022 1142.7135923099568
27 1 0.0 34.59438507999948
27 1 0.0 34.404766080000854
27 1 24.679891119621516 58.70328959352253
27 1 0.0 33.31482401749872
27 1 0.0 33.09613397308567
27 1 0.0 30.371382802503376
27 1 0.0 29.828272630004108
27 1 0.0 28.91320091999569
27 1 468.87892662600075 496.6225305110879
27 1 0.0 26.102466493999145
27 1 0.0 25.505532280102443
27 1 0.0 25.311935159998484
27 1 0.0 25.050833731499097
27 1 0.0 23.773245360001965
27 1 0.0 21.957878300000132
27 1 238.33158291640893 259.4387455093088
27 1 317.02446589309693 337.8880204563111
27 1 0.0 20.54804625000247
27 1 0.0 20.101587886798825
27 1 256.24302855240785 275.3756659428034
27 1 0.0 18.6137022599778
27 1 0.0 17.49361158199747
27 1 0.0 17.078848570006812
27 1 0.0 16.754807518805023
27 1 0.0 14.32383786719879
27 1 0.0 14.01935434749953
27 1 0.0 11.36643882039823
27 1 3478.088585120009 3487.676228579985
27 1 0.0 7.766386821505762
27 1 0.0 7.398557885940349
27 1 0.0 3.20622538200638
27 1 0.0 3.035689416100979
27 1 5.674147383566151 7.73770028036256
27 1 307.9916239351994 309.62766787359965
27 1 0.0 1.3008721311380214
27 1 4.836033731301995 5.264419704401092
27 0 0.0 inf
27 0 0.0 123.16353977998642
# COVID_SAMPLE_10_ROI_3
28 1 0.0 50063.19923042998
28 1 17725.3334677396 42051.44790839002
28 1 0.0 23383.00047511002
28 1 0.0 20870.63916649
28 1 0.0 16719.538564038103
28 1 0.0 16548.330018748016
28 1 10370.677248826307 24325.933948449565
28 1 0.0 13075.63207142468
28 1 0.0 12127.023334240006
28 1 0.0 10861.746571560017
28 1 0.0 10073.515375730021
28 1 0.0 9887.515573320035
28 1 0.0 9856.86536197998
28 1 0.0 9406.812722158415
28 1 0.0 9320.946252514706
28 1 3627.9637752819 12635.110432698424
28 1 0.0 8701.7679197661
28 1 0.0 8389.583247814917
28 1 2633.4541106460106 10475.167683621898
28 1 1368.9738878331937 9203.758712644794
28 1 0.0 7727.116545978001
28 1 0.0 7576.487917919963
28 1 0.0 6522.508011363998
28 1 0.0 6464.61011936003
28 1 0.0 6380.269291222501
28 1 0.0 6076.440888355238
28 1 0.0 5969.785323310009
28 1 0.0 5962.802102989971
28 1 0.0 5564.853405363699
28 1 0.0 5477.302708679969
28 1 0.0 5455.940885122502
28 1 0.0 5430.510724169981
28 1 0.0 5183.9139292399705
28 1 3183.233486398897 8315.941513619204
28 1 0.0 5083.21900681291
28 1 0.0 4836.569107339103
28 1 1462.7889531093024 5858.781186365717
28 1 0.0 4378.083657377092
28 1 0.0 4273.1642553300135
28 1 0.0 4139.635473449998
28 1 0.0 4119.7462212000355
28 1 0.0 4098.479521797605
28 1 527.6299632299897 4466.675156920009
28 1 0.0 3917.6163766298023
28 1 0.0 3913.3892507999553
28 1 0.0 3857.30124531
28 1 0.0 3784.230286718439
28 1 0.0 3734.6153494500004
28 1 0.0 3719.63958484439
28 1 0.0 3538.806752239978
28 1 0.0 3424.4145393838876
28 1 6.9084159479775735 3387.9044990328694
28 1 0.0 3291.619514042526
28 1 2482.506065823368 5735.273298693586
28 1 843.8347532735988 3983.4425090907052
28 1 0.0 3119.7516743600286
28 1 0.0 3108.9022633088807
28 1 0.0 3096.228324380001
28 1 0.0 3055.740881219989
28 1 0.0 2827.2400067327058
28 1 2257.204945953941 4751.996761522498
28 1 0.0 2439.987935090012
28 1 0.0 2408.435296880005
28 1 0.0 2374.6876433172038
28 1 0.0 2195.5766053100047
28 1 0.0 2139.619651764706
28 1 0.0 2103.3495862988275
28 1 0.0 2086.847013136687
28 1 0.0 2022.6008736895174
28 1 0.0 2013.923895732004
28 1 73.41794100250331 2065.125928229997
28 1 0.0 1970.7573045682948
28 1 0.0 1964.7588944414956
28 1 0.0 1892.8387037919981
28 1 0.0 1891.044608665915
28 1 0.0 1879.8558364490304
28 1 0.0 1861.4247600699832
28 1 0.0 1853.4659036019548
28 1 0.0 1821.613871457996
28 1 0.0 1817.139301549983
28 1 0.0 1766.5750486299476
28 1 194.537661751212 1960.1928914435043
28 1 0.0 1761.4501928300065
28 1 0.0 1751.578531502002
28 1 432.44321064559335 2179.4014919850933
28 1 0.0 1741.1570140023
28 1 0.0 1736.9093802337006
28 1 0.0 1698.1240907299828
28 1 0.0 1662.064667401287
28 1 0.0 1649.9909935500018
28 1 0.0 1643.918843249936
28 1 0.0 1634.3184341799752
28 1 0.0 1590.824133622011
28 1 0.0 1568.3902984991964
28 1 0.0 1542.145108913595
28 1 0.0 1537.8742852605942
28 1 0.0 1537.0567107728398
28 1 0.0 1531.0177261175954
28 1 57.5466642575127 1448.8412399060012
28 1 0.0 1376.846182447981
28 1 0.0 1365.7967001874704
28 1 0.0 1362.1699680877014
28 1 0.0 1338.6474851899895
28 1 2344.1835415076157 3678.041542414414
28 1 0.0 1322.4633884859095
28 1 0.0 1313.1827775696154
28 1 0.0 1311.4961187496165
28 1 0.0 1288.0822182460051
28 1 0.0 1287.3664877528886
28 1 786.8072960374657 2067.606148499985
28 1 0.0 1268.6581840680033
28 1 0.0 1256.420795839992
28 1 0.0 1243.0078311039917
28 1 0.0 1218.9658620330474
28 1 0.0 1218.8735014720296
28 1 0.0 1217.8069624303994
28 1 0.0 1212.514703712493
28 1 3802.003786185601 5014.055039279984
28 1 0.0 1196.3342327077057
28 1 860.084141899983 2045.3489970700284
28 1 0.0 1172.1435440511923
28 1 0.0 1167.3007106700177
28 1 0.0 1163.0663979855053
28 1 0.0 1148.8873680496085
28 1 0.0 1143.319080415988
28 1 0.0 1114.1126748080096
28 1 0.0 1104.4961763420001
28 1 0.0 1097.7322380735984
28 1 0.0 1094.6677846499979
28 1 0.0 1087.0601921600057
28 1 351.88132169250457 1421.8000595420226
28 1 0.0 1069.7498861874956
28 1 0.0 1066.1433772800165
28 1 1288.2924205500167 2352.6187293999974
28 1 1223.7244940104931 2283.0339442449113
28 1 0.0 1041.5336890836716
28 1 0.0 1030.972938828405
28 1 0.0 1010.7234990941979
28 1 0.0 990.9380999480004
28 1 0.0 982.6287878597367
28 1 1147.6359638903946 2126.4515364259014
28 1 0.0 962.1979700399925
28 1 0.0 955.7302769059957
28 1 0.0 954.7811388423961
28 1 52.38340463749137 1003.7198801810955
28 1 261.2195424793845 1205.0635370355176
28 1 1388.8310279007446 2325.258541677365
28 1 0.0 934.5377627700086
28 1 0.0 921.6955965164998
28 1 841.1487168800268 1750.3225155199857
28 1 0.0 903.0193881408026
28 1 0.0 900.9259870464035
28 1 0.0 890.7278468880063
28 1 8.225320709523885 888.774057246018
28 1 0.0 873.6394866923456
28 1 0.0 864.8029916229416
28 1 0.0 849.3842265800067
28 1 0.0 848.4972882104053
28 1 0.0 844.7498032651129
28 1 661.0108851899995 1505.0651500703962
28 1 0.0 842.090845590003
28 1 0.0 837.8349312480132
28 1 0.0 833.3534182815995
28 1 0.0 828.6042809519979
28 1 203.5299997799757 1030.6798451999748
28 1 0.0 817.519694602805
28 1 4969.87887157126 5785.498817337417
28 1 0.0 813.2801651207355
28 1 1742.283232400383 2555.267582476011
28 1 0.0 806.7982855080022
28 1 0.0 792.1550023999894
28 1 0.0 784.4598034825012
28 1 487.87365263001857 1268.8080310200128
28 1 185.13906024001517 966.0376360700159
28 1 0.0 778.2969355213995
28 1 0.0 766.5686982800121
28 1 0.0 766.2006727792004
28 1 0.0 757.4723336175059
28 1 0.0 737.9891543785088
28 1 0.0 736.4380150199949
28 1 0.0 731.2048886316015
28 1 0.0 720.7409120449952
28 1 0.0 720.5847371319029
28 1 0.0 710.7499083299908
28 1 0.0 707.0066214286469
28 1 0.0 704.442797730007
28 1 0.0 700.2075253599965
28 1 0.0 694.3338247066954
28 1 0.0 693.0471543600033
28 1 0.0 686.2812483864973
28 1 0.0 685.8394746438387
28 1 0.0 671.1190921831057
28 1 0.0 669.1164738656107
28 1 0.0 662.4800079279944
28 1 0.0 660.653909509994
28 1 0.0 660.1311367380167
28 1 0.0 655.5565348007981
28 1 0.0 653.3897547999945
28 1 0.0 650.679399279597
28 1 0.0 649.8625337501003
28 1 0.0 648.2932579212006
28 1 0.0 645.3948923428011
28 1 3466.0466449200685 4105.7548303200965
28 1 0.0 635.9119845647033
28 1 0.0 633.1896178799902
28 1 0.0 631.4851214063988
28 1 0.0 630.7443056035104
28 1 51.27055850449415 681.3157145199966
28 1 0.0 627.9829529999997
28 1 0.0 624.9587500299953
28 1 2080.9736917099717 2702.3522161999817
28 1 333.168331519968 940.220143807478
28 1 909.3315706499939 1511.6435692100163
28 1 0.0 597.3731481359778
28 1 0.0 589.0587348468987
28 1 0.0 586.3459022216985
28 1 0.0 582.6274368260097
28 1 0.0 580.9106861663947
28 1 277.4538339876008 858.0634647156176
28 1 0.0 577.6936033500056
28 1 0.0 571.7483976920958
28 1 0.0 570.5328191700019
28 1 0.0 554.9267638400195
28 1 0.0 540.2896008000084
28 1 1129.1816552099663 1667.0441583680054
28 1 0.0 537.7842238050007
28 1 0.0 537.1223058224973
28 1 0.0 536.5735737195905
28 1 0.0 531.2039428780985
28 1 29.64003642912894 554.901103393735
28 1 0.0 519.4190198267988
28 1 0.0 514.9861379100033
28 1 0.0 510.0121769900388
28 1 0.0 509.04588216120146
28 1 37.04306539000709 540.0265794699872
28 1 0.0 488.95335489999843
28 1 0.0 484.072819008398
28 1 0.0 476.9031814684022
28 1 0.0 470.99226609109587
28 1 0.0 468.3149199799967
28 1 59.957865994716485 528.1126243780382
28 1 1295.723703222402 1758.2981884228075
28 1 0.0 462.1939166199975
28 1 0.0 450.36582532350303
28 1 0.0 443.57644766000294
28 1 0.0 439.93271442000025
28 1 0.0 439.50367925135896
28 1 10.842768250017798 449.34695878000093
28 1 739.590095793601 1177.5243872999968
28 1 0.0 435.42136316760207
28 1 27.744055040006515 459.89522356000634
28 1 0.0 426.3227082377614
28 1 0.0 425.9150663939952
28 1 0.0 425.49641242000143
28 1 85.01689599600422 507.6487520024034
28 1 0.0 406.26079949950076
28 1 0.0 406.21693707670147
28 1 0.0 404.31976729999224
28 1 0.0 403.8016051440122
28 1 0.0 402.23401501920307
28 1 0.0 400.73726786250194
28 1 0.0 397.14619564689747
28 1 0.0 392.8120064159911
28 1 291.986070714519 682.7396171652003
28 1 0.0 382.2565615890039
28 1 0.0 381.0691859200124
28 1 0.0 379.02373140908503
28 1 0.0 377.363754148398
28 1 0.0 376.41810835440424
28 1 218.91143654002735 594.6907517999916
28 1 0.0 371.76096012000767
28 1 0.0 369.9347254500001
28 1 0.0 368.5708321500206
28 1 0.0 367.6075657299989
28 1 0.0 360.7813600913006
28 1 0.0 360.5965005414977
28 1 0.0 358.29625314000214
28 1 0.0 357.5091747220001
28 1 153.19764843890334 510.0557762999007
28 1 0.0 353.3861679700076
28 1 0.0 352.1622987143006
28 1 0.0 352.1410088143929
28 1 0.0 352.1374145220075
28 1 0.0 352.02192779189954
28 1 0.0 351.50062106999894
28 1 0.0 349.59508206759915
28 1 844.8366369754267 1194.2439449526266
28 1 720.3090929024092 1064.0296500380146
28 1 0.0 343.40512264440326
28 1 0.0 341.6186904536007
28 1 0.0 340.00756487997955
28 1 0.0 336.65850747000127
28 1 0.0 335.25287865189284
28 1 0.0 333.91490859399437
28 1 0.0 332.0319238487991
28 1 255.16010099999198 586.5887839099908
28 1 0.0 330.75157906040425
28 1 0.0 330.0309019879069
28 1 0.0 319.84072197999546
28 1 0.0 318.88379248000547
28 1 0.0 318.43279589639724
28 1 20.825846890007142 338.53513853159535
28 1 344.62865197799783 661.1928565700055
28 1 0.0 312.99632557050563
28 1 468.58833872039577 777.6417851199899
28 1 0.0 303.6053045560002
28 1 7201.47541708999 7494.118378169989
28 1 0.0 291.53801313000076
28 1 0.0 291.5377548599996
28 1 0.0 291.2670592224919
28 1 0.0 291.02239048369324
28 1 0.0 289.9421964493017
28 1 0.0 287.3329444864089
28 1 0.0 287.11844205001466
28 1 0.0 285.1365778724022
28 1 0.0 284.0809120991994
28 1 0.0 278.8924712600031
28 1 0.0 276.7132856528988
28 1 0.0 276.0966077300286
28 1 0.0 274.4778483300197
28 1 0.0 272.6517594024865
28 1 0.0 271.1541293746968
28 1 0.0 270.77451518069756
28 1 0.0 270.61824487749846
28 1 0.0 267.37159063000047
28 1 0.0 266.99664534750207
28 1 0.0 264.54031494890114
28 1 2780.6812137011184 3044.778042776841
28 1 0.0 263.0189665024983
28 1 89.0562057983966 350.6614567002023
28 1 8.262731912401932 267.1794967175025
28 1 0.0 256.9888751499939
28 1 0.0 256.56154633200435
28 1 179.55036771319533 432.97659152649885
28 1 0.0 253.31317055999398
28 1 0.0 253.2482242108988
28 1 0.0 252.88840729999743
28 1 0.0 243.94950574770343
28 1 0.0 243.64279920641172
28 1 0.0 243.19839028668594
28 1 0.0 242.76635711399206
28 1 0.0 240.4940150954933
28 1 32.30901445000313 271.9766232700058
28 1 0.0 236.77823914758847
28 1 0.0 235.13224055399553
28 1 0.0 234.3941970624026
28 1 0.0 233.37260130090408
28 1 1556.376917150379 1785.6005051900338
28 1 0.0 227.13710046370056
28 1 0.0 227.09614833001206
28 1 0.0 226.71273518360545
28 1 0.0 223.09381865289834
28 1 0.0 216.4676271875053
28 1 0.0 215.1468010700114
28 1 0.0 214.1053859800104
28 1 0.0 213.6557558100135
28 1 0.0 212.12291657000293
28 1 0.0 204.52132624640103
28 1 0.0 194.47151479998934
28 1 0.0 193.3643659815036
28 1 176.7712975721024 369.89657101250145
28 1 0.0 188.8716679471995
28 1 0.0 185.6212352399948
28 1 0.0 184.44854653149696
28 1 0.0 184.11336303200278
28 1 0.0 183.32200598999907
28 1 0.0 181.94144953000136
28 1 0.0 181.4044065044052
28 1 0.0 179.65879777799796
28 1 0.0 179.39826111000457
28 1 184.27154521800128 362.72049256800165
28 1 0.0 178.21878315000777
28 1 0.0 177.8096556100054
28 1 0.0 176.4440056627642
28 1 0.0 176.2868638229993
28 1 602.8215413262928 779.0978680463932
28 1 0.0 175.18326356150078
28 1 0.0 173.91944669519876
28 1 0.0 172.8926731118786
28 1 361.41310936716536 530.3512121333805
28 1 2.5718914755968854 170.6497576019982
28 1 0.0 162.4531018800019
28 1 0.0 159.64700995750422
28 1 89.64475237520082 245.20214387001033
28 1 390.7378458023213 544.5338415722999
28 1 0.0 151.03892922750146
28 1 0.0 150.57385334190167
28 1 63.72716677201106 214.04327849550327
28 1 0.0 148.67307775999336
28 1 0.0 147.8913791100049
28 1 0.0 144.52348153000707
28 1 0.0 144.37445980999507
28 1 0.0 144.1547311380068
28 1 0.0 143.7110296732053
28 1 0.0 143.37906235970016
28 1 0.0 140.74058044959668
28 1 0.0 139.99591116999423
28 1 0.0 139.8716325336004
28 1 0.0 139.33938517799334
28 1 0.0 139.1562527248027
28 1 0.0 137.9121211391962
28 1 0.0 134.77606548360245
28 1 137.46215423000285 271.9156723600148
28 1 0.0 134.43376622250435
28 1 0.0 133.50842647740194
28 1 0.0 128.8475703699919
28 1 0.0 128.41142527999887
28 1 0.0 125.30010550160023
28 1 0.0 125.21142105702482
28 1 0.0 123.68007571249865
28 1 0.0 123.5728515219007
28 1 0.0 123.31827843459814
28 1 362.8439594896099 486.0733553379994
28 1 0.0 121.99279455999465
28 1 0.0 121.1280533443055
28 1 0.0 114.4023328803988
28 1 0.0 112.5897668999985
28 1 0.0 112.0322377899987
28 1 5.217342779998376 114.41471676480353
28 1 0.0 108.94246921000058
28 1 723.1940496500065 830.980634400019
28 1 0.0 105.14061231999744
28 1 0.0 104.5789863145954
28 1 0.0 104.37239661330068
28 1 0.0 102.90281462350009
28 1 0.0 101.50033809969989
28 1 534.5492053724993 634.3018615968904
28 1 0.0 96.82363551999993
28 1 0.0 95.74521108815725
28 1 0.0 94.26998853000623
28 1 0.0 93.01019574001475
28 1 0.0 92.90267137000308
28 1 0.0 91.74377518600295
28 1 0.0 91.51734018000172
28 1 0.0 90.72216378410644
28 1 0.0 89.48002398149646
28 1 304.4940795715993 391.15089115649334
28 1 101.36524135049308 186.14249590999634
28 1 0.0 84.73306426330282
28 1 0.0 84.2579402599979
28 1 0.0 83.09812161559694
28 1 0.0 79.6702636279997
28 1 0.0 79.61456782359573
28 1 0.0 79.1021272731989
28 1 14.767240513992192 93.04522622749823
28 1 0.0 76.17886982528717
28 1 0.0 74.68834956000092
28 1 0.0 72.39964605000121
28 1 0.0 71.61844889000628
28 1 578.9655308660747 649.9726404724964
28 1 0.0 70.00294879559985
28 1 0.0 69.3529650000064
28 1 0.0 67.99301432199998
28 1 0.0 65.22245677400295
28 1 0.0 64.61324763090158
28 1 0.0 63.57843064590111
28 1 0.0 62.75655856999907
28 1 0.0 62.5553157764009
28 1 0.0 61.24774839730122
28 1 0.0 60.95183339850644
28 1 287.2201578828028 346.5875174207988
28 1 0.0 58.49439000000035
28 1 116.76180248001083 174.91432787999338
28 1 0.0 57.68329340999799
28 1 0.0 56.91506839070212
28 1 14.948052418401915 71.01521799999938
28 1 18.352799340011927 73.79155956001216
28 1 0.0 53.778477975603266
28 1 302.2580303690961 355.94243279979173
28 1 0.0 53.4803921366904
28 1 58.74485433959268 108.89568453479728
28 1 190.9884805632032 240.70241922719993
28 1 10.164358620801295 59.828935193600046
28 1 0.0 49.54700932729952
28 1 0.0 49.21671687934759
28 1 0.0 48.64976826630058
28 1 0.0 45.57550752000316
28 1 7142.307880989388 7187.350802317394
28 1 139.57508567997843 180.7785076399948
28 1 0.0 36.88257031960029
28 1 0.0 36.73767345439069
28 1 0.0 36.20956668050417
28 1 0.0 35.8198652899996
28 1 0.0 34.86211871749674
28 1 0.0 34.839649784899166
28 1 0.0 32.84325416639771
28 1 0.0 30.751727479499493
28 1 0.0 30.541653150002276
28 1 0.0 30.510124197507253
28 1 0.0 28.21120123769876
28 1 16.33981688000418 42.17722254000478
28 1 0.0 25.620594443996424
28 1 0.0 24.569071441603683
28 1 0.0 24.406248168394313
28 1 0.0 23.496879189998822
28 1 0.0 20.7539212424972
28 1 0.0 19.67338927999822
28 1 0.0 18.336966552006373
28 1 0.0 17.556834760005813
28 1 1974.9669579280007 1991.88921469649
28 1 0.0 16.564657730000476
28 1 0.0 15.513011314498954
28 1 0.0 15.071153874504716
28 1 50.386843799991084 65.2269398699932
28 1 0.0 13.68887751000446
28 1 9.082162889502342 21.995566414500786
28 1 0.0 12.219318989997191
28 1 0.0 11.597973270004445
28 1 1355.2650506800055 1364.89656044
28 1 0.0 9.4897623988752
28 1 25.039007612807154 33.73628859640621
28 1 234.89287847998776 243.55196824000654
28 1 0.0 6.120565209997153
28 1 0.0 5.881352567900009
28 1 0.0 3.7545403759938836
28 1 0.0 2.845116656101993
28 1 0.0 2.6586115775933195
28 1 0.0 0.8063653125026349
28 0 0.0 inf
28 0 0.0 45.42063026759945
28 0 0.0 12.291975404403729
# COVID_SAMPLE_5_ROI_3
29 1 0.0 27374.724380547494
29 1 0.0 26051.07731522163
29 1 0.0 17861.171851690047
29 1 0.0 15302.099432993102
29 1 0.0 15024.330533497548
29 1 0.0 14566.697639832395
29 1 105.27839043999757 13102.911107470492
29 1 0.0 12175.823828056004
29 1 0.0 8498.580377281112
29 1 0.0 8461.879951950039
29 1 6796.447550100049 14789.972001607439
29 1 0.0 7621.9566173744115
29 1 0.0 7439.670211325087
29 1 3100.083592640047 10158.46907299001
29 1 0.0 6981.4156999712195
29 1 0.0 6352.954382330049
29 1 0.0 6329.189796689603
29 1 0.0 6112.735617265949
29 1 0.0 5777.21862845678
29 1 0.0 5485.624883249959
29 1 13688.915452320027 19163.582117359954
29 1 0.0 5340.78871864229
29 1 0.0 5300.358807341725
29 1 21.604083113627894 5312.0649979340005
29 1 0.0 5186.2461716436
29 1 0.0 4919.1006876799765
29 1 0.0 4702.379239153598
29 1 0.0 4636.3201747305
29 1 5434.380560056002 9758.2915745789
29 1 0.0 4319.377579839973
29 1 0.0 4249.277937668401
29 1 0.0 3971.549648132883
29 1 0.0 3952.871710557581
29 1 0.0 3894.340077787203
29 1 0.0 3857.4411220293205
29 1 0.0 3845.446878417467
29 1 1884.6029755543186 5623.3908442835345
29 1 2026.3602089709038 5759.1629730499535
29 1 0.0 3636.7648825628366
29 1 0.0 3599.5175040825015
29 1 0.0 3564.6961604675453
29 1 0.0 3417.247975336488
29 1 0.0 3404.1680919529
29 1 0.0 3393.021319348381
29 1 0.0 3290.109126774385
29 1 0.0 3224.814083617206
29 1 0.0 3203.248068000041
29 1 0.0 3177.7991352528816
29 1 0.0 3147.178825201995
29 1 0.0 3102.5868291140214
29 1 0.0 2952.202484863101
29 1 0.0 2941.1781988559997
29 1 0.0 2921.539842378011
29 1 0.0 2900.898777609984
29 1 0.0 2853.590737230752
29 1 0.0 2843.5579810175
29 1 0.0 2772.535005964811
29 1 1268.7724032515962 4021.6584425291094
29 1 2487.1427495099833 5127.43381793497
29 1 0.0 2509.7283780900275
29 1 0.0 2508.9726255706955
29 1 194.29868449822243 2656.720379428383
29 1 0.0 2458.698916942636
29 1 0.0 2415.443593185613
29 1 0.0 2402.617177636102
29 1 0.0 2396.921194046028
29 1 0.0 2352.933501607101
29 1 0.0 2337.1931548601533
29 1 0.0 2335.735219492404
29 1 0.0 2310.052315072298
29 1 0.0 2303.5616397624817
29 1 3266.9669611200093 5544.343345310002
29 1 0.0 2271.048766649601
29 1 0.0 2227.076628659972
29 1 481.41770165788694 2582.339364096868
29 1 2442.625446910024 4536.794697203928
29 1 0.0 2093.695417682009
29 1 785.8416110520061 2857.2173288559106
29 1 0.0 2050.461290623617
29 1 0.0 2043.4696241391994
29 1 0.0 2017.5834821130884
29 1 0.0 1975.9538304353
29 1 0.0 1939.4762132499918
29 1 0.0 1907.814522540024
29 1 0.0 1871.6678101000089
29 1 0.0 1859.7281666899996
29 1 0.0 1837.603310880082
29 1 0.0 1809.2007800668111
29 1 0.0 1777.8340149474734
29 1 0.0 1773.311154359984
29 1 1815.3726313500702 3551.1398787099824
29 1 0.0 1730.1466150000178
29 1 0.0 1729.1782174699874
29 1 491.5170189743967 2215.8125224956166
29 1 0.0 1723.229578393606
29 1 1633.8769766149817 3245.854315672488
29 1 0.0 1604.4505413504685
29 1 0.0 1601.2051587217202
29 1 0.0 1594.4844172727926
29 1 0.0 1550.4549528725083
29 1 495.5312129700053 2029.489361953607
29 1 0.0 1528.4250502351824
29 1 0.0 1524.1492792625063
29 1 0.0 1464.8525773175088
29 1 0.0 1423.1628849299886
29 1 0.0 1408.563721529997
29 1 0.0 1398.1821821907986
29 1 0.0 1381.4138886100209
29 1 0.0 1380.210450362405
29 1 0.0 1379.7233609199898
29 1 0.0 1368.4588122825667
29 1 0.0 1367.581914253517
29 1 0.0 1362.2798088899972
29 1 0.0 1360.6810986059927
29 1 0.0 1360.3319218255047
29 1 0.0 1354.7783084959967
29 1 0.0 1351.5546005094989
29 1 0.0 1344.2706012900308
29 1 0.0 1332.5621298859644
29 1 0.0 1312.9288613088147
29 1 0.0 1290.2429717970917
29 1 0.0 1279.764769016799
29 1 0.0 1279.7282003999771
29 1 0.0 1273.155458682481
29 1 0.0 1266.787927774908
29 1 616.9390310155031 1868.3164627459946
29 1 1675.8290894223574 2920.8891941216025
29 1 0.0 1213.1777373644022
29 1 0.0 1184.185486590004
29 1 0.0 1169.449179719988
29 1 0.0 1149.4048729659921
29 1 0.0 1147.2076355896108
29 1 0.0 1132.1762595520177
29 1 0.0 1131.7978447100331
29 1 0.0 1110.0122321899644
29 1 1728.828306320409 2816.2786516307888
29 1 309.4868948192943 1395.6134273312546
29 1 0.0 1058.591494210501
29 1 0.0 1056.901456192907
29 1 0.352299224019589 1042.9343337264163
29 1 0.0 1034.3784821999361
29 1 30135.476209368266 31169.51683184266
29 1 0.0 1018.6990924339975
29 1 0.0 986.2530999974861
29 1 0.0 966.9924748324897
29 1 273.3941774300065 1237.8111916499893
29 1 117.04348884003139 1065.3432824900037
29 1 0.0 926.1781852325012
29 1 0.0 907.5743542239525
29 1 1522.8662153640298 2396.8464839360117
29 1 0.0 855.1108059200351
29 1 0.0 836.8165451879006
29 1 0.0 832.8601616224947
29 1 0.0 830.8564732700179
29 1 958.6918395668044 1787.03301232998
29 1 0.0 818.2561065996215
29 1 0.0 816.4428183500363
29 1 6913.595405089982 7720.281875669987
29 1 0.0 793.0307250441006
29 1 0.0 782.6296997474941
29 1 0.0 781.3868354545039
29 1 0.0 773.8724739484041
29 1 0.0 756.0573516870966
29 1 0.0 751.8396477904225
29 1 0.0 750.1036047172811
29 1 0.0 744.750120578703
29 1 0.0 743.9927110785698
29 1 0.0 732.4129191296138
29 1 0.0 730.3640575500303
29 1 0.0 716.817038880019
29 1 0.0 711.1181144040793
29 1 430.1831858832047 1138.560581870047
29 1 0.0 708.1924256960999
29 1 221.48222555998723 927.728429719999
29 1 0.0 692.7019724935989
29 1 39.11038666248646 731.3199895831954
29 1 0.0 686.6731517228937
29 1 0.0 668.9417917055798
29 1 17.420064386695685 678.8550443440982
29 1 0.0 659.8988768788331
29 1 3642.220383777495 4292.174676427486
29 1 0.0 647.6256805836015
29 1 0.0 647.4743529600228
29 1 0.0 644.4561287799806
29 1 0.0 643.5883696591245
29 1 0.0 640.7081511294928
29 1 0.0 632.2524490200003
29 1 0.0 629.0373262444946
29 1 0.0 626.7003010914998
29 1 48.94273426560767 654.8794901781062
29 1 0.0 600.0530927524705
29 1 0.0 599.7378775104064
29 1 31415.414953560015 32014.833313350053
29 1 204.70482364706731 791.0392807500034
29 1 0.0 585.202398409092
29 1 0.0 583.8116041004032
29 1 0.0 583.6215137138965
29 1 0.0 577.6245374844057
29 1 0.0 569.1508665140987
29 1 0.0 550.0654476722864
29 1 0.0 549.2766408399928
29 1 575.704095480015 1117.1307387900115
29 1 0.0 524.6499447800029
29 1 240.43491686970196 754.9398305964016
29 1 0.0 509.6035189927038
29 1 0.0 506.1148095021017
29 1 0.0 492.1848533324966
29 1 0.0 491.2817749999849
29 1 421.47630945039873 911.0739523464026
29 1 0.0 485.97243182650163
29 1 182.38309100889728 662.0063107875103
29 1 0.0 470.87552470746687
29 1 0.0 467.72162548000097
29 1 708.672655250035 1171.3749574800022
29 1 0.0 458.69265032950216
29 1 1323.311967420012 1781.9476542460125
29 1 0.0 429.611883013692
29 1 106.89401113959093 531.1845784575148
29 1 0.0 423.0964574319969
29 1 531.8859468638802 954.9513727498779
29 1 0.0 421.8057097899889
29 1 0.0 412.5299341200139
29 1 0.0 411.6934869144884
29 1 0.0 398.84963893001805
29 1 0.0 397.44851417999644
29 1 0.0 394.6814390024979
29 1 0.0 392.54031967689593
29 1 0.0 390.3925293999637
29 1 0.0 387.6635377299872
29 1 0.0 378.79594881001776
29 1 0.0 377.29428131749773
29 1 0.0 370.8591785459952
29 1 0.0 366.77601535999474
29 1 0.0 366.3097770999916
29 1 0.0 362.4959382300108
29 1 0.0 359.68652825591766
29 1 214.15758868749072 568.2849928543944
29 1 0.0 347.09683918650285
29 1 0.0 336.2406883247911
29 1 0.0 322.66027186799965
29 1 0.0 319.2832001445995
29 1 0.0 317.51515951360716
29 1 0.0 316.44237719559806
29 1 0.0 315.5979901424994
29 1 0.0 307.1189777753168
29 1 0.0 298.4012587876314
29 1 0.0 292.0267290094889
29 1 0.0 288.6568039470749
29 1 2031.263922080022 2318.5056807472265
29 1 281.77110962239726 567.559363378673
29 1 0.0 281.6243225995986
29 1 0.0 273.89362054240405
29 1 0.0 270.4101565759893
29 1 0.0 268.7577337389098
29 1 0.0 266.53815204999864
29 1 0.0 261.98741320569275
29 1 0.0 254.4460748739981
29 1 0.0 253.61859611998898
29 1 0.0 252.4511127833033
29 1 0.0 249.6257223839982
29 1 0.0 242.6944535574844
29 1 0.0 241.93564470639961
29 1 0.0 240.46091447708295
29 1 3.269243235581598 230.54052332004176
29 1 18.38771055439588 244.74862365720253
29 1 0.0 223.56657722998034
29 1 0.0 221.72417338575724
29 1 0.0 214.89993901359662
29 1 0.0 208.62453269320122
29 1 359.2754716684028 567.4917562211172
29 1 0.0 204.22776779480637
29 1 191.66608560598434 395.85201526559285
29 1 0.0 203.3147470055128
29 1 0.0 198.33482146591848
29 1 0.0 197.8785175499952
29 1 0.0 194.4711599231971
29 1 0.0 194.41327272362105
29 1 50.21943723809363 242.91018710559183
29 1 0.0 192.53806273998362
29 1 155.69421118889386 346.40302317610053
29 1 0.0 189.56391100000178
29 1 0.0 188.54479635829694
29 1 0.0 183.62736440456456
29 1 613.0159195900042 796.5683412828093
29 1 58.19195657850389 231.41373617749286
29 1 12.394165787996428 185.29812841639523
29 1 38.984520210015944 210.55616917639793
29 1 48.55984992000231 218.62555268040796
29 1 0.0 167.0207821308095
29 1 0.0 164.8850796408069
29 1 63.21491340520396 226.58045498550598
29 1 0.0 162.9936591156188
29 1 0.0 161.90698452669835
29 1 0.0 161.5466926736019
29 1 0.0 161.03761852839955
29 1 9445.598848222407 9604.894539056411
29 1 0.0 156.94882007840124
29 1 0.0 156.59586703839938
29 1 284.2558305259772 440.3524823659154
29 1 2097.9628928320053 2254.0595446719435
29 1 236.49946250556786 391.3932797411835
29 1 154.58619239599898 309.47473464249924
29 1 0.0 145.3036082975966
29 1 0.0 143.88853668309883
29 1 214.53468407040373 351.57521642200174
29 1 0.0 136.27672318266923
29 1 1263.510033329499 1398.425828471502
29 1 98.90044514160559 232.46353523042762
29 1 0.0 127.61613774109696
29 1 0.0 123.35222084999083
29 1 0.0 122.08073412828398
29 1 41.679601410013674 161.77943670370223
29 1 4206.693879919999 4326.0921776999585
29 1 0.0 115.77498539029898
29 1 0.0 106.326428566078
29 1 0.0 106.0101378572108
29 1 0.0 102.7431812747235
29 1 686.9016674596078 788.9038213996009
29 1 0.0 99.59237398840128
29 1 0.0 99.27863024250291
29 1 0.0 95.65019632679787
29 1 488.1361618799813 579.6021167299937
29 1 0.0 91.43252233028579
29 1 0.0 86.23329661760073
29 1 0.0 78.03848342130038
29 1 7.024397649078395 82.80353910158397
29 1 0.0 74.38504126039822
29 1 0.0 74.00537783999948
29 1 0.0 71.7401375400037
29 1 0.0 70.38484260590826
29 1 254.95063100409743 324.219185035701
29 1 0.0 65.40440102509467
29 1 11.931954856706966 77.06491103200142
29 1 0.0 61.688814267199746
29 1 0.0 60.527343682510946
29 1 0.0 58.30476286770022
29 1 0.0 56.785654846732115
29 1 176.77800190070184 229.68675398450273
29 1 0.0 52.892507604796606
29 1 0.0 52.02336096002773
29 1 0.0 48.083497560504384
29 1 0.0 46.28793425439858
29 1 0.0 44.54559883452566
29 1 0.0 43.07680907344104
29 1 0.0 42.13953250149643
29 1 420.96388713998385 455.2400636800212
29 1 0.0 33.631008449993715
29 1 1637.6318023559797 1668.890961489621
29 1 993.4159211199958 1023.8974887999993
29 1 0.0 28.279761607503076
29 1 0.0 26.096962589999293
29 1 0.0 23.98107027000242
29 1 489.0889118439027 511.9180170674963
29 1 167.25557241239812 189.51027855969915
29 1 375.94135656997423 398.0805865268758
29 1 0.0 21.008487000002333
29 1 0.0 19.272277588570205
29 1 0.0 19.05709747390091
29 1 0.0 15.51811293000128
29 1 0.0 14.55272774470518
29 1 0.0 14.441826070000388
29 1 0.0 10.614471594359202
29 1 0.0 1.851856022794891
29 0 0.0 inf
# COVID_SAMPLE_5_ROI_1
30 1 0.0 37169.60406148005
30 1 0.0 37084.102865499
30 1 0.0 33710.6750435215
30 1 0.0 20402.188038750013
30 1 0.0 17078.53426152961
30 1 0.0 15723.021761920001
30 1 0.0 12367.435297679975
30 1 0.0 11546.053257677126
30 1 0.0 11202.909083110002
30 1 0.0 10950.297977768078
30 1 331.9684007755086 10126.39193205869
30 1 0.0 9695.458096497996
30 1 0.0 8772.944556560018
30 1 0.0 8677.729250650049
30 1 0.0 7848.156948339113
30 1 0.0 6596.569025644829
30 1 1004.5210629081266 7206.486972760013
30 1 0.0 6168.4932572799735
30 1 0.0 5412.8726777224765
30 1 0.0 5342.391474732771
30 1 0.0 5242.128099449985
30 1 0.0 4860.720255110017
30 1 1192.3942627276028 5956.368819424478
30 1 0.0 4636.153131646419
30 1 240.72207129721573 4876.807177447223
30 1 0.0 4289.382027600006
30 1 0.0 4190.891601682321
30 1 0.0 3949.8831597455974
30 1 0.0 3948.210305879993
30 1 0.0 3731.302604570041
30 1 0.0 3720.4496314699963
30 1 0.0 3718.3411048516027
30 1 0.0 3631.9758071538245
30 1 0.0 3510.1765220299058
30 1 0.0 3507.1439536620046
30 1 0.0 3491.256135200002
30 1 360.39084483149463 3787.0556987911204
30 1 0.0 3337.6195731097096
30 1 0.0 3259.0596271584272
30 1 0.0 3217.208134948011
30 1 53.01633700005368 3140.359689690009
30 1 0.0 3083.506001854715
30 1 0.0 2958.5686897825017
30 1 0.0 2958.3015548199573
30 1 0.0 2953.3130268000286
30 1 137.971475858576 3078.9607661228138
30 1 0.0 2909.4311498976213
30 1 0.0 2834.909898209219
30 1 0.0 2827.0403891751957
30 1 0.0 2804.001272920397
30 1 3302.518069547882 6105.928301552897
30 1 0.0 2799.5487230874987
30 1 0.0 2739.0874404268934
30 1 0.0 2735.0679949699625
30 1 0.0 2638.2963757220014
30 1 0.0 2604.5128436607847
30 1 0.0 2545.503836487591
30 1 0.0 2492.849534589206
30 1 0.0 2432.621288942901
30 1 0.0 2430.600427655205
30 1 0.0 2400.6571446273038
30 1 0.0 2328.412311180008
30 1 0.0 2287.079802909998
30 1 0.0 2284.9777503743953
30 1 3160.04595837551 5414.367543244006
30 1 1578.8366766704003 3747.423725345998
30 1 0.0 2109.133704370006
30 1 0.0 2053.604970955499
30 1 0.0 2041.7243823200242
30 1 0.0 2016.5641367200033
30 1 0.0 2011.6579653635963
30 1 0.0 1975.3624763674816
30 1 0.0 1973.264824329989
30 1 0.0 1969.84418155997
30 1 0.0 1966.0331115699782
30 1 0.0 1944.1099231655971
30 1 0.0 1928.0180694109101
30 1 0.0 1926.052091670028
30 1 0.0 1896.1403983700247
30 1 123.04273393798667 2013.9351714583993
30 1 0.0 1875.3581733100164
30 1 0.0 1865.24157681
30 1 0.0 1806.8566542600256
30 1 211.75821271638551 1999.0413824631032
30 1 0.0 1749.0630330099768
30 1 760.6493261806668 2494.874320596976
30 1 0.0 1731.111160640011
30 1 0.0 1703.3190774600052
30 1 0.0 1692.626360676396
30 1 0.0 1682.9704751899867
30 1 0.0 1676.99344888
30 1 0.0 1662.9833677972692
30 1 2326.6262025460096 3971.4099954623953
30 1 0.0 1576.0142707459854
30 1 0.0 1560.4737592395131
30 1 0.0 1513.5380216504923
30 1 53.909023989972866 1566.2330309099934
30 1 0.0 1465.8581667623985
30 1 165.1751000124068 1615.490419282457
30 1 0.0 1438.5970053448941
30 1 0.0 1432.117497648429
30 1 0.0 1431.5970939115919
30 1 0.0 1398.422611418392
30 1 0.0 1394.572961379995
30 1 216.33981350408567 1595.5643140420002
30 1 0.0 1323.788495589994
30 1 0.0 1303.8155726139926
30 1 0.0 1299.674865320003
30 1 0.0 1275.731165988399
30 1 265.11091637799973 1539.3064906800018
30 1 0.0 1265.3241664400095
30 1 0.0 1258.2638396575967
30 1 360.05266225989544 1600.9482045939185
30 1 536.9693283063102 1729.2622027540115
30 1 0.0 1174.0630509800021
30 1 0.0 1160.120497600008
30 1 0.0 1152.9970476199937
30 1 0.0 1141.9313345599903
30 1 0.0 1141.5391812899925
30 1 0.0 1109.565418059994
30 1 0.0 1098.273339270404
30 1 0.0 1094.7696431800123
30 1 0.0 1071.9673638975937
30 1 269.96267859589307 1332.9766438168926
30 1 0.0 1057.8735596271167
30 1 0.0 1056.010510199992
30 1 272.5950761199824 1313.3319590699734
30 1 0.0 1031.9267688099833
30 1 0.0 1030.4962604499901
30 1 933.8908646068039 1954.1539795374792
30 1 1895.4390749300292 2910.5436985900124
30 1 0.0 1013.7534700600127
30 1 0.0 1012.1127831200051
30 1 0.0 1006.2622144502027
30 1 0.0 1006.2376022499957
30 1 0.0 1005.028295529999
30 1 0.0 972.784653007899
30 1 0.0 969.999176690495
30 1 0.0 969.3043144920075
30 1 0.0 952.3630307675139
30 1 0.0 950.5437279984071
30 1 0.0 940.7705209000087
30 1 0.0 937.3726719249025
30 1 0.0 927.0492319670966
30 1 0.0 924.8044158399944
30 1 0.0 920.4175877200087
30 1 0.0 920.041403840009
30 1 0.0 913.9644056805066
30 1 365.83137881125003 1271.014337657507
30 1 0.0 904.1478285420003
30 1 0.0 902.6159546800006
30 1 0.0 900.0965268500149
30 1 3112.1331642899877 4011.6066272099833
30 1 367.8750996375047 1250.2661164895862
30 1 0.0 871.6877892799953
30 1 0.0 871.631030159997
30 1 0.0 851.864086439984
30 1 810.6079436141001 1660.1728377500049
30 1 0.0 849.4040508699986
30 1 0.0 830.1498157300055
30 1 0.0 829.1192724300122
30 1 0.0 821.5201511840378
30 1 108.45886562000805 928.3824510300005
30 1 0.0 813.5721421248927
30 1 0.0 812.9481698400177
30 1 0.0 812.4843682799884
30 1 0.0 807.7800082476025
30 1 0.0 783.4817395899781
30 1 0.0 782.785832439979
30 1 0.0 771.5352609596066
30 1 0.0 767.9187656831014
30 1 0.0 747.142269935438
30 1 0.0 745.2178946899985
30 1 818.607923597976 1559.002759952371
30 1 0.0 739.5230215500123
30 1 0.0 737.0429723440066
30 1 0.0 730.7282183225034
30 1 0.0 730.3736364299721
30 1 0.0 724.9424287999949
30 1 0.0 722.1095140800148
30 1 0.0 699.8027231164051
30 1 0.0 677.5029327453005
30 1 0.0 664.1585283199904
30 1 0.0 663.5322633819183
30 1 0.0 661.2459266979713
30 1 229.2150262800169 888.41189023998
30 1 86.80425593615769 741.0030525118511
30 1 0.0 645.1330180157017
30 1 177.1417998064985 813.2030544424981
30 1 0.0 622.4488286100002
30 1 0.0 598.4840725326943
30 1 0.0 598.1111062500459
30 1 3705.8758116880463 4297.216960448035
30 1 592.767910983604 1183.7410580036144
30 1 0.0 585.8153265800142
30 1 0.0 557.8035324299979
30 1 0.0 554.9381318300107
30 1 0.0 551.4442203499889
30 1 1601.5420362907953 2152.527552499205
30 1 0.0 550.7747154075946
30 1 0.0 550.2278623199963
30 1 0.0 546.1796425000023
30 1 0.0 531.72732063999
30 1 111.32887992000724 638.7043679700078
30 1 0.0 527.1709700762976
30 1 951.3142400164011 1475.7000442224935
30 1 0.0 523.9349837930899
30 1 0.0 516.7147800399969
30 1 1.7494921700028954 508.75663924999265
30 1 62.337145955996675 569.2136329099915
30 1 0.0 502.9088731775082
30 1 0.0 500.7133487825033
30 1 0.0 497.2826501136062
30 1 0.0 473.8832397188744
30 1 0.0 467.1714125400986
30 1 0.0 463.441720159999
30 1 0.0 463.2341370299887
30 1 206.40313470998558 668.1480198352014
30 1 0.0 456.4468506800026
30 1 0.0 456.06232397000366
30 1 98.53705166759505 545.1418919895939
30 1 0.0 438.6087116800245
30 1 0.0 432.28686683750493
30 1 583.4969911873231 1014.7825787079964
30 1 0.0 423.3716537825012
30 1 0.0 422.28234242000923
30 1 16.602353079993918 437.6202487500086
30 1 0.0 419.8390218818986
30 1 0.0 415.97176008108727
30 1 194.90902745999824 609.4865184000046
30 1 0.0 407.16448902199227
30 1 0.0 397.2809399923997
30 1 0.0 396.2842922400007
30 1 0.0 390.2744950574888
30 1 0.0 389.0352380000222
30 1 0.0 386.42241610080737
30 1 0.0 386.18082380999454
30 1 0.0 379.6586119924882
30 1 15.347958555612422 393.0040835196059
30 1 0.0 370.68738157959024
30 1 0.0 369.64519838999547
30 1 0.0 368.27384423998956
30 1 0.0 367.99580368000215
30 1 0.0 366.7641025099945
30 1 0.0 353.3435113599894
30 1 0.0 351.4683723879931
30 1 0.0 349.7900943872055
30 1 0.0 349.62433009998585
30 1 0.0 344.7916786199029
30 1 0.0 331.4381264895978
30 1 0.0 330.94313188598494
30 1 0.0 324.6263362099917
30 1 185.69141956359817 505.59029836150876
30 1 0.0 315.29708088948746
30 1 0.0 306.793199269297
30 1 0.0 304.9978726314621
30 1 0.0 295.62818601998106
30 1 0.0 293.60643688960204
30 1 188.93563318802353 481.29854458598857
30 1 0.0 289.99098307359327
30 1 93.80902414001775 383.5576590099945
30 1 0.0 271.62860374001184
30 1 0.0 261.76287445599496
30 1 0.0 261.7589324799999
30 1 0.0 256.77831588999425
30 1 0.0 256.7167667099908
30 1 0.0 256.5047211200066
30 1 0.0 245.12918987990656
30 1 465.8907398672891 707.5386582299798
30 1 0.0 237.24478824749804
30 1 63.7803188000006 295.51595500000684
30 1 1614.5421182699858 1833.587348720003
30 1 175.4705565929039 389.3067737449105
30 1 0.0 209.59235923001233
30 1 464.9603328300118 673.7799680799947
30 1 23.46933336002894 230.91316061999436
30 1 0.0 204.16545349490895
30 1 0.0 203.95616123120135
30 1 0.0 196.05709432319907
30 1 0.0 194.0146578275992
30 1 0.0 189.29617018000636
30 1 127.20506296001122 312.3146890500052
30 1 282.0220904800108 464.247905559994
30 1 0.0 181.11047124999726
30 1 0.0 180.9129107795957
30 1 0.0 177.6334339999953
30 1 333.18947690961 504.83894245680585
30 1 248.05926695000835 419.1338269300013
30 1 0.0 170.97463227999674
30 1 0.0 155.00115449080454
30 1 0.0 152.91709034998894
30 1 0.0 147.98656991250317
30 1 892.7920924199889 1033.790313099992
30 1 0.0 129.99904323000987
30 1 0.0 127.59656555999663
30 1 259.7089395100011 385.7726430324974
30 1 0.0 118.53252480599576
30 1 0.0 117.92508362199351
30 1 0.0 117.14601471360379
30 1 63.23266357998614 176.2923459600131
30 1 89.74868957750755 202.15659430880044
30 1 0.0 109.70367610439598
30 1 0.0 109.18464842999083
30 1 0.0 99.0280812900105
30 1 0.0 90.92391971872559
30 1 0.0 87.43712861839623
30 1 2174.1615570000095 2259.708144559998
30 1 0.0 84.64704328410699
30 1 0.0 80.25829436999993
30 1 770.9128100699968 848.9967361859808
30 1 0.0 75.07455785640241
30 1 0.0 73.46356756600267
30 1 0.0 71.72718026067218
30 1 0.0 71.40186824000807
30 1 0.0 69.22149024439773
30 1 0.0 68.64797766999936
30 1 0.0 64.67214870000066
30 1 0.0 64.58484205000514
30 1 0.0 63.23570033999022
30 1 0.0 63.19866759990896
30 1 0.0 57.7191402500041
30 1 0.0 53.3006502699925
30 1 512.5811747025086 563.3139262881045
30 1 0.0 50.12382686000251
30 1 0.0 47.3345360241035
30 1 1684.422114544006 1730.600910216297
30 1 0.0 45.95993710997641
30 1 0.0 45.89327734000585
30 1 0.0 40.24857966999491
30 1 0.0 33.813277485596984
30 1 0.0 32.658891422492616
30 1 0.0 31.597218989297062
30 1 11537.54691843197 11563.937263399988
30 1 0.0 19.062333209998314
30 1 0.0 18.417287359997545
30 1 0.0 15.893451222504552
30 1 1811.1050534541173 1822.1570267095176
30 1 733.1830336956414 744.1369202204414
30 1 0.0 6.725642702002915
30 1 0.0 6.59219215000428
30 1 0.0 2.0976460800031873
30 0 0.0 inf
# COVID_SAMPLE_5_ROI_2
31 1 0.0 34139.65460660001
31 1 3382.4880353708904 22022.762503349935
31 1 0.0 14943.806285614372
31 1 0.0 14543.740274609987
31 1 0.0 13839.460876696408
31 1 0.0 11219.29542939295
31 1 0.0 9809.846375990444
31 1 0.0 9789.658735509976
31 1 0.0 9699.881268158002
31 1 0.0 9073.816701787513
31 1 0.0 8818.096686659996
31 1 0.0 8135.697078449943
31 1 3762.6779571304196 11731.063435823758
31 1 0.0 7684.33052087999
31 1 0.0 7327.8393574764705
31 1 0.0 7108.965339801574
31 1 0.0 7089.901033119977
31 1 0.0 6954.174686137987
31 1 0.0 6651.3746940000165
31 1 0.0 6545.962209117699
31 1 0.0 6541.152964509998
31 1 0.0 6464.105240706902
31 1 0.0 6463.750104394798
31 1 0.0 5835.924240320035
31 1 0.0 5757.8987044944515
31 1 0.0 5726.801026676458
31 1 0.0 5552.358075600005
31 1 0.0 5356.975196321094
31 1 0.0 5138.931716789995
31 1 0.0 4773.475309319994
31 1 0.0 4767.519878950001
31 1 187.02943573003176 4921.457083890051
31 1 0.0 4657.985997809681
31 1 0.0 4616.504479809975
31 1 0.0 4528.542844812404
31 1 0.0 4520.8887213984035
31 1 0.0 4476.219870379421
31 1 0.0 4442.009086960003
31 1 0.0 4206.87471393001
31 1 0.0 4078.838407301306
31 1 182.4203654299895 4251.827735199977
31 1 0.0 4026.1022595300024
31 1 239.61833428276077 4244.060479382057
31 1 4783.297049602887 8674.776844003372
31 1 0.0 3877.6379966335808
31 1 0.0 3842.781466110031
31 1 0.0 3779.396087079993
31 1 0.0 3686.4865320509416
31 1 0.0 3676.7634897199587
31 1 0.0 3614.149120729986
31 1 0.0 3586.2294978244117
31 1 0.0 3562.9211900635146
31 1 99.8964502250767 3252.077764670403
31 1 0.0 3122.201587880009
31 1 5476.707367359937 8587.071529629979
31 1 0.0 3090.3445772299924
31 1 0.0 2935.329570745216
31 1 0.0 2912.2061996492193
31 1 0.0 2816.3665602780166
31 1 0.0 2732.1821636588184
31 1 0.0 2704.691313842003
31 1 0.0 2669.3387692436054
31 1 0.0 2618.157662886413
31 1 0.0 2613.6467763799956
31 1 0.0 2593.932923455988
31 1 0.0 2578.9555141299843
31 1 0.0 2574.8047487080057
31 1 0.0 2541.2312926132895
31 1 0.0 2482.116064878799
31 1 0.0 2463.2764458853444
31 1 0.0 2431.6045279200016
31 1 1004.2018733952018 3426.966614173682
31 1 0.0 2421.9413921519877
31 1 0.0 2389.4217381659255
31 1 0.0 2379.6390196843004
31 1 0.0 2360.497949340402
31 1 0.0 2318.3633449199933
31 1 0.0 2262.6825122800083
31 1 0.0 2255.90834179195
31 1 0.0 2244.270537047897
31 1 289.51896476989896 2524.4215571317
31 1 0.0 2197.5742199238703
31 1 0.0 2133.3339051399926
31 1 0.0 2123.9837789881667
31 1 0.0 2111.044740879603
31 1 0.0 2035.7250807874761
31 1 0.0 1917.5797573016298
31 1 0.0 1909.7974413735947
31 1 0.0 1874.7086521046854
31 1 0.0 1823.5327499900231
31 1 0.0 1798.9072912512147
31 1 2819.98268664 4612.004521709987
31 1 0.0 1766.9593975644082
31 1 0.0 1724.0619781000005
31 1 0.0 1692.4238874063922
31 1 0.0 1685.075856809999
31 1 702.188986991494 2378.2824089236974
31 1 0.0 1613.4494890699789
31 1 0.0 1572.6669388799955
31 1 0.0 1563.158477388387
31 1 129.02469831702274 1658.2379634312056
31 1 0.0 1486.4926992944174
31 1 0.0 1485.6919082799868
31 1 0.0 1481.3266774400036
31 1 0.0 1442.3155322560142
31 1 0.0 1433.784024266402
31 1 0.0 1416.4790725439916
31 1 679.3792152200081 2067.442038160014
31 1 6743.786398680055 8122.867756042502
31 1 0.0 1325.2353896600112
31 1 0.0 1321.1033901000046
31 1 0.0 1306.3221704800008
31 1 0.0 1301.8608394000003
31 1 0.0 1299.2886979087843
31 1 0.0 1267.2550681499806
31 1 0.0 1264.8114642700011
31 1 0.0 1252.2065324459727
31 1 0.0 1237.687773436397
31 1 0.0 1221.4768257204069
31 1 2516.465492464111 3732.3230126544186
31 1 0.0 1210.9080240800286
31 1 66.5036508275989 1252.6287814175903
31 1 0.0 1174.5797586239769
31 1 610.2835018063902 1777.5889218205025
31 1 908.9603031634051 2060.9023460295084
31 1 0.0 1109.4678220700157
31 1 0.0 1102.9186912325022
31 1 0.0 1086.6129243038986
31 1 78.17662567160187 1159.6155433180006
31 1 0.0 1066.0084349644076
31 1 2997.1689667589108 4052.410899658118
31 1 0.0 1038.8859061499943
31 1 0.0 1011.8829462822896
31 1 89.20495458593177 1096.117902252714
31 1 0.0 996.5963402500165
31 1 0.0 972.1930491999992
31 1 27.94045814112178 997.1648750435224
31 1 0.0 963.0905413780129
31 1 0.0 918.518650863999
31 1 0.0 898.3277704420157
31 1 0.0 895.9774245100307
31 1 0.0 878.8056274900191
31 1 0.0 856.0370041856049
31 1 3262.563655950007 4111.394232686414
31 1 0.0 844.1877274499761
31 1 290.93133514757574 1118.2560597900256
31 1 0.0 810.5919252004032
31 1 0.0 801.5963162474927
31 1 0.0 790.9198944000027
31 1 0.0 782.9461738004984
31 1 867.2258264599695 1639.3597094700235
31 1 0.0 761.3701541999799
31 1 0.0 737.5622726099896
31 1 130.7566563099972 836.303191199986
31 1 0.0 687.6807670643911
31 1 0.0 655.720985908001
31 1 0.0 622.4270923100166
31 1 0.0 613.1515865835968
31 1 0.0 585.5684720402987
31 1 0.0 585.4166293781127
31 1 0.0 577.4345017078795
31 1 0.0 555.1930012511784
31 1 0.0 544.4549635579824
31 1 0.0 539.5549816100041
31 1 0.0 528.8588744099907
31 1 0.0 528.2162166150931
31 1 0.0 519.4241683388029
31 1 29.03402992229985 540.308813565099
31 1 1317.3113999040079 1818.7253348060103
31 1 0.0 495.91879111199637
31 1 0.0 492.5382867692997
31 1 3050.570929310001 3536.3725162100072
31 1 0.0 479.2579886800195
31 1 0.0 465.5411499199972
31 1 452.7081893023126 869.0688124091994
31 1 1085.7876505207996 1501.637680627803
31 1 0.0 408.3215369399793
31 1 0.0 408.1195026304176
31 1 0.0 392.67527710917966
31 1 0.0 389.31666007002787
31 1 0.0 386.339345640004
31 1 0.0 376.27481450109894
31 1 0.0 338.3410635979964
31 1 0.0 324.8471791156936
31 1 0.0 318.2865449500282
31 1 0.0 311.32961042149145
31 1 0.0 310.12880028998825
31 1 0.0 305.27480175000437
31 1 0.0 304.2215287500046
31 1 0.0 298.4834615000127
31 1 1958.7699515505087 2254.2692461644933
31 1 3004.630866445945 3285.6686843143852
31 1 0.0 278.63615511000216
31 1 0.0 259.67793354718765
31 1 652.0588786000008 908.0970207899992
31 1 750.5777157728235 980.2550410215922
31 1 0.0 229.28193151999267
31 1 0.0 224.54046394040688
31 1 0.0 206.9294490939883
31 1 0.0 206.82394557999964
31 1 0.0 202.22384436000357
31 1 0.0 191.73366787997975
31 1 2309.2940481300075 2496.8163551700045
31 1 0.0 184.75865547999638
31 1 0.0 183.57788409240038
31 1 1561.1247496230953 1738.5460422400233
31 1 0.0 176.4789787300142
31 1 272.47734754049816 442.1007321700017
31 1 1426.648082688508 1586.8805567322943
31 1 0.0 156.67032200000585
31 1 0.0 155.98887353799546
31 1 810.6241628000139 961.6016539299899
31 1 0.0 144.0710948800015
31 1 0.0 139.74892620000583
31 1 0.0 125.69791965162585
31 1 1392.0560919219288 1510.9908966493558
31 1 158.67512108869744 273.6976238167026
31 1 0.0 107.62454652000326
31 1 0.0 103.98872927000616
31 1 61.75225264199662 164.538338892512
31 1 1120.8546913265272 1216.234663482057
31 1 0.0 88.05775716600328
31 1 0.0 86.4404540574995
31 1 0.0 83.06295382362669
31 1 0.0 72.69694533799861
31 1 2083.7694288075013 2155.928056320735
31 1 469.59910599120326 536.1823177799956
31 1 167.26332007999417 232.99183596001149
31 1 0.0 55.75869975001115
31 1 0.0 34.19042826149507
31 1 0.0 33.5801336399968
31 1 0.0 28.8622946001243
31 1 0.0 28.33438544998444
31 1 483.2666854872841 511.2601783980326
31 1 1977.9666249800093 2005.9377343199963
31 1 1030.7884667409132 1057.5384766955885
31 1 0.0 12.930908539199322
31 1 0.0 12.032795153202187
31 1 0.0 8.47635917001935
31 1 0.0 5.350022430426179
31 1 0.0 2.6699929199846792
31 1 0.0 0.7008578019917877
31 0 0.0 inf
31 0 0.0 97.86432155510192
